2.000 1.000
2.211 1.000
2.212 1.000
2.213 1.000
2.213 1.000
2.214 1.000
2.214 1.000
2.215 1.000
2.216 1.000
2.216 1.000
2.217 1.000
2.217 1.000
2.218 1.000
2.219 1.000
2.220 1.000
2.221 1.000
2.221 1.000
2.222 1.000
2.222 1.000
2.223 1.000
2.224 1.000
2.223 1.000
2.224 1.000
2.225 1.000
2.226 1.000
2.227 1.000
2.227 1.000
2.228 1.000
2.229 1.000
2.229 1.000
2.230 1.000
2.230 1.000
2.231 1.000
2.232 1.000
2.232 1.000
2.233 1.000
2.234 1.000
2.234 1.000
2.235 1.000
2.235 1.000
2.236 1.000
2.237 1.000
2.237 1.000
2.238 1.000
2.239 1.000
2.239 1.000
2.240 1.000
2.241 1.000
2.241 1.000
2.242 1.000
2.242 1.000
2.243 1.000
2.244 1.000
2.244 1.000
2.245 1.000
2.246 1.000
2.246 1.000
2.247 1.000
2.248 1.000
2.249 1.000
2.250 1.000
2.250 1.000
2.251 1.000
2.252 1.000
2.252 1.000
2.253 1.000
2.254 1.000
2.254 1.000
2.255 1.000
2.256 1.000
2.256 1.000
2.257 1.000
2.258 1.000
2.258 1.000
2.259 1.000
2.260 1.000
2.260 1.000
2.261 1.000
2.262 1.000
2.262 1.000
2.263 1.000
2.264 1.000
2.264 1.000
2.265 1.000
2.266 1.000
2.266 1.000
2.267 1.000
2.268 1.000
2.268 1.000
2.269 1.000
2.270 1.000
2.271 1.000
2.271 1.000
2.272 1.000
2.273 1.000
2.273 1.000
2.274 1.000
2.275 1.000
2.276 1.000
2.277 1.000
2.278 1.000
2.278 1.000
2.279 1.000
2.280 1.000
2.280 1.000
2.281 1.000
2.282 1.000
2.282 1.000
2.283 1.000
2.284 1.000
2.285 1.000
2.285 1.000
2.286 1.000
2.287 1.000
2.287 1.000
2.288 1.000
2.289 1.000
2.290 1.000
2.290 1.000
2.291 1.000
2.292 1.000
2.292 1.000
2.293 1.000
2.294 1.000
2.295 1.000
2.295 1.000
2.296 1.000
2.297 1.000
2.298 1.000
2.298 1.000
2.299 1.000
2.300 1.000
2.300 1.000
2.301 1.000
2.302 1.000
2.303 1.000
2.303 1.000
2.304 1.000
2.305 1.000
2.306 1.000
2.306 1.000
2.307 1.000
2.308 1.000
2.309 1.000
2.309 1.000
2.310 1.000
2.311 1.000
2.312 1.000
2.313 1.000
2.314 1.000
2.315 1.000
2.315 1.000
2.315 1.000
2.316 1.000
2.317 1.000
2.318 1.000
2.318 1.000
2.319 1.000
2.321 1.000
2.322 1.000
2.322 1.000
2.323 1.000
2.324 1.000
2.325 1.000
2.325 1.000
2.326 1.000
2.327 1.000
2.328 1.000
2.329 1.000
2.329 1.000
2.330 1.000
2.331 1.000
2.332 1.000
2.332 1.000
2.333 1.000
2.334 1.000
2.335 1.000
2.336 1.000
2.336 1.000
2.337 1.000
2.338 1.000
2.339 1.000
2.340 1.000
2.340 1.000
2.341 1.000
2.342 1.000
2.343 1.000
2.344 1.000
2.344 1.000
2.345 1.000
2.346 1.000
2.347 1.000
2.348 1.000
2.348 1.000
2.349 1.000
2.350 1.000
2.351 1.000
2.352 1.000
2.352 1.000
2.353 1.000
2.354 1.000
2.355 1.000
2.356 1.000
2.357 1.000
2.357 1.000
2.358 1.000
2.359 1.000
2.360 1.000
2.361 1.000
2.362 1.000
2.362 1.000
2.363 1.000
2.364 1.000
2.365 1.000
2.366 1.000
2.367 1.000
2.367 1.000
2.368 1.000
2.369 1.000
2.370 1.000
2.371 1.000
2.372 1.000
2.373 1.000
2.373 1.000
2.374 1.000
2.375 1.000
2.376 1.000
2.377 1.000
2.378 1.000
2.379 1.000
2.379 1.000
2.380 1.000
2.381 1.000
2.382 1.000
2.383 1.000
2.384 1.000
2.385 1.000
2.385 1.000
2.386 1.000
2.387 1.000
2.388 1.000
2.389 1.000
2.390 1.000
2.391 1.000
2.392 1.000
2.393 1.000
2.394 1.000
2.395 1.000
2.396 1.000
2.397 1.000
2.398 1.000
2.399 1.000
2.400 1.000
2.400 1.000
2.401 1.000
2.402 1.000
2.403 1.000
2.404 1.000
2.405 1.000
2.406 1.000
2.407 1.000
2.408 1.000
2.409 1.000
2.410 1.000
2.410 1.000
2.411 1.000
2.412 1.000
2.413 1.000
2.414 1.000
2.415 1.000
2.416 1.000
2.417 1.000
2.418 1.000
2.419 1.000
2.420 1.000
2.421 1.000
2.421 1.000
2.422 1.000
2.423 1.000
2.424 1.000
2.425 1.000
2.426 1.000
2.427 1.000
2.428 1.000
2.429 1.000
2.430 1.000
2.431 1.000
2.432 1.000
2.433 1.000
2.434 1.000
2.435 1.000
2.436 1.000
2.437 1.000
2.438 1.000
2.438 1.000
2.439 1.000
2.440 1.000
2.441 1.000
2.442 1.000
2.443 1.000
2.444 1.000
2.445 1.000
2.446 1.000
2.447 1.000
2.448 1.000
2.449 1.000
2.450 1.000
2.451 1.000
2.452 1.000
2.453 1.000
2.454 1.000
2.455 1.000
2.456 1.000
2.457 1.000
2.458 1.000
2.459 1.000
2.460 1.000
2.461 1.000
2.462 1.000
2.463 1.000
2.464 1.000
2.465 1.000
2.466 1.000
2.467 1.000
2.468 1.000
2.469 1.000
2.470 1.000
2.471 1.000
2.472 1.000
2.473 1.000
2.474 1.000
2.475 1.000
2.476 1.000
2.477 1.000
2.478 1.000
2.479 1.000
2.480 1.000
2.481 1.000
2.482 1.000
2.483 1.000
2.484 1.000
2.485 1.000
2.486 1.000
2.487 1.000
2.488 1.000
2.489 1.000
2.490 1.000
2.492 1.000
2.493 1.000
2.494 1.000
2.495 1.000
2.497 1.000
2.498 1.000
2.499 1.000
2.500 1.000
2.501 1.000
2.502 1.000
2.503 1.000
2.504 1.000
2.505 1.000
2.506 1.000
2.507 1.000
2.508 1.000
2.509 1.000
2.510 1.000
2.511 1.000
2.512 1.000
2.514 1.000
2.515 1.000
2.516 1.000
2.517 1.000
2.518 1.000
2.519 1.000
2.520 1.000
2.521 1.000
2.522 1.000
2.523 1.000
2.524 1.000
2.525 1.000
2.527 1.000
2.528 1.000
2.529 1.000
2.530 1.000
2.531 1.000
2.532 1.000
2.533 1.000
2.534 1.000
2.535 1.000
2.537 1.000
2.538 1.000
2.539 1.000
2.540 1.000
2.541 1.000
2.542 1.000
2.543 1.000
2.544 1.000
2.545 1.000
2.547 1.000
2.548 1.000
2.549 1.000
2.550 1.000
2.551 1.000
2.552 1.000
2.553 1.000
2.555 1.000
2.556 1.000
2.557 1.000
2.558 1.000
2.559 1.000
2.560 1.000
2.561 1.000
2.563 1.000
2.564 1.000
2.565 1.000
2.566 1.000
2.567 1.000
2.568 1.000
2.570 1.000
2.571 1.000
2.572 1.000
2.573 1.000
2.574 1.000
2.575 0.999
2.577 0.998
2.578 0.998
2.579 0.997
2.580 0.996
2.581 0.996
2.582 0.995
2.584 0.994
2.586 0.995
2.587 0.994
2.587 0.992
2.588 0.991
2.590 0.990
2.591 0.990
2.592 0.989
2.593 0.988
2.594 0.988
2.596 0.988
2.597 0.987
2.599 0.987
2.600 0.986
2.601 0.985
2.602 0.984
2.603 0.984
2.605 0.983
2.606 0.982
2.607 0.982
2.608 0.981
2.610 0.980
2.611 0.979
2.612 0.979
2.613 0.978
2.614 0.977
2.616 0.977
2.617 0.976
2.618 0.975
2.619 0.975
2.621 0.974
2.622 0.973
2.623 0.972
2.624 0.972
2.626 0.971
2.627 0.970
2.628 0.970
2.629 0.969
2.631 0.968
2.632 0.968
2.633 0.967
2.634 0.966
2.636 0.966
2.637 0.965
2.638 0.964
2.639 0.964
2.641 0.963
2.642 0.962
2.643 0.962
2.644 0.961
2.646 0.960
2.647 0.960
2.648 0.959
2.649 0.958
2.651 0.958
2.652 0.957
2.653 0.956
2.655 0.956
2.656 0.955
2.657 0.954
2.658 0.954
2.660 0.953
2.661 0.953
2.662 0.952
2.664 0.951
2.665 0.951
2.666 0.950
2.667 0.949
2.669 0.949
2.670 0.948
2.671 0.947
2.673 0.947
2.674 0.946
2.675 0.946
2.677 0.945
2.678 0.944
2.679 0.944
2.681 0.943
2.682 0.943
2.683 0.942
2.685 0.941
2.686 0.941
2.687 0.940
2.689 0.939
2.690 0.939
2.691 0.938
2.692 0.938
2.694 0.937
2.695 0.936
2.697 0.936
2.698 0.935
2.699 0.935
2.700 0.933
2.701 0.932
2.703 0.932
2.705 0.932
2.706 0.932
2.707 0.931
2.709 0.931
2.710 0.930
2.711 0.929
2.713 0.929
2.714 0.928
2.715 0.928
2.717 0.927
2.718 0.926
2.719 0.926
2.721 0.925
2.722 0.925
2.724 0.924
2.725 0.924
2.726 0.923
2.728 0.923
2.729 0.922
2.730 0.921
2.732 0.921
2.733 0.920
2.735 0.920
2.736 0.919
2.737 0.919
2.739 0.918
2.740 0.918
2.742 0.917
2.743 0.917
2.744 0.916
2.746 0.915
2.747 0.915
2.749 0.914
2.750 0.914
2.751 0.913
2.753 0.913
2.754 0.912
2.756 0.912
2.757 0.911
2.758 0.911
2.760 0.910
2.761 0.910
2.763 0.909
2.764 0.909
2.765 0.908
2.767 0.908
2.768 0.907
2.770 0.907
2.771 0.906
2.773 0.906
2.775 0.906
2.776 0.906
2.777 0.905
2.779 0.905
2.780 0.904
2.781 0.903
2.783 0.902
2.784 0.902
2.786 0.901
2.787 0.901
2.788 0.900
2.790 0.900
2.791 0.899
2.793 0.899
2.794 0.898
2.796 0.898
2.797 0.897
2.799 0.897
2.800 0.896
2.801 0.896
2.803 0.896
2.804 0.895
2.806 0.895
2.807 0.894
2.809 0.894
2.810 0.893
2.812 0.893
2.813 0.892
2.815 0.892
2.816 0.891
2.818 0.891
2.819 0.891
2.821 0.890
2.822 0.890
2.824 0.889
2.825 0.889
2.827 0.888
2.828 0.888
2.829 0.888
2.831 0.887
2.832 0.887
2.834 0.886
2.835 0.886
2.837 0.885
2.838 0.885
2.840 0.885
2.841 0.884
2.843 0.884
2.844 0.883
2.846 0.883
2.847 0.883
2.849 0.882
2.850 0.882
2.852 0.883
2.854 0.882
2.855 0.881
2.856 0.880
2.858 0.880
2.860 0.879
2.861 0.880
2.863 0.880
2.864 0.880
2.866 0.879
2.868 0.879
2.869 0.878
2.871 0.878
2.872 0.878
2.874 0.877
2.875 0.877
2.877 0.877
2.878 0.876
2.880 0.876
2.881 0.876
2.883 0.875
2.884 0.875
2.886 0.874
2.887 0.874
2.889 0.874
2.890 0.873
2.892 0.873
2.894 0.873
2.895 0.872
2.897 0.872
2.898 0.872
2.900 0.871
2.901 0.871
2.903 0.871
2.904 0.870
2.906 0.870
2.907 0.870
2.909 0.869
2.911 0.869
2.912 0.869
2.914 0.869
2.915 0.868
2.917 0.868
2.918 0.866
2.920 0.866
2.921 0.866
2.923 0.865
2.924 0.865
2.926 0.865
2.927 0.864
2.929 0.864
2.930 0.864
2.932 0.865
2.934 0.865
2.936 0.864
2.937 0.864
2.939 0.864
2.940 0.863
2.942 0.863
2.943 0.863
2.945 0.863
2.947 0.862
2.948 0.862
2.950 0.862
2.951 0.862
2.953 0.861
2.954 0.861
2.956 0.861
2.958 0.861
2.959 0.860
2.961 0.860
2.962 0.860
2.964 0.860
2.966 0.859
2.967 0.859
2.969 0.859
2.970 0.859
2.972 0.858
2.974 0.858
2.975 0.858
2.977 0.858
2.978 0.857
2.980 0.857
2.981 0.857
2.983 0.857
2.985 0.857
2.986 0.856
2.988 0.856
2.989 0.856
2.991 0.856
2.993 0.856
2.994 0.855
2.996 0.855
2.998 0.855
2.999 0.855
3.001 0.855
3.002 0.854
3.004 0.854
3.006 0.854
3.007 0.854
3.009 0.854
3.010 0.853
3.012 0.853
3.014 0.853
3.015 0.853
3.017 0.853
3.018 0.853
3.020 0.852
3.022 0.852
3.023 0.852
3.025 0.852
3.027 0.852
3.028 0.852
3.030 0.851
3.031 0.851
3.033 0.851
3.035 0.851
3.036 0.851
3.038 0.851
3.039 0.850
3.041 0.850
3.043 0.850
3.044 0.850
3.046 0.850
3.048 0.850
3.049 0.850
3.051 0.850
3.052 0.849
3.054 0.849
3.056 0.849
3.057 0.849
3.059 0.849
3.061 0.849
3.062 0.849
3.064 0.849
3.066 0.849
3.067 0.848
3.069 0.848
3.070 0.848
3.072 0.848
3.074 0.848
3.075 0.848
3.077 0.848
3.079 0.848
3.080 0.848
3.082 0.848
3.083 0.847
3.085 0.847
3.087 0.847
3.088 0.847
3.090 0.847
3.092 0.847
3.093 0.847
3.095 0.848
3.097 0.848
3.098 0.848
3.100 0.848
3.102 0.848
3.103 0.848
3.105 0.848
3.106 0.847
3.108 0.847
3.110 0.846
3.111 0.846
3.113 0.846
3.115 0.846
3.116 0.846
3.118 0.848
3.120 0.848
3.121 0.848
3.123 0.848
3.124 0.848
3.126 0.848
3.128 0.848
3.129 0.847
3.131 0.847
3.133 0.847
3.134 0.847
3.136 0.847
3.138 0.847
3.139 0.847
3.141 0.847
3.142 0.847
3.144 0.847
3.146 0.847
3.147 0.847
3.149 0.847
3.151 0.847
3.152 0.847
3.154 0.847
3.156 0.848
3.157 0.848
3.159 0.848
3.160 0.848
3.162 0.848
3.164 0.848
3.165 0.848
3.167 0.848
3.169 0.848
3.170 0.848
3.172 0.848
3.173 0.848
3.175 0.848
3.177 0.848
3.178 0.848
3.180 0.848
3.182 0.848
3.183 0.848
3.185 0.848
3.187 0.848
3.188 0.848
3.190 0.848
3.191 0.848
3.193 0.849
3.195 0.849
3.196 0.849
3.198 0.849
3.200 0.849
3.201 0.849
3.203 0.849
3.205 0.849
3.206 0.849
3.208 0.849
3.209 0.849
3.211 0.849
3.213 0.850
3.214 0.850
3.216 0.850
3.218 0.850
3.219 0.850
3.221 0.850
3.222 0.850
3.224 0.850
3.226 0.850
3.227 0.851
3.229 0.851
3.231 0.851
3.232 0.851
3.234 0.851
3.235 0.851
3.237 0.851
3.239 0.851
3.240 0.852
3.242 0.852
3.244 0.852
3.245 0.852
3.247 0.852
3.248 0.852
3.250 0.852
3.252 0.853
3.253 0.853
3.255 0.853
3.256 0.853
3.258 0.853
3.260 0.853
3.261 0.854
3.263 0.854
3.265 0.854
3.266 0.854
3.268 0.854
3.269 0.854
3.271 0.855
3.273 0.855
3.274 0.855
3.276 0.855
3.277 0.855
3.279 0.855
3.281 0.856
3.282 0.856
3.284 0.856
3.285 0.856
3.287 0.856
3.289 0.857
3.290 0.857
3.292 0.857
3.293 0.857
3.295 0.858
3.297 0.858
3.298 0.858
3.300 0.858
3.301 0.858
3.303 0.859
3.305 0.859
3.306 0.859
3.308 0.859
3.309 0.860
3.311 0.860
3.313 0.860
3.314 0.860
3.316 0.860
3.317 0.861
3.319 0.861
3.321 0.861
3.322 0.861
3.324 0.862
3.325 0.862
3.327 0.862
3.328 0.862
3.330 0.863
3.332 0.863
3.333 0.863
3.335 0.863
3.336 0.864
3.338 0.864
3.339 0.864
3.341 0.865
3.343 0.865
3.344 0.865
3.346 0.865
3.347 0.866
3.349 0.866
3.350 0.866
3.352 0.867
3.354 0.867
3.355 0.867
3.357 0.867
3.358 0.868
3.360 0.868
3.361 0.868
3.363 0.869
3.365 0.869
3.366 0.869
3.368 0.870
3.369 0.870
3.371 0.870
3.372 0.870
3.374 0.869
3.376 0.870
3.377 0.871
3.378 0.873
3.380 0.873
3.381 0.874
3.383 0.874
3.384 0.874
3.386 0.875
3.387 0.875
3.389 0.875
3.390 0.876
3.392 0.876
3.393 0.876
3.395 0.877
3.397 0.877
3.398 0.878
3.400 0.878
3.401 0.878
3.403 0.879
3.404 0.879
3.406 0.879
3.407 0.880
3.409 0.880
3.410 0.880
3.412 0.881
3.413 0.881
3.415 0.882
3.416 0.882
3.418 0.882
3.419 0.883
3.421 0.883
3.422 0.883
3.424 0.884
3.425 0.884
3.427 0.885
3.428 0.885
3.430 0.885
3.431 0.886
3.433 0.886
3.434 0.887
3.436 0.887
3.437 0.887
3.439 0.888
3.440 0.888
3.442 0.889
3.443 0.889
3.445 0.889
3.446 0.890
3.448 0.890
3.449 0.891
3.451 0.891
3.452 0.892
3.454 0.892
3.455 0.892
3.457 0.893
3.458 0.893
3.460 0.894
3.461 0.894
3.463 0.895
3.464 0.895
3.466 0.895
3.467 0.896
3.468 0.896
3.470 0.897
3.471 0.897
3.473 0.898
3.474 0.898
3.476 0.899
3.477 0.899
3.479 0.899
3.480 0.900
3.482 0.900
3.483 0.901
3.485 0.901
3.486 0.902
3.487 0.902
3.489 0.903
3.490 0.903
3.492 0.904
3.493 0.904
3.495 0.905
3.496 0.905
3.497 0.906
3.499 0.906
3.500 0.907
3.502 0.907
3.503 0.908
3.505 0.908
3.506 0.909
3.508 0.909
3.509 0.909
3.510 0.910
3.512 0.910
3.513 0.911
3.515 0.912
3.516 0.912
3.517 0.913
3.519 0.913
3.520 0.914
3.522 0.914
3.523 0.915
3.524 0.915
3.526 0.916
3.527 0.916
3.529 0.917
3.530 0.917
3.532 0.918
3.533 0.918
3.534 0.919
3.536 0.919
3.537 0.920
3.538 0.920
3.540 0.921
3.541 0.921
3.543 0.922
3.544 0.923
3.545 0.923
3.547 0.924
3.548 0.924
3.550 0.925
3.551 0.925
3.552 0.926
3.554 0.926
3.555 0.927
3.556 0.927
3.558 0.928
3.559 0.929
3.560 0.929
3.562 0.930
3.563 0.930
3.565 0.931
3.566 0.931
3.567 0.932
3.569 0.933
3.570 0.933
3.571 0.934
3.573 0.934
3.574 0.935
3.575 0.935
3.577 0.936
3.578 0.937
3.579 0.937
3.581 0.938
3.582 0.938
3.583 0.939
3.585 0.940
3.586 0.940
3.587 0.941
3.589 0.941
3.590 0.942
3.591 0.943
3.593 0.943
3.594 0.944
3.595 0.944
3.597 0.945
3.598 0.946
3.599 0.946
3.601 0.947
3.602 0.947
3.603 0.948
3.605 0.949
3.606 0.949
3.607 0.950
3.609 0.951
3.610 0.951
3.611 0.952
3.612 0.952
3.614 0.953
3.615 0.954
3.616 0.954
3.618 0.955
3.619 0.956
3.620 0.956
3.621 0.957
3.623 0.958
3.624 0.958
3.625 0.959
3.627 0.959
3.628 0.960
3.629 0.961
3.630 0.961
3.632 0.962
3.633 0.963
3.634 0.963
3.635 0.964
3.636 0.966
3.637 0.967
3.639 0.967
3.641 0.967
3.642 0.967
3.643 0.968
3.644 0.969
3.646 0.969
3.647 0.970
3.648 0.971
3.649 0.971
3.651 0.972
3.652 0.973
3.653 0.973
3.654 0.974
3.656 0.975
3.657 0.975
3.658 0.976
3.659 0.977
3.660 0.977
3.662 0.978
3.663 0.979
3.664 0.980
3.665 0.980
3.667 0.981
3.668 0.982
3.669 0.982
3.670 0.983
3.671 0.984
3.673 0.984
3.674 0.985
3.675 0.986
3.676 0.987
3.678 0.987
3.679 0.988
3.680 0.989
3.681 0.989
3.682 0.990
3.684 0.991
3.685 0.992
3.686 0.992
3.687 0.993
3.688 0.994
3.690 0.994
3.691 0.995
3.692 0.996
3.693 0.997
3.694 0.997
3.695 0.998
3.697 0.999
3.698 1.000
3.699 1.000
3.700 1.000
3.701 1.000
3.703 1.000
3.704 1.000
3.705 1.000
3.706 1.000
3.707 1.000
3.708 1.000
3.710 1.000
3.711 1.000
3.712 1.000
3.713 1.000
3.714 1.000
3.715 1.000
3.716 1.000
3.718 1.000
3.718 1.000
3.719 1.000
3.720 1.000
3.721 1.000
3.723 1.000
3.724 1.000
3.725 1.000
3.726 1.000
3.727 1.000
3.729 1.000
3.730 1.000
3.731 1.000
3.732 1.000
3.734 1.000
3.735 1.000
3.736 1.000
3.737 1.000
3.738 1.000
3.739 1.000
3.740 1.000
3.741 1.000
3.742 1.000
3.744 1.000
3.745 1.000
3.746 1.000
3.747 1.000
3.748 1.000
3.749 1.000
3.750 1.000
3.751 1.000
3.752 1.000
3.753 1.000
3.754 1.000
3.755 1.000
3.756 1.000
3.757 1.000
3.758 1.000
3.760 1.000
3.761 1.000
3.762 1.000
3.763 1.000
3.764 1.000
3.765 1.000
3.766 1.000
3.767 1.000
3.768 1.000
3.769 1.000
3.770 1.000
3.771 1.000
3.772 1.000
3.774 1.000
3.775 1.000
3.776 1.000
3.777 1.000
3.778 1.000
3.779 1.000
3.780 1.000
3.781 1.000
3.782 1.000
3.784 1.000
3.784 1.000
3.785 1.000
3.786 1.000
3.787 1.000
3.789 1.000
3.790 1.000
3.791 1.000
3.792 1.000
3.793 1.000
3.794 1.000
3.795 1.000
3.796 1.000
3.797 1.000
3.798 1.000
3.799 1.000
3.800 1.000
3.801 1.000
3.802 1.000
3.803 1.000
3.804 1.000
3.805 1.000
3.805 1.000
3.806 1.000
3.807 1.000
3.808 1.000
3.809 1.000
3.810 1.000
3.811 1.000
3.812 1.000
3.813 1.000
3.814 1.000
3.815 1.000
3.816 1.000
3.817 1.000
3.818 1.000
3.819 1.000
3.820 1.000
3.821 1.000
3.823 1.000
3.824 1.000
3.825 1.000
3.826 1.000
3.827 1.000
3.828 1.000
3.829 1.000
3.830 1.000
3.831 1.000
3.832 1.000
3.832 1.000
3.833 1.000
3.834 1.000
3.835 1.000
3.836 1.000
3.837 1.000
3.838 1.000
3.839 1.000
3.840 1.000
3.841 1.000
3.842 1.000
3.843 1.000
3.844 1.000
3.845 1.000
3.846 1.000
3.847 1.000
3.847 1.000
3.848 1.000
3.849 1.000
3.851 1.000
3.852 1.000
3.853 1.000
3.854 1.000
3.855 1.000
3.856 1.000
3.857 1.000
3.858 1.000
3.859 1.000
3.859 1.000
3.860 1.000
3.861 1.000
3.862 1.000
3.863 1.000
3.863 1.000
3.865 1.000
3.866 1.000
3.867 1.000
3.868 1.000
3.869 1.000
3.870 1.000
3.871 1.000
3.871 1.000
3.872 1.000
3.873 1.000
3.874 1.000
3.875 1.000
3.876 1.000
3.877 1.000
3.878 1.000
3.879 1.000
3.880 1.000
3.880 1.000
3.881 1.000
3.882 1.000
3.883 1.000
3.884 1.000
3.885 1.000
3.886 1.000
3.887 1.000
3.888 1.000
3.888 1.000
3.889 1.000
3.890 1.000
3.891 1.000
3.892 1.000
3.893 1.000
3.894 1.000
3.895 1.000
3.895 1.000
3.896 1.000
3.897 1.000
3.898 1.000
3.899 1.000
3.900 1.000
3.901 1.000
3.901 1.000
3.902 1.000
3.903 1.000
3.904 1.000
3.905 1.000
3.906 1.000
3.907 1.000
3.907 1.000
3.908 1.000
3.909 1.000
3.910 1.000
3.911 1.000
3.912 1.000
3.912 1.000
3.913 1.000
3.914 1.000
3.915 1.000
3.916 1.000
3.917 1.000
3.918 1.000
3.918 1.000
3.919 1.000
3.920 1.000
3.921 1.000
3.922 1.000
3.922 1.000
3.923 1.000
3.924 1.000
3.925 1.000
3.926 1.000
3.927 1.000
3.927 1.000
3.928 1.000
3.929 1.000
3.930 1.000
3.931 1.000
3.931 1.000
3.932 1.000
3.933 1.000
3.934 1.000
3.935 1.000
3.935 1.000
3.936 1.000
3.937 1.000
3.938 1.000
3.939 1.000
3.939 1.000
3.940 1.000
3.941 1.000
3.942 1.000
3.943 1.000
3.943 1.000
3.944 1.000
3.945 1.000
3.946 1.000
3.947 1.000
3.947 1.000
3.948 1.000
3.949 1.000
3.950 1.000
3.951 1.000
3.951 1.000
3.952 1.000
3.953 1.000
3.954 1.000
3.954 1.000
3.955 1.000
3.956 1.000
3.957 1.000
3.957 1.000
3.958 1.000
3.959 1.000
3.960 1.000
3.961 1.000
3.961 1.000
3.962 1.000
3.963 1.000
3.964 1.000
3.964 1.000
3.965 1.000
3.966 1.000
3.967 1.000
3.967 1.000
3.968 1.000
3.969 1.000
3.970 1.000
3.970 1.000
3.971 1.000
3.972 1.000
3.973 1.000
3.973 1.000
3.974 1.000
3.975 1.000
3.976 1.000
3.976 1.000
3.977 1.000
3.978 1.000
3.978 1.000
3.979 1.000
3.980 1.000
3.981 1.000
3.981 1.000
3.982 1.000
3.983 1.000
3.984 1.000
3.984 1.000
3.985 1.000
3.986 1.000
3.986 1.000
3.987 1.000
3.988 1.000
3.989 1.000
3.989 1.000
3.990 1.000
3.991 1.000
3.991 1.000
3.992 1.000
3.993 1.000
3.994 1.000
3.994 1.000
3.995 1.000
3.996 1.000
3.996 1.000
3.997 1.000
3.998 1.000
3.999 1.000
3.999 1.000
4.000 1.000
4.001 1.000
4.001 1.000
4.002 1.000
4.003 1.000
4.003 1.000
4.004 1.000
4.006 1.000
4.006 1.000
4.007 1.000
4.008 1.000
4.008 1.000
4.009 1.000
4.010 1.000
4.010 1.000
4.011 1.000
4.012 1.000
4.012 1.000
4.013 1.000
4.014 1.000
4.014 1.000
4.015 1.000
4.016 1.000
4.017 1.000
4.017 1.000
4.018 1.000
4.019 1.000
4.019 1.000
4.020 1.000
4.021 1.000
4.021 1.000
4.022 1.000
4.023 1.000
4.023 1.000
4.024 1.000
4.025 1.000
4.025 1.000
4.026 1.000
4.026 1.000
4.027 1.000
4.028 1.000
4.028 1.000
4.029 1.000
4.030 1.000
4.030 1.000
4.031 1.000
4.032 1.000
4.032 1.000
4.033 1.000
4.034 1.000
4.034 1.000
4.035 1.000
4.036 1.000
4.036 1.000
4.037 1.000
4.037 1.000
4.038 1.000
4.039 1.000
4.039 1.000
4.040 1.000
4.041 1.000
4.041 1.000
4.042 1.000
4.043 1.000
4.043 1.000
4.044 1.000
4.044 1.000
4.045 1.000
4.046 1.000
4.046 1.000
4.047 1.000
4.048 1.000
4.048 1.000
4.049 1.000
4.049 1.000
4.050 1.000
4.051 1.000
4.051 1.000
4.052 1.000
4.053 1.000
4.053 1.000
4.054 1.000
4.054 1.000
4.055 1.000
4.056 1.000
4.056 1.000
4.057 1.000
4.057 1.000
4.058 1.000
4.059 1.000
4.060 1.000
4.061 1.000
4.061 1.000
4.062 1.000
4.062 1.000
4.063 1.000
4.064 1.000
4.064 1.000
4.065 1.000
4.065 1.000
4.066 1.000
4.067 1.000
4.067 1.000
4.068 1.000
4.068 1.000
4.069 1.000
4.070 1.000
4.070 1.000
4.071 1.000
4.071 1.000
4.072 1.000
4.073 1.000
4.073 1.000
4.074 1.000
4.074 1.000
4.075 1.000
4.075 1.000
4.076 1.000
4.077 1.000
4.077 1.000
4.078 1.000
4.078 1.000
4.079 1.000
4.079 1.000
4.080 1.000
4.081 1.000
4.081 1.000
4.082 1.000
4.082 1.000
4.083 1.000
4.083 1.000
4.084 1.000
4.085 1.000
4.086 1.000
4.087 1.000
4.089 1.000
4.089 1.000
4.091 1.000
4.092 1.000
4.093 1.000
4.094 1.000
4.094 1.000
4.096 1.000
4.097 1.000
4.097 1.000
4.098 1.000
4.099 1.000
4.100 1.000
4.101 1.000
4.102 1.000
4.103 1.000
4.103 1.000
4.104 1.000
4.105 1.000
4.106 1.000
4.107 1.000
4.108 1.000
4.109 1.000
4.110 1.000
4.110 1.000
4.111 1.000
4.112 1.000
4.113 1.000
4.114 1.000
4.114 1.000
4.115 1.000
4.116 1.000
4.117 1.000
4.118 1.000
4.118 1.000
4.119 1.000
4.120 1.000
4.121 1.000
4.122 1.000
4.122 1.000
4.123 1.000
4.124 1.000
4.125 1.000
4.126 1.000
4.126 1.000
4.127 1.000
4.129 1.000
4.130 1.000
4.130 1.000
4.131 1.000
4.132 1.000
4.133 1.000
4.134 1.000
4.135 1.000
4.136 1.000
4.137 1.000
4.138 1.000
4.138 1.000
4.140 1.000
4.141 1.000
4.141 1.000
4.142 1.000
4.143 1.000
4.143 1.000
4.144 1.000
4.144 1.000
4.145 1.000
4.144 1.000
4.143 1.000
4.142 1.000
4.140 1.000
4.140 1.000
4.138 1.000
4.138 1.000
4.137 1.000
4.137 1.000
4.136 1.000
4.136 1.000
4.135 1.000
4.135 1.000
4.134 1.000
4.134 1.000
4.133 1.000
4.132 1.000
4.132 1.000
4.131 1.000
4.131 1.000
4.130 1.000
4.130 1.000
4.129 1.000
4.129 1.000
4.128 1.000
4.127 1.000
4.127 1.000
4.126 1.000
4.126 1.000
4.125 1.000
4.125 1.000
4.124 1.000
4.124 1.000
4.123 1.000
4.122 1.000
4.122 1.000
4.121 1.000
4.121 1.000
4.120 1.000
4.120 1.000
4.118 1.000
4.118 1.000
4.117 1.000
4.116 1.000
4.116 1.000
4.115 1.000
4.115 1.000
4.114 1.000
4.113 1.000
4.112 1.000
4.112 1.000
4.111 1.000
4.110 1.000
4.110 1.000
4.109 1.000
4.109 1.000
4.108 1.000
4.107 1.000
4.107 1.000
4.106 1.000
4.106 1.000
4.105 1.000
4.104 1.000
4.105 1.000
4.104 1.000
4.104 1.000
4.103 1.000
4.102 1.000
4.102 1.000
4.100 1.000
4.100 1.000
4.099 1.000
4.098 1.000
4.098 1.000
4.097 1.000
4.097 1.000
4.097 1.000
4.096 1.000
4.096 1.000
4.095 1.000
4.094 1.000
4.094 1.000
4.093 1.000
4.093 1.000
4.092 1.000
4.091 1.000
4.091 1.000
4.090 1.000
4.089 1.000
4.089 1.000
4.088 1.000
4.088 1.000
4.087 1.000
4.086 1.000
4.086 1.000
4.085 1.000
4.084 1.000
4.084 1.000
4.083 1.000
4.083 1.000
4.082 1.000
4.081 1.000
4.081 1.000
4.080 1.000
4.079 1.000
4.078 1.000
4.077 1.000
4.077 1.000
4.076 1.000
4.075 1.000
4.075 1.000
4.074 1.000
4.073 1.000
4.073 1.000
4.072 1.000
4.071 1.000
4.071 1.000
4.070 1.000
4.069 1.000
4.069 1.000
4.068 1.000
4.067 1.000
4.067 1.000
4.066 1.000
4.065 1.000
4.065 1.000
4.064 1.000
4.065 1.000
4.065 1.000
4.066 1.000
4.067 1.000
4.067 1.000
4.068 1.000
4.069 1.000
4.069 1.000
4.070 1.000
4.071 1.000
4.071 1.000
4.072 1.000
4.073 1.000
4.073 1.000
4.074 1.000
4.075 1.000
4.075 1.000
4.076 1.000
4.077 1.000
4.077 1.000
4.078 1.000
4.079 1.000
4.080 1.000
4.081 1.000
4.081 1.000
4.082 1.000
4.083 1.000
4.083 1.000
4.084 1.000
4.084 1.000
4.085 1.000
4.086 1.000
4.086 1.000
4.087 1.000
4.088 1.000
4.088 1.000
4.089 1.000
4.089 1.000
4.090 1.000
4.091 1.000
4.091 1.000
4.092 1.000
4.093 1.000
4.093 1.000
4.094 1.000
4.094 1.000
4.095 1.000
4.096 1.000
4.096 1.000
4.097 1.000
4.097 1.000
4.097 1.000
4.098 1.000
4.098 1.000
4.099 1.000
4.100 1.000
4.100 1.000
4.102 1.000
4.102 1.000
4.103 1.000
4.104 1.000
4.104 1.000
4.105 1.000
4.104 1.000
4.105 1.000
4.106 1.000
4.106 1.000
4.107 1.000
4.107 1.000
4.108 1.000
4.109 1.000
4.109 1.000
4.110 1.000
4.110 1.000
4.111 1.000
4.112 1.000
4.112 1.000
4.113 1.000
4.114 1.000
4.115 1.000
4.115 1.000
4.116 1.000
4.116 1.000
4.117 1.000
4.118 1.000
4.118 1.000
4.120 1.000
4.120 1.000
4.121 1.000
4.121 1.000
4.122 1.000
4.122 1.000
4.123 1.000
4.124 1.000
4.124 1.000
4.125 1.000
4.125 1.000
4.126 1.000
4.126 1.000
4.127 1.000
4.127 1.000
4.128 1.000
4.129 1.000
4.129 1.000
4.130 1.000
4.130 1.000
4.131 1.000
4.131 1.000
4.132 1.000
4.132 1.000
4.133 1.000
4.134 1.000
4.134 1.000
4.135 1.000
4.135 1.000
4.136 1.000
4.136 1.000
4.137 1.000
4.137 1.000
4.138 1.000
4.138 1.000
4.139 1.000
4.140 1.000
4.142 1.000
4.143 1.000
4.143 1.000
4.143 1.000
4.142 1.000
4.141 1.000
4.140 1.000
4.140 1.000
4.138 1.000
4.138 1.000
4.137 1.000
4.135 1.000
4.135 1.000
4.134 1.000
4.132 1.000
4.131 1.000
4.131 1.000
4.130 1.000
4.129 1.000
4.129 1.000
4.127 1.000
4.126 1.000
4.125 1.000
4.124 1.000
4.124 1.000
4.123 1.000
4.122 1.000
4.121 1.000
4.120 1.000
4.120 1.000
4.119 1.000
4.118 1.000
4.117 1.000
4.116 1.000
4.115 1.000
4.115 1.000
4.114 1.000
4.113 1.000
4.112 1.000
4.112 1.000
4.111 1.000
4.110 1.000
4.110 1.000
4.109 1.000
4.108 1.000
4.107 1.000
4.106 1.000
4.105 1.000
4.104 1.000
4.103 1.000
4.103 1.000
4.102 1.000
4.101 1.000
4.100 1.000
4.099 1.000
4.098 1.000
4.097 1.000
4.097 1.000
4.096 1.000
4.094 1.000
4.094 1.000
4.093 1.000
4.092 1.000
4.091 1.000
4.089 1.000
4.088 1.000
4.087 1.000
4.085 1.000
4.085 1.000
4.083 1.000
4.083 1.000
4.082 1.000
4.082 1.000
4.081 1.000
4.081 1.000
4.080 1.000
4.079 1.000
4.079 1.000
4.078 1.000
4.078 1.000
4.077 1.000
4.077 1.000
4.076 1.000
4.075 1.000
4.075 1.000
4.074 1.000
4.074 1.000
4.073 1.000
4.073 1.000
4.072 1.000
4.071 1.000
4.071 1.000
4.070 1.000
4.070 1.000
4.069 1.000
4.068 1.000
4.068 1.000
4.067 1.000
4.067 1.000
4.066 1.000
4.065 1.000
4.065 1.000
4.064 1.000
4.064 1.000
4.063 1.000
4.062 1.000
4.062 1.000
4.061 1.000
4.061 1.000
4.060 1.000
4.059 1.000
4.058 1.000
4.057 1.000
4.057 1.000
4.056 1.000
4.056 1.000
4.055 1.000
4.054 1.000
4.054 1.000
4.053 1.000
4.053 1.000
4.052 1.000
4.051 1.000
4.051 1.000
4.050 1.000
4.049 1.000
4.049 1.000
4.048 1.000
4.048 1.000
4.047 1.000
4.046 1.000
4.046 1.000
4.045 1.000
4.044 1.000
4.044 1.000
4.043 1.000
4.043 1.000
4.042 1.000
4.041 1.000
4.041 1.000
4.040 1.000
4.039 1.000
4.039 1.000
4.038 1.000
4.037 1.000
4.037 1.000
4.036 1.000
4.036 1.000
4.035 1.000
4.034 1.000
4.034 1.000
4.033 1.000
4.032 1.000
4.032 1.000
4.031 1.000
4.030 1.000
4.030 1.000
4.029 1.000
4.028 1.000
4.028 1.000
4.027 1.000
4.026 1.000
4.026 1.000
4.025 1.000
4.025 1.000
4.024 1.000
4.023 1.000
4.023 1.000
4.022 1.000
4.021 1.000
4.021 1.000
4.020 1.000
4.019 1.000
4.019 1.000
4.018 1.000
4.017 1.000
4.017 1.000
4.016 1.000
4.015 1.000
4.014 1.000
4.014 1.000
4.013 1.000
4.012 1.000
4.012 1.000
4.011 1.000
4.010 1.000
4.010 1.000
4.009 1.000
4.008 1.000
4.008 1.000
4.007 1.000
4.006 1.000
4.006 1.000
4.004 1.000
4.003 1.000
4.003 1.000
4.002 1.000
4.001 1.000
4.001 1.000
4.000 1.000
3.999 1.000
3.999 1.000
3.998 1.000
3.997 1.000
3.996 1.000
3.996 1.000
3.995 1.000
3.994 1.000
3.994 1.000
3.993 1.000
3.992 1.000
3.991 1.000
3.991 1.000
3.990 1.000
3.989 1.000
3.989 1.000
3.988 1.000
3.987 1.000
3.986 1.000
3.986 1.000
3.985 1.000
3.984 1.000
3.984 1.000
3.983 1.000
3.982 1.000
3.981 1.000
3.981 1.000
3.980 1.000
3.979 1.000
3.978 1.000
3.978 1.000
3.977 1.000
3.976 1.000
3.976 1.000
3.975 1.000
3.974 1.000
3.973 1.000
3.973 1.000
3.972 1.000
3.971 1.000
3.970 1.000
3.970 1.000
3.969 1.000
3.968 1.000
3.967 1.000
3.967 1.000
3.966 1.000
3.965 1.000
3.964 1.000
3.964 1.000
3.963 1.000
3.962 1.000
3.961 1.000
3.961 1.000
3.960 1.000
3.959 1.000
3.958 1.000
3.957 1.000
3.957 1.000
3.956 1.000
3.955 1.000
3.954 1.000
3.954 1.000
3.953 1.000
3.952 1.000
3.951 1.000
3.951 1.000
3.950 1.000
3.949 1.000
3.948 1.000
3.947 1.000
3.947 1.000
3.946 1.000
3.945 1.000
3.944 1.000
3.943 1.000
3.943 1.000
3.942 1.000
3.941 1.000
3.940 1.000
3.939 1.000
3.939 1.000
3.938 1.000
3.937 1.000
3.936 1.000
3.935 1.000
3.935 1.000
3.934 1.000
3.933 1.000
3.932 1.000
3.931 1.000
3.931 1.000
3.930 1.000
3.929 1.000
3.928 1.000
3.927 1.000
3.927 1.000
3.926 1.000
3.925 1.000
3.924 1.000
3.923 1.000
3.922 1.000
3.922 1.000
3.921 1.000
3.920 1.000
3.919 1.000
3.918 1.000
3.918 1.000
3.917 1.000
3.916 1.000
3.915 1.000
3.914 1.000
3.913 1.000
3.912 1.000
3.912 1.000
3.911 1.000
3.910 1.000
3.909 1.000
3.908 1.000
3.907 1.000
3.907 1.000
3.906 1.000
3.905 1.000
3.904 1.000
3.903 1.000
3.902 1.000
3.901 1.000
3.901 1.000
3.900 1.000
3.899 1.000
3.898 1.000
3.897 1.000
3.896 1.000
3.895 1.000
3.895 1.000
3.894 1.000
3.893 1.000
3.892 1.000
3.891 1.000
3.890 1.000
3.889 1.000
3.888 1.000
3.888 1.000
3.887 1.000
3.886 1.000
3.885 1.000
3.884 1.000
3.883 1.000
3.882 1.000
3.881 1.000
3.880 1.000
3.880 1.000
3.879 1.000
3.878 1.000
3.877 1.000
3.876 1.000
3.875 1.000
3.874 1.000
3.873 1.000
3.872 1.000
3.871 1.000
3.871 1.000
3.870 1.000
3.869 1.000
3.868 1.000
3.867 1.000
3.866 1.000
3.865 1.000
3.864 1.000
3.863 1.000
3.862 1.000
3.861 1.000
3.860 1.000
3.859 1.000
3.859 1.000
3.858 1.000
3.857 1.000
3.856 1.000
3.855 1.000
3.854 1.000
3.853 1.000
3.852 1.000
3.851 1.000
3.849 1.000
3.848 1.000
3.847 1.000
3.847 1.000
3.846 1.000
3.845 1.000
3.844 1.000
3.843 1.000
3.842 1.000
3.841 1.000
3.840 1.000
3.839 1.000
3.838 1.000
3.837 1.000
3.836 1.000
3.835 1.000
3.834 1.000
3.833 1.000
3.832 1.000
3.832 1.000
3.831 1.000
3.830 1.000
3.829 1.000
3.828 1.000
3.827 1.000
3.826 1.000
3.825 1.000
3.824 1.000
3.823 1.000
3.821 1.000
3.820 1.000
3.819 1.000
3.818 1.000
3.817 1.000
3.816 1.000
3.815 1.000
3.814 1.000
3.813 1.000
3.812 1.000
3.811 1.000
3.811 1.000
3.810 1.000
3.808 1.000
3.807 1.000
3.806 1.000
3.805 1.000
3.805 1.000
3.804 1.000
3.803 1.000
3.802 1.000
3.801 1.000
3.800 1.000
3.799 1.000
3.798 1.000
3.797 1.000
3.796 1.000
3.795 1.000
3.794 1.000
3.793 1.000
3.792 1.000
3.791 1.000
3.790 1.000
3.789 1.000
3.787 1.000
3.786 1.000
3.785 1.000
3.784 1.000
3.784 1.000
3.782 1.000
3.781 1.000
3.780 1.000
3.779 1.000
3.778 1.000
3.777 1.000
3.776 1.000
3.775 1.000
3.774 1.000
3.772 1.000
3.771 1.000
3.770 1.000
3.769 1.000
3.768 1.000
3.767 1.000
3.766 1.000
3.765 1.000
3.764 1.000
3.763 1.000
3.762 1.000
3.761 1.000
3.760 1.000
3.758 1.000
3.757 1.000
3.756 1.000
3.755 1.000
3.754 1.000
3.753 1.000
3.752 1.000
3.751 1.000
3.750 1.000
3.749 1.000
3.748 1.000
3.747 1.000
3.746 1.000
3.745 1.000
3.744 1.000
3.742 1.000
3.741 1.000
3.740 1.000
3.739 1.000
3.738 1.000
3.737 1.000
3.736 1.000
3.735 1.000
3.734 1.000
3.732 1.000
3.731 1.000
3.730 1.000
3.729 1.000
3.728 1.000
3.727 1.000
3.726 1.000
3.724 1.000
3.723 1.000
3.721 1.000
3.720 1.000
3.719 1.000
3.718 1.000
3.718 1.000
3.716 1.000
3.715 1.000
3.714 1.000
3.713 1.000
3.712 1.000
3.711 1.000
3.710 1.000
3.708 1.000
3.707 1.000
3.706 1.000
3.705 1.000
3.704 1.000
3.703 1.000
3.701 1.000
3.700 1.000
3.699 1.000
3.698 1.000
3.697 0.999
3.695 0.998
3.694 0.997
3.693 0.997
3.692 0.996
3.691 0.995
3.690 0.994
3.688 0.994
3.687 0.993
3.686 0.992
3.685 0.992
3.684 0.991
3.682 0.990
3.681 0.989
3.680 0.989
3.679 0.988
3.678 0.987
3.676 0.987
3.675 0.986
3.674 0.985
3.673 0.984
3.671 0.984
3.670 0.983
3.669 0.982
3.668 0.982
3.667 0.981
3.665 0.980
3.664 0.980
3.663 0.979
3.662 0.978
3.660 0.977
3.659 0.977
3.658 0.976
3.657 0.975
3.656 0.975
3.654 0.974
3.653 0.973
3.652 0.973
3.651 0.972
3.649 0.971
3.648 0.971
3.647 0.970
3.646 0.969
3.644 0.969
3.643 0.968
3.642 0.967
3.641 0.967
3.639 0.967
3.637 0.967
3.636 0.966
3.635 0.964
3.634 0.963
3.633 0.963
3.632 0.962
3.630 0.961
3.629 0.961
3.628 0.960
3.627 0.959
3.625 0.959
3.624 0.958
3.623 0.958
3.621 0.957
3.620 0.956
3.619 0.956
3.618 0.955
3.616 0.954
3.615 0.954
3.614 0.953
3.612 0.952
3.611 0.952
3.610 0.951
3.609 0.951
3.607 0.950
3.606 0.949
3.605 0.949
3.603 0.948
3.602 0.947
3.601 0.947
3.599 0.946
3.598 0.946
3.597 0.945
3.595 0.944
3.594 0.944
3.593 0.943
3.591 0.943
3.590 0.942
3.589 0.941
3.587 0.941
3.586 0.940
3.585 0.940
3.583 0.939
3.582 0.938
3.581 0.938
3.579 0.937
3.578 0.937
3.577 0.936
3.575 0.935
3.574 0.935
3.573 0.934
3.571 0.934
3.570 0.933
3.569 0.933
3.567 0.932
3.566 0.931
3.565 0.931
3.563 0.930
3.562 0.930
3.560 0.929
3.559 0.929
3.558 0.928
3.556 0.927
3.555 0.927
3.554 0.926
3.552 0.926
3.551 0.925
3.550 0.925
3.548 0.924
3.547 0.924
3.545 0.923
3.544 0.923
3.543 0.922
3.541 0.921
3.540 0.921
3.538 0.920
3.537 0.920
3.536 0.919
3.534 0.919
3.533 0.918
3.532 0.918
3.530 0.917
3.529 0.917
3.527 0.916
3.526 0.916
3.524 0.915
3.523 0.915
3.522 0.914
3.520 0.914
3.519 0.913
3.517 0.913
3.516 0.912
3.515 0.912
3.513 0.911
3.512 0.910
3.510 0.910
3.509 0.909
3.508 0.909
3.506 0.909
3.505 0.908
3.503 0.908
3.502 0.907
3.500 0.907
3.499 0.906
3.497 0.906
3.496 0.905
3.495 0.905
3.493 0.904
3.492 0.904
3.490 0.903
3.489 0.903
3.487 0.902
3.486 0.902
3.485 0.901
3.483 0.901
3.482 0.900
3.480 0.900
3.479 0.899
3.477 0.899
3.476 0.899
3.474 0.898
3.473 0.898
3.471 0.897
3.470 0.897
3.468 0.896
3.467 0.896
3.466 0.895
3.464 0.895
3.463 0.895
3.461 0.894
3.460 0.894
3.458 0.893
3.457 0.893
3.455 0.892
3.454 0.892
3.452 0.892
3.451 0.891
3.449 0.891
3.448 0.890
3.446 0.890
3.445 0.889
3.443 0.889
3.442 0.889
3.440 0.888
3.439 0.888
3.437 0.887
3.436 0.887
3.434 0.887
3.433 0.886
3.431 0.886
3.430 0.885
3.428 0.885
3.427 0.885
3.425 0.884
3.424 0.884
3.422 0.883
3.421 0.883
3.419 0.883
3.418 0.882
3.416 0.882
3.415 0.882
3.413 0.881
3.412 0.881
3.410 0.880
3.409 0.880
3.407 0.880
3.406 0.879
3.404 0.879
3.403 0.879
3.401 0.878
3.400 0.877
3.398 0.878
3.397 0.877
3.395 0.877
3.393 0.876
3.392 0.876
3.390 0.876
3.389 0.875
3.387 0.875
3.386 0.875
3.384 0.874
3.383 0.874
3.381 0.874
3.380 0.873
3.378 0.873
3.377 0.871
3.376 0.870
3.376 0.868
3.375 0.867
3.377 0.866
3.377 0.864
3.378 0.863
3.378 0.862
3.378 0.860
3.379 0.859
3.379 0.858
3.380 0.856
3.380 0.855
3.380 0.854
3.381 0.852
3.381 0.851
3.381 0.850
3.382 0.848
3.382 0.847
3.383 0.846
3.383 0.844
3.383 0.843
3.384 0.841
3.384 0.840
3.385 0.839
3.385 0.837
3.385 0.836
3.386 0.835
3.386 0.833
3.387 0.832
3.387 0.831
3.387 0.829
3.388 0.828
3.388 0.827
3.389 0.825
3.389 0.824
3.389 0.823
3.390 0.821
3.390 0.820
3.391 0.819
3.391 0.817
3.392 0.816
3.392 0.815
3.392 0.813
3.393 0.812
3.393 0.811
3.394 0.809
3.394 0.808
3.394 0.807
3.395 0.805
3.395 0.804
3.396 0.802
3.396 0.801
3.397 0.800
3.395 0.798
3.396 0.797
3.398 0.796
3.398 0.794
3.399 0.793
3.399 0.792
3.400 0.790
3.399 0.789
3.399 0.787
3.399 0.786
3.400 0.785
3.400 0.783
3.401 0.782
3.401 0.781
3.402 0.779
3.402 0.778
3.403 0.777
3.403 0.775
3.404 0.774
3.404 0.773
3.404 0.771
3.405 0.770
3.405 0.769
3.406 0.767
3.406 0.766
3.407 0.765
3.407 0.763
3.408 0.762
3.408 0.761
3.409 0.759
3.409 0.758
3.410 0.757
3.410 0.755
3.411 0.754
3.411 0.753
3.412 0.751
3.412 0.750
3.413 0.749
3.413 0.747
3.414 0.746
3.414 0.745
3.415 0.743
3.415 0.742
3.416 0.741
3.416 0.739
3.417 0.738
3.417 0.737
3.418 0.735
3.418 0.734
3.419 0.733
3.419 0.731
3.420 0.730
3.420 0.729
3.421 0.727
3.421 0.726
3.422 0.725
3.422 0.723
3.423 0.722
3.423 0.721
3.424 0.719
3.425 0.718
3.425 0.717
3.426 0.715
3.426 0.714
3.427 0.713
3.427 0.711
3.426 0.709
3.426 0.708
3.427 0.707
3.428 0.705
3.428 0.704
3.429 0.703
3.429 0.702
3.430 0.700
3.430 0.699
3.431 0.698
3.432 0.696
3.432 0.695
3.433 0.694
3.433 0.692
3.434 0.691
3.434 0.690
3.435 0.688
3.436 0.687
3.436 0.686
3.437 0.684
3.437 0.683
3.438 0.682
3.439 0.680
3.439 0.679
3.440 0.678
3.440 0.676
3.441 0.675
3.442 0.674
3.442 0.672
3.443 0.671
3.443 0.670
3.444 0.668
3.445 0.667
3.445 0.666
3.446 0.664
3.446 0.663
3.447 0.662
3.448 0.660
3.448 0.659
3.449 0.658
3.450 0.656
3.450 0.655
3.451 0.654
3.452 0.652
3.452 0.651
3.453 0.650
3.454 0.648
3.454 0.647
3.455 0.646
3.456 0.645
3.456 0.643
3.457 0.642
3.458 0.641
3.458 0.639
3.459 0.638
3.460 0.637
3.460 0.635
3.461 0.634
3.462 0.633
3.462 0.631
3.463 0.630
3.464 0.629
3.464 0.627
3.465 0.626
3.466 0.625
3.467 0.623
3.467 0.622
3.468 0.621
3.469 0.620
3.469 0.618
3.470 0.617
3.471 0.616
3.469 0.614
3.470 0.613
3.471 0.611
3.474 0.610
3.475 0.609
3.475 0.608
3.474 0.606
3.475 0.605
3.475 0.603
3.476 0.602
3.477 0.601
3.478 0.599
3.478 0.598
3.479 0.597
3.480 0.595
3.481 0.594
3.481 0.593
3.482 0.592
3.483 0.590
3.484 0.589
3.485 0.588
3.485 0.586
3.486 0.585
3.487 0.584
3.488 0.582
3.489 0.581
3.489 0.580
3.490 0.578
3.491 0.577
3.492 0.576
3.493 0.575
3.494 0.573
3.494 0.572
3.495 0.571
3.496 0.569
3.497 0.568
3.498 0.567
3.499 0.565
3.500 0.564
3.500 0.563
3.501 0.562
3.502 0.560
3.503 0.559
3.504 0.558
3.505 0.556
3.506 0.555
3.507 0.554
3.507 0.553
3.508 0.551
3.509 0.550
3.510 0.549
3.511 0.547
3.512 0.546
3.511 0.544
3.511 0.543
3.512 0.542
3.513 0.540
3.514 0.539
3.515 0.538
3.516 0.536
3.517 0.535
3.518 0.534
3.521 0.533
3.522 0.532
3.523 0.531
3.522 0.529
3.525 0.528
3.526 0.527
3.527 0.525
3.526 0.524
3.527 0.522
3.528 0.521
3.529 0.520
3.530 0.518
3.531 0.517
3.532 0.516
3.533 0.515
3.534 0.513
3.535 0.512
3.536 0.511
3.537 0.509
3.538 0.508
3.539 0.507
3.540 0.506
3.541 0.504
3.542 0.503
3.543 0.502
3.544 0.501
3.546 0.499
3.547 0.498
3.548 0.497
3.549 0.495
3.550 0.494
3.551 0.493
3.552 0.492
3.553 0.490
3.554 0.489
3.556 0.488
3.557 0.487
3.558 0.485
3.559 0.484
3.560 0.483
3.561 0.481
3.563 0.480
3.564 0.479
3.565 0.478
3.566 0.476
3.567 0.475
3.569 0.474
3.570 0.473
3.571 0.471
3.572 0.470
3.573 0.469
3.572 0.467
3.573 0.466
3.575 0.464
3.576 0.463
3.577 0.462
3.578 0.461
3.580 0.459
3.581 0.458
3.582 0.457
3.583 0.456
3.585 0.454
3.586 0.453
3.587 0.452
3.589 0.451
3.590 0.449
3.591 0.448
3.593 0.447
3.594 0.446
3.595 0.444
3.597 0.443
3.598 0.442
3.600 0.441
3.601 0.439
3.602 0.438
3.604 0.437
3.605 0.436
3.607 0.434
3.608 0.433
3.610 0.432
3.611 0.431
3.612 0.430
3.614 0.428
3.615 0.427
3.617 0.426
3.618 0.425
3.620 0.423
3.621 0.422
3.623 0.421
3.624 0.420
3.626 0.418
3.628 0.417
3.629 0.416
3.631 0.415
3.632 0.414
3.634 0.412
3.635 0.411
3.637 0.410
3.639 0.409
3.640 0.407
3.642 0.406
3.641 0.404
3.642 0.403
3.644 0.402
3.645 0.401
3.647 0.399
3.649 0.398
3.651 0.397
3.652 0.396
3.654 0.395
3.656 0.393
3.657 0.392
3.659 0.391
3.661 0.390
3.663 0.389
3.665 0.387
3.666 0.386
3.668 0.385
3.670 0.384
3.672 0.383
3.674 0.381
3.675 0.380
3.677 0.379
3.679 0.378
3.681 0.377
3.683 0.375
3.685 0.374
3.687 0.373
3.689 0.372
3.691 0.371
3.693 0.370
3.695 0.368
3.697 0.367
3.699 0.366
3.701 0.365
3.703 0.364
3.705 0.362
3.707 0.361
3.709 0.360
3.711 0.359
3.713 0.358
3.715 0.357
3.717 0.355
3.719 0.354
3.721 0.353
3.724 0.352
3.726 0.351
3.728 0.350
3.730 0.349
3.732 0.347
3.735 0.346
3.734 0.344
3.736 0.343
3.738 0.342
3.740 0.341
3.743 0.340
3.745 0.339
3.747 0.337
3.750 0.336
3.752 0.335
3.754 0.334
3.757 0.333
3.759 0.332
3.762 0.331
3.764 0.329
3.767 0.328
3.769 0.327
3.771 0.326
3.774 0.325
3.777 0.324
3.779 0.323
3.782 0.322
3.784 0.321
3.787 0.319
3.789 0.318
3.792 0.317
3.795 0.316
3.797 0.315
3.800 0.314
3.803 0.313
3.806 0.312
3.808 0.311
3.811 0.310
3.814 0.308
3.817 0.307
3.820 0.306
3.822 0.305
3.825 0.304
3.828 0.303
3.831 0.302
3.834 0.301
3.837 0.300
3.840 0.299
3.843 0.298
3.846 0.297
3.849 0.296
3.852 0.295
3.855 0.294
3.858 0.292
3.861 0.291
3.864 0.290
3.864 0.288
3.867 0.287
3.870 0.286
3.874 0.285
3.877 0.284
3.880 0.283
3.884 0.282
3.887 0.281
3.890 0.280
3.894 0.279
3.897 0.278
3.900 0.277
3.904 0.276
3.907 0.275
3.911 0.274
3.914 0.273
3.918 0.272
3.922 0.271
3.925 0.270
3.929 0.269
3.932 0.268
3.936 0.267
3.940 0.266
3.944 0.265
3.947 0.264
3.951 0.263
3.955 0.262
3.959 0.261
3.963 0.261
3.967 0.260
3.971 0.259
3.975 0.258
3.979 0.257
3.983 0.256
3.987 0.255
3.991 0.254
3.995 0.253
3.999 0.252
4.003 0.251
4.007 0.250
4.012 0.250
4.016 0.249
4.020 0.248
4.024 0.247
4.029 0.246
4.033 0.245
4.038 0.244
4.042 0.243
4.047 0.243
4.051 0.242
4.056 0.241
4.060 0.240
4.065 0.239
4.069 0.238
4.074 0.237
4.075 0.236
4.080 0.235
4.085 0.234
4.090 0.233
4.095 0.232
4.099 0.231
4.104 0.231
4.109 0.230
4.114 0.229
4.119 0.228
4.124 0.228
4.129 0.227
4.135 0.226
4.140 0.225
4.145 0.225
4.150 0.224
4.155 0.223
4.161 0.222
4.166 0.222
4.171 0.221
4.177 0.220
4.182 0.219
4.188 0.219
4.193 0.218
4.199 0.217
4.204 0.217
4.210 0.216
4.216 0.215
4.221 0.215
4.227 0.214
4.233 0.213
4.239 0.213
4.244 0.212
4.250 0.212
4.256 0.211
4.262 0.210
4.268 0.210
4.274 0.209
4.280 0.209
4.286 0.208
4.292 0.207
4.298 0.207
4.304 0.206
4.311 0.206
4.317 0.205
4.323 0.205
4.329 0.204
4.336 0.204
4.342 0.203
4.348 0.203
4.355 0.202
4.359 0.200
4.365 0.200
4.372 0.199
4.379 0.199
4.385 0.198
4.392 0.198
4.401 0.199
4.407 0.198
4.412 0.197
4.419 0.196
4.425 0.196
4.432 0.196
4.439 0.195
4.446 0.195
4.453 0.194
4.460 0.194
4.467 0.194
4.473 0.193
4.480 0.193
4.487 0.193
4.495 0.192
4.502 0.192
4.509 0.192
4.516 0.192
4.523 0.191
4.530 0.191
4.537 0.191
4.544 0.191
4.551 0.190
4.559 0.190
4.566 0.190
4.573 0.190
4.580 0.190
4.588 0.189
4.595 0.189
4.602 0.189
4.609 0.189
4.617 0.189
4.624 0.189
4.631 0.189
4.639 0.188
4.646 0.188
4.653 0.188
4.661 0.188
4.668 0.188
4.676 0.188
4.683 0.188
4.690 0.188
4.698 0.188
4.705 0.188
4.712 0.188
4.720 0.188
4.727 0.188
4.735 0.188
4.742 0.188
4.749 0.188
4.757 0.188
4.764 0.188
4.771 0.188
4.779 0.188
4.786 0.188
4.793 0.189
4.801 0.189
4.808 0.189
4.815 0.189
4.823 0.189
4.830 0.189
4.837 0.189
4.844 0.190
4.852 0.190
4.859 0.190
4.867 0.189
4.875 0.189
4.882 0.189
4.889 0.189
4.896 0.190
4.903 0.190
4.910 0.190
4.918 0.191
4.925 0.191
4.932 0.191
4.939 0.191
4.946 0.192
4.953 0.192
4.960 0.192
4.967 0.193
4.974 0.193
4.981 0.193
4.988 0.194
4.995 0.194
5.001 0.195
5.008 0.195
5.015 0.195
5.022 0.196
5.029 0.196
5.035 0.197
5.042 0.197
5.049 0.198
5.055 0.198
5.062 0.199
5.068 0.199
5.075 0.200
5.081 0.200
5.088 0.201
5.094 0.201
5.101 0.202
5.107 0.202
5.113 0.203
5.120 0.203
5.126 0.204
5.132 0.204
5.138 0.205
5.144 0.205
5.150 0.206
5.157 0.207
5.163 0.207
5.169 0.208
5.175 0.208
5.180 0.209
5.186 0.210
5.192 0.210
5.198 0.211
5.204 0.212
5.210 0.212
5.215 0.213
5.221 0.214
5.227 0.214
5.232 0.215
5.238 0.216
5.243 0.216
5.249 0.217
5.254 0.218
5.260 0.218
5.265 0.219
5.271 0.220
5.276 0.221
5.281 0.221
5.287 0.222
5.292 0.223
5.297 0.224
5.302 0.224
5.307 0.225
5.312 0.226
5.317 0.227
5.322 0.228
5.327 0.228
5.332 0.229
5.337 0.230
5.346 0.230
5.350 0.231
5.355 0.231
5.360 0.232
5.365 0.233
5.370 0.234
5.374 0.235
5.379 0.236
5.383 0.236
5.388 0.237
5.393 0.238
5.397 0.239
5.402 0.240
5.406 0.241
5.410 0.242
5.415 0.243
5.419 0.243
5.423 0.244
5.428 0.245
5.432 0.246
5.436 0.247
5.440 0.248
5.445 0.249
5.449 0.250
5.453 0.251
5.457 0.252
5.461 0.253
5.465 0.254
5.469 0.255
5.473 0.256
5.477 0.257
5.481 0.257
5.485 0.258
5.488 0.259
5.492 0.260
5.496 0.261
5.500 0.262
5.503 0.263
5.507 0.264
5.511 0.265
5.514 0.266
5.518 0.267
5.522 0.268
5.525 0.269
5.529 0.270
5.532 0.271
5.536 0.272
5.539 0.273
5.542 0.274
5.546 0.275
5.549 0.276
5.553 0.277
5.556 0.279
5.559 0.280
5.562 0.281
5.566 0.282
5.569 0.283
5.572 0.284
5.575 0.285
5.579 0.286
5.582 0.287
5.585 0.288
5.588 0.289
5.591 0.290
5.594 0.291
5.597 0.292
5.600 0.293
5.603 0.294
5.606 0.295
5.609 0.297
5.612 0.298
5.615 0.299
5.617 0.300
5.620 0.301
5.623 0.302
5.626 0.303
5.629 0.304
5.632 0.305
5.634 0.306
5.637 0.307
5.640 0.309
5.642 0.310
5.645 0.311
5.648 0.312
5.650 0.313
5.653 0.314
5.656 0.315
5.658 0.316
5.664 0.317
5.663 0.319
5.666 0.320
5.672 0.320
5.674 0.321
5.677 0.322
5.679 0.324
5.682 0.325
5.684 0.326
5.686 0.327
5.689 0.328
5.691 0.329
5.693 0.330
5.696 0.332
5.698 0.333
5.700 0.334
5.703 0.335
5.705 0.336
5.707 0.337
5.709 0.339
5.712 0.340
5.714 0.341
5.716 0.342
5.718 0.343
5.720 0.344
5.722 0.346
5.725 0.347
5.727 0.348
5.729 0.349
5.728 0.351
5.733 0.351
5.732 0.353
5.730 0.355
5.732 0.356
5.738 0.357
5.743 0.357
5.742 0.359
5.747 0.360
5.749 0.361
5.751 0.362
5.753 0.363
5.755 0.365
5.757 0.366
5.759 0.367
5.761 0.368
5.762 0.369
5.764 0.371
5.766 0.372
5.768 0.373
5.770 0.374
5.772 0.375
5.773 0.377
5.775 0.378
5.777 0.379
5.779 0.380
5.781 0.381
5.782 0.383
5.784 0.384
5.786 0.385
5.787 0.386
5.789 0.388
5.791 0.389
5.792 0.390
5.794 0.391
5.796 0.392
5.797 0.394
5.799 0.395
5.801 0.396
5.802 0.397
5.804 0.399
5.806 0.400
5.807 0.401
5.809 0.402
5.810 0.404
5.812 0.405
5.813 0.406
5.815 0.407
5.817 0.408
5.818 0.410
5.820 0.411
5.821 0.412
5.823 0.413
5.824 0.415
5.826 0.416
5.827 0.417
5.828 0.418
5.830 0.420
5.831 0.421
5.836 0.422
5.837 0.423
5.836 0.425
5.837 0.426
5.838 0.427
5.840 0.428
5.841 0.430
5.843 0.431
5.844 0.432
5.845 0.433
5.847 0.435
5.851 0.435
5.852 0.437
5.854 0.438
5.855 0.439
5.856 0.440
5.857 0.442
5.859 0.443
5.860 0.444
5.861 0.445
5.863 0.447
5.864 0.448
5.865 0.449
5.866 0.450
5.868 0.452
5.869 0.453
5.870 0.454
5.871 0.456
5.873 0.457
5.874 0.458
5.875 0.459
5.876 0.461
5.877 0.462
5.878 0.463
5.880 0.464
5.881 0.466
5.882 0.467
5.883 0.468
5.884 0.470
5.885 0.471
5.887 0.472
5.888 0.473
5.889 0.475
5.890 0.476
5.891 0.477
5.892 0.479
5.893 0.480
5.894 0.481
5.895 0.482
5.897 0.484
5.898 0.485
5.899 0.486
5.900 0.488
5.901 0.489
5.902 0.490
5.903 0.491
5.904 0.493
5.905 0.494
5.906 0.495
5.907 0.497
5.908 0.498
5.909 0.499
5.910 0.500
5.911 0.502
5.912 0.503
5.913 0.504
5.914 0.506
5.915 0.507
5.916 0.508
5.917 0.509
5.918 0.511
5.919 0.512
5.920 0.513
5.921 0.515
5.922 0.516
5.923 0.517
5.924 0.519
5.925 0.520
5.926 0.521
5.927 0.522
5.928 0.524
5.928 0.525
5.929 0.526
5.930 0.528
5.931 0.529
5.932 0.530
5.933 0.532
5.934 0.533
5.935 0.534
5.936 0.535
5.937 0.537
5.937 0.538
5.938 0.539
5.939 0.541
5.940 0.542
5.941 0.543
5.942 0.545
5.943 0.546
5.943 0.547
5.947 0.548
5.947 0.549
5.948 0.551
5.949 0.552
5.950 0.553
5.951 0.555
5.952 0.556
5.952 0.557
5.953 0.559
5.954 0.560
5.955 0.561
5.956 0.563
5.956 0.564
5.957 0.565
5.958 0.566
5.959 0.568
5.960 0.569
5.960 0.570
5.961 0.572
5.962 0.573
5.963 0.574
5.963 0.576
5.964 0.577
5.965 0.578
5.966 0.580
5.966 0.581
5.967 0.582
5.968 0.584
5.969 0.585
5.969 0.586
5.970 0.588
5.971 0.589
5.971 0.590
5.972 0.591
5.973 0.593
5.974 0.594
5.974 0.595
5.975 0.597
5.976 0.598
5.976 0.599
5.977 0.601
5.978 0.602
5.979 0.603
5.979 0.605
5.980 0.606
5.981 0.607
5.981 0.609
5.982 0.610
5.983 0.611
5.983 0.613
5.984 0.614
5.985 0.615
5.985 0.617
5.986 0.618
5.987 0.619
5.987 0.621
5.988 0.622
5.989 0.623
5.989 0.625
5.990 0.626
5.990 0.627
5.991 0.629
5.992 0.630
5.992 0.631
5.993 0.633
5.994 0.634
5.994 0.635
5.995 0.637
5.995 0.638
5.996 0.639
5.997 0.641
5.997 0.642
5.998 0.643
5.999 0.645
5.999 0.646
6.000 0.647
6.000 0.649
6.001 0.650
6.002 0.651
6.002 0.653
6.003 0.654
6.003 0.655
6.004 0.657
6.004 0.658
6.005 0.659
6.006 0.661
6.006 0.662
6.007 0.663
6.007 0.665
6.008 0.666
6.008 0.667
6.009 0.669
6.010 0.670
6.010 0.671
6.011 0.673
6.011 0.674
6.012 0.675
6.012 0.677
6.013 0.678
6.013 0.679
6.014 0.681
6.015 0.682
6.015 0.683
6.016 0.685
6.016 0.686
6.017 0.687
6.017 0.689
6.018 0.690
6.018 0.691
6.019 0.693
6.021 0.694
6.022 0.695
6.022 0.696
6.021 0.698
6.022 0.696
6.024 0.696
6.026 0.696
6.028 0.695
6.030 0.695
6.032 0.694
6.034 0.694
6.036 0.694
6.038 0.693
6.040 0.693
6.042 0.693
6.044 0.692
6.045 0.692
6.047 0.692
6.049 0.691
6.051 0.691
6.053 0.691
6.055 0.691
6.057 0.690
6.059 0.690
6.061 0.690
6.063 0.689
6.065 0.689
6.067 0.687
6.069 0.687
6.071 0.687
6.073 0.686
6.074 0.686
6.076 0.686
6.078 0.686
6.080 0.685
6.082 0.685
6.084 0.685
6.086 0.685
6.088 0.684
6.090 0.684
6.092 0.684
6.094 0.683
6.096 0.683
6.098 0.683
6.100 0.683
6.102 0.682
6.104 0.682
6.106 0.682
6.108 0.682
6.110 0.681
6.112 0.681
6.114 0.681
6.116 0.681
6.118 0.681
6.120 0.680
6.122 0.680
6.124 0.680
6.126 0.680
6.128 0.679
6.130 0.679
6.132 0.679
6.134 0.679
6.137 0.679
6.139 0.678
6.141 0.678
6.143 0.678
6.145 0.678
6.146 0.676
6.148 0.676
6.150 0.676
6.152 0.676
6.155 0.675
6.157 0.675
6.159 0.675
6.161 0.675
6.163 0.675
6.165 0.675
6.167 0.674
6.169 0.674
6.171 0.674
6.173 0.674
6.175 0.674
6.177 0.674
6.179 0.674
6.181 0.673
6.183 0.673
6.185 0.673
6.187 0.673
6.189 0.673
6.191 0.673
6.193 0.673
6.195 0.672
6.197 0.672
6.200 0.672
6.202 0.672
6.204 0.672
6.206 0.672
6.208 0.672
6.210 0.672
6.212 0.672
6.214 0.672
6.216 0.671
6.218 0.671
6.220 0.671
6.222 0.671
6.224 0.671
6.226 0.671
6.228 0.671
6.230 0.669
6.232 0.669
6.234 0.669
6.237 0.669
6.239 0.669
6.241 0.669
6.243 0.669
6.245 0.669
6.247 0.669
6.249 0.669
6.251 0.669
6.253 0.669
6.255 0.669
6.257 0.669
6.259 0.669
6.261 0.669
6.263 0.669
6.266 0.669
6.268 0.669
6.270 0.669
6.272 0.669
6.274 0.669
6.276 0.669
6.278 0.669
6.280 0.669
6.282 0.669
6.284 0.669
6.286 0.669
6.288 0.669
6.290 0.669
6.293 0.669
6.295 0.669
6.297 0.669
6.299 0.669
6.301 0.669
6.303 0.669
6.305 0.669
6.307 0.669
6.309 0.669
6.311 0.669
6.313 0.669
6.315 0.669
6.317 0.669
6.319 0.669
6.322 0.669
6.324 0.669
6.326 0.668
6.328 0.668
6.330 0.668
6.332 0.668
6.334 0.668
6.336 0.668
6.338 0.668
6.340 0.668
6.342 0.668
6.344 0.668
6.347 0.668
6.349 0.669
6.351 0.669
6.353 0.669
6.355 0.669
6.357 0.669
6.359 0.669
6.361 0.669
6.363 0.669
6.365 0.669
6.367 0.669
6.369 0.670
6.371 0.670
6.373 0.670
6.375 0.670
6.377 0.670
6.380 0.670
6.382 0.670
6.384 0.671
6.386 0.671
6.388 0.671
6.390 0.671
6.392 0.671
6.394 0.671
6.396 0.671
6.398 0.672
6.400 0.672
6.402 0.672
6.404 0.672
6.406 0.672
6.408 0.672
6.410 0.673
6.412 0.673
6.414 0.673
6.416 0.673
6.419 0.673
6.421 0.673
6.423 0.674
6.425 0.672
6.427 0.673
6.429 0.673
6.431 0.673
6.433 0.673
6.435 0.674
6.437 0.674
6.439 0.674
6.441 0.674
6.443 0.674
6.445 0.675
6.447 0.675
6.449 0.675
6.451 0.675
6.453 0.676
6.455 0.676
6.457 0.676
6.459 0.676
6.461 0.676
6.463 0.677
6.466 0.677
6.468 0.677
6.470 0.677
6.472 0.678
6.474 0.678
6.476 0.678
6.478 0.679
6.480 0.679
6.482 0.679
6.484 0.679
6.486 0.680
6.488 0.680
6.490 0.680
6.492 0.680
6.494 0.681
6.496 0.681
6.498 0.681
6.500 0.682
6.502 0.682
6.504 0.682
6.505 0.683
6.507 0.683
6.509 0.683
6.511 0.683
6.513 0.684
6.515 0.684
6.517 0.684
6.519 0.685
6.521 0.685
6.523 0.685
6.525 0.686
6.527 0.686
6.529 0.686
6.531 0.687
6.533 0.687
6.535 0.687
6.537 0.688
6.539 0.688
6.541 0.688
6.543 0.689
6.545 0.689
6.547 0.690
6.549 0.690
6.551 0.690
6.553 0.691
6.555 0.690
6.557 0.690
6.559 0.690
6.561 0.691
6.563 0.691
6.565 0.692
6.567 0.692
6.569 0.692
6.570 0.693
6.572 0.693
6.574 0.694
6.576 0.694
6.578 0.694
6.580 0.695
6.582 0.695
6.584 0.696
6.586 0.696
6.588 0.696
6.590 0.697
6.591 0.697
6.593 0.698
6.595 0.698
6.597 0.698
6.599 0.699
6.601 0.699
6.603 0.700
6.605 0.700
6.607 0.701
6.608 0.701
6.610 0.702
6.612 0.702
6.614 0.702
6.616 0.703
6.618 0.703
6.620 0.704
6.621 0.704
6.623 0.705
6.625 0.705
6.627 0.706
6.629 0.706
6.631 0.707
6.633 0.707
6.634 0.708
6.636 0.708
6.638 0.709
6.640 0.709
6.642 0.709
6.644 0.710
6.645 0.710
6.647 0.711
6.649 0.711
6.651 0.712
6.653 0.712
6.654 0.713
6.656 0.713
6.658 0.714
6.660 0.714
6.662 0.715
6.664 0.715
6.665 0.716
6.667 0.717
6.669 0.717
6.671 0.718
6.673 0.717
6.675 0.717
6.677 0.718
6.679 0.718
6.680 0.719
6.682 0.719
6.684 0.720
6.686 0.721
6.687 0.721
6.689 0.722
6.691 0.722
6.693 0.723
6.694 0.723
6.696 0.724
6.698 0.724
6.700 0.725
6.702 0.726
6.703 0.726
6.705 0.727
6.707 0.727
6.708 0.728
6.710 0.728
6.712 0.729
6.714 0.730
6.715 0.730
6.717 0.731
6.719 0.731
6.721 0.732
6.722 0.732
6.724 0.733
6.726 0.734
6.727 0.734
6.729 0.735
6.731 0.735
6.733 0.736
6.734 0.737
6.736 0.737
6.738 0.738
6.739 0.738
6.741 0.739
6.743 0.740
6.744 0.740
6.746 0.741
6.748 0.742
6.749 0.742
6.751 0.743
6.753 0.743
6.754 0.744
6.756 0.745
6.758 0.745
6.759 0.746
6.761 0.747
6.763 0.747
6.764 0.748
6.766 0.748
6.768 0.749
6.769 0.750
6.771 0.750
6.772 0.751
6.774 0.752
6.776 0.752
6.777 0.753
6.779 0.754
6.781 0.754
6.782 0.755
6.784 0.756
6.785 0.756
6.787 0.757
6.789 0.758
6.790 0.758
6.792 0.759
6.793 0.760
6.795 0.760
6.797 0.761
6.798 0.762
6.800 0.762
6.801 0.763
6.803 0.764
6.804 0.765
6.806 0.765
6.808 0.766
6.809 0.767
6.811 0.767
6.812 0.768
6.814 0.769
6.816 0.768
6.818 0.769
6.819 0.770
6.820 0.768
6.821 0.767
6.822 0.766
6.823 0.765
6.824 0.764
6.825 0.762
6.826 0.761
6.827 0.760
6.828 0.759
6.829 0.758
6.830 0.757
6.831 0.755
6.832 0.754
6.833 0.753
6.834 0.752
6.835 0.751
6.836 0.749
6.836 0.748
6.837 0.747
6.838 0.746
6.839 0.745
6.840 0.744
6.841 0.742
6.842 0.741
6.843 0.740
6.844 0.739
6.845 0.738
6.846 0.736
6.847 0.735
6.848 0.734
6.849 0.733
6.850 0.732
6.851 0.731
6.852 0.729
6.853 0.728
6.855 0.727
6.856 0.726
6.857 0.725
6.858 0.724
6.859 0.722
6.860 0.721
6.861 0.720
6.862 0.719
6.863 0.718
6.864 0.717
6.865 0.716
6.866 0.714
6.867 0.713
6.868 0.712
6.869 0.711
6.870 0.710
6.871 0.709
6.873 0.707
6.874 0.706
6.875 0.705
6.876 0.704
6.877 0.703
6.878 0.702
6.879 0.701
6.880 0.699
6.881 0.698
6.883 0.697
6.884 0.696
6.885 0.695
6.886 0.694
6.887 0.693
6.888 0.691
6.889 0.690
6.890 0.689
6.892 0.688
6.893 0.687
6.894 0.686
6.895 0.685
6.896 0.683
6.897 0.682
6.899 0.681
6.900 0.680
6.901 0.679
6.902 0.678
6.903 0.677
6.905 0.675
6.906 0.674
6.907 0.673
6.908 0.672
6.909 0.671
6.911 0.670
6.912 0.669
6.913 0.668
6.914 0.666
6.915 0.665
6.917 0.664
6.918 0.663
6.919 0.662
6.920 0.661
6.922 0.660
6.923 0.659
6.924 0.658
6.925 0.656
6.927 0.655
6.928 0.654
6.929 0.653
6.931 0.652
6.932 0.651
6.933 0.650
6.934 0.649
6.936 0.648
6.937 0.646
6.938 0.645
6.940 0.644
6.941 0.643
6.942 0.642
6.944 0.641
6.945 0.640
6.946 0.639
6.948 0.638
6.949 0.637
6.950 0.636
6.952 0.634
6.953 0.633
6.954 0.632
6.956 0.631
6.957 0.630
6.958 0.629
6.960 0.628
6.961 0.627
6.963 0.626
6.964 0.625
6.965 0.624
6.967 0.623
6.968 0.621
6.970 0.620
6.971 0.619
6.972 0.618
6.974 0.617
6.975 0.616
6.977 0.615
6.978 0.614
6.980 0.613
6.981 0.612
6.983 0.611
6.984 0.610
6.986 0.609
6.987 0.608
6.988 0.607
6.990 0.606
6.991 0.604
6.993 0.603
6.994 0.602
6.994 0.600
6.996 0.599
6.997 0.598
6.999 0.597
7.000 0.596
7.002 0.595
7.003 0.594
7.005 0.593
7.006 0.592
7.008 0.591
7.010 0.590
7.011 0.589
7.013 0.588
7.014 0.587
7.016 0.586
7.017 0.585
7.019 0.584
7.021 0.583
7.022 0.582
7.024 0.581
7.025 0.580
7.027 0.579
7.029 0.578
7.030 0.577
7.032 0.576
7.034 0.575
7.035 0.574
7.037 0.573
7.039 0.572
7.040 0.571
7.042 0.570
7.044 0.569
7.045 0.568
7.047 0.567
7.049 0.566
7.050 0.565
7.052 0.564
7.054 0.563
7.055 0.562
7.057 0.561
7.059 0.560
7.061 0.559
7.062 0.558
7.064 0.557
7.066 0.556
7.068 0.555
7.069 0.554
7.071 0.553
7.073 0.552
7.075 0.551
7.077 0.550
7.078 0.549
7.080 0.548
7.082 0.547
7.084 0.546
7.086 0.545
7.088 0.544
7.089 0.543
7.091 0.542
7.093 0.541
7.095 0.540
7.097 0.539
7.100 0.539
7.101 0.537
7.104 0.537
7.108 0.537
7.104 0.537
7.101 0.537
7.099 0.538
7.097 0.539
7.095 0.540
7.093 0.541
7.091 0.542
7.089 0.543
7.088 0.544
7.086 0.545
7.084 0.546
7.082 0.547
7.080 0.548
7.078 0.549
7.077 0.550
7.075 0.551
7.073 0.552
7.071 0.553
7.069 0.554
7.068 0.555
7.066 0.556
7.064 0.557
7.062 0.558
7.061 0.559
7.059 0.560
7.057 0.561
7.055 0.562
7.054 0.563
7.052 0.564
7.050 0.565
7.049 0.566
7.047 0.567
7.045 0.568
7.044 0.569
7.042 0.570
7.040 0.571
7.039 0.572
7.037 0.573
7.035 0.574
7.034 0.575
7.032 0.576
7.030 0.577
7.029 0.578
7.027 0.579
7.025 0.580
7.024 0.581
7.022 0.582
7.021 0.583
7.019 0.584
7.017 0.585
7.016 0.586
7.014 0.587
7.013 0.588
7.011 0.589
7.010 0.590
7.008 0.591
7.006 0.592
7.005 0.593
7.003 0.594
7.002 0.595
7.000 0.596
6.999 0.597
6.997 0.598
6.996 0.599
6.994 0.600
6.994 0.602
6.993 0.603
6.991 0.604
6.990 0.606
6.988 0.607
6.987 0.608
6.986 0.609
6.984 0.610
6.983 0.611
6.981 0.612
6.980 0.613
6.978 0.614
6.977 0.615
6.975 0.616
6.974 0.617
6.972 0.618
6.971 0.619
6.970 0.620
6.968 0.621
6.967 0.623
6.965 0.624
6.964 0.625
6.963 0.626
6.961 0.627
6.960 0.628
6.958 0.629
6.957 0.630
6.956 0.631
6.954 0.632
6.953 0.633
6.952 0.634
6.950 0.636
6.949 0.637
6.948 0.638
6.946 0.639
6.945 0.640
6.944 0.641
6.942 0.642
6.941 0.643
6.940 0.644
6.938 0.645
6.937 0.646
6.936 0.648
6.934 0.649
6.933 0.650
6.932 0.651
6.931 0.652
6.929 0.653
6.928 0.654
6.927 0.655
6.925 0.656
6.924 0.658
6.923 0.659
6.922 0.660
6.920 0.661
6.919 0.662
6.918 0.663
6.917 0.664
6.915 0.665
6.914 0.666
6.913 0.668
6.912 0.669
6.911 0.670
6.909 0.671
6.908 0.672
6.907 0.673
6.906 0.674
6.905 0.675
6.903 0.677
6.902 0.678
6.901 0.679
6.900 0.680
6.899 0.681
6.897 0.682
6.896 0.683
6.895 0.685
6.894 0.686
6.893 0.687
6.892 0.688
6.890 0.689
6.889 0.690
6.888 0.691
6.887 0.693
6.886 0.694
6.885 0.695
6.884 0.696
6.883 0.697
6.881 0.698
6.880 0.699
6.879 0.701
6.878 0.702
6.877 0.703
6.876 0.704
6.875 0.705
6.874 0.706
6.873 0.707
6.871 0.709
6.870 0.710
6.869 0.711
6.868 0.712
6.867 0.713
6.866 0.714
6.865 0.716
6.864 0.717
6.863 0.718
6.862 0.719
6.861 0.720
6.860 0.721
6.859 0.722
6.858 0.724
6.857 0.725
6.856 0.726
6.855 0.727
6.853 0.728
6.852 0.729
6.851 0.731
6.850 0.732
6.849 0.733
6.848 0.734
6.847 0.735
6.846 0.736
6.845 0.738
6.844 0.739
6.843 0.740
6.842 0.741
6.841 0.742
6.840 0.744
6.839 0.745
6.838 0.746
6.837 0.747
6.836 0.748
6.836 0.749
6.835 0.751
6.834 0.752
6.833 0.753
6.832 0.754
6.831 0.755
6.830 0.757
6.829 0.758
6.828 0.759
6.827 0.760
6.826 0.761
6.825 0.762
6.824 0.764
6.823 0.765
6.822 0.766
6.820 0.767
6.819 0.768
6.816 0.768
6.814 0.769
6.812 0.768
6.811 0.767
6.809 0.767
6.808 0.766
6.806 0.765
6.804 0.765
6.803 0.764
6.801 0.763
6.800 0.762
6.798 0.762
6.797 0.761
6.795 0.760
6.793 0.760
6.792 0.759
6.790 0.758
6.789 0.758
6.787 0.757
6.785 0.756
6.784 0.756
6.782 0.755
6.781 0.754
6.779 0.754
6.777 0.753
6.776 0.752
6.774 0.752
6.772 0.751
6.771 0.750
6.769 0.750
6.768 0.749
6.766 0.748
6.764 0.748
6.763 0.747
6.761 0.747
6.759 0.746
6.758 0.745
6.756 0.745
6.754 0.744
6.753 0.743
6.751 0.743
6.749 0.742
6.748 0.742
6.746 0.741
6.744 0.740
6.743 0.740
6.741 0.739
6.739 0.738
6.738 0.738
6.736 0.737
6.734 0.737
6.733 0.736
6.731 0.735
6.729 0.735
6.727 0.734
6.726 0.734
6.724 0.733
6.722 0.732
6.721 0.732
6.719 0.731
6.717 0.731
6.715 0.730
6.714 0.730
6.712 0.729
6.710 0.728
6.708 0.728
6.707 0.727
6.705 0.727
6.703 0.726
6.702 0.726
6.700 0.725
6.698 0.724
6.696 0.724
6.694 0.723
6.693 0.723
6.691 0.722
6.689 0.722
6.687 0.721
6.686 0.721
6.684 0.720
6.682 0.719
6.680 0.719
6.679 0.718
6.677 0.718
6.675 0.717
6.673 0.717
6.671 0.716
6.670 0.716
6.668 0.715
6.666 0.715
6.664 0.715
6.662 0.715
6.660 0.714
6.658 0.714
6.656 0.713
6.654 0.713
6.653 0.712
6.651 0.712
6.649 0.711
6.647 0.711
6.645 0.710
6.644 0.710
6.642 0.709
6.640 0.709
6.638 0.709
6.636 0.708
6.634 0.708
6.633 0.707
6.631 0.707
6.629 0.706
6.627 0.706
6.625 0.705
6.623 0.705
6.621 0.704
6.620 0.704
6.618 0.703
6.616 0.703
6.614 0.702
6.612 0.702
6.610 0.702
6.608 0.701
6.607 0.701
6.605 0.700
6.603 0.700
6.601 0.699
6.599 0.699
6.597 0.698
6.595 0.698
6.593 0.698
6.591 0.697
6.590 0.697
6.588 0.696
6.586 0.696
6.584 0.696
6.582 0.695
6.580 0.695
6.578 0.694
6.576 0.694
6.574 0.694
6.572 0.693
6.570 0.693
6.569 0.692
6.567 0.692
6.565 0.692
6.563 0.691
6.561 0.691
6.559 0.690
6.557 0.690
6.555 0.690
6.553 0.691
6.551 0.690
6.549 0.690
6.547 0.690
6.545 0.689
6.543 0.689
6.541 0.688
6.539 0.688
6.537 0.688
6.535 0.687
6.533 0.687
6.531 0.687
6.529 0.686
6.527 0.686
6.525 0.686
6.523 0.685
6.521 0.685
6.519 0.685
6.517 0.684
6.515 0.684
6.513 0.684
6.511 0.683
6.509 0.683
6.507 0.683
6.505 0.683
6.504 0.682
6.502 0.682
6.500 0.682
6.498 0.681
6.496 0.681
6.494 0.681
6.492 0.680
6.490 0.680
6.488 0.680
6.486 0.680
6.484 0.679
6.482 0.679
6.480 0.679
6.478 0.679
6.476 0.678
6.474 0.678
6.472 0.678
6.470 0.677
6.468 0.677
6.466 0.677
6.463 0.677
6.461 0.676
6.459 0.676
6.457 0.676
6.455 0.676
6.453 0.676
6.451 0.675
6.449 0.675
6.447 0.675
6.445 0.675
6.443 0.674
6.441 0.674
6.439 0.674
6.437 0.674
6.435 0.674
6.433 0.673
6.431 0.673
6.429 0.673
6.427 0.673
6.425 0.672
6.423 0.674
6.421 0.673
6.419 0.673
6.416 0.673
6.414 0.673
6.412 0.673
6.410 0.673
6.408 0.672
6.406 0.672
6.404 0.672
6.402 0.672
6.400 0.672
6.398 0.672
6.396 0.671
6.394 0.671
6.392 0.671
6.390 0.671
6.388 0.671
6.386 0.671
6.384 0.671
6.382 0.670
6.380 0.670
6.377 0.670
6.375 0.670
6.373 0.670
6.371 0.670
6.369 0.670
6.367 0.669
6.365 0.669
6.363 0.669
6.361 0.669
6.359 0.669
6.357 0.669
6.355 0.669
6.353 0.669
6.351 0.669
6.349 0.669
6.347 0.668
6.344 0.668
6.342 0.668
6.340 0.668
6.338 0.668
6.336 0.668
6.334 0.668
6.332 0.668
6.330 0.668
6.328 0.668
6.326 0.668
6.324 0.669
6.322 0.669
6.319 0.669
6.317 0.669
6.315 0.669
6.313 0.669
6.311 0.669
6.309 0.669
6.307 0.669
6.305 0.669
6.303 0.669
6.301 0.669
6.299 0.669
6.297 0.669
6.295 0.669
6.293 0.669
6.290 0.669
6.288 0.669
6.286 0.669
6.284 0.669
6.282 0.669
6.280 0.669
6.278 0.669
6.276 0.669
6.274 0.669
6.272 0.669
6.270 0.669
6.268 0.669
6.266 0.669
6.263 0.669
6.261 0.669
6.259 0.669
6.257 0.669
6.255 0.669
6.253 0.669
6.251 0.669
6.249 0.669
6.247 0.669
6.245 0.669
6.243 0.669
6.241 0.669
6.239 0.669
6.237 0.669
6.234 0.669
6.232 0.669
6.230 0.669
6.228 0.671
6.226 0.671
6.224 0.671
6.222 0.671
6.220 0.671
6.218 0.671
6.216 0.671
6.214 0.672
6.212 0.672
6.210 0.672
6.208 0.672
6.206 0.672
6.204 0.672
6.202 0.672
6.200 0.672
6.197 0.672
6.195 0.672
6.193 0.673
6.191 0.673
6.189 0.673
6.187 0.673
6.185 0.673
6.183 0.673
6.181 0.673
6.179 0.674
6.177 0.674
6.175 0.674
6.173 0.674
6.171 0.674
6.169 0.674
6.167 0.674
6.165 0.675
6.163 0.675
6.161 0.675
6.159 0.675
6.157 0.675
6.155 0.675
6.152 0.676
6.150 0.676
6.148 0.676
6.146 0.676
6.145 0.678
6.143 0.678
6.141 0.678
6.139 0.678
6.137 0.679
6.134 0.679
6.132 0.679
6.130 0.679
6.128 0.679
6.126 0.680
6.124 0.680
6.122 0.680
6.120 0.680
6.118 0.681
6.116 0.681
6.114 0.681
6.112 0.681
6.110 0.681
6.108 0.682
6.106 0.682
6.104 0.682
6.102 0.682
6.100 0.683
6.098 0.683
6.096 0.683
6.094 0.683
6.092 0.684
6.090 0.684
6.088 0.684
6.086 0.685
6.084 0.685
6.082 0.685
6.080 0.685
6.078 0.686
6.076 0.686
6.074 0.686
6.073 0.686
6.071 0.687
6.069 0.687
6.067 0.687
6.065 0.689
6.063 0.689
6.061 0.690
6.059 0.690
6.057 0.690
6.055 0.691
6.053 0.691
6.051 0.691
6.049 0.691
6.047 0.692
6.045 0.692
6.044 0.692
6.042 0.693
6.040 0.693
6.038 0.693
6.036 0.694
6.034 0.694
6.032 0.694
6.030 0.695
6.028 0.695
6.026 0.696
6.024 0.695
6.021 0.694
6.021 0.692
6.018 0.691
6.018 0.690
6.017 0.689
6.017 0.687
6.016 0.686
6.016 0.685
6.015 0.683
6.015 0.682
6.014 0.681
6.013 0.679
6.013 0.678
6.012 0.677
6.012 0.675
6.011 0.674
6.011 0.673
6.010 0.671
6.010 0.670
6.009 0.669
6.008 0.667
6.008 0.666
6.007 0.665
6.007 0.663
6.006 0.662
6.006 0.661
6.005 0.659
6.004 0.658
6.004 0.657
6.003 0.655
6.003 0.654
6.002 0.653
6.002 0.651
6.001 0.650
6.000 0.649
6.000 0.647
5.999 0.646
5.999 0.645
5.998 0.643
5.997 0.642
5.997 0.641
5.996 0.639
5.995 0.638
5.995 0.637
5.994 0.635
5.994 0.634
5.993 0.633
5.992 0.631
5.992 0.630
5.991 0.629
5.990 0.627
5.990 0.626
5.989 0.625
5.989 0.623
5.988 0.622
5.987 0.621
5.987 0.619
5.986 0.618
5.985 0.617
5.985 0.615
5.984 0.614
5.983 0.613
5.983 0.611
5.982 0.610
5.981 0.609
5.981 0.607
5.980 0.606
5.979 0.605
5.979 0.603
5.978 0.602
5.977 0.601
5.976 0.599
5.976 0.598
5.975 0.597
5.974 0.595
5.974 0.594
5.973 0.593
5.972 0.591
5.971 0.590
5.971 0.589
5.970 0.588
5.969 0.586
5.969 0.585
5.968 0.584
5.967 0.582
5.966 0.581
5.966 0.580
5.965 0.578
5.964 0.577
5.963 0.576
5.963 0.574
5.962 0.573
5.961 0.572
5.960 0.570
5.960 0.569
5.959 0.568
5.958 0.566
5.957 0.565
5.956 0.564
5.956 0.563
5.955 0.561
5.954 0.560
5.953 0.559
5.952 0.557
5.952 0.556
5.951 0.555
5.950 0.553
5.949 0.552
5.948 0.551
5.947 0.549
5.947 0.548
5.943 0.547
5.943 0.546
5.942 0.545
5.941 0.543
5.940 0.542
5.939 0.541
5.938 0.539
5.937 0.538
5.937 0.537
5.936 0.535
5.935 0.534
5.934 0.533
5.933 0.532
5.932 0.530
5.931 0.529
5.930 0.528
5.929 0.526
5.928 0.525
5.928 0.524
5.927 0.522
5.926 0.521
5.925 0.520
5.924 0.519
5.923 0.517
5.922 0.516
5.921 0.515
5.920 0.513
5.919 0.512
5.918 0.511
5.917 0.509
5.916 0.508
5.915 0.507
5.914 0.506
5.913 0.504
5.912 0.503
5.911 0.502
5.910 0.500
5.909 0.499
5.908 0.498
5.907 0.497
5.906 0.495
5.905 0.494
5.904 0.493
5.903 0.491
5.902 0.490
5.901 0.489
5.900 0.488
5.899 0.486
5.898 0.485
5.897 0.484
5.895 0.482
5.894 0.481
5.893 0.480
5.892 0.479
5.891 0.477
5.890 0.476
5.889 0.475
5.888 0.473
5.887 0.472
5.885 0.471
5.884 0.470
5.883 0.468
5.882 0.467
5.881 0.466
5.880 0.464
5.878 0.463
5.877 0.462
5.876 0.461
5.875 0.459
5.874 0.458
5.873 0.457
5.871 0.456
5.870 0.454
5.869 0.453
5.868 0.452
5.866 0.450
5.865 0.449
5.864 0.448
5.863 0.447
5.861 0.445
5.860 0.444
5.859 0.443
5.857 0.442
5.856 0.440
5.855 0.439
5.854 0.438
5.852 0.437
5.851 0.435
5.847 0.435
5.845 0.433
5.844 0.432
5.843 0.431
5.841 0.430
5.840 0.428
5.838 0.427
5.837 0.426
5.836 0.425
5.837 0.423
5.836 0.422
5.831 0.421
5.830 0.420
5.828 0.418
5.827 0.417
5.826 0.416
5.824 0.415
5.823 0.413
5.821 0.412
5.820 0.411
5.818 0.410
5.817 0.408
5.815 0.407
5.813 0.406
5.812 0.405
5.810 0.404
5.809 0.402
5.807 0.401
5.806 0.400
5.804 0.399
5.802 0.397
5.801 0.396
5.799 0.395
5.797 0.394
5.796 0.392
5.794 0.391
5.792 0.390
5.791 0.389
5.789 0.388
5.787 0.386
5.786 0.385
5.784 0.384
5.782 0.383
5.781 0.381
5.779 0.380
5.777 0.379
5.775 0.378
5.773 0.377
5.772 0.375
5.770 0.374
5.768 0.373
5.766 0.372
5.764 0.371
5.762 0.369
5.761 0.368
5.759 0.367
5.757 0.366
5.755 0.365
5.753 0.363
5.751 0.362
5.749 0.361
5.747 0.360
5.745 0.359
5.743 0.357
5.738 0.357
5.736 0.356
5.734 0.355
5.732 0.353
5.733 0.351
5.731 0.350
5.729 0.349
5.727 0.348
5.725 0.347
5.722 0.346
5.720 0.344
5.718 0.343
5.716 0.342
5.714 0.341
5.712 0.340
5.709 0.339
5.707 0.337
5.705 0.336
5.703 0.335
5.700 0.334
5.698 0.333
5.696 0.332
5.693 0.330
5.691 0.329
5.689 0.328
5.686 0.327
5.684 0.326
5.682 0.325
5.679 0.324
5.677 0.322
5.674 0.321
5.672 0.320
5.666 0.320
5.663 0.319
5.664 0.317
5.658 0.316
5.656 0.315
5.653 0.314
5.650 0.313
5.648 0.312
5.645 0.311
5.642 0.310
5.640 0.309
5.637 0.307
5.634 0.306
5.632 0.305
5.629 0.304
5.626 0.303
5.623 0.302
5.620 0.301
5.617 0.300
5.615 0.299
5.612 0.298
5.609 0.297
5.606 0.295
5.603 0.294
5.600 0.293
5.597 0.292
5.594 0.291
5.591 0.290
5.588 0.289
5.585 0.288
5.582 0.287
5.579 0.286
5.575 0.285
5.572 0.284
5.569 0.283
5.566 0.282
5.562 0.281
5.559 0.280
5.556 0.279
5.553 0.277
5.549 0.276
5.546 0.275
5.542 0.274
5.539 0.273
5.536 0.272
5.532 0.271
5.529 0.270
5.525 0.269
5.522 0.268
5.518 0.267
5.514 0.266
5.511 0.265
5.507 0.264
5.503 0.263
5.500 0.262
5.496 0.261
5.492 0.260
5.488 0.259
5.485 0.258
5.481 0.257
5.477 0.257
5.473 0.256
5.469 0.255
5.465 0.254
5.461 0.253
5.457 0.252
5.453 0.251
5.449 0.250
5.445 0.249
5.440 0.248
5.436 0.247
5.432 0.246
5.428 0.245
5.423 0.244
5.419 0.243
5.415 0.243
5.410 0.242
5.406 0.241
5.402 0.240
5.397 0.239
5.393 0.238
5.388 0.237
5.383 0.236
5.379 0.236
5.374 0.235
5.370 0.234
5.365 0.233
5.360 0.232
5.355 0.231
5.350 0.231
5.346 0.230
5.337 0.230
5.332 0.229
5.327 0.228
5.322 0.228
5.317 0.227
5.312 0.226
5.307 0.225
5.302 0.224
5.297 0.224
5.292 0.223
5.287 0.222
5.281 0.221
5.276 0.221
5.271 0.220
5.265 0.219
5.260 0.218
5.254 0.218
5.249 0.217
5.243 0.216
5.238 0.216
5.232 0.215
5.227 0.214
5.221 0.214
5.215 0.213
5.210 0.212
5.204 0.212
5.198 0.211
5.192 0.210
5.186 0.210
5.180 0.209
5.175 0.208
5.169 0.208
5.163 0.207
5.157 0.207
5.150 0.206
5.144 0.205
5.138 0.205
5.132 0.204
5.126 0.204
5.120 0.203
5.113 0.203
5.107 0.202
5.101 0.202
5.094 0.201
5.088 0.201
5.081 0.200
5.075 0.200
5.068 0.199
5.062 0.199
5.055 0.198
5.049 0.198
5.042 0.197
5.035 0.197
5.029 0.196
5.022 0.196
5.015 0.195
5.008 0.195
5.001 0.195
4.995 0.194
4.988 0.194
4.981 0.193
4.974 0.193
4.967 0.193
4.960 0.192
4.953 0.192
4.946 0.192
4.939 0.191
4.932 0.191
4.925 0.191
4.918 0.191
4.910 0.190
4.903 0.190
4.896 0.190
4.889 0.189
4.882 0.189
4.875 0.189
4.867 0.189
4.859 0.190
4.852 0.190
4.844 0.190
4.837 0.189
4.830 0.189
4.823 0.189
4.815 0.189
4.808 0.189
4.801 0.189
4.793 0.189
4.786 0.188
4.779 0.188
4.771 0.188
4.764 0.188
4.757 0.188
4.749 0.188
4.742 0.188
4.735 0.188
4.727 0.188
4.720 0.188
4.712 0.188
4.705 0.188
4.698 0.188
4.690 0.188
4.683 0.188
4.676 0.188
4.668 0.188
4.661 0.188
4.653 0.188
4.646 0.188
4.639 0.188
4.631 0.189
4.624 0.189
4.617 0.189
4.609 0.189
4.602 0.189
4.595 0.189
4.588 0.189
4.580 0.190
4.573 0.190
4.566 0.190
4.559 0.190
4.551 0.190
4.544 0.191
4.537 0.191
4.530 0.191
4.523 0.191
4.516 0.192
4.509 0.192
4.502 0.192
4.495 0.192
4.487 0.193
4.480 0.193
4.473 0.193
4.467 0.194
4.460 0.194
4.453 0.194
4.446 0.195
4.439 0.195
4.432 0.196
4.425 0.196
4.419 0.196
4.412 0.197
4.407 0.198
4.401 0.199
4.392 0.198
4.385 0.198
4.379 0.199
4.372 0.199
4.365 0.200
4.359 0.200
4.355 0.202
4.348 0.203
4.342 0.203
4.336 0.204
4.329 0.204
4.323 0.205
4.317 0.205
4.311 0.206
4.304 0.206
4.298 0.207
4.292 0.207
4.286 0.208
4.280 0.209
4.274 0.209
4.268 0.210
4.262 0.210
4.256 0.211
4.250 0.212
4.244 0.212
4.239 0.213
4.233 0.213
4.227 0.214
4.221 0.215
4.216 0.215
4.210 0.216
4.204 0.217
4.199 0.217
4.193 0.218
4.188 0.219
4.182 0.219
4.177 0.220
4.171 0.221
4.166 0.222
4.161 0.222
4.155 0.223
4.150 0.224
4.145 0.225
4.140 0.225
4.135 0.226
4.129 0.227
4.124 0.228
4.119 0.228
4.114 0.229
4.109 0.230
4.104 0.231
4.099 0.231
4.095 0.232
4.090 0.233
4.085 0.234
4.080 0.235
4.075 0.236
4.074 0.237
4.069 0.238
4.065 0.239
4.060 0.240
4.056 0.241
4.051 0.242
4.047 0.243
4.042 0.243
4.038 0.244
4.033 0.245
4.029 0.246
4.024 0.247
4.020 0.248
4.016 0.249
4.012 0.250
4.007 0.250
4.003 0.251
3.999 0.252
3.995 0.253
3.991 0.254
3.987 0.255
3.983 0.256
3.979 0.257
3.975 0.258
3.971 0.259
3.967 0.260
3.963 0.261
3.959 0.261
3.955 0.262
3.951 0.263
3.947 0.264
3.944 0.265
3.940 0.266
3.936 0.267
3.932 0.268
3.929 0.269
3.925 0.270
3.922 0.271
3.918 0.272
3.914 0.273
3.911 0.274
3.907 0.275
3.904 0.276
3.900 0.277
3.897 0.278
3.894 0.279
3.890 0.280
3.887 0.281
3.884 0.282
3.880 0.283
3.877 0.284
3.874 0.285
3.870 0.286
3.867 0.287
3.864 0.288
3.864 0.290
3.861 0.291
3.858 0.292
3.855 0.294
3.852 0.295
3.849 0.296
3.846 0.297
3.843 0.298
3.840 0.299
3.837 0.300
3.834 0.301
3.831 0.302
3.828 0.303
3.825 0.304
3.822 0.305
3.820 0.306
3.817 0.307
3.814 0.308
3.811 0.310
3.808 0.311
3.806 0.312
3.803 0.313
3.800 0.314
3.797 0.315
3.795 0.316
3.792 0.317
3.789 0.318
3.787 0.319
3.784 0.321
3.782 0.322
3.779 0.323
3.777 0.324
3.774 0.325
3.771 0.326
3.769 0.327
3.767 0.328
3.764 0.329
3.762 0.331
3.759 0.332
3.757 0.333
3.754 0.334
3.752 0.335
3.750 0.336
3.747 0.337
3.745 0.339
3.743 0.340
3.740 0.341
3.738 0.342
3.736 0.343
3.734 0.344
3.735 0.346
3.732 0.347
3.730 0.349
3.728 0.350
3.726 0.351
3.724 0.352
3.721 0.353
3.719 0.354
3.717 0.355
3.715 0.357
3.713 0.358
3.711 0.359
3.709 0.360
3.707 0.361
3.705 0.362
3.703 0.364
3.701 0.365
3.699 0.366
3.697 0.367
3.695 0.368
3.693 0.370
3.691 0.371
3.689 0.372
3.687 0.373
3.685 0.374
3.683 0.375
3.681 0.377
3.679 0.378
3.677 0.379
3.675 0.380
3.674 0.381
3.672 0.383
3.670 0.384
3.668 0.385
3.666 0.386
3.665 0.387
3.663 0.389
3.661 0.390
3.659 0.391
3.657 0.392
3.656 0.393
3.654 0.395
3.652 0.396
3.651 0.397
3.649 0.398
3.647 0.399
3.645 0.401
3.644 0.402
3.642 0.403
3.641 0.404
3.642 0.406
3.640 0.407
3.639 0.409
3.637 0.410
3.635 0.411
3.634 0.412
3.632 0.414
3.631 0.415
3.629 0.416
3.628 0.417
3.626 0.418
3.624 0.420
3.623 0.421
3.621 0.422
3.620 0.423
3.618 0.425
3.617 0.426
3.615 0.427
3.614 0.428
3.612 0.430
3.611 0.431
3.610 0.432
3.608 0.433
3.607 0.434
3.605 0.436
3.604 0.437
3.602 0.438
3.601 0.439
3.600 0.441
3.598 0.442
3.597 0.443
3.595 0.444
3.594 0.446
3.593 0.447
3.591 0.448
3.590 0.449
3.589 0.451
3.587 0.452
3.586 0.453
3.585 0.454
3.583 0.456
3.582 0.457
3.581 0.458
3.580 0.459
3.578 0.461
3.577 0.462
3.576 0.463
3.575 0.464
3.573 0.466
3.572 0.467
3.573 0.469
3.572 0.470
3.571 0.471
3.570 0.473
3.569 0.474
3.567 0.475
3.566 0.476
3.565 0.478
3.564 0.479
3.563 0.480
3.561 0.481
3.560 0.483
3.559 0.484
3.558 0.485
3.557 0.487
3.556 0.488
3.554 0.489
3.553 0.490
3.552 0.492
3.551 0.493
3.550 0.494
3.549 0.495
3.548 0.497
3.547 0.498
3.546 0.499
3.544 0.501
3.543 0.502
3.542 0.503
3.541 0.504
3.540 0.506
3.539 0.507
3.538 0.508
3.537 0.509
3.536 0.511
3.535 0.512
3.534 0.513
3.533 0.515
3.532 0.516
3.531 0.517
3.530 0.518
3.529 0.520
3.528 0.521
3.527 0.522
3.526 0.524
3.527 0.525
3.526 0.527
3.525 0.528
3.522 0.529
3.523 0.531
3.522 0.532
3.521 0.533
3.518 0.534
3.517 0.535
3.516 0.536
3.515 0.538
3.514 0.539
3.513 0.540
3.512 0.542
3.511 0.543
3.511 0.544
3.512 0.546
3.511 0.547
3.510 0.549
3.509 0.550
3.508 0.551
3.507 0.553
3.507 0.554
3.506 0.555
3.505 0.556
3.504 0.558
3.503 0.559
3.502 0.560
3.501 0.562
3.500 0.563
3.500 0.564
3.499 0.565
3.498 0.567
3.497 0.568
3.496 0.569
3.495 0.571
3.494 0.572
3.494 0.573
3.493 0.575
3.492 0.576
3.491 0.577
3.490 0.578
3.489 0.580
3.489 0.581
3.488 0.582
3.487 0.584
3.486 0.585
3.485 0.586
3.485 0.588
3.484 0.589
3.483 0.590
3.482 0.592
3.481 0.593
3.481 0.594
3.480 0.595
3.479 0.597
3.478 0.598
3.478 0.599
3.477 0.601
3.476 0.602
3.475 0.603
3.475 0.605
3.474 0.606
3.475 0.608
3.475 0.609
3.474 0.610
3.471 0.611
3.470 0.613
3.469 0.614
3.471 0.616
3.470 0.617
3.469 0.618
3.469 0.620
3.468 0.621
3.467 0.622
3.467 0.623
3.466 0.625
3.465 0.626
3.464 0.627
3.464 0.629
3.463 0.630
3.462 0.631
3.462 0.633
3.461 0.634
3.460 0.635
3.460 0.637
3.459 0.638
3.458 0.639
3.458 0.641
3.457 0.642
3.456 0.643
3.456 0.645
3.455 0.646
3.454 0.647
3.454 0.648
3.453 0.650
3.452 0.651
3.452 0.652
3.451 0.654
3.450 0.655
3.450 0.656
3.449 0.658
3.448 0.659
3.448 0.660
3.447 0.662
3.446 0.663
3.446 0.664
3.445 0.666
3.445 0.667
3.444 0.668
3.443 0.670
3.443 0.671
3.442 0.672
3.442 0.674
3.441 0.675
3.440 0.676
3.440 0.678
3.439 0.679
3.439 0.680
3.438 0.682
3.437 0.683
3.437 0.684
3.436 0.686
3.436 0.687
3.435 0.688
3.434 0.690
3.434 0.691
3.433 0.692
3.433 0.694
3.432 0.695
3.432 0.696
3.431 0.698
3.430 0.699
3.430 0.700
3.429 0.702
3.429 0.703
3.428 0.704
3.428 0.705
3.427 0.707
3.426 0.708
3.426 0.709
3.427 0.711
3.427 0.713
3.426 0.714
3.426 0.715
3.425 0.717
3.425 0.718
3.424 0.719
3.423 0.721
3.423 0.722
3.422 0.723
3.422 0.725
3.421 0.726
3.421 0.727
3.420 0.729
3.420 0.730
3.419 0.731
3.419 0.733
3.418 0.734
3.418 0.735
3.417 0.737
3.417 0.738
3.416 0.739
3.416 0.741
3.415 0.742
3.415 0.743
3.414 0.745
3.414 0.746
3.413 0.747
3.413 0.749
3.412 0.750
3.412 0.751
3.411 0.753
3.411 0.754
3.410 0.755
3.410 0.757
3.409 0.758
3.409 0.759
3.408 0.761
3.408 0.762
3.407 0.763
3.407 0.765
3.406 0.766
3.406 0.767
3.405 0.769
3.405 0.770
3.404 0.771
3.404 0.773
3.404 0.774
3.403 0.775
3.403 0.777
3.402 0.778
3.402 0.779
3.401 0.781
3.401 0.782
3.400 0.783
3.400 0.785
3.399 0.786
3.399 0.787
3.399 0.789
3.400 0.790
3.399 0.792
3.399 0.793
3.398 0.794
3.398 0.796
3.396 0.797
3.395 0.798
3.397 0.800
3.396 0.801
3.396 0.802
3.395 0.804
3.395 0.805
3.394 0.807
3.394 0.808
3.394 0.809
3.393 0.811
3.393 0.812
3.392 0.813
3.392 0.815
3.392 0.816
3.391 0.817
3.391 0.819
3.390 0.820
3.390 0.821
3.389 0.823
3.389 0.824
3.389 0.825
3.388 0.827
3.388 0.828
3.387 0.829
3.387 0.831
3.387 0.832
3.386 0.833
3.386 0.835
3.385 0.836
3.385 0.837
3.385 0.839
3.384 0.840
3.384 0.841
3.383 0.843
3.383 0.844
3.383 0.846
3.382 0.847
3.382 0.848
3.381 0.850
3.381 0.851
3.381 0.852
3.380 0.854
3.380 0.855
3.380 0.856
3.379 0.858
3.379 0.859
3.378 0.860
3.378 0.862
3.378 0.863
3.377 0.864
3.377 0.866
3.375 0.867
3.376 0.868
3.374 0.869
3.372 0.870
3.371 0.870
3.369 0.870
3.368 0.870
3.366 0.869
3.365 0.869
3.363 0.869
3.361 0.868
3.360 0.868
3.358 0.868
3.357 0.867
3.355 0.867
3.354 0.867
3.352 0.867
3.350 0.866
3.349 0.866
3.347 0.866
3.346 0.865
3.344 0.865
3.343 0.865
3.341 0.865
3.339 0.864
3.338 0.864
3.336 0.864
3.335 0.863
3.333 0.863
3.332 0.863
3.330 0.863
3.328 0.862
3.327 0.862
3.325 0.862
3.324 0.862
3.322 0.861
3.321 0.861
3.319 0.861
3.317 0.861
3.316 0.860
3.314 0.860
3.313 0.860
3.311 0.860
3.309 0.860
3.308 0.859
3.306 0.859
3.305 0.859
3.303 0.859
3.301 0.858
3.300 0.858
3.298 0.858
3.297 0.858
3.295 0.858
3.293 0.857
3.292 0.857
3.290 0.857
3.289 0.857
3.287 0.856
3.285 0.856
3.284 0.856
3.282 0.856
3.281 0.856
3.279 0.855
3.277 0.855
3.276 0.855
3.274 0.855
3.273 0.855
3.271 0.855
3.269 0.854
3.268 0.854
3.266 0.854
3.265 0.854
3.263 0.854
3.261 0.854
3.260 0.853
3.258 0.853
3.256 0.853
3.255 0.853
3.253 0.853
3.252 0.853
3.250 0.852
3.248 0.852
3.247 0.852
3.245 0.852
3.244 0.852
3.242 0.852
3.240 0.852
3.239 0.851
3.237 0.851
3.235 0.851
3.234 0.851
3.232 0.851
3.231 0.851
3.229 0.851
3.227 0.851
3.226 0.850
3.224 0.850
3.222 0.850
3.221 0.850
3.219 0.850
3.218 0.850
3.216 0.850
3.214 0.850
3.213 0.850
3.211 0.849
3.209 0.849
3.208 0.849
3.206 0.849
3.205 0.849
3.203 0.849
3.201 0.849
3.200 0.849
3.198 0.849
3.196 0.849
3.195 0.849
3.193 0.849
3.191 0.848
3.190 0.848
3.188 0.848
3.187 0.848
3.185 0.848
3.183 0.848
3.182 0.848
3.180 0.848
3.178 0.848
3.177 0.848
3.175 0.848
3.173 0.848
3.172 0.848
3.170 0.848
3.169 0.848
3.167 0.848
3.165 0.848
3.164 0.848
3.162 0.848
3.160 0.848
3.159 0.848
3.157 0.848
3.156 0.848
3.154 0.847
3.152 0.847
3.151 0.847
3.149 0.847
3.147 0.847
3.146 0.847
3.144 0.847
3.142 0.847
3.141 0.847
3.139 0.847
3.138 0.847
3.136 0.847
3.134 0.847
3.133 0.847
3.131 0.847
3.129 0.847
3.128 0.848
3.126 0.848
3.124 0.848
3.123 0.848
3.121 0.848
3.120 0.848
3.118 0.848
3.116 0.846
3.115 0.846
3.113 0.846
3.111 0.846
3.110 0.846
3.108 0.847
3.106 0.847
3.105 0.848
3.103 0.848
3.102 0.848
3.100 0.848
3.098 0.847
3.097 0.847
3.095 0.847
3.093 0.847
3.092 0.847
3.090 0.847
3.088 0.847
3.087 0.847
3.085 0.847
3.083 0.847
3.082 0.848
3.080 0.848
3.079 0.848
3.077 0.848
3.075 0.848
3.074 0.848
3.072 0.848
3.070 0.848
3.069 0.848
3.067 0.848
3.066 0.849
3.064 0.849
3.062 0.849
3.061 0.849
3.059 0.849
3.057 0.849
3.056 0.849
3.054 0.849
3.052 0.849
3.051 0.850
3.049 0.850
3.048 0.850
3.046 0.850
3.044 0.850
3.043 0.850
3.041 0.850
3.039 0.850
3.038 0.851
3.036 0.851
3.035 0.851
3.033 0.851
3.031 0.851
3.030 0.851
3.028 0.852
3.027 0.852
3.025 0.852
3.023 0.852
3.022 0.852
3.020 0.852
3.018 0.853
3.017 0.853
3.015 0.853
3.014 0.853
3.012 0.853
3.010 0.853
3.009 0.854
3.007 0.854
3.006 0.854
3.004 0.854
3.002 0.854
3.001 0.855
2.999 0.855
2.998 0.855
2.996 0.855
2.994 0.855
2.993 0.856
2.991 0.856
2.989 0.856
2.988 0.856
2.986 0.856
2.985 0.857
2.983 0.857
2.981 0.857
2.980 0.857
2.978 0.857
2.977 0.858
2.975 0.858
2.974 0.858
2.972 0.858
2.970 0.859
2.969 0.859
2.967 0.859
2.966 0.859
2.964 0.860
2.962 0.860
2.961 0.860
2.959 0.860
2.958 0.861
2.956 0.861
2.954 0.861
2.953 0.861
2.951 0.862
2.950 0.862
2.948 0.862
2.947 0.862
2.945 0.863
2.943 0.863
2.942 0.863
2.940 0.863
2.939 0.864
2.937 0.864
2.936 0.864
2.934 0.865
2.932 0.865
2.930 0.864
2.929 0.864
2.927 0.864
2.926 0.865
2.924 0.865
2.923 0.865
2.921 0.866
2.920 0.866
2.918 0.866
2.917 0.868
2.915 0.868
2.914 0.869
2.912 0.869
2.911 0.869
2.909 0.869
2.907 0.870
2.906 0.870
2.904 0.870
2.903 0.871
2.901 0.871
2.900 0.871
2.898 0.872
2.897 0.872
2.895 0.872
2.894 0.873
2.892 0.873
2.890 0.873
2.889 0.874
2.887 0.874
2.886 0.874
2.884 0.875
2.883 0.875
2.881 0.876
2.880 0.876
2.878 0.876
2.877 0.877
2.875 0.877
2.874 0.877
2.872 0.878
2.871 0.878
2.869 0.878
2.868 0.879
2.866 0.879
2.864 0.880
2.863 0.880
2.861 0.880
2.860 0.879
2.858 0.880
2.856 0.880
2.855 0.881
2.853 0.881
2.852 0.881
2.850 0.882
2.849 0.882
2.847 0.883
2.846 0.883
2.844 0.883
2.843 0.884
2.841 0.884
2.840 0.885
2.838 0.885
2.837 0.885
2.835 0.886
2.834 0.886
2.832 0.887
2.831 0.887
2.829 0.888
2.828 0.888
2.827 0.888
2.825 0.889
2.824 0.889
2.822 0.890
2.821 0.890
2.819 0.891
2.818 0.891
2.816 0.891
2.815 0.892
2.813 0.892
2.812 0.893
2.810 0.893
2.809 0.894
2.807 0.894
2.806 0.895
2.804 0.895
2.803 0.896
2.801 0.896
2.800 0.896
2.799 0.897
2.797 0.897
2.796 0.898
2.794 0.898
2.793 0.899
2.791 0.899
2.790 0.900
2.788 0.900
2.787 0.901
2.786 0.901
2.784 0.902
2.783 0.902
2.781 0.903
2.780 0.903
2.778 0.904
2.777 0.905
2.776 0.906
2.775 0.906
2.773 0.906
2.771 0.906
2.770 0.907
2.768 0.907
2.767 0.908
2.765 0.908
2.764 0.909
2.763 0.909
2.761 0.910
2.760 0.910
2.758 0.911
2.757 0.911
2.756 0.912
2.754 0.912
2.753 0.913
2.751 0.913
2.750 0.914
2.749 0.914
2.747 0.915
2.746 0.915
2.744 0.916
2.743 0.917
2.742 0.917
2.740 0.918
2.739 0.918
2.737 0.919
2.736 0.919
2.735 0.920
2.733 0.920
2.732 0.921
2.730 0.921
2.729 0.922
2.728 0.923
2.726 0.923
2.725 0.924
2.724 0.924
2.722 0.925
2.721 0.925
2.719 0.926
2.718 0.926
2.717 0.927
2.715 0.928
2.714 0.928
2.713 0.929
2.711 0.929
2.710 0.930
2.709 0.931
2.707 0.931
2.706 0.932
2.705 0.932
2.703 0.932
2.701 0.931
2.699 0.930
2.699 0.928
2.697 0.928
2.697 0.927
2.696 0.925
2.695 0.924
2.695 0.923
2.694 0.922
2.693 0.920
2.693 0.919
2.692 0.918
2.691 0.917
2.691 0.915
2.690 0.914
2.689 0.913
2.689 0.912
2.688 0.910
2.687 0.909
2.687 0.908
2.686 0.907
2.685 0.905
2.685 0.904
2.684 0.903
2.683 0.902
2.683 0.900
2.682 0.899
2.681 0.898
2.681 0.897
2.680 0.895
2.679 0.894
2.679 0.893
2.678 0.892
2.677 0.890
2.677 0.889
2.676 0.888
2.675 0.887
2.674 0.885
2.674 0.884
2.673 0.883
2.672 0.882
2.672 0.880
2.671 0.879
2.670 0.878
2.669 0.877
2.669 0.876
2.668 0.874
2.667 0.873
2.667 0.872
2.666 0.871
2.665 0.869
2.664 0.868
2.664 0.867
2.663 0.866
2.662 0.864
2.661 0.863
2.661 0.862
2.660 0.861
2.659 0.860
2.658 0.858
2.658 0.857
2.657 0.856
2.656 0.855
2.655 0.853
2.655 0.852
2.654 0.851
2.653 0.850
2.652 0.848
2.652 0.847
2.651 0.846
2.650 0.845
2.649 0.844
2.648 0.842
2.648 0.841
2.647 0.840
2.646 0.839
2.645 0.837
2.645 0.836
2.644 0.835
2.643 0.834
2.642 0.833
2.641 0.831
2.641 0.830
2.640 0.829
2.639 0.828
2.638 0.827
2.637 0.825
2.637 0.824
2.636 0.823
2.635 0.822
2.634 0.820
2.635 0.819
2.634 0.817
2.633 0.816
2.632 0.815
2.631 0.814
2.631 0.813
2.630 0.811
2.629 0.810
2.628 0.809
2.627 0.808
2.626 0.806
2.626 0.805
2.625 0.804
2.624 0.803
2.623 0.802
2.622 0.800
2.621 0.799
2.620 0.798
2.620 0.797
2.619 0.796
2.618 0.794
2.617 0.793
2.616 0.792
2.615 0.791
2.614 0.790
2.613 0.788
2.613 0.787
2.612 0.786
2.611 0.785
2.610 0.784
2.609 0.782
2.608 0.781
2.607 0.780
2.606 0.779
2.605 0.778
2.604 0.777
2.603 0.775
2.603 0.774
2.602 0.773
2.601 0.772
2.600 0.771
2.599 0.769
2.598 0.768
2.597 0.767
2.596 0.766
2.595 0.765
2.594 0.763
2.593 0.762
2.592 0.761
2.591 0.760
2.590 0.759
2.589 0.758
2.588 0.756
2.587 0.755
2.587 0.754
2.586 0.753
2.585 0.752
2.584 0.750
2.583 0.749
2.582 0.748
2.581 0.747
2.580 0.746
2.579 0.745
2.578 0.743
2.577 0.742
2.576 0.741
2.575 0.740
2.574 0.739
2.573 0.738
2.572 0.736
2.571 0.735
2.570 0.734
2.569 0.733
2.568 0.732
2.566 0.731
2.565 0.729
2.564 0.728
2.563 0.727
2.562 0.726
2.561 0.725
2.560 0.724
2.559 0.722
2.558 0.721
2.557 0.720
2.556 0.719
2.555 0.718
2.552 0.717
2.551 0.716
2.550 0.715
2.549 0.714
2.548 0.713
2.547 0.712
2.546 0.711
2.545 0.709
2.544 0.708
2.542 0.707
2.541 0.706
2.540 0.705
2.539 0.704
2.538 0.703
2.537 0.701
2.536 0.700
2.535 0.699
2.533 0.698
2.532 0.697
2.531 0.696
2.530 0.695
2.529 0.693
2.528 0.692
2.527 0.691
2.525 0.690
2.524 0.689
2.523 0.688
2.522 0.687
2.521 0.685
2.520 0.684
2.518 0.683
2.517 0.682
2.516 0.681
2.515 0.680
2.514 0.679
2.512 0.678
2.511 0.676
2.510 0.675
2.509 0.674
2.508 0.673
2.506 0.672
2.505 0.671
2.504 0.670
2.503 0.669
2.501 0.668
2.500 0.666
2.499 0.665
2.498 0.664
2.496 0.663
2.495 0.662
2.494 0.661
2.493 0.660
2.491 0.659
2.490 0.658
2.489 0.656
2.488 0.655
2.486 0.654
2.485 0.653
2.484 0.652
2.482 0.651
2.481 0.650
2.480 0.649
2.478 0.648
2.477 0.647
2.476 0.646
2.474 0.644
2.473 0.643
2.472 0.642
2.470 0.641
2.469 0.640
2.468 0.639
2.466 0.638
2.465 0.637
2.464 0.636
2.462 0.635
2.461 0.634
2.459 0.633
2.458 0.631
2.457 0.630
2.455 0.629
2.454 0.628
2.453 0.627
2.451 0.626
2.450 0.625
2.448 0.624
2.447 0.623
2.445 0.622
2.444 0.621
2.443 0.620
2.441 0.619
2.440 0.618
2.438 0.617
2.437 0.615
2.435 0.614
2.434 0.613
2.432 0.612
2.431 0.611
2.429 0.610
2.428 0.609
2.426 0.608
2.425 0.607
2.423 0.606
2.422 0.605
2.420 0.604
2.419 0.603
2.417 0.602
2.416 0.601
2.414 0.600
2.413 0.599
2.411 0.598
2.410 0.597
2.408 0.596
2.407 0.595
2.405 0.594
2.403 0.593
2.402 0.592
2.402 0.590
2.400 0.589
2.399 0.587
2.397 0.586
2.396 0.585
2.394 0.584
2.392 0.583
2.391 0.582
2.389 0.581
2.387 0.580
2.386 0.579
2.384 0.578
2.383 0.577
2.381 0.576
2.379 0.575
2.378 0.574
2.376 0.573
2.374 0.572
2.373 0.571
2.371 0.570
2.369 0.569
2.367 0.568
2.366 0.567
2.364 0.566
2.362 0.565
2.361 0.564
2.359 0.563
2.357 0.562
2.355 0.561
2.354 0.560
2.352 0.560
2.350 0.559
2.348 0.558
2.347 0.557
2.345 0.556
2.343 0.555
2.341 0.554
2.339 0.553
2.338 0.552
2.336 0.551
2.334 0.550
2.332 0.549
2.330 0.548
2.328 0.547
2.327 0.546
2.325 0.545
2.323 0.544
2.321 0.543
2.319 0.542
2.317 0.541
2.315 0.540
2.313 0.539
2.312 0.538
2.310 0.538
2.308 0.537
2.306 0.536
2.304 0.535
2.302 0.534
2.300 0.533
2.298 0.532
2.296 0.531
2.294 0.530
2.292 0.529
2.290 0.528
2.288 0.527
2.286 0.526
2.284 0.526
2.282 0.525
2.280 0.524
2.278 0.523
2.276 0.522
2.274 0.521
2.272 0.520
2.270 0.519
2.268 0.518
2.266 0.517
2.264 0.517
2.262 0.516
2.260 0.515
2.258 0.514
2.257 0.512
2.255 0.511
2.253 0.510
2.251 0.509
2.249 0.508
2.247 0.508
2.245 0.507
2.243 0.506
2.240 0.505
2.238 0.504
2.236 0.503
2.234 0.502
2.232 0.502
2.230 0.501
2.227 0.500
2.225 0.499
2.223 0.498
2.221 0.497
2.218 0.497
2.216 0.496
2.214 0.495
2.212 0.494
2.210 0.493
2.207 0.492
2.205 0.492
2.203 0.491
2.200 0.490
2.198 0.489
2.196 0.488
2.194 0.487
2.191 0.487
2.189 0.486
2.187 0.485
2.184 0.484
2.182 0.483
2.180 0.483
2.177 0.482
2.175 0.481
2.172 0.480
2.170 0.480
2.168 0.479
2.165 0.478
2.163 0.477
2.160 0.476
2.158 0.476
2.156 0.475
2.153 0.474
2.151 0.473
2.150 0.471
2.147 0.471
2.145 0.470
2.142 0.469
2.140 0.468
2.137 0.468
2.135 0.467
2.132 0.466
2.130 0.465
2.127 0.465
2.125 0.464
2.122 0.463
2.120 0.463
2.117 0.462
2.115 0.461
2.112 0.460
2.109 0.460
2.107 0.459
2.104 0.458
2.102 0.458
2.099 0.457
2.096 0.456
2.094 0.455
2.091 0.455
2.088 0.454
2.086 0.453
2.083 0.453
2.080 0.452
2.078 0.451
2.075 0.451
2.072 0.450
2.070 0.449
2.067 0.449
2.064 0.448
2.061 0.447
2.059 0.447
2.056 0.446
2.053 0.445
2.050 0.445
2.048 0.444
2.045 0.444
2.042 0.443
2.039 0.442
2.037 0.442
2.034 0.441
2.031 0.440
2.028 0.440
2.025 0.439
2.022 0.439
2.020 0.438
2.017 0.437
2.014 0.437
2.011 0.436
2.008 0.436
2.005 0.435
2.002 0.434
1.999 0.434
1.996 0.433
1.994 0.433
1.991 0.432
1.988 0.432
1.985 0.431
1.982 0.430
1.979 0.430
1.976 0.429
1.973 0.429
1.970 0.428
1.967 0.428
1.965 0.426
1.962 0.425
1.959 0.425
1.956 0.424
1.953 0.424
1.950 0.423
1.947 0.423
1.944 0.422
1.941 0.422
1.938 0.421
1.935 0.421
1.932 0.420
1.929 0.420
1.926 0.419
1.922 0.419
1.919 0.418
1.916 0.418
1.913 0.417
1.910 0.417
1.907 0.416
1.904 0.416
1.900 0.416
1.897 0.415
1.894 0.415
1.891 0.414
1.888 0.414
1.885 0.413
1.881 0.413
1.878 0.413
1.875 0.412
1.872 0.412
1.869 0.411
1.865 0.411
1.862 0.410
1.859 0.410
1.856 0.410
1.852 0.409
1.849 0.409
1.846 0.409
1.843 0.408
1.839 0.408
1.836 0.407
1.833 0.407
1.829 0.407
1.826 0.406
1.823 0.406
1.820 0.406
1.816 0.405
1.813 0.405
1.810 0.405
1.806 0.404
1.803 0.404
1.800 0.404
1.796 0.403
1.793 0.403
1.789 0.403
1.786 0.402
1.783 0.402
1.779 0.402
1.776 0.402
1.773 0.401
1.770 0.400
1.766 0.399
1.763 0.399
1.760 0.399
1.756 0.399
1.753 0.398
1.749 0.398
1.746 0.398
1.743 0.398
1.739 0.397
1.736 0.397
1.732 0.397
1.729 0.397
1.725 0.397
1.722 0.396
1.718 0.396
1.715 0.396
1.711 0.396
1.708 0.396
1.705 0.395
1.701 0.395
1.698 0.395
1.694 0.395
1.691 0.395
1.687 0.394
1.684 0.394
1.680 0.394
1.677 0.394
1.673 0.394
1.670 0.394
1.666 0.394
1.663 0.393
1.659 0.393
1.656 0.393
1.652 0.393
1.649 0.393
1.645 0.393
1.641 0.393
1.638 0.393
1.634 0.393
1.631 0.393
1.627 0.392
1.624 0.392
1.620 0.392
1.617 0.392
1.613 0.392
1.610 0.392
1.606 0.392
1.603 0.392
1.599 0.392
1.596 0.392
1.592 0.392
1.588 0.392
1.585 0.392
1.581 0.392
1.578 0.392
1.574 0.392
1.571 0.392
1.567 0.392
1.564 0.392
1.560 0.392
1.557 0.392
1.553 0.392
1.550 0.392
1.546 0.392
1.542 0.392
1.539 0.392
1.535 0.392
1.532 0.392
1.528 0.392
1.525 0.392
1.521 0.392
1.518 0.392
1.514 0.392
1.511 0.393
1.507 0.393
1.504 0.393
1.500 0.393
1.497 0.393
1.493 0.393
1.490 0.393
1.486 0.393
1.483 0.393
1.479 0.393
1.476 0.394
1.472 0.394
1.468 0.394
1.465 0.394
1.461 0.394
1.458 0.394
1.455 0.394
1.451 0.395
1.448 0.395
1.444 0.395
1.441 0.395
1.437 0.395
1.434 0.396
1.430 0.396
1.427 0.396
1.423 0.396
1.420 0.396
1.416 0.397
1.413 0.397
1.409 0.397
1.406 0.397
1.402 0.397
1.399 0.398
1.396 0.398
1.392 0.398
1.389 0.398
1.385 0.399
1.382 0.399
1.379 0.399
1.375 0.399
1.372 0.400
1.368 0.400
1.365 0.400
1.362 0.401
1.358 0.401
1.355 0.401
1.351 0.401
1.348 0.402
1.345 0.402
1.341 0.402
1.338 0.403
1.335 0.403
1.331 0.403
1.328 0.404
1.325 0.404
1.321 0.404
1.318 0.405
1.315 0.405
1.311 0.405
1.308 0.406
1.305 0.406
1.301 0.406
1.298 0.407
1.295 0.407
1.292 0.408
1.288 0.408
1.285 0.408
1.282 0.409
1.279 0.409
1.275 0.410
1.272 0.410
1.269 0.410
1.266 0.411
1.262 0.411
1.259 0.412
1.256 0.412
1.253 0.413
1.250 0.413
1.246 0.413
1.243 0.414
1.240 0.414
1.237 0.415
1.234 0.415
1.231 0.416
1.227 0.416
1.224 0.417
1.221 0.417
1.218 0.418
1.215 0.418
1.212 0.418
1.209 0.419
1.206 0.419
1.203 0.420
1.199 0.420
1.196 0.421
1.193 0.421
1.190 0.422
1.187 0.423
1.184 0.423
1.181 0.424
1.178 0.424
1.175 0.425
1.172 0.425
1.169 0.426
1.166 0.426
1.163 0.427
1.160 0.427
1.157 0.428
1.154 0.428
1.151 0.429
1.148 0.430
1.145 0.430
1.142 0.431
1.140 0.431
1.137 0.432
1.134 0.432
1.131 0.433
1.128 0.434
1.125 0.434
1.122 0.435
1.119 0.435
1.116 0.436
1.114 0.437
1.111 0.437
1.108 0.438
1.105 0.439
1.102 0.439
1.099 0.440
1.097 0.440
1.094 0.441
1.091 0.442
1.088 0.442
1.085 0.443
1.083 0.444
1.080 0.444
1.077 0.445
1.074 0.446
1.072 0.446
1.069 0.447
1.066 0.448
1.064 0.448
1.061 0.449
1.058 0.450
1.055 0.450
1.053 0.451
1.050 0.452
1.047 0.452
1.045 0.453
1.042 0.454
1.040 0.454
1.037 0.455
1.034 0.456
1.032 0.457
1.029 0.457
1.026 0.458
1.024 0.459
1.021 0.459
1.019 0.460
1.016 0.461
1.014 0.462
1.011 0.462
1.009 0.463
1.006 0.464
1.003 0.465
1.001 0.465
0.998 0.466
0.996 0.467
0.993 0.468
0.991 0.468
0.989 0.469
0.986 0.470
0.984 0.471
0.981 0.471
0.979 0.472
0.976 0.473
0.974 0.474
0.971 0.475
0.969 0.475
0.967 0.476
0.964 0.477
0.962 0.478
0.959 0.478
0.957 0.479
0.955 0.480
0.952 0.481
0.950 0.482
0.948 0.482
0.945 0.483
0.943 0.484
0.941 0.485
0.938 0.486
0.936 0.487
0.934 0.487
0.932 0.488
0.929 0.489
0.927 0.490
0.925 0.491
0.922 0.492
0.920 0.492
0.918 0.493
0.916 0.494
0.914 0.495
0.911 0.496
0.909 0.497
0.907 0.497
0.905 0.498
0.903 0.499
0.900 0.500
0.898 0.501
0.896 0.502
0.894 0.503
0.892 0.504
0.890 0.504
0.887 0.505
0.885 0.506
0.883 0.507
0.881 0.508
0.879 0.509
0.877 0.510
0.875 0.511
0.873 0.511
0.871 0.512
0.869 0.513
0.867 0.514
0.865 0.515
0.862 0.516
0.860 0.517
0.858 0.518
0.856 0.519
0.854 0.520
0.852 0.520
0.850 0.521
0.848 0.522
0.846 0.523
0.844 0.524
0.842 0.525
0.842 0.527
0.842 0.529
0.840 0.530
0.842 0.529
0.842 0.527
0.844 0.526
0.846 0.525
0.846 0.523
0.848 0.522
0.850 0.521
0.852 0.520
0.854 0.520
0.856 0.519
0.858 0.518
0.860 0.517
0.862 0.516
0.865 0.515
0.867 0.514
0.869 0.513
0.871 0.512
0.873 0.511
0.875 0.511
0.877 0.510
0.879 0.509
0.881 0.508
0.883 0.507
0.885 0.506
0.887 0.505
0.890 0.504
0.892 0.504
0.894 0.503
0.896 0.502
0.898 0.501
0.900 0.500
0.903 0.499
0.905 0.498
0.907 0.497
0.909 0.497
0.911 0.496
0.914 0.495
0.916 0.494
0.918 0.493
0.920 0.492
0.922 0.492
0.925 0.491
0.927 0.490
0.929 0.489
0.932 0.488
0.934 0.487
0.936 0.487
0.938 0.486
0.941 0.485
0.943 0.484
0.945 0.483
0.948 0.482
0.950 0.482
0.952 0.481
0.955 0.480
0.957 0.479
0.959 0.478
0.962 0.478
0.964 0.477
0.967 0.476
0.969 0.475
0.971 0.475
0.974 0.474
0.976 0.473
0.979 0.472
0.981 0.471
0.984 0.471
0.986 0.470
0.989 0.469
0.991 0.468
0.993 0.468
0.996 0.467
0.998 0.466
1.001 0.465
1.003 0.465
1.006 0.464
1.009 0.463
1.011 0.462
1.014 0.462
1.016 0.461
1.019 0.460
1.021 0.459
1.024 0.459
1.026 0.458
1.029 0.457
1.032 0.457
1.034 0.456
1.037 0.455
1.040 0.454
1.042 0.454
1.045 0.453
1.047 0.452
1.050 0.452
1.053 0.451
1.055 0.450
1.058 0.450
1.061 0.449
1.064 0.448
1.066 0.448
1.069 0.447
1.072 0.446
1.074 0.446
1.077 0.445
1.080 0.444
1.083 0.444
1.085 0.443
1.088 0.442
1.091 0.442
1.094 0.441
1.097 0.440
1.099 0.440
1.102 0.439
1.105 0.439
1.108 0.438
1.111 0.437
1.114 0.437
1.116 0.436
1.119 0.435
1.122 0.435
1.125 0.434
1.128 0.434
1.131 0.433
1.134 0.432
1.137 0.432
1.140 0.431
1.142 0.431
1.145 0.430
1.148 0.430
1.151 0.429
1.154 0.428
1.157 0.428
1.160 0.427
1.163 0.427
1.166 0.426
1.169 0.426
1.172 0.425
1.175 0.425
1.178 0.424
1.181 0.424
1.184 0.423
1.187 0.423
1.190 0.422
1.193 0.421
1.196 0.421
1.199 0.420
1.203 0.420
1.206 0.419
1.209 0.419
1.212 0.418
1.215 0.418
1.218 0.418
1.221 0.417
1.224 0.417
1.227 0.416
1.231 0.416
1.234 0.415
1.237 0.415
1.240 0.414
1.243 0.414
1.246 0.413
1.250 0.413
1.253 0.413
1.256 0.412
1.259 0.412
1.262 0.411
1.266 0.411
1.269 0.410
1.272 0.410
1.275 0.410
1.279 0.409
1.282 0.409
1.285 0.408
1.288 0.408
1.292 0.408
1.295 0.407
1.298 0.407
1.301 0.406
1.305 0.406
1.308 0.406
1.311 0.405
1.315 0.405
1.318 0.405
1.321 0.404
1.325 0.404
1.328 0.404
1.331 0.403
1.335 0.403
1.338 0.403
1.341 0.402
1.345 0.402
1.348 0.402
1.351 0.401
1.355 0.401
1.358 0.401
1.362 0.401
1.365 0.400
1.368 0.400
1.372 0.400
1.375 0.399
1.379 0.399
1.382 0.399
1.385 0.399
1.389 0.398
1.392 0.398
1.396 0.398
1.399 0.398
1.402 0.397
1.406 0.397
1.409 0.397
1.413 0.397
1.416 0.397
1.420 0.396
1.423 0.396
1.427 0.396
1.430 0.396
1.434 0.396
1.437 0.395
1.441 0.395
1.444 0.395
1.448 0.395
1.451 0.395
1.455 0.394
1.458 0.394
1.461 0.394
1.465 0.394
1.468 0.394
1.472 0.394
1.476 0.394
1.479 0.393
1.483 0.393
1.486 0.393
1.490 0.393
1.493 0.393
1.497 0.393
1.500 0.393
1.504 0.393
1.507 0.393
1.511 0.393
1.514 0.392
1.518 0.392
1.521 0.392
1.525 0.392
1.528 0.392
1.532 0.392
1.535 0.392
1.539 0.392
1.542 0.392
1.546 0.392
1.550 0.392
1.553 0.392
1.557 0.392
1.560 0.392
1.564 0.392
1.567 0.392
1.571 0.392
1.574 0.392
1.578 0.392
1.581 0.392
1.585 0.392
1.588 0.392
1.592 0.392
1.596 0.392
1.599 0.392
1.603 0.392
1.606 0.392
1.610 0.392
1.613 0.392
1.617 0.392
1.620 0.392
1.624 0.392
1.627 0.392
1.631 0.393
1.634 0.393
1.638 0.393
1.641 0.393
1.645 0.393
1.649 0.393
1.652 0.393
1.656 0.393
1.659 0.393
1.663 0.393
1.666 0.394
1.670 0.394
1.673 0.394
1.677 0.394
1.680 0.394
1.684 0.394
1.687 0.394
1.691 0.395
1.694 0.395
1.698 0.395
1.701 0.395
1.705 0.395
1.708 0.396
1.711 0.396
1.715 0.396
1.718 0.396
1.722 0.396
1.725 0.397
1.729 0.397
1.732 0.397
1.736 0.397
1.739 0.397
1.743 0.398
1.746 0.398
1.749 0.398
1.753 0.398
1.756 0.399
1.760 0.399
1.763 0.399
1.766 0.399
1.770 0.400
1.773 0.401
1.776 0.402
1.779 0.402
1.783 0.402
1.786 0.402
1.789 0.403
1.793 0.403
1.796 0.403
1.800 0.404
1.803 0.404
1.806 0.404
1.810 0.405
1.813 0.405
1.816 0.405
1.820 0.406
1.823 0.406
1.826 0.406
1.829 0.407
1.833 0.407
1.836 0.407
1.839 0.408
1.843 0.408
1.846 0.409
1.849 0.409
1.852 0.409
1.856 0.410
1.859 0.410
1.862 0.410
1.865 0.411
1.869 0.411
1.872 0.412
1.875 0.412
1.878 0.413
1.881 0.413
1.885 0.413
1.888 0.414
1.891 0.414
1.894 0.415
1.897 0.415
1.900 0.416
1.904 0.416
1.907 0.416
1.910 0.417
1.913 0.417
1.916 0.418
1.919 0.418
1.922 0.419
1.926 0.419
1.929 0.420
1.932 0.420
1.935 0.421
1.938 0.421
1.941 0.422
1.944 0.422
1.947 0.423
1.950 0.423
1.953 0.424
1.956 0.424
1.959 0.425
1.962 0.425
1.965 0.426
1.967 0.428
1.970 0.428
1.973 0.429
1.976 0.429
1.979 0.430
1.982 0.430
1.985 0.431
1.988 0.432
1.991 0.432
1.994 0.433
1.996 0.433
1.999 0.434
2.002 0.434
2.005 0.435
2.008 0.436
2.011 0.436
2.014 0.437
2.017 0.437
2.020 0.438
2.022 0.439
2.025 0.439
2.028 0.440
2.031 0.440
2.034 0.441
2.037 0.442
2.039 0.442
2.042 0.443
2.045 0.444
2.048 0.444
2.050 0.445
2.053 0.445
2.056 0.446
2.059 0.447
2.061 0.447
2.064 0.448
2.067 0.449
2.070 0.449
2.072 0.450
2.075 0.451
2.078 0.451
2.080 0.452
2.083 0.453
2.086 0.453
2.088 0.454
2.091 0.455
2.094 0.455
2.096 0.456
2.099 0.457
2.102 0.458
2.104 0.458
2.107 0.459
2.109 0.460
2.112 0.460
2.115 0.461
2.117 0.462
2.120 0.463
2.122 0.463
2.125 0.464
2.127 0.465
2.130 0.465
2.132 0.466
2.135 0.467
2.137 0.468
2.140 0.468
2.142 0.469
2.145 0.470
2.147 0.471
2.150 0.471
2.151 0.473
2.153 0.474
2.156 0.475
2.158 0.476
2.160 0.476
2.163 0.477
2.165 0.478
2.168 0.479
2.170 0.480
2.172 0.480
2.175 0.481
2.177 0.482
2.180 0.483
2.182 0.483
2.184 0.484
2.187 0.485
2.189 0.486
2.191 0.487
2.194 0.487
2.196 0.488
2.198 0.489
2.200 0.490
2.203 0.491
2.205 0.492
2.207 0.492
2.210 0.493
2.212 0.494
2.214 0.495
2.216 0.496
2.218 0.497
2.221 0.497
2.223 0.498
2.225 0.499
2.227 0.500
2.230 0.501
2.232 0.502
2.234 0.502
2.236 0.503
2.238 0.504
2.240 0.505
2.243 0.506
2.245 0.507
2.247 0.508
2.249 0.508
2.251 0.509
2.253 0.510
2.255 0.511
2.257 0.512
2.258 0.514
2.260 0.515
2.262 0.516
2.264 0.517
2.266 0.517
2.268 0.518
2.270 0.519
2.272 0.520
2.274 0.521
2.276 0.522
2.278 0.523
2.280 0.524
2.282 0.525
2.284 0.526
2.286 0.526
2.288 0.527
2.290 0.528
2.292 0.529
2.294 0.530
2.296 0.531
2.298 0.532
2.300 0.533
2.302 0.534
2.304 0.535
2.306 0.536
2.308 0.537
2.310 0.538
2.312 0.538
2.313 0.539
2.315 0.540
2.317 0.541
2.319 0.542
2.321 0.543
2.323 0.544
2.325 0.545
2.327 0.546
2.328 0.547
2.330 0.548
2.332 0.549
2.334 0.550
2.336 0.551
2.338 0.552
2.339 0.553
2.341 0.554
2.343 0.555
2.345 0.556
2.347 0.557
2.348 0.558
2.350 0.559
2.352 0.560
2.354 0.560
2.355 0.561
2.357 0.562
2.359 0.563
2.361 0.564
2.362 0.565
2.364 0.566
2.366 0.567
2.367 0.568
2.369 0.569
2.371 0.570
2.373 0.571
2.374 0.572
2.376 0.573
2.378 0.574
2.379 0.575
2.381 0.576
2.383 0.577
2.384 0.578
2.386 0.579
2.387 0.580
2.389 0.581
2.391 0.582
2.392 0.583
2.394 0.584
2.396 0.585
2.397 0.586
2.399 0.587
2.400 0.589
2.402 0.590
2.402 0.592
2.403 0.593
2.405 0.594
2.407 0.595
2.408 0.596
2.410 0.597
2.411 0.598
2.413 0.599
2.414 0.600
2.416 0.601
2.417 0.602
2.419 0.603
2.420 0.604
2.422 0.605
2.423 0.606
2.425 0.607
2.426 0.608
2.428 0.609
2.429 0.610
2.431 0.611
2.432 0.612
2.434 0.613
2.435 0.614
2.437 0.615
2.438 0.617
2.440 0.618
2.441 0.619
2.443 0.620
2.444 0.621
2.445 0.622
2.447 0.623
2.448 0.624
2.450 0.625
2.451 0.626
2.453 0.627
2.454 0.628
2.455 0.629
2.457 0.630
2.458 0.631
2.459 0.633
2.461 0.634
2.462 0.635
2.464 0.636
2.465 0.637
2.466 0.638
2.468 0.639
2.469 0.640
2.470 0.641
2.472 0.642
2.473 0.643
2.474 0.644
2.476 0.646
2.477 0.647
2.478 0.648
2.480 0.649
2.481 0.650
2.482 0.651
2.484 0.652
2.485 0.653
2.486 0.654
2.488 0.655
2.489 0.656
2.490 0.658
2.491 0.659
2.493 0.660
2.494 0.661
2.495 0.662
2.496 0.663
2.498 0.664
2.499 0.665
2.500 0.666
2.501 0.668
2.503 0.669
2.504 0.670
2.505 0.671
2.506 0.672
2.508 0.673
2.509 0.674
2.510 0.675
2.511 0.676
2.512 0.678
2.514 0.679
2.515 0.680
2.516 0.681
2.517 0.682
2.518 0.683
2.520 0.684
2.521 0.685
2.522 0.687
2.523 0.688
2.524 0.689
2.525 0.690
2.527 0.691
2.528 0.692
2.529 0.693
2.530 0.695
2.531 0.696
2.532 0.697
2.533 0.698
2.535 0.699
2.536 0.700
2.537 0.701
2.538 0.703
2.539 0.704
2.540 0.705
2.541 0.706
2.542 0.707
2.544 0.708
2.545 0.709
2.546 0.711
2.547 0.712
2.548 0.713
2.549 0.714
2.550 0.715
2.551 0.716
2.552 0.717
2.555 0.718
2.556 0.719
2.557 0.720
2.558 0.721
2.559 0.722
2.560 0.724
2.561 0.725
2.562 0.726
2.563 0.727
2.564 0.728
2.565 0.729
2.566 0.731
2.568 0.732
2.569 0.733
2.570 0.734
2.571 0.735
2.572 0.736
2.573 0.738
2.574 0.739
2.575 0.740
2.576 0.741
2.577 0.742
2.578 0.743
2.579 0.745
2.580 0.746
2.581 0.747
2.582 0.748
2.583 0.749
2.584 0.750
2.585 0.752
2.586 0.753
2.587 0.754
2.587 0.755
2.588 0.756
2.589 0.758
2.590 0.759
2.591 0.760
2.592 0.761
2.593 0.762
2.594 0.763
2.595 0.765
2.596 0.766
2.597 0.767
2.598 0.768
2.599 0.769
2.600 0.771
2.601 0.772
2.602 0.773
2.603 0.774
2.603 0.775
2.604 0.777
2.605 0.778
2.606 0.779
2.607 0.780
2.608 0.781
2.609 0.782
2.610 0.784
2.611 0.785
2.612 0.786
2.613 0.787
2.613 0.788
2.614 0.790
2.615 0.791
2.616 0.792
2.617 0.793
2.618 0.794
2.619 0.796
2.620 0.797
2.620 0.798
2.621 0.799
2.622 0.800
2.623 0.802
2.624 0.803
2.625 0.804
2.626 0.805
2.626 0.806
2.627 0.808
2.628 0.809
2.629 0.810
2.630 0.811
2.631 0.813
2.631 0.814
2.632 0.815
2.633 0.816
2.634 0.817
2.635 0.819
2.634 0.820
2.635 0.822
2.636 0.823
2.637 0.824
2.637 0.825
2.638 0.827
2.639 0.828
2.640 0.829
2.641 0.830
2.641 0.831
2.642 0.833
2.643 0.834
2.644 0.835
2.645 0.836
2.645 0.837
2.646 0.839
2.647 0.840
2.648 0.841
2.648 0.842
2.649 0.844
2.650 0.845
2.651 0.846
2.652 0.847
2.652 0.848
2.653 0.850
2.654 0.851
2.655 0.852
2.655 0.853
2.656 0.855
2.657 0.856
2.658 0.857
2.658 0.858
2.659 0.860
2.660 0.861
2.661 0.862
2.661 0.863
2.662 0.864
2.663 0.866
2.664 0.867
2.664 0.868
2.665 0.869
2.666 0.871
2.667 0.872
2.667 0.873
2.668 0.874
2.669 0.876
2.669 0.877
2.670 0.878
2.671 0.879
2.672 0.880
2.672 0.882
2.673 0.883
2.674 0.884
2.674 0.885
2.675 0.887
2.676 0.888
2.677 0.889
2.677 0.890
2.678 0.892
2.679 0.893
2.679 0.894
2.680 0.895
2.681 0.897
2.681 0.898
2.682 0.899
2.683 0.900
2.683 0.902
2.684 0.903
2.685 0.904
2.685 0.905
2.686 0.907
2.687 0.908
2.687 0.909
2.688 0.910
2.689 0.912
2.689 0.913
2.690 0.914
2.691 0.915
2.691 0.917
2.692 0.918
2.693 0.919
2.693 0.920
2.694 0.922
2.695 0.923
2.695 0.924
2.696 0.925
2.697 0.927
2.697 0.928
2.699 0.928
2.699 0.930
2.701 0.931
2.700 0.933
2.699 0.935
2.698 0.935
2.697 0.936
2.695 0.936
2.694 0.937
2.692 0.938
2.691 0.938
2.690 0.939
2.689 0.939
2.687 0.940
2.686 0.941
2.685 0.941
2.683 0.942
2.682 0.943
2.681 0.943
2.679 0.944
2.678 0.944
2.677 0.945
2.675 0.946
2.674 0.946
2.673 0.947
2.671 0.947
2.670 0.948
2.669 0.949
2.667 0.949
2.666 0.950
2.665 0.951
2.664 0.951
2.662 0.952
2.661 0.953
2.660 0.953
2.658 0.954
2.657 0.954
2.656 0.955
2.655 0.956
2.653 0.956
2.652 0.957
2.651 0.958
2.649 0.958
2.648 0.959
2.647 0.960
2.646 0.960
2.644 0.961
2.643 0.962
2.642 0.962
2.641 0.963
2.639 0.964
2.638 0.964
2.637 0.965
2.636 0.966
2.634 0.966
2.633 0.967
2.632 0.968
2.631 0.968
2.629 0.969
2.628 0.970
2.627 0.970
2.626 0.971
2.624 0.972
2.623 0.972
2.622 0.973
2.621 0.974
2.619 0.975
2.618 0.975
2.617 0.976
2.616 0.977
2.614 0.977
2.613 0.978
2.612 0.979
2.611 0.979
2.610 0.980
2.608 0.981
2.607 0.982
2.606 0.982
2.605 0.983
2.603 0.984
2.602 0.984
2.601 0.985
2.600 0.986
2.599 0.987
2.597 0.987
2.596 0.988
2.594 0.988
2.593 0.988
2.592 0.989
2.591 0.990
2.590 0.990
2.588 0.991
2.587 0.992
2.586 0.993
2.585 0.993
2.584 0.994
2.582 0.995
2.581 0.996
2.580 0.996
2.579 0.997
2.578 0.998
2.577 0.998
2.575 0.999
2.574 1.000
2.573 1.000
2.572 1.000
2.571 1.000
2.570 1.000
2.568 1.000
2.567 1.000
2.566 1.000
2.565 1.000
2.564 1.000
2.563 1.000
2.561 1.000
2.560 1.000
2.559 1.000
2.558 1.000
2.557 1.000
2.556 1.000
2.555 1.000
2.553 1.000
2.552 1.000
2.551 1.000
2.550 1.000
2.549 1.000
2.548 1.000
2.547 1.000
2.545 1.000
2.544 1.000
2.543 1.000
2.542 1.000
2.541 1.000
2.540 1.000
2.539 1.000
2.538 1.000
2.537 1.000
2.535 1.000
2.534 1.000
2.533 1.000
2.532 1.000
2.531 1.000
2.530 1.000
2.529 1.000
2.528 1.000
2.527 1.000
2.525 1.000
2.524 1.000
2.523 1.000
2.522 1.000
2.521 1.000
2.520 1.000
2.519 1.000
2.518 1.000
2.517 1.000
2.516 1.000
2.515 1.000
2.514 1.000
2.512 1.000
2.511 1.000
2.510 1.000
2.509 1.000
2.508 1.000
2.507 1.000
2.506 1.000
2.505 1.000
2.504 1.000
2.503 1.000
2.502 1.000
2.501 1.000
2.500 1.000
2.499 1.000
2.498 1.000
2.497 1.000
2.495 1.000
2.494 1.000
2.493 1.000
2.492 1.000
2.490 1.000
2.489 1.000
2.488 1.000
2.487 1.000
2.486 1.000
2.485 1.000
2.484 1.000
2.483 1.000
2.482 1.000
2.481 1.000
2.480 1.000
2.479 1.000
2.478 1.000
2.477 1.000
2.476 1.000
2.475 1.000
2.474 1.000
2.473 1.000
2.472 1.000
2.471 1.000
2.470 1.000
2.469 1.000
2.468 1.000
2.467 1.000
2.466 1.000
2.465 1.000
2.464 1.000
2.463 1.000
2.462 1.000
2.461 1.000
2.460 1.000
2.459 1.000
2.458 1.000
2.457 1.000
2.456 1.000
2.455 1.000
2.454 1.000
2.453 1.000
2.452 1.000
2.451 1.000
2.450 1.000
2.449 1.000
2.448 1.000
2.447 1.000
2.446 1.000
2.445 1.000
2.444 1.000
2.443 1.000
2.442 1.000
2.441 1.000
2.440 1.000
2.439 1.000
2.438 1.000
2.438 1.000
2.437 1.000
2.436 1.000
2.435 1.000
2.434 1.000
2.433 1.000
2.432 1.000
2.431 1.000
2.430 1.000
2.429 1.000
2.428 1.000
2.427 1.000
2.426 1.000
2.425 1.000
2.424 1.000
2.423 1.000
2.422 1.000
2.421 1.000
2.421 1.000
2.420 1.000
2.419 1.000
2.418 1.000
2.417 1.000
2.416 1.000
2.415 1.000
2.414 1.000
2.413 1.000
2.412 1.000
2.411 1.000
2.410 1.000
2.410 1.000
2.409 1.000
2.408 1.000
2.407 1.000
2.406 1.000
2.405 1.000
2.404 1.000
2.403 1.000
2.402 1.000
2.401 1.000
2.400 1.000
2.400 1.000
2.399 1.000
2.397 1.000
2.396 1.000
2.396 1.000
2.395 1.000
2.394 1.000
2.393 1.000
2.392 1.000
2.391 1.000
2.390 1.000
2.389 1.000
2.388 1.000
2.387 1.000
2.386 1.000
2.385 1.000
2.385 1.000
2.384 1.000
2.383 1.000
2.382 1.000
2.381 1.000
2.380 1.000
2.379 1.000
2.379 1.000
2.378 1.000
2.377 1.000
2.376 1.000
2.375 1.000
2.374 1.000
2.373 1.000
2.373 1.000
2.372 1.000
2.371 1.000
2.370 1.000
2.369 1.000
2.368 1.000
2.367 1.000
2.367 1.000
2.366 1.000
2.365 1.000
2.364 1.000
2.363 1.000
2.362 1.000
2.362 1.000
2.361 1.000
2.360 1.000
2.359 1.000
2.358 1.000
2.357 1.000
2.357 1.000
2.356 1.000
2.355 1.000
2.354 1.000
2.353 1.000
2.352 1.000
2.352 1.000
2.351 1.000
2.350 1.000
2.349 1.000
2.348 1.000
2.348 1.000
2.347 1.000
2.346 1.000
2.345 1.000
2.344 1.000
2.344 1.000
2.343 1.000
2.342 1.000
2.341 1.000
2.340 1.000
2.340 1.000
2.339 1.000
2.338 1.000
2.337 1.000
2.336 1.000
2.336 1.000
2.335 1.000
2.334 1.000
2.333 1.000
2.332 1.000
2.332 1.000
2.331 1.000
2.330 1.000
2.329 1.000
2.329 1.000
2.328 1.000
2.326 1.000
2.326 1.000
2.325 1.000
2.325 1.000
2.324 1.000
2.323 1.000
2.322 1.000
2.322 1.000
2.321 1.000
2.319 1.000
2.318 1.000
2.318 1.000
2.317 1.000
2.316 1.000
2.315 1.000
2.315 1.000
2.314 1.000
2.313 1.000
2.312 1.000
2.312 1.000
2.311 1.000
2.310 1.000
2.309 1.000
2.309 1.000
2.308 1.000
2.307 1.000
2.306 1.000
2.306 1.000
2.305 1.000
2.304 1.000
2.303 1.000
2.303 1.000
2.302 1.000
2.301 1.000
2.300 1.000
2.300 1.000
2.299 1.000
2.298 1.000
2.298 1.000
2.297 1.000
2.296 1.000
2.295 1.000
2.295 1.000
2.294 1.000
2.293 1.000
2.292 1.000
2.292 1.000
2.291 1.000
2.290 1.000
2.290 1.000
2.289 1.000
2.288 1.000
2.287 1.000
2.287 1.000
2.286 1.000
2.285 1.000
2.285 1.000
2.284 1.000
2.283 1.000
2.282 1.000
2.282 1.000
2.281 1.000
2.280 1.000
2.280 1.000
2.279 1.000
2.278 1.000
2.278 1.000
2.277 1.000
2.276 1.000
2.275 1.000
2.274 1.000
2.273 1.000
2.273 1.000
2.272 1.000
2.271 1.000
2.271 1.000
2.270 1.000
2.269 1.000
2.268 1.000
2.268 1.000
2.267 1.000
2.266 1.000
2.266 1.000
2.265 1.000
2.264 1.000
2.264 1.000
2.263 1.000
2.262 1.000
2.262 1.000
2.261 1.000
2.260 1.000
2.260 1.000
2.259 1.000
2.258 1.000
2.258 1.000
2.257 1.000
2.256 1.000
2.256 1.000
2.255 1.000
2.254 1.000
2.254 1.000
2.253 1.000
2.252 1.000
2.252 1.000
2.251 1.000
2.250 1.000
2.250 1.000
2.249 1.000
2.248 1.000
2.247 1.000
2.246 1.000
2.246 1.000
2.245 1.000
2.244 1.000
2.244 1.000
2.243 1.000
2.242 1.000
2.242 1.000
2.241 1.000
2.241 1.000
2.240 1.000
2.239 1.000
2.239 1.000
2.238 1.000
2.237 1.000
2.237 1.000
2.236 1.000
2.235 1.000
2.235 1.000
2.234 1.000
2.234 1.000
2.233 1.000
2.232 1.000
2.232 1.000
2.231 1.000
2.230 1.000
2.230 1.000
2.229 1.000
2.229 1.000
2.228 1.000
2.227 1.000
2.227 1.000
2.226 1.000
2.225 1.000
2.224 1.000
2.223 1.000
2.224 1.000
2.223 1.000
2.222 1.000
2.221 1.000
2.221 1.000
2.221 1.000
2.220 1.000
2.219 1.000
2.218 1.000
2.217 1.000
2.217 1.000
2.216 1.000
2.216 1.000
2.215 1.000
2.214 1.000
2.214 1.000
2.213 1.000
2.213 1.000
2.212 1.000
2.211 1.000
2.210 1.000
2.211 1.000
2.210 1.000
2.210 1.000
2.209 1.000
2.210 1.000
2.208 1.000
2.208 1.000
2.208 1.000
2.207 1.000
2.208 1.000
2.208 1.000
2.208 1.000
2.207 1.000
2.207 1.000
2.206 1.000
2.204 1.000
2.203 1.000
2.202 1.000
2.200 1.000
2.199 1.000
2.199 1.000
2.197 1.000
2.199 1.000
2.200 1.000
2.201 1.000
2.202 1.000
2.203 1.000
2.204 1.000
2.206 1.000
2.207 1.000
2.208 1.000
2.208 1.000
2.209 1.000
2.209 1.000
2.210 1.000
2.210 1.000
2.184 1.000
2.183 1.000
2.183 1.000
2.182 1.000
2.181 1.000
2.180 1.000
2.179 1.000
2.178 1.000
2.177 1.000
2.177 1.000
2.176 1.000
2.174 1.000
2.174 1.000
2.172 1.000
2.171 1.000
2.170 1.000
2.170 1.000
2.168 1.000
2.169 1.000
2.170 1.000
2.171 1.000
2.172 1.000
2.173 1.000
2.174 1.000
2.175 1.000
2.176 1.000
2.177 1.000
2.178 1.000
2.179 1.000
2.180 1.000
2.181 1.000
2.181 1.000
2.182 1.000
2.183 1.000
2.166 1.000
2.165 1.000
2.164 1.000
2.163 1.000
2.162 1.000
2.161 1.000
2.160 1.000
2.159 1.000
2.158 1.000
2.158 1.000
2.156 1.000
2.156 1.000
2.156 1.000
2.155 1.000
2.154 1.000
2.153 1.000
2.153 1.000
2.154 1.000
2.154 1.000
2.155 1.000
2.156 1.000
2.156 1.000
2.157 1.000
2.158 1.000
2.159 1.000
2.160 1.000
2.161 1.000
2.162 1.000
2.163 1.000
2.164 1.000
2.165 1.000
2.166 1.000
2.165 1.000
2.164 1.000
2.163 1.000
2.162 1.000
2.161 1.000
2.160 1.000
2.159 1.000
2.158 1.000
2.158 1.000
2.156 1.000
2.156 1.000
2.156 1.000
2.155 1.000
2.154 1.000
2.153 1.000
2.153 1.000
2.154 1.000
2.154 1.000
2.155 1.000
2.156 1.000
2.156 1.000
2.157 1.000
2.158 1.000
2.159 1.000
2.160 1.000
2.161 1.000
2.162 1.000
2.163 1.000
2.164 1.000
2.165 1.000