-603.0,808.5
-602.0,807.5
-602.0,806.5
-602.0,805.5
-602.0,804.5
-602.0,803.5
-602.0,802.5
-602.0,801.5
-602.0,800.5
-602.0,799.5
-602.0,798.5
-602.0,797.5
-602.0,796.5
-602.0,795.5
-603.0,794.5
-603.0,793.5
-603.0,792.5
-603.0,791.5
-603.0,790.5
-603.0,789.5
-603.0,788.5
-602.0,787.5
-602.0,786.5
-602.0,785.5
-603.0,784.5
-603.0,783.5
-603.0,782.5
-603.0,781.5
-603.0,780.5
-603.0,779.5
-603.0,778.5
-603.0,777.5
-603.0,776.5
-603.0,775.5
-603.0,774.5
-603.0,773.5
-603.0,772.5
-603.0,771.5
-603.0,770.5
-603.0,769.5
-603.0,768.5
-603.0,767.5
-603.0,766.5
-603.0,765.5
-603.0,764.5
-603.0,763.5
-603.0,762.5
-603.0,761.5
-603.0,760.5
-603.0,759.5
-603.0,758.5
-603.0,757.5
-603.0,756.5
-603.0,755.5
-603.0,754.5
-603.0,753.5
-603.0,752.5
-603.0,751.5
-603.0,750.5
-604.0,749.5
-604.0,748.5
-604.0,747.5
-604.0,746.5
-604.0,745.5
-604.0,744.5
-604.0,743.5
-604.0,742.5
-604.0,741.5
-604.0,740.5
-604.0,739.5
-604.0,738.5
-604.0,737.5
-604.0,736.5
-604.0,735.5
-604.0,734.5
-604.0,733.5
-604.0,732.5
-604.0,731.5
-604.0,730.5
-604.0,729.5
-604.0,728.5
-604.0,727.5
-604.0,726.5
-604.0,725.5
-604.0,724.5
-604.0,723.5
-604.0,722.5
-604.0,721.5
-604.0,720.5
-604.0,719.5
-604.0,718.5
-604.0,717.5
-604.0,716.5
-604.0,715.5
-604.0,714.5
-604.0,713.5
-604.0,712.5
-605.0,711.5
-605.0,710.5
-605.0,709.5
-605.0,708.5
-605.0,707.5
-605.0,706.5
-605.0,705.5
-605.0,704.5
-605.0,703.5
-605.0,702.5
-605.0,701.5
-605.0,700.5
-605.0,699.5
-605.0,698.5
-605.0,697.5
-605.0,696.5
-605.0,695.5
-605.0,694.5
-605.0,693.5
-605.0,692.5
-605.0,691.5
-605.0,690.5
-605.0,689.5
-605.0,688.5
-605.0,687.5
-605.0,686.5
-605.0,685.5
-605.0,684.5
-605.0,683.5
-605.0,682.5
-605.0,681.5
-605.0,680.5
-605.0,679.5
-605.0,678.5
-605.0,677.5
-605.0,676.5
-605.0,675.5
-605.0,674.5
-605.0,673.5
-605.0,672.5
-605.0,671.5
-605.0,670.5
-605.0,669.5
-605.0,668.5
-605.0,667.5
-605.0,666.5
-605.0,665.5
-605.0,664.5
-605.0,663.5
-605.0,662.5
-606.0,661.5
-606.0,660.5
-606.0,659.5
-606.0,658.5
-606.0,657.5
-605.0,656.5
-605.0,655.5
-605.0,654.5
-605.0,653.5
-605.0,652.5
-605.0,651.5
-606.0,650.5
-606.0,649.5
-606.0,648.5
-606.0,647.5
-606.0,646.5
-606.0,645.5
-606.0,644.5
-606.0,643.5
-606.0,642.5
-606.0,641.5
-606.0,640.5
-606.0,639.5
-606.0,638.5
-606.0,637.5
-606.0,636.5
-606.0,635.5
-606.0,634.5
-606.0,633.5
-606.0,632.5
-606.0,631.5
-606.0,630.5
-606.0,629.5
-606.0,628.5
-606.0,627.5
-606.0,626.5
-606.0,625.5
-606.0,624.5
-606.0,623.5
-606.0,622.5
-606.0,621.5
-606.0,620.5
-606.0,619.5
-606.0,618.5
-606.0,617.5
-606.0,616.5
-606.0,615.5
-606.0,614.5
-606.0,613.5
-606.0,612.5
-606.0,611.5
-606.0,610.5
-606.0,609.5
-606.0,608.5
-606.0,607.5
-606.0,606.5
-606.0,605.5
-606.0,604.5
-606.0,603.5
-606.0,602.5
-606.0,601.5
-606.0,600.5
-606.0,599.5
-606.0,598.5
-606.0,597.5
-606.0,596.5
-606.0,595.5
-606.0,594.5
-606.0,593.5
-606.0,592.5
-606.0,591.5
-606.0,590.5
-606.0,589.5
-606.0,588.5
-606.0,587.5
-606.0,586.5
-606.0,585.5
-606.0,584.5
-606.0,583.5
-606.0,582.5
-606.0,581.5
-606.0,580.5
-606.0,579.5
-606.0,578.5
-606.0,577.5
-606.0,576.5
-606.0,575.5
-606.0,574.5
-606.0,573.5
-606.0,572.5
-606.0,571.5
-606.0,570.5
-606.0,569.5
-606.0,568.5
-606.0,567.5
-606.0,566.5
-606.0,565.5
-606.0,564.5
-606.0,563.5
-607.0,562.5
-607.0,561.5
-607.0,560.5
-607.0,559.5
-607.0,558.5
-607.0,557.5
-607.0,556.5
-607.0,555.5
-607.0,554.5
-607.0,553.5
-607.0,552.5
-607.0,551.5
-607.0,550.5
-607.0,549.5
-607.0,548.5
-607.0,547.5
-607.0,546.5
-607.0,545.5
-607.0,544.5
-607.0,543.5
-607.0,542.5
-607.0,541.5
-607.0,540.5
-607.0,539.5
-607.0,538.5
-607.0,537.5
-607.0,536.5
-607.0,535.5
-607.0,534.5
-607.0,533.5
-607.0,532.5
-607.0,531.5
-607.0,530.5
-607.0,529.5
-607.0,528.5
-607.0,527.5
-607.0,526.5
-607.0,525.5
-607.0,524.5
-607.0,523.5
-607.0,522.5
-607.0,521.5
-607.0,520.5
-607.0,519.5
-607.0,518.5
-607.0,517.5
-607.0,516.5
-607.0,515.5
-607.0,514.5
-607.0,513.5
-607.0,512.5
-607.0,511.5
-607.0,510.5
-607.0,509.5
-607.0,508.5
-607.0,507.5
-607.0,506.5
-607.0,505.5
-607.0,504.5
-607.0,503.5
-607.0,502.5
-607.0,501.5
-607.0,500.5
-607.0,499.5
-607.0,498.5
-607.0,497.5
-607.0,496.5
-607.0,495.5
-607.0,494.5
-607.0,493.5
-607.0,492.5
-607.0,491.5
-607.0,490.5
-607.0,489.5
-607.0,488.5
-607.0,487.5
-607.0,486.5
-607.0,485.5
-607.0,484.5
-607.0,483.5
-607.0,482.5
-607.0,481.5
-607.0,480.5
-607.0,479.5
-607.0,478.5
-607.0,477.5
-607.0,476.5
-607.0,475.5
-607.0,474.5
-607.0,473.5
-607.0,472.5
-607.0,471.5
-607.0,470.5
-607.0,469.5
-607.0,468.5
-607.0,467.5
-607.0,466.5
-607.0,465.5
-607.0,464.5
-607.0,463.5
-607.0,462.5
-607.0,461.5
-607.0,460.5
-607.0,459.5
-607.0,458.5
-608.0,457.5
-608.0,456.5
-608.0,455.5
-608.0,454.5
-608.0,453.5
-608.0,452.5
-608.0,451.5
-608.0,450.5
-608.0,449.5
-608.0,448.5
-608.0,447.5
-608.0,446.5
-608.0,445.5
-608.0,444.5
-608.0,443.5
-608.0,442.5
-608.0,441.5
-608.0,440.5
-608.0,439.5
-608.0,438.5
-608.0,437.5
-608.0,436.5
-608.0,435.5
-608.0,434.5
-608.0,433.5
-608.0,432.5
-608.0,431.5
-608.0,430.5
-608.0,429.5
-608.0,428.5
-608.0,427.5
-608.0,426.5
-608.0,425.5
-608.0,424.5
-608.0,423.5
-608.0,422.5
-608.0,421.5
-608.0,420.5
-608.0,419.5
-608.0,418.5
-608.0,417.5
-608.0,416.5
-608.0,415.5
-608.0,414.5
-608.0,413.5
-608.0,412.5
-608.0,411.5
-608.0,410.5
-608.0,409.5
-608.0,408.5
-608.0,407.5
-608.0,406.5
-608.0,405.5
-608.0,404.5
-608.0,403.5
-608.0,402.5
-608.0,401.5
-608.0,400.5
-608.0,399.5
-608.0,398.5
-608.0,397.5
-608.0,396.5
-608.0,395.5
-608.0,394.5
-608.0,393.5
-608.0,392.5
-608.0,391.5
-608.0,390.5
-608.0,389.5
-608.0,388.5
-608.0,387.5
-608.0,386.5
-608.0,385.5
-608.0,384.5
-608.0,383.5
-608.0,382.5
-608.0,381.5
-608.0,380.5
-608.0,379.5
-609.0,378.5
-609.0,377.5
-608.0,376.5
-608.0,375.5
-608.0,374.5
-608.0,373.5
-608.0,372.5
-608.0,371.5
-608.0,370.5
-609.0,369.5
-609.0,368.5
-609.0,367.5
-609.0,366.5
-609.0,365.5
-609.0,364.5
-609.0,363.5
-609.0,362.5
-609.0,361.5
-609.0,360.5
-609.0,359.5
-609.0,358.5
-609.0,357.5
-609.0,356.5
-609.0,355.5
-609.0,354.5
-609.0,353.5
-609.0,352.5
-609.0,351.5
-609.0,350.5
-609.0,349.5
-609.0,348.5
-609.0,347.5
-609.0,346.5
-609.0,345.5
-609.0,344.5
-609.0,343.5
-609.0,342.5
-609.0,341.5
-609.0,340.5
-609.0,339.5
-609.0,338.5
-609.0,337.5
-609.0,336.5
-609.0,335.5
-609.0,334.5
-609.0,333.5
-609.0,332.5
-609.0,331.5
-609.0,330.5
-609.0,329.5
-609.0,328.5
-609.0,327.5
-609.0,326.5
-609.0,325.5
-609.0,324.5
-609.0,323.5
-609.0,322.5
-609.0,321.5
-609.0,320.5
-609.0,319.5
-609.0,318.5
-609.0,317.5
-609.0,316.5
-609.0,315.5
-609.0,314.5
-609.0,313.5
-609.0,312.5
-609.0,311.5
-609.0,310.5
-609.0,309.5
-609.0,308.5
-609.0,307.5
-609.0,306.5
-609.0,305.5
-609.0,304.5
-609.0,303.5
-609.0,302.5
-609.0,301.5
-609.0,300.5
-609.0,299.5
-609.0,298.5
-609.0,297.5
-609.0,296.5
-609.0,295.5
-609.0,294.5
-609.0,293.5
-609.0,292.5
-609.0,291.5
-609.0,290.5
-609.0,289.5
-609.0,288.5
-608.0,287.5
-608.0,286.5
-608.0,285.5
-609.0,284.5
-609.0,283.5
-609.0,282.5
-609.0,281.5
-609.0,280.5
-609.0,279.5
-609.0,278.5
-609.0,277.5
-609.0,276.5
-609.0,275.5
-609.0,274.5
-609.0,273.5
-609.0,272.5
-609.0,271.5
-609.0,270.5
-609.0,269.5
-609.0,268.5
-609.0,267.5
-609.0,266.5
-609.0,265.5
-609.0,264.5
-609.0,263.5
-609.0,262.5
-609.0,261.5
-609.0,260.5
-609.0,259.5
-609.0,258.5
-609.0,257.5
-609.0,256.5
-609.0,255.5
-609.0,254.5
-609.0,253.5
-609.0,252.5
-609.0,251.5
-609.0,250.5
-609.0,249.5
-609.0,248.5
-609.0,247.5
-609.0,246.5
-609.0,245.5
-609.0,244.5
-609.0,243.5
-609.0,242.5
-609.0,241.5
-609.0,240.5
-609.0,239.5
-609.0,238.5
-609.0,237.5
-609.0,236.5
-609.0,235.5
-610.0,234.5
-610.0,233.5
-610.0,232.5
-610.0,231.5
-610.0,230.5
-609.0,229.5
-609.0,228.5
-609.0,227.5
-609.0,226.5
-609.0,225.5
-609.0,224.5
-609.0,223.5
-609.0,222.5
-609.0,221.5
-609.0,220.5
-609.0,219.5
-609.0,218.5
-609.0,217.5
-609.0,216.5
-609.0,215.5
-609.0,214.5
-609.0,213.5
-609.0,212.5
-609.0,211.5
-609.0,210.5
-609.0,209.5
-609.0,208.5
-609.0,207.5
-609.0,206.5
-609.0,205.5
-609.0,204.5
-609.0,203.5
-609.0,202.5
-609.0,201.5
-609.0,200.5
-609.0,199.5
-609.0,198.5
-609.0,197.5
-609.0,196.5
-609.0,195.5
-609.0,194.5
-609.0,193.5
-609.0,192.5
-609.0,191.5
-609.0,190.5
-609.0,189.5
-609.0,188.5
-609.0,187.5
-609.0,186.5
-609.0,185.5
-609.0,184.5
-609.0,183.5
-609.0,182.5
-610.0,181.5
-610.0,180.5
-609.0,179.5
-609.0,178.5
-609.0,177.5
-609.0,176.5
-610.0,175.5
-610.0,174.5
-610.0,173.5
-610.0,172.5
-610.0,171.5
-610.0,170.5
-610.0,169.5
-610.0,168.5
-610.0,167.5
-610.0,166.5
-610.0,165.5
-610.0,164.5
-610.0,163.5
-610.0,162.5
-610.0,161.5
-610.0,160.5
-610.0,159.5
-610.0,158.5
-610.0,157.5
-610.0,156.5
-610.0,155.5
-610.0,154.5
-610.0,153.5
-610.0,152.5
-610.0,151.5
-610.0,150.5
-610.0,149.5
-610.0,148.5
-610.0,147.5
-610.0,146.5
-610.0,145.5
-610.0,144.5
-610.0,143.5
-610.0,142.5
-610.0,141.5
-610.0,140.5
-610.0,139.5
-609.0,138.5
-609.0,137.5
-609.0,136.5
-609.0,135.5
-609.0,134.5
-609.0,133.5
-609.0,132.5
-609.0,131.5
-609.0,130.5
-610.0,129.5
-610.0,128.5
-610.0,127.5
-610.0,126.5
-610.0,125.5
-610.0,124.5
-610.0,123.5
-610.0,122.5
-610.0,121.5
-610.0,120.5
-610.0,119.5
-610.0,118.5
-610.0,117.5
-610.0,116.5
-610.0,115.5
-610.0,114.5
-610.0,113.5
-610.0,112.5
-610.0,111.5
-610.0,110.5
-610.0,109.5
-610.0,108.5
-610.0,107.5
-610.0,106.5
-610.0,105.5
-610.0,104.5
-610.0,103.5
-610.0,102.5
-610.0,101.5
-610.0,100.5
-610.0,99.5
-610.0,98.5
-610.0,97.5
-610.0,96.5
-610.0,95.5
-610.0,94.5
-610.0,93.5
-610.0,92.5
-610.0,91.5
-610.0,90.5
-610.0,89.5
-610.0,88.5
-610.0,87.5
-610.0,86.5
-610.0,85.5
-610.0,84.5
-610.0,83.5
-610.0,82.5
-610.0,81.5
-610.0,80.5
-610.0,79.5
-610.0,78.5
-610.0,77.5
-610.0,76.5
-610.0,75.5
-610.0,74.5
-610.0,73.5
-610.0,72.5
-610.0,71.5
-610.0,70.5
-610.0,69.5
-610.0,68.5
-610.0,67.5
-610.0,66.5
-610.0,65.5
-610.0,64.5
-610.0,63.5
-610.0,62.5
-610.0,61.5
-610.0,60.5
-610.0,59.5
-610.0,58.5
-610.0,57.5
-610.0,56.5
-610.0,55.5
-610.0,54.5
-610.0,53.5
-610.0,52.5
-610.0,51.5
-610.0,50.5
-610.0,49.5
-610.0,48.5
-610.0,47.5
-610.0,46.5
-610.0,45.5
-610.0,44.5
-610.0,43.5
-610.0,42.5
-610.0,41.5
-610.0,40.5
-610.0,39.5
-610.0,38.5
-610.0,37.5
-610.0,36.5
-610.0,35.5
-610.0,34.5
-610.0,33.5
-610.0,32.5
-610.0,31.5
-610.0,30.5
-610.0,29.5
-611.0,28.5
-611.0,27.5
-611.0,26.5
-611.0,25.5
-611.0,24.5
-611.0,23.5
-611.0,22.5
-610.0,21.5
-610.0,20.5
-610.0,19.5
-610.0,18.5
-610.0,17.5
-610.0,16.5
-610.0,15.5
-611.0,14.5
-611.0,13.5
-611.0,12.5
-611.0,11.5
-611.0,10.5
-611.0,9.5
-611.0,8.5
-611.0,7.5
-611.0,6.5
-611.0,5.5
-611.0,4.5
-611.0,3.5
-611.0,2.5
-611.0,1.5
-611.0,0.5
-611.0,-0.5
-611.0,-1.5
-611.0,-2.5
-611.0,-3.5
-611.0,-4.5
-611.0,-5.5
-611.0,-6.5
-611.0,-7.5
-611.0,-8.5
-611.0,-9.5
-611.0,-10.5
-611.0,-11.5
-611.0,-12.5
-611.0,-13.5
-611.0,-14.5
-611.0,-15.5
-611.0,-16.5
-611.0,-17.5
-611.0,-18.5
-611.0,-19.5
-611.0,-20.5
-611.0,-21.5
-611.0,-22.5
-611.0,-23.5
-611.0,-24.5
-611.0,-25.5
-611.0,-26.5
-611.0,-27.5
-611.0,-28.5
-611.0,-29.5
-611.0,-30.5
-611.0,-31.5
-611.0,-32.5
-611.0,-33.5
-611.0,-34.5
-611.0,-35.5
-611.0,-36.5
-611.0,-37.5
-611.0,-38.5
-611.0,-39.5
-611.0,-40.5
-611.0,-41.5
-611.0,-42.5
-611.0,-43.5
-611.0,-44.5
-611.0,-45.5
-611.0,-46.5
-611.0,-47.5
-611.0,-48.5
-611.0,-49.5
-611.0,-50.5
-611.0,-51.5
-611.0,-52.5
-611.0,-53.5
-611.0,-54.5
-611.0,-55.5
-611.0,-56.5
-611.0,-57.5
-611.0,-58.5
-611.0,-59.5
-611.0,-60.5
-611.0,-61.5
-611.0,-62.5
-611.0,-63.5
-611.0,-64.5
-611.0,-65.5
-611.0,-66.5
-611.0,-67.5
-611.0,-68.5
-611.0,-69.5
-611.0,-70.5
-611.0,-71.5
-611.0,-72.5
-611.0,-73.5
-611.0,-74.5
-611.0,-75.5
-611.0,-76.5
-611.0,-77.5
-611.0,-78.5
-611.0,-79.5
-611.0,-80.5
-611.0,-81.5
-611.0,-82.5
-611.0,-83.5
-611.0,-84.5
-611.0,-85.5
-611.0,-86.5
-611.0,-87.5
-611.0,-88.5
-611.0,-89.5
-611.0,-90.5
-611.0,-91.5
-611.0,-92.5
-611.0,-93.5
-611.0,-94.5
-611.0,-95.5
-611.0,-96.5
-611.0,-97.5
-611.0,-98.5
-611.0,-99.5
-611.0,-100.5
-611.0,-101.5
-611.0,-102.5
-611.0,-103.5
-611.0,-104.5
-611.0,-105.5
-611.0,-106.5
-611.0,-107.5
-611.0,-108.5
-611.0,-109.5
-611.0,-110.5
-611.0,-111.5
-611.0,-112.5
-611.0,-113.5
-611.0,-114.5
-611.0,-115.5
-611.0,-116.5
-611.0,-117.5
-611.0,-118.5
-611.0,-119.5
-611.0,-120.5
-611.0,-121.5
-611.0,-122.5
-611.0,-123.5
-611.0,-124.5
-611.0,-125.5
-611.0,-126.5
-611.0,-127.5
-611.0,-128.5
-611.0,-129.5
-611.0,-130.5
-611.0,-131.5
-611.0,-132.5
-611.0,-133.5
-611.0,-134.5
-611.0,-135.5
-611.0,-136.5
-611.0,-137.5
-611.0,-138.5
-611.0,-139.5
-611.0,-140.5
-611.0,-141.5
-611.0,-142.5
-611.0,-143.5
-610.0,-144.5
-610.0,-145.5
-611.0,-146.5
-612.0,-147.5
-612.0,-148.5
-612.0,-149.5
-612.0,-150.5
-612.0,-151.5
-612.0,-152.5
-612.0,-153.5
-612.0,-154.5
-612.0,-155.5
-612.0,-156.5
-612.0,-157.5
-612.0,-158.5
-612.0,-159.5
-612.0,-160.5
-612.0,-161.5
-612.0,-162.5
-612.0,-163.5
-612.0,-164.5
-612.0,-165.5
-612.0,-166.5
-612.0,-167.5
-612.0,-168.5
-612.0,-169.5
-612.0,-170.5
-612.0,-171.5
-612.0,-172.5
-612.0,-173.5
-612.0,-174.5
-612.0,-175.5
-612.0,-176.5
-612.0,-177.5
-612.0,-178.5
-612.0,-179.5
-612.0,-180.5
-612.0,-181.5
-612.0,-182.5
-612.0,-183.5
-612.0,-184.5
-612.0,-185.5
-612.0,-186.5
-612.0,-187.5
-612.0,-188.5
-612.0,-189.5
-612.0,-190.5
-612.0,-191.5
-612.0,-192.5
-612.0,-193.5
-612.0,-194.5
-612.0,-195.5
-612.0,-196.5
-612.0,-197.5
-612.0,-198.5
-612.0,-199.5
-612.0,-200.5
-612.0,-201.5
-612.0,-202.5
-612.0,-203.5
-612.0,-204.5
-612.0,-205.5
-612.0,-206.5
-612.0,-207.5
-612.0,-208.5
-612.0,-209.5
-612.0,-210.5
-612.0,-211.5
-612.0,-212.5
-612.0,-213.5
-612.0,-214.5
-612.0,-215.5
-612.0,-216.5
-612.0,-217.5
-612.0,-218.5
-612.0,-219.5
-612.0,-220.5
-612.0,-221.5
-612.0,-222.5
-612.0,-223.5
-612.0,-224.5
-612.0,-225.5
-612.0,-226.5
-612.0,-227.5
-612.0,-228.5
-612.0,-229.5
-612.0,-230.5
-612.0,-231.5
-612.0,-232.5
-612.0,-233.5
-612.0,-234.5
-612.0,-235.5
-612.0,-236.5
-612.0,-237.5
-612.0,-238.5
-612.0,-239.5
-612.0,-240.5
-612.0,-241.5
-612.0,-242.5
-612.0,-243.5
-612.0,-244.5
-612.0,-245.5
-612.0,-246.5
-612.0,-247.5
-612.0,-248.5
-612.0,-249.5
-612.0,-250.5
-612.0,-251.5
-612.0,-252.5
-612.0,-253.5
-612.0,-254.5
-612.0,-255.5
-612.0,-256.5
-612.0,-257.5
-612.0,-258.5
-612.0,-259.5
-612.0,-260.5
-612.0,-261.5
-612.0,-262.5
-612.0,-263.5
-612.0,-264.5
-612.0,-265.5
-612.0,-266.5
-612.0,-267.5
-612.0,-268.5
-612.0,-269.5
-612.0,-270.5
-612.0,-271.5
-612.0,-272.5
-612.0,-273.5
-612.0,-274.5
-612.0,-275.5
-612.0,-276.5
-612.0,-277.5
-612.0,-278.5
-612.0,-279.5
-612.0,-280.5
-612.0,-281.5
-612.0,-282.5
-612.0,-283.5
-612.0,-284.5
-612.0,-285.5
-612.0,-286.5
-612.0,-287.5
-612.0,-288.5
-612.0,-289.5
-612.0,-290.5
-612.0,-291.5
-612.0,-292.5
-612.0,-293.5
-612.0,-294.5
-612.0,-295.5
-612.0,-296.5
-612.0,-297.5
-612.0,-298.5
-612.0,-299.5
-612.0,-300.5
-612.0,-301.5
-612.0,-302.5
-612.0,-303.5
-612.0,-304.5
-612.0,-305.5
-612.0,-306.5
-612.0,-307.5
-612.0,-308.5
-612.0,-309.5
-612.0,-310.5
-612.0,-311.5
-612.0,-312.5
-612.0,-313.5
-612.0,-314.5
-612.0,-315.5
-612.0,-316.5
-612.0,-317.5
-612.0,-318.5
-612.0,-319.5
-612.0,-320.5
-612.0,-321.5
-612.0,-322.5
-612.0,-323.5
-612.0,-324.5
-612.0,-325.5
-612.0,-326.5
-612.0,-327.5
-612.0,-328.5
-612.0,-329.5
-613.0,-330.5
-613.0,-331.5
-613.0,-332.5
-612.0,-333.5
-612.0,-334.5
-612.0,-335.5
-612.0,-336.5
-612.0,-337.5
-612.0,-338.5
-612.0,-339.5
-612.0,-340.5
-612.0,-341.5
-612.0,-342.5
-612.0,-343.5
-612.0,-344.5
-612.0,-345.5
-612.0,-346.5
-612.0,-347.5
-612.0,-348.5
-612.0,-349.5
-612.0,-350.5
-612.0,-351.5
-612.0,-352.5
-612.0,-353.5
-612.0,-354.5
-612.0,-355.5
-612.0,-356.5
-612.0,-357.5
-612.0,-358.5
-612.0,-359.5
-612.0,-360.5
-612.0,-361.5
-612.0,-362.5
-612.0,-363.5
-612.0,-364.5
-612.0,-365.5
-612.0,-366.5
-612.0,-367.5
-612.0,-368.5
-612.0,-369.5
-612.0,-370.5
-612.0,-371.5
-612.0,-372.5
-612.0,-373.5
-612.0,-374.5
-612.0,-375.5
-612.0,-376.5
-612.0,-377.5
-612.0,-378.5
-612.0,-379.5
-612.0,-380.5
-612.0,-381.5
-612.0,-382.5
-612.0,-383.5
-612.0,-384.5
-612.0,-385.5
-612.0,-386.5
-612.0,-387.5
-612.0,-388.5
-612.0,-389.5
-612.0,-390.5
-612.0,-391.5
-612.0,-392.5
-612.0,-393.5
-612.0,-394.5
-612.0,-395.5
-612.0,-396.5
-612.0,-397.5
-613.0,-398.5
-613.0,-399.5
-613.0,-400.5
-613.0,-401.5
-613.0,-402.5
-613.0,-403.5
-613.0,-404.5
-613.0,-405.5
-613.0,-406.5
-612.0,-407.5
-612.0,-408.5
-612.0,-409.5
-613.0,-410.5
-612.0,-411.5
-612.0,-412.5
-612.0,-413.5
-612.0,-414.5
-612.0,-415.5
-612.0,-416.5
-612.0,-417.5
-612.0,-418.5
-612.0,-419.5
-612.0,-420.5
-612.0,-421.5
-612.0,-422.5
-612.0,-423.5
-612.0,-424.5
-612.0,-425.5
-612.0,-426.5
-612.0,-427.5
-613.0,-428.5
-613.0,-429.5
-613.0,-430.5
-613.0,-431.5
-613.0,-432.5
-613.0,-433.5
-613.0,-434.5
-612.0,-435.5
-612.0,-436.5
-612.0,-437.5
-612.0,-438.5
-613.0,-439.5
-613.0,-440.5
-613.0,-441.5
-613.0,-442.5
-613.0,-443.5
-613.0,-444.5
-613.0,-445.5
-613.0,-446.5
-613.0,-447.5
-612.0,-448.5
-612.0,-449.5
-612.0,-450.5
-612.0,-451.5
-612.0,-452.5
-612.0,-453.5
-612.0,-454.5
-612.0,-455.5
-612.0,-456.5
-612.0,-457.5
-613.0,-458.5
-613.0,-459.5
-613.0,-460.5
-613.0,-461.5
-612.0,-462.5
-612.0,-463.5
-612.0,-464.5
-612.0,-465.5
-612.0,-466.5
-612.0,-467.5
-612.0,-468.5
-612.0,-469.5
-612.0,-470.5
-612.0,-471.5
-612.0,-472.5
-612.0,-473.5
-612.0,-474.5
-612.0,-475.5
-612.0,-476.5
-612.0,-477.5
-612.0,-478.5
-613.0,-479.5
-613.0,-480.5
-613.0,-481.5
-613.0,-482.5
-613.0,-483.5
-613.0,-484.5
-613.0,-485.5
-613.0,-486.5
-613.0,-487.5
-613.0,-488.5
-613.0,-489.5
-613.0,-490.5
-613.0,-491.5
-613.0,-492.5
-613.0,-493.5
-613.0,-494.5
-613.0,-495.5
-612.0,-496.5
-612.0,-497.5
-612.0,-498.5
-612.0,-499.5
-612.0,-500.5
-612.0,-501.5
-612.0,-502.5
-612.0,-503.5
-612.0,-504.5
-612.0,-505.5
-613.0,-506.5
-613.0,-507.5
-613.0,-508.5
-613.0,-509.5
-613.0,-510.5
-613.0,-511.5
-613.0,-512.5
-613.0,-513.5
-613.0,-514.5
-613.0,-515.5
-613.0,-516.5
-613.0,-517.5
-612.0,-518.5
-612.0,-519.5
-612.0,-520.5
-612.0,-521.5
-613.0,-522.5
-613.0,-523.5
-613.0,-524.5
-612.0,-525.5
-612.0,-526.5
-612.0,-527.5
-612.0,-528.5
-612.0,-529.5
-612.0,-530.5
-612.0,-531.5
-612.0,-532.5
-612.0,-533.5
-612.0,-534.5
-612.0,-535.5
-612.0,-536.5
-612.0,-537.5
-612.0,-538.5
-613.0,-539.5
-612.0,-540.5
-612.0,-541.5
-612.0,-542.5
-612.0,-543.5
-612.0,-544.5
-612.0,-545.5
-612.0,-546.5
-612.0,-547.5
-612.0,-548.5
-612.0,-549.5
-612.0,-550.5
-612.0,-551.5
-612.0,-552.5
-612.0,-553.5
-612.0,-554.5
-612.0,-555.5
-612.0,-556.5
-612.0,-557.5
-612.0,-558.5
-612.0,-559.5
-612.0,-560.5
-612.0,-561.5
-612.0,-562.5
-612.0,-563.5
-612.0,-564.5
-612.0,-565.5
-612.0,-566.5
-612.0,-567.5
-612.0,-568.5
-612.0,-569.5
-612.0,-570.5
-612.0,-571.5
-612.0,-572.5
-612.0,-573.5
-612.0,-574.5
-612.0,-575.5
-612.0,-576.5
-612.0,-577.5
-612.0,-578.5
-612.0,-579.5
-612.0,-580.5
-612.0,-581.5
-612.0,-582.5
-612.0,-583.5
-612.0,-584.5
-612.0,-585.5
-612.0,-586.5
-612.0,-587.5
-612.0,-588.5
-612.0,-589.5
-612.0,-590.5
-612.0,-591.5
-612.0,-592.5
-612.0,-593.5
-612.0,-594.5
-612.0,-595.5
-612.0,-596.5
-612.0,-597.5
-612.0,-598.5
-612.0,-599.5
-612.0,-600.5
-612.0,-601.5
-612.0,-602.5
-612.0,-603.5
-612.0,-604.5
-612.0,-605.5
-612.0,-606.5
-612.0,-607.5
-612.0,-608.5
-612.0,-609.5
-612.0,-610.5
-612.0,-611.5
-612.0,-612.5
-612.0,-613.5
-612.0,-614.5
-612.0,-615.5
-612.0,-616.5
-612.0,-617.5
-612.0,-618.5
-612.0,-619.5
-612.0,-620.5
-612.0,-621.5
-612.0,-622.5
-612.0,-623.5
-612.0,-624.5
-612.0,-625.5
-612.0,-626.5
-612.0,-627.5
-612.0,-628.5
-612.0,-629.5
-612.0,-630.5
-612.0,-631.5
-612.0,-632.5
-612.0,-633.5
-612.0,-634.5
-612.0,-635.5
-612.0,-636.5
-612.0,-637.5
-612.0,-638.5
-612.0,-639.5
-612.0,-640.5
-612.0,-641.5
-612.0,-642.5
-612.0,-643.5
-612.0,-644.5
-612.0,-645.5
-612.0,-646.5
-612.0,-647.5
-612.0,-648.5
-612.0,-649.5
-612.0,-650.5
-612.0,-651.5
-612.0,-652.5
-612.0,-653.5
-612.0,-654.5
-612.0,-655.5
-612.0,-656.5
-612.0,-657.5
-612.0,-658.5
-612.0,-659.5
-612.0,-660.5
-612.0,-661.5
-612.0,-662.5
-612.0,-663.5
-612.0,-664.5
-612.0,-665.5
-612.0,-666.5
-612.0,-667.5
-612.0,-668.5
-612.0,-669.5
-612.0,-670.5
-612.0,-671.5
-612.0,-672.5
-612.0,-673.5
-612.0,-674.5
-612.0,-675.5
-612.0,-676.5
-612.0,-677.5
-612.0,-678.5
-612.0,-679.5
-612.0,-680.5
-612.0,-681.5
-612.0,-682.5
-612.0,-683.5
-612.0,-684.5
-612.0,-685.5
-612.0,-686.5
-612.0,-687.5
-612.0,-688.5
-612.0,-689.5
-612.0,-690.5
-612.0,-691.5
-612.0,-692.5
-612.0,-693.5
-612.0,-694.5
-612.0,-695.5
-612.0,-696.5
-612.0,-697.5
-612.0,-698.5
-612.0,-699.5
-612.0,-700.5
-612.0,-701.5
-612.0,-702.5
-612.0,-703.5
-612.0,-704.5
-612.0,-705.5
-612.0,-706.5
-612.0,-707.5
-612.0,-708.5
-612.0,-709.5
-612.0,-710.5
-612.0,-711.5
-612.0,-712.5
-612.0,-713.5
-612.0,-714.5
-611.0,-715.5
-611.0,-716.5
-611.0,-717.5
-611.0,-718.5
-611.0,-719.5
-611.0,-720.5
-611.0,-721.5
-611.0,-722.5
-611.0,-723.5
-611.0,-724.5
-611.0,-725.5
-611.0,-726.5
-611.0,-727.5
-611.0,-728.5
-611.0,-729.5
-611.0,-730.5
-611.0,-731.5
-611.0,-732.5
-611.0,-733.5
-611.0,-734.5
-611.0,-735.5
-611.0,-736.5
-611.0,-737.5
-611.0,-738.5
-611.0,-739.5
-611.0,-740.5
-611.0,-741.5
-611.0,-742.5
-611.0,-743.5
-611.0,-744.5
-611.0,-745.5
-611.0,-746.5
-611.0,-747.5
-611.0,-748.5
-611.0,-749.5
-611.0,-750.5
-611.0,-751.5
-611.0,-752.5
-611.0,-753.5
-611.0,-754.5
-611.0,-755.5
-611.0,-756.5
-611.0,-757.5
-611.0,-758.5
-611.0,-759.5
-611.0,-760.5
-611.0,-761.5
-611.0,-762.5
-611.0,-763.5
-611.0,-764.5
-611.0,-765.5
-611.0,-766.5
-611.0,-767.5
-611.0,-768.5
-611.0,-769.5
-611.0,-770.5
-611.0,-771.5
-611.0,-772.5
-611.0,-773.5
-611.0,-774.5
-611.0,-775.5
-611.0,-776.5
-611.0,-777.5
-611.0,-778.5
-611.0,-779.5
-611.0,-780.5
-611.0,-781.5
-611.0,-782.5
-611.0,-783.5
-611.0,-784.5
-611.0,-785.5
-611.0,-786.5
-611.0,-787.5
-611.0,-788.5
-611.0,-789.5
-611.0,-790.5
-611.0,-791.5
-611.0,-792.5
-611.0,-793.5
-611.0,-794.5
-611.0,-795.5
-611.0,-796.5
-610.0,-797.5
-610.0,-798.5
-610.0,-799.5
-610.0,-800.5
-610.0,-801.5
-610.0,-802.5
-610.0,-803.5
-610.0,-804.5
-610.0,-805.5
-610.0,-806.5
-610.0,-807.5
-610.0,-808.5
-610.0,-809.5
-610.0,-810.5
-610.0,-811.5
-610.0,-812.5
-610.0,-813.5
-610.0,-814.5
-610.0,-815.5
-610.0,-816.5
-610.0,-817.5
-610.0,-818.5
-610.0,-819.5
-610.0,-820.5
-610.0,-821.5
-610.0,-822.5
-610.0,-823.5
-610.0,-824.5
-610.0,-825.5
-610.0,-826.5
-610.0,-827.5
-610.0,-828.5
-610.0,-829.5
-610.0,-830.5
-610.0,-831.5
-610.0,-832.5
-610.0,-833.5
-610.0,-834.5
-610.0,-835.5
-610.0,-836.5
-610.0,-837.5
-610.0,-838.5
-610.0,-839.5
-609.0,-840.5
-609.0,-841.5
-608.0,-842.5
-607.0,-843.5
-606.0,-843.5
-605.0,-844.5
-604.0,-844.5
-603.0,-845.5
-602.0,-845.5
-601.0,-845.5
-600.0,-846.5
-599.0,-846.5
-598.0,-846.5
-597.0,-846.5
-596.0,-847.5
-595.0,-847.5
-594.0,-847.5
-593.0,-847.5
-592.0,-847.5
-591.0,-847.5
-590.0,-847.5
-589.0,-847.5
-588.0,-847.5
-587.0,-848.5
-586.0,-848.5
-585.0,-848.5
-584.0,-848.5
-583.0,-848.5
-582.0,-847.5
-581.0,-848.5
-580.0,-848.5
-579.0,-848.5
-578.0,-848.5
-577.0,-848.5
-576.0,-848.5
-575.0,-848.5
-574.0,-848.5
-573.0,-848.5
-572.0,-848.5
-571.0,-848.5
-570.0,-848.5
-569.0,-848.5
-568.0,-848.5
-567.0,-848.5
-566.0,-848.5
-565.0,-848.5
-564.0,-848.5
-563.0,-847.5
-562.0,-848.5
-561.0,-849.5
-560.0,-849.5
-559.0,-849.5
-558.0,-849.5
-557.0,-849.5
-556.0,-849.5
-555.0,-849.5
-554.0,-850.5
-553.0,-850.5
-552.0,-850.5
-551.0,-850.5
-550.0,-850.5
-549.0,-851.5
-548.0,-851.5
-547.0,-851.5
-546.0,-850.5
-545.0,-850.5
-544.0,-849.5
-543.0,-849.5
-542.0,-849.5
-541.0,-849.5
-542.0,-849.5
-543.0,-848.5
-544.0,-847.5
-545.0,-846.5
-545.0,-845.5
-546.0,-844.5
-546.0,-843.5
-546.0,-842.5
-546.0,-841.5
-546.0,-840.5
-546.0,-839.5
-546.0,-838.5
-546.0,-837.5
-546.0,-836.5
-546.0,-835.5
-546.0,-834.5
-546.0,-833.5
-546.0,-832.5
-546.0,-831.5
-546.0,-830.5
-546.0,-829.5
-546.0,-828.5
-546.0,-827.5
-546.0,-826.5
-546.0,-825.5
-546.0,-824.5
-546.0,-823.5
-546.0,-822.5
-546.0,-821.5
-546.0,-820.5
-546.0,-819.5
-546.0,-818.5
-546.0,-817.5
-546.0,-816.5
-546.0,-815.5
-546.0,-814.5
-546.0,-813.5
-546.0,-812.5
-546.0,-811.5
-546.0,-810.5
-547.0,-809.5
-547.0,-808.5
-547.0,-807.5
-547.0,-806.5
-547.0,-805.5
-547.0,-804.5
-547.0,-803.5
-547.0,-802.5
-548.0,-801.5
-548.0,-800.5
-548.0,-799.5
-548.0,-798.5
-548.0,-797.5
-548.0,-796.5
-548.0,-795.5
-548.0,-794.5
-548.0,-793.5
-548.0,-792.5
-548.0,-791.5
-548.0,-790.5
-548.0,-789.5
-548.0,-788.5
-548.0,-787.5
-547.0,-786.5
-547.0,-785.5
-547.0,-784.5
-547.0,-783.5
-547.0,-782.5
-547.0,-781.5
-548.0,-780.5
-548.0,-779.5
-548.0,-778.5
-548.0,-777.5
-548.0,-776.5
-548.0,-775.5
-547.0,-774.5
-547.0,-773.5
-547.0,-772.5
-547.0,-771.5
-547.0,-770.5
-547.0,-769.5
-547.0,-768.5
-547.0,-767.5
-547.0,-766.5
-547.0,-765.5
-547.0,-764.5
-547.0,-763.5
-547.0,-762.5
-547.0,-761.5
-547.0,-760.5
-547.0,-759.5
-547.0,-758.5
-547.0,-757.5
-547.0,-756.5
-547.0,-755.5
-547.0,-754.5
-547.0,-753.5
-547.0,-752.5
-547.0,-751.5
-547.0,-750.5
-547.0,-749.5
-547.0,-748.5
-547.0,-747.5
-547.0,-746.5
-547.0,-745.5
-548.0,-744.5
-548.0,-743.5
-548.0,-742.5
-548.0,-741.5
-548.0,-740.5
-548.0,-739.5
-548.0,-738.5
-548.0,-737.5
-548.0,-736.5
-548.0,-735.5
-548.0,-734.5
-548.0,-733.5
-548.0,-732.5
-548.0,-731.5
-548.0,-730.5
-548.0,-729.5
-548.0,-728.5
-548.0,-727.5
-548.0,-726.5
-548.0,-725.5
-548.0,-724.5
-548.0,-723.5
-548.0,-724.5
-548.0,-725.5
-548.0,-726.5
-548.0,-727.5
-548.0,-728.5
-548.0,-729.5
-548.0,-730.5
-548.0,-731.5
-548.0,-732.5
-548.0,-733.5
-548.0,-734.5
-548.0,-735.5
-548.0,-736.5
-548.0,-737.5
-548.0,-738.5
-548.0,-739.5
-548.0,-740.5
-548.0,-741.5
-548.0,-742.5
-548.0,-743.5
-548.0,-744.5
-547.0,-745.5
-547.0,-746.5
-547.0,-747.5
-547.0,-748.5
-547.0,-749.5
-547.0,-750.5
-547.0,-751.5
-547.0,-752.5
-547.0,-753.5
-547.0,-754.5
-547.0,-755.5
-547.0,-756.5
-547.0,-757.5
-547.0,-758.5
-547.0,-759.5
-547.0,-760.5
-547.0,-761.5
-547.0,-762.5
-547.0,-763.5
-547.0,-764.5
-547.0,-765.5
-547.0,-766.5
-547.0,-767.5
-547.0,-768.5
-547.0,-769.5
-547.0,-770.5
-547.0,-771.5
-547.0,-772.5
-547.0,-773.5
-547.0,-774.5
-548.0,-775.5
-548.0,-776.5
-548.0,-777.5
-548.0,-778.5
-548.0,-779.5
-548.0,-780.5
-547.0,-781.5
-547.0,-782.5
-547.0,-783.5
-547.0,-784.5
-547.0,-785.5
-547.0,-786.5
-548.0,-787.5
-548.0,-788.5
-548.0,-789.5
-548.0,-790.5
-548.0,-791.5
-548.0,-792.5
-548.0,-793.5
-548.0,-794.5
-548.0,-795.5
-548.0,-796.5
-548.0,-797.5
-548.0,-798.5
-548.0,-799.5
-548.0,-800.5
-548.0,-801.5
-547.0,-802.5
-547.0,-803.5
-547.0,-804.5
-547.0,-805.5
-547.0,-806.5
-547.0,-807.5
-547.0,-808.5
-547.0,-809.5
-546.0,-810.5
-546.0,-811.5
-546.0,-812.5
-546.0,-813.5
-546.0,-814.5
-546.0,-815.5
-546.0,-816.5
-546.0,-817.5
-546.0,-818.5
-546.0,-819.5
-546.0,-820.5
-546.0,-821.5
-546.0,-822.5
-546.0,-823.5
-546.0,-824.5
-546.0,-825.5
-546.0,-826.5
-546.0,-827.5
-546.0,-828.5
-546.0,-829.5
-546.0,-830.5
-546.0,-831.5
-546.0,-832.5
-546.0,-833.5
-546.0,-834.5
-546.0,-835.5
-546.0,-836.5
-546.0,-837.5
-546.0,-838.5
-546.0,-839.5
-546.0,-840.5
-546.0,-841.5
-546.0,-842.5
-546.0,-843.5
-546.0,-844.5
-546.0,-845.5
-545.0,-846.5
-544.0,-847.5
-543.0,-848.5
-544.0,-849.5
-545.0,-850.5
-546.0,-850.5
-547.0,-851.5
-548.0,-850.5
-549.0,-851.5
-550.0,-850.5
-551.0,-850.5
-552.0,-850.5
-553.0,-849.5
-554.0,-850.5
-555.0,-849.5
-556.0,-848.5
-557.0,-848.5
-558.0,-848.5
-559.0,-848.5
-560.0,-848.5
-561.0,-849.5
-562.0,-848.5
-563.0,-847.5
-564.0,-847.5
-565.0,-847.5
-566.0,-847.5
-567.0,-847.5
-568.0,-847.5
-569.0,-847.5
-570.0,-847.5
-571.0,-847.5
-572.0,-847.5
-573.0,-847.5
-574.0,-847.5
-575.0,-847.5
-576.0,-847.5
-577.0,-847.5
-578.0,-847.5
-579.0,-847.5
-580.0,-847.5
-581.0,-848.5
-582.0,-847.5
-583.0,-848.5
-584.0,-848.5
-585.0,-848.5
-586.0,-848.5
-587.0,-848.5
-588.0,-847.5
-589.0,-847.5
-590.0,-847.5
-591.0,-847.5
-592.0,-847.5
-593.0,-847.5
-594.0,-847.5
-595.0,-847.5
-596.0,-846.5
-597.0,-846.5
-598.0,-846.5
-599.0,-846.5
-600.0,-846.5
-601.0,-845.5
-602.0,-845.5
-603.0,-845.5
-604.0,-844.5
-605.0,-844.5
-606.0,-843.5
-607.0,-842.5
-608.0,-841.5
-609.0,-840.5
-609.0,-839.5
-610.0,-838.5
-610.0,-837.5
-610.0,-836.5
-610.0,-835.5
-610.0,-834.5
-610.0,-833.5
-610.0,-832.5
-610.0,-831.5
-610.0,-830.5
-610.0,-829.5
-610.0,-828.5
-610.0,-827.5
-610.0,-826.5
-610.0,-825.5
-610.0,-824.5
-610.0,-823.5
-610.0,-822.5
-610.0,-821.5
-610.0,-820.5
-610.0,-819.5
-610.0,-818.5
-610.0,-817.5
-610.0,-816.5
-610.0,-815.5
-610.0,-814.5
-610.0,-813.5
-610.0,-812.5
-610.0,-811.5
-610.0,-810.5
-610.0,-809.5
-610.0,-808.5
-610.0,-807.5
-610.0,-806.5
-610.0,-805.5
-610.0,-804.5
-610.0,-803.5
-610.0,-802.5
-610.0,-801.5
-610.0,-800.5
-610.0,-799.5
-610.0,-798.5
-610.0,-797.5
-611.0,-796.5
-611.0,-795.5
-611.0,-794.5
-611.0,-793.5
-611.0,-792.5
-611.0,-791.5
-611.0,-790.5
-611.0,-789.5
-611.0,-788.5
-611.0,-787.5
-611.0,-786.5
-611.0,-785.5
-611.0,-784.5
-611.0,-783.5
-611.0,-782.5
-611.0,-781.5
-611.0,-780.5
-611.0,-779.5
-611.0,-778.5
-611.0,-777.5
-611.0,-776.5
-611.0,-775.5
-611.0,-774.5
-611.0,-773.5
-611.0,-772.5
-611.0,-771.5
-611.0,-770.5
-611.0,-769.5
-611.0,-768.5
-611.0,-767.5
-611.0,-766.5
-611.0,-765.5
-611.0,-764.5
-611.0,-763.5
-611.0,-762.5
-611.0,-761.5
-611.0,-760.5
-611.0,-759.5
-611.0,-758.5
-611.0,-757.5
-611.0,-756.5
-611.0,-755.5
-611.0,-754.5
-611.0,-753.5
-611.0,-752.5
-611.0,-751.5
-611.0,-750.5
-611.0,-749.5
-611.0,-748.5
-611.0,-747.5
-611.0,-746.5
-611.0,-745.5
-611.0,-744.5
-611.0,-743.5
-611.0,-742.5
-611.0,-741.5
-611.0,-740.5
-611.0,-739.5
-611.0,-738.5
-611.0,-737.5
-611.0,-736.5
-611.0,-735.5
-611.0,-734.5
-611.0,-733.5
-611.0,-732.5
-611.0,-731.5
-611.0,-730.5
-611.0,-729.5
-611.0,-728.5
-611.0,-727.5
-611.0,-726.5
-611.0,-725.5
-611.0,-724.5
-611.0,-723.5
-611.0,-722.5
-611.0,-721.5
-611.0,-720.5
-611.0,-719.5
-611.0,-718.5
-611.0,-717.5
-611.0,-716.5
-611.0,-715.5
-612.0,-714.5
-612.0,-713.5
-612.0,-712.5
-612.0,-711.5
-612.0,-710.5
-612.0,-709.5
-612.0,-708.5
-612.0,-707.5
-612.0,-706.5
-612.0,-705.5
-612.0,-704.5
-612.0,-703.5
-612.0,-702.5
-612.0,-701.5
-612.0,-700.5
-612.0,-699.5
-612.0,-698.5
-612.0,-697.5
-612.0,-696.5
-612.0,-695.5
-612.0,-694.5
-612.0,-693.5
-612.0,-692.5
-612.0,-691.5
-612.0,-690.5
-612.0,-689.5
-612.0,-688.5
-612.0,-687.5
-612.0,-686.5
-612.0,-685.5
-612.0,-684.5
-612.0,-683.5
-612.0,-682.5
-612.0,-681.5
-612.0,-680.5
-612.0,-679.5
-612.0,-678.5
-612.0,-677.5
-612.0,-676.5
-612.0,-675.5
-612.0,-674.5
-612.0,-673.5
-612.0,-672.5
-612.0,-671.5
-612.0,-670.5
-612.0,-669.5
-612.0,-668.5
-612.0,-667.5
-612.0,-666.5
-612.0,-665.5
-612.0,-664.5
-612.0,-663.5
-612.0,-662.5
-612.0,-661.5
-612.0,-660.5
-612.0,-659.5
-612.0,-658.5
-612.0,-657.5
-612.0,-656.5
-612.0,-655.5
-612.0,-654.5
-612.0,-653.5
-612.0,-652.5
-612.0,-651.5
-612.0,-650.5
-612.0,-649.5
-612.0,-648.5
-612.0,-647.5
-612.0,-646.5
-612.0,-645.5
-612.0,-644.5
-612.0,-643.5
-612.0,-642.5
-612.0,-641.5
-612.0,-640.5
-612.0,-639.5
-612.0,-638.5
-612.0,-637.5
-612.0,-636.5
-612.0,-635.5
-612.0,-634.5
-612.0,-633.5
-612.0,-632.5
-612.0,-631.5
-612.0,-630.5
-612.0,-629.5
-612.0,-628.5
-612.0,-627.5
-612.0,-626.5
-612.0,-625.5
-612.0,-624.5
-612.0,-623.5
-612.0,-622.5
-612.0,-621.5
-612.0,-620.5
-612.0,-619.5
-612.0,-618.5
-612.0,-617.5
-612.0,-616.5
-612.0,-615.5
-612.0,-614.5
-612.0,-613.5
-612.0,-612.5
-612.0,-611.5
-612.0,-610.5
-612.0,-609.5
-612.0,-608.5
-612.0,-607.5
-612.0,-606.5
-612.0,-605.5
-612.0,-604.5
-612.0,-603.5
-612.0,-602.5
-612.0,-601.5
-612.0,-600.5
-612.0,-599.5
-612.0,-598.5
-612.0,-597.5
-612.0,-596.5
-612.0,-595.5
-612.0,-594.5
-612.0,-593.5
-612.0,-592.5
-612.0,-591.5
-612.0,-590.5
-612.0,-589.5
-612.0,-588.5
-612.0,-587.5
-612.0,-586.5
-612.0,-585.5
-612.0,-584.5
-612.0,-583.5
-612.0,-582.5
-612.0,-581.5
-612.0,-580.5
-612.0,-579.5
-612.0,-578.5
-612.0,-577.5
-612.0,-576.5
-612.0,-575.5
-612.0,-574.5
-612.0,-573.5
-612.0,-572.5
-612.0,-571.5
-612.0,-570.5
-612.0,-569.5
-612.0,-568.5
-612.0,-567.5
-612.0,-566.5
-612.0,-565.5
-612.0,-564.5
-612.0,-563.5
-612.0,-562.5
-612.0,-561.5
-612.0,-560.5
-612.0,-559.5
-612.0,-558.5
-612.0,-557.5
-612.0,-556.5
-612.0,-555.5
-612.0,-554.5
-612.0,-553.5
-612.0,-552.5
-612.0,-551.5
-612.0,-550.5
-612.0,-549.5
-612.0,-548.5
-612.0,-547.5
-612.0,-546.5
-612.0,-545.5
-612.0,-544.5
-612.0,-543.5
-612.0,-542.5
-612.0,-541.5
-612.0,-540.5
-612.0,-539.5
-612.0,-538.5
-612.0,-537.5
-612.0,-536.5
-612.0,-535.5
-612.0,-534.5
-612.0,-533.5
-612.0,-532.5
-612.0,-531.5
-612.0,-530.5
-612.0,-529.5
-612.0,-528.5
-612.0,-527.5
-612.0,-526.5
-612.0,-525.5
-613.0,-524.5
-613.0,-523.5
-613.0,-522.5
-612.0,-521.5
-612.0,-520.5
-612.0,-519.5
-612.0,-518.5
-613.0,-517.5
-613.0,-516.5
-613.0,-515.5
-613.0,-514.5
-613.0,-513.5
-613.0,-512.5
-613.0,-511.5
-613.0,-510.5
-613.0,-509.5
-613.0,-508.5
-613.0,-507.5
-613.0,-506.5
-612.0,-505.5
-612.0,-504.5
-612.0,-503.5
-612.0,-502.5
-612.0,-501.5
-612.0,-500.5
-612.0,-499.5
-612.0,-498.5
-612.0,-497.5
-612.0,-496.5
-613.0,-495.5
-613.0,-494.5
-613.0,-493.5
-613.0,-492.5
-613.0,-491.5
-613.0,-490.5
-613.0,-489.5
-613.0,-488.5
-613.0,-487.5
-613.0,-486.5
-613.0,-485.5
-612.0,-484.5
-612.0,-483.5
-613.0,-482.5
-613.0,-481.5
-613.0,-480.5
-613.0,-479.5
-612.0,-478.5
-612.0,-477.5
-612.0,-476.5
-612.0,-475.5
-612.0,-474.5
-612.0,-473.5
-612.0,-472.5
-612.0,-471.5
-612.0,-470.5
-612.0,-469.5
-612.0,-468.5
-612.0,-467.5
-612.0,-466.5
-612.0,-465.5
-612.0,-464.5
-612.0,-463.5
-612.0,-462.5
-613.0,-461.5
-613.0,-460.5
-613.0,-459.5
-613.0,-458.5
-612.0,-457.5
-612.0,-456.5
-612.0,-455.5
-612.0,-454.5
-612.0,-453.5
-612.0,-452.5
-612.0,-451.5
-612.0,-450.5
-612.0,-449.5
-612.0,-448.5
-613.0,-447.5
-613.0,-446.5
-613.0,-445.5
-613.0,-444.5
-613.0,-443.5
-613.0,-442.5
-613.0,-441.5
-613.0,-440.5
-613.0,-439.5
-612.0,-438.5
-612.0,-437.5
-612.0,-436.5
-612.0,-435.5
-613.0,-434.5
-613.0,-433.5
-613.0,-432.5
-613.0,-431.5
-613.0,-430.5
-613.0,-429.5
-613.0,-428.5
-612.0,-427.5
-612.0,-426.5
-612.0,-425.5
-612.0,-424.5
-612.0,-423.5
-612.0,-422.5
-612.0,-421.5
-612.0,-420.5
-612.0,-419.5
-612.0,-418.5
-612.0,-417.5
-612.0,-416.5
-612.0,-415.5
-612.0,-414.5
-612.0,-413.5
-612.0,-412.5
-612.0,-411.5
-612.0,-410.5
-612.0,-409.5
-612.0,-408.5
-612.0,-407.5
-612.0,-406.5
-612.0,-405.5
-612.0,-404.5
-612.0,-403.5
-613.0,-402.5
-613.0,-401.5
-613.0,-400.5
-613.0,-399.5
-613.0,-398.5
-612.0,-397.5
-612.0,-396.5
-612.0,-395.5
-612.0,-394.5
-612.0,-393.5
-612.0,-392.5
-612.0,-391.5
-612.0,-390.5
-612.0,-389.5
-612.0,-388.5
-612.0,-387.5
-612.0,-386.5
-612.0,-385.5
-612.0,-384.5
-612.0,-383.5
-612.0,-382.5
-612.0,-381.5
-612.0,-380.5
-612.0,-379.5
-612.0,-378.5
-612.0,-377.5
-612.0,-376.5
-612.0,-375.5
-612.0,-374.5
-612.0,-373.5
-612.0,-372.5
-612.0,-371.5
-612.0,-370.5
-612.0,-369.5
-612.0,-368.5
-612.0,-367.5
-612.0,-366.5
-612.0,-365.5
-612.0,-364.5
-612.0,-363.5
-612.0,-362.5
-612.0,-361.5
-612.0,-360.5
-612.0,-359.5
-612.0,-358.5
-612.0,-357.5
-612.0,-356.5
-612.0,-355.5
-612.0,-354.5
-612.0,-353.5
-612.0,-352.5
-612.0,-351.5
-612.0,-350.5
-612.0,-349.5
-612.0,-348.5
-612.0,-347.5
-612.0,-346.5
-612.0,-345.5
-612.0,-344.5
-612.0,-343.5
-612.0,-342.5
-612.0,-341.5
-612.0,-340.5
-612.0,-339.5
-612.0,-338.5
-612.0,-337.5
-612.0,-336.5
-612.0,-335.5
-612.0,-334.5
-612.0,-333.5
-613.0,-332.5
-613.0,-331.5
-613.0,-330.5
-612.0,-329.5
-612.0,-328.5
-612.0,-327.5
-612.0,-326.5
-612.0,-325.5
-612.0,-324.5
-612.0,-323.5
-612.0,-322.5
-612.0,-321.5
-612.0,-320.5
-612.0,-319.5
-612.0,-318.5
-612.0,-317.5
-612.0,-316.5
-612.0,-315.5
-612.0,-314.5
-612.0,-313.5
-612.0,-312.5
-612.0,-311.5
-612.0,-310.5
-612.0,-309.5
-612.0,-308.5
-612.0,-307.5
-612.0,-306.5
-612.0,-305.5
-612.0,-304.5
-612.0,-303.5
-612.0,-302.5
-612.0,-301.5
-612.0,-300.5
-612.0,-299.5
-612.0,-298.5
-612.0,-297.5
-612.0,-296.5
-612.0,-295.5
-612.0,-294.5
-612.0,-293.5
-612.0,-292.5
-612.0,-291.5
-612.0,-290.5
-612.0,-289.5
-612.0,-288.5
-612.0,-287.5
-612.0,-286.5
-612.0,-285.5
-612.0,-284.5
-612.0,-283.5
-612.0,-282.5
-612.0,-281.5
-612.0,-280.5
-612.0,-279.5
-612.0,-278.5
-612.0,-277.5
-612.0,-276.5
-612.0,-275.5
-612.0,-274.5
-612.0,-273.5
-612.0,-272.5
-612.0,-271.5
-612.0,-270.5
-612.0,-269.5
-612.0,-268.5
-612.0,-267.5
-612.0,-266.5
-612.0,-265.5
-612.0,-264.5
-612.0,-263.5
-612.0,-262.5
-612.0,-261.5
-612.0,-260.5
-612.0,-259.5
-612.0,-258.5
-612.0,-257.5
-612.0,-256.5
-612.0,-255.5
-612.0,-254.5
-612.0,-253.5
-612.0,-252.5
-612.0,-251.5
-612.0,-250.5
-612.0,-249.5
-612.0,-248.5
-612.0,-247.5
-612.0,-246.5
-612.0,-245.5
-612.0,-244.5
-612.0,-243.5
-612.0,-242.5
-612.0,-241.5
-612.0,-240.5
-612.0,-239.5
-612.0,-238.5
-612.0,-237.5
-612.0,-236.5
-612.0,-235.5
-612.0,-234.5
-612.0,-233.5
-612.0,-232.5
-612.0,-231.5
-612.0,-230.5
-612.0,-229.5
-612.0,-228.5
-612.0,-227.5
-612.0,-226.5
-612.0,-225.5
-612.0,-224.5
-612.0,-223.5
-612.0,-222.5
-612.0,-221.5
-612.0,-220.5
-612.0,-219.5
-612.0,-218.5
-612.0,-217.5
-612.0,-216.5
-612.0,-215.5
-612.0,-214.5
-612.0,-213.5
-612.0,-212.5
-612.0,-211.5
-612.0,-210.5
-612.0,-209.5
-612.0,-208.5
-612.0,-207.5
-612.0,-206.5
-612.0,-205.5
-612.0,-204.5
-612.0,-203.5
-612.0,-202.5
-612.0,-201.5
-612.0,-200.5
-612.0,-199.5
-612.0,-198.5
-612.0,-197.5
-612.0,-196.5
-612.0,-195.5
-612.0,-194.5
-612.0,-193.5
-612.0,-192.5
-612.0,-191.5
-612.0,-190.5
-612.0,-189.5
-612.0,-188.5
-612.0,-187.5
-612.0,-186.5
-612.0,-185.5
-612.0,-184.5
-612.0,-183.5
-612.0,-182.5
-612.0,-181.5
-612.0,-180.5
-612.0,-179.5
-612.0,-178.5
-612.0,-177.5
-612.0,-176.5
-612.0,-175.5
-612.0,-174.5
-612.0,-173.5
-612.0,-172.5
-612.0,-171.5
-612.0,-170.5
-612.0,-169.5
-612.0,-168.5
-612.0,-167.5
-612.0,-166.5
-612.0,-165.5
-612.0,-164.5
-612.0,-163.5
-612.0,-162.5
-611.0,-161.5
-612.0,-160.5
-612.0,-159.5
-612.0,-158.5
-612.0,-157.5
-612.0,-156.5
-612.0,-155.5
-612.0,-154.5
-612.0,-153.5
-612.0,-152.5
-612.0,-151.5
-612.0,-150.5
-612.0,-149.5
-612.0,-148.5
-612.0,-147.5
-611.0,-146.5
-610.0,-145.5
-609.0,-145.5
-608.0,-144.5
-607.0,-145.5
-606.0,-145.5
-605.0,-145.5
-604.0,-145.5
-603.0,-145.5
-602.0,-145.5
-601.0,-145.5
-600.0,-145.5
-599.0,-145.5
-598.0,-145.5
-597.0,-145.5
-596.0,-145.5
-595.0,-145.5
-594.0,-145.5
-593.0,-145.5
-592.0,-145.5
-591.0,-145.5
-590.0,-145.5
-589.0,-145.5
-588.0,-145.5
-587.0,-145.5
-586.0,-145.5
-585.0,-145.5
-584.0,-145.5
-583.0,-145.5
-582.0,-145.5
-581.0,-145.5
-580.0,-145.5
-579.0,-145.5
-578.0,-145.5
-577.0,-145.5
-576.0,-145.5
-575.0,-145.5
-574.0,-145.5
-573.0,-145.5
-572.0,-145.5
-571.0,-145.5
-570.0,-145.5
-569.0,-145.5
-568.0,-145.5
-567.0,-145.5
-566.0,-145.5
-565.0,-145.5
-564.0,-145.5
-563.0,-145.5
-562.0,-145.5
-561.0,-145.5
-560.0,-145.5
-559.0,-145.5
-558.0,-145.5
-557.0,-144.5
-556.0,-144.5
-555.0,-145.5
-554.0,-145.5
-553.0,-145.5
-552.0,-145.5
-551.0,-145.5
-550.0,-144.5
-549.0,-144.5
-548.0,-144.5
-547.0,-144.5
-546.0,-144.5
-545.0,-144.5
-544.0,-144.5
-543.0,-144.5
-542.0,-144.5
-541.0,-144.5
-540.0,-144.5
-539.0,-144.5
-538.0,-144.5
-537.0,-144.5
-536.0,-144.5
-535.0,-144.5
-534.0,-144.5
-533.0,-144.5
-532.0,-144.5
-531.0,-144.5
-530.0,-144.5
-529.0,-144.5
-528.0,-144.5
-527.0,-144.5
-526.0,-144.5
-525.0,-144.5
-524.0,-144.5
-523.0,-144.5
-522.0,-144.5
-521.0,-144.5
-520.0,-144.5
-519.0,-144.5
-518.0,-144.5
-517.0,-144.5
-516.0,-144.5
-515.0,-144.5
-514.0,-144.5
-513.0,-144.5
-512.0,-144.5
-511.0,-144.5
-510.0,-144.5
-509.0,-144.5
-508.0,-144.5
-507.0,-144.5
-506.0,-144.5
-505.0,-144.5
-504.0,-144.5
-503.0,-144.5
-502.0,-144.5
-501.0,-144.5
-500.0,-144.5
-499.0,-144.5
-498.0,-144.5
-497.0,-144.5
-496.0,-144.5
-495.0,-144.5
-494.0,-144.5
-493.0,-144.5
-492.0,-144.5
-491.0,-143.5
-490.0,-143.5
-489.0,-143.5
-488.0,-143.5
-487.0,-143.5
-486.0,-143.5
-485.0,-143.5
-484.0,-143.5
-483.0,-143.5
-482.0,-143.5
-481.0,-143.5
-480.0,-143.5
-479.0,-143.5
-478.0,-143.5
-477.0,-143.5
-476.0,-143.5
-475.0,-143.5
-474.0,-143.5
-473.0,-143.5
-472.0,-143.5
-471.0,-143.5
-470.0,-143.5
-469.0,-143.5
-468.0,-143.5
-467.0,-143.5
-466.0,-143.5
-465.0,-143.5
-464.0,-143.5
-463.0,-143.5
-462.0,-143.5
-461.0,-143.5
-460.0,-143.5
-459.0,-143.5
-458.0,-143.5
-457.0,-143.5
-456.0,-143.5
-455.0,-143.5
-454.0,-143.5
-453.0,-143.5
-452.0,-143.5
-451.0,-143.5
-450.0,-143.5
-449.0,-143.5
-448.0,-143.5
-447.0,-143.5
-446.0,-143.5
-445.0,-143.5
-444.0,-143.5
-443.0,-143.5
-442.0,-143.5
-441.0,-143.5
-440.0,-143.5
-439.0,-143.5
-438.0,-143.5
-437.0,-143.5
-436.0,-143.5
-435.0,-143.5
-434.0,-143.5
-433.0,-143.5
-432.0,-143.5
-431.0,-143.5
-430.0,-143.5
-429.0,-143.5
-428.0,-143.5
-427.0,-143.5
-426.0,-143.5
-425.0,-143.5
-424.0,-143.5
-423.0,-143.5
-422.0,-143.5
-421.0,-143.5
-420.0,-143.5
-419.0,-142.5
-418.0,-142.5
-417.0,-142.5
-416.0,-143.5
-415.0,-143.5
-414.0,-143.5
-413.0,-142.5
-412.0,-142.5
-411.0,-142.5
-410.0,-142.5
-409.0,-142.5
-408.0,-142.5
-407.0,-142.5
-406.0,-142.5
-405.0,-142.5
-404.0,-142.5
-403.0,-142.5
-402.0,-142.5
-401.0,-142.5
-400.0,-142.5
-399.0,-142.5
-398.0,-142.5
-397.0,-142.5
-396.0,-142.5
-395.0,-142.5
-394.0,-142.5
-393.0,-142.5
-392.0,-142.5
-391.0,-142.5
-390.0,-142.5
-389.0,-142.5
-388.0,-142.5
-387.0,-142.5
-386.0,-142.5
-385.0,-142.5
-384.0,-142.5
-383.0,-142.5
-382.0,-142.5
-381.0,-142.5
-380.0,-142.5
-379.0,-142.5
-378.0,-142.5
-377.0,-142.5
-376.0,-142.5
-375.0,-142.5
-374.0,-142.5
-373.0,-142.5
-372.0,-142.5
-371.0,-142.5
-370.0,-142.5
-369.0,-142.5
-368.0,-142.5
-367.0,-142.5
-366.0,-141.5
-365.0,-141.5
-364.0,-141.5
-363.0,-141.5
-362.0,-141.5
-361.0,-141.5
-360.0,-141.5
-359.0,-141.5
-358.0,-141.5
-357.0,-142.5
-356.0,-142.5
-355.0,-142.5
-354.0,-141.5
-353.0,-142.5
-352.0,-142.5
-351.0,-142.5
-350.0,-141.5
-349.0,-141.5
-348.0,-141.5
-347.0,-141.5
-346.0,-141.5
-345.0,-141.5
-344.0,-141.5
-343.0,-141.5
-342.0,-141.5
-341.0,-141.5
-340.0,-141.5
-339.0,-141.5
-338.0,-141.5
-337.0,-141.5
-336.0,-141.5
-335.0,-141.5
-334.0,-141.5
-333.0,-141.5
-332.0,-141.5
-331.0,-141.5
-330.0,-141.5
-329.0,-141.5
-328.0,-141.5
-327.0,-141.5
-326.0,-141.5
-325.0,-141.5
-324.0,-141.5
-323.0,-141.5
-322.0,-141.5
-321.0,-141.5
-320.0,-141.5
-319.0,-141.5
-318.0,-141.5
-317.0,-141.5
-316.0,-141.5
-315.0,-141.5
-314.0,-141.5
-313.0,-141.5
-312.0,-141.5
-311.0,-141.5
-310.0,-141.5
-309.0,-141.5
-308.0,-141.5
-307.0,-141.5
-306.0,-140.5
-305.0,-140.5
-304.0,-140.5
-303.0,-140.5
-302.0,-140.5
-301.0,-140.5
-300.0,-140.5
-299.0,-140.5
-298.0,-140.5
-297.0,-140.5
-296.0,-140.5
-295.0,-140.5
-294.0,-140.5
-293.0,-140.5
-292.0,-140.5
-291.0,-140.5
-290.0,-140.5
-289.0,-140.5
-288.0,-140.5
-287.0,-140.5
-286.0,-140.5
-285.0,-140.5
-284.0,-140.5
-283.0,-140.5
-282.0,-140.5
-281.0,-140.5
-280.0,-140.5
-279.0,-140.5
-278.0,-140.5
-277.0,-140.5
-276.0,-140.5
-275.0,-140.5
-274.0,-140.5
-273.0,-140.5
-272.0,-140.5
-271.0,-140.5
-270.0,-140.5
-269.0,-140.5
-268.0,-140.5
-267.0,-140.5
-266.0,-140.5
-265.0,-140.5
-264.0,-140.5
-263.0,-140.5
-262.0,-140.5
-261.0,-140.5
-260.0,-140.5
-259.0,-140.5
-258.0,-140.5
-257.0,-140.5
-256.0,-139.5
-255.0,-139.5
-254.0,-139.5
-253.0,-139.5
-252.0,-139.5
-251.0,-139.5
-250.0,-139.5
-249.0,-139.5
-248.0,-139.5
-247.0,-139.5
-246.0,-139.5
-245.0,-139.5
-244.0,-139.5
-243.0,-139.5
-242.0,-139.5
-241.0,-139.5
-240.0,-139.5
-239.0,-139.5
-238.0,-139.5
-237.0,-139.5
-236.0,-139.5
-235.0,-139.5
-234.0,-139.5
-233.0,-139.5
-232.0,-139.5
-231.0,-139.5
-230.0,-139.5
-229.0,-139.5
-228.0,-139.5
-227.0,-139.5
-226.0,-139.5
-225.0,-139.5
-224.0,-139.5
-223.0,-139.5
-222.0,-139.5
-221.0,-139.5
-220.0,-139.5
-219.0,-139.5
-218.0,-139.5
-217.0,-139.5
-216.0,-139.5
-215.0,-139.5
-214.0,-139.5
-213.0,-139.5
-212.0,-139.5
-211.0,-139.5
-210.0,-139.5
-209.0,-139.5
-208.0,-139.5
-207.0,-139.5
-206.0,-138.5
-205.0,-138.5
-204.0,-138.5
-203.0,-138.5
-202.0,-138.5
-201.0,-138.5
-200.0,-138.5
-199.0,-138.5
-198.0,-138.5
-197.0,-138.5
-196.0,-138.5
-195.0,-138.5
-194.0,-138.5
-193.0,-138.5
-192.0,-138.5
-191.0,-138.5
-190.0,-138.5
-189.0,-138.5
-188.0,-138.5
-187.0,-138.5
-186.0,-138.5
-185.0,-138.5
-184.0,-138.5
-183.0,-138.5
-182.0,-138.5
-181.0,-138.5
-180.0,-138.5
-179.0,-138.5
-178.0,-138.5
-177.0,-138.5
-176.0,-138.5
-175.0,-138.5
-174.0,-138.5
-173.0,-138.5
-172.0,-138.5
-171.0,-138.5
-170.0,-138.5
-169.0,-138.5
-168.0,-138.5
-167.0,-138.5
-166.0,-138.5
-165.0,-138.5
-164.0,-138.5
-163.0,-138.5
-162.0,-138.5
-161.0,-138.5
-160.0,-138.5
-159.0,-138.5
-158.0,-138.5
-157.0,-138.5
-156.0,-137.5
-155.0,-137.5
-154.0,-137.5
-153.0,-137.5
-152.0,-137.5
-151.0,-137.5
-150.0,-137.5
-149.0,-137.5
-148.0,-137.5
-147.0,-137.5
-146.0,-137.5
-145.0,-137.5
-144.0,-137.5
-143.0,-137.5
-142.0,-137.5
-141.0,-137.5
-140.0,-137.5
-139.0,-137.5
-138.0,-137.5
-137.0,-137.5
-136.0,-137.5
-135.0,-137.5
-134.0,-137.5
-133.0,-137.5
-132.0,-137.5
-131.0,-137.5
-130.0,-137.5
-129.0,-137.5
-128.0,-137.5
-127.0,-137.5
-126.0,-137.5
-125.0,-137.5
-124.0,-137.5
-123.0,-137.5
-122.0,-137.5
-121.0,-137.5
-120.0,-137.5
-119.0,-137.5
-118.0,-137.5
-117.0,-137.5
-116.0,-137.5
-115.0,-137.5
-114.0,-137.5
-113.0,-137.5
-112.0,-137.5
-111.0,-137.5
-110.0,-137.5
-109.0,-137.5
-108.0,-137.5
-107.0,-137.5
-106.0,-137.5
-105.0,-137.5
-104.0,-137.5
-103.0,-137.5
-102.0,-137.5
-101.0,-136.5
-100.0,-136.5
-99.0,-136.5
-98.0,-136.5
-97.0,-136.5
-96.0,-136.5
-95.0,-136.5
-94.0,-136.5
-93.0,-136.5
-92.0,-136.5
-91.0,-136.5
-90.0,-136.5
-89.0,-136.5
-88.0,-136.5
-87.0,-136.5
-86.0,-136.5
-85.0,-136.5
-84.0,-136.5
-83.0,-136.5
-82.0,-136.5
-81.0,-136.5
-80.0,-136.5
-79.0,-136.5
-78.0,-136.5
-77.0,-136.5
-76.0,-136.5
-75.0,-136.5
-74.0,-136.5
-73.0,-136.5
-72.0,-136.5
-71.0,-136.5
-70.0,-136.5
-69.0,-136.5
-68.0,-136.5
-67.0,-136.5
-66.0,-136.5
-65.0,-136.5
-64.0,-136.5
-63.0,-136.5
-62.0,-136.5
-61.0,-136.5
-60.0,-136.5
-59.0,-136.5
-58.0,-136.5
-57.0,-136.5
-56.0,-136.5
-55.0,-136.5
-54.0,-136.5
-53.0,-136.5
-52.0,-136.5
-51.0,-136.5
-50.0,-135.5
-49.0,-135.5
-48.0,-135.5
-47.0,-135.5
-46.0,-135.5
-45.0,-135.5
-44.0,-136.5
-43.0,-136.5
-42.0,-135.5
-41.0,-135.5
-40.0,-135.5
-39.0,-135.5
-38.0,-135.5
-37.0,-135.5
-36.0,-135.5
-35.0,-135.5
-34.0,-135.5
-33.0,-135.5
-32.0,-135.5
-31.0,-135.5
-30.0,-135.5
-29.0,-135.5
-28.0,-135.5
-27.0,-135.5
-26.0,-135.5
-25.0,-135.5
-24.0,-135.5
-23.0,-135.5
-22.0,-135.5
-21.0,-135.5
-20.0,-135.5
-19.0,-135.5
-18.0,-135.5
-17.0,-135.5
-16.0,-135.5
-15.0,-135.5
-14.0,-135.5
-13.0,-135.5
-12.0,-135.5
-11.0,-135.5
-10.0,-135.5
-9.0,-135.5
-8.0,-135.5
-7.0,-135.5
-6.0,-135.5
-5.0,-135.5
-4.0,-135.5
-3.0,-135.5
-2.0,-135.5
-1.0,-135.5
0.0,-135.5
1.0,-135.5
2.0,-135.5
3.0,-135.5
4.0,-135.5
5.0,-135.5
6.0,-135.5
7.0,-135.5
8.0,-135.5
9.0,-135.5
10.0,-135.5
11.0,-135.5
12.0,-135.5
13.0,-135.5
14.0,-135.5
15.0,-135.5
16.0,-135.5
17.0,-135.5
18.0,-135.5
19.0,-135.5
20.0,-135.5
21.0,-134.5
22.0,-134.5
23.0,-134.5
24.0,-134.5
25.0,-134.5
26.0,-134.5
27.0,-134.5
28.0,-134.5
29.0,-134.5
30.0,-134.5
31.0,-134.5
32.0,-134.5
33.0,-134.5
34.0,-134.5
35.0,-134.5
36.0,-134.5
37.0,-134.5
38.0,-134.5
39.0,-134.5
40.0,-134.5
41.0,-134.5
42.0,-134.5
43.0,-134.5
44.0,-134.5
45.0,-134.5
46.0,-134.5
47.0,-134.5
48.0,-134.5
49.0,-134.5
50.0,-134.5
51.0,-134.5
52.0,-134.5
53.0,-134.5
54.0,-134.5
55.0,-134.5
56.0,-134.5
57.0,-134.5
58.0,-134.5
59.0,-134.5
60.0,-134.5
61.0,-134.5
62.0,-134.5
63.0,-134.5
64.0,-134.5
65.0,-134.5
66.0,-134.5
67.0,-134.5
68.0,-134.5
69.0,-134.5
70.0,-134.5
71.0,-134.5
72.0,-134.5
73.0,-134.5
74.0,-134.5
75.0,-134.5
76.0,-134.5
77.0,-134.5
78.0,-134.5
79.0,-134.5
80.0,-134.5
81.0,-134.5
82.0,-134.5
83.0,-134.5
84.0,-134.5
85.0,-134.5
86.0,-134.5
87.0,-134.5
88.0,-134.5
89.0,-134.5
90.0,-134.5
91.0,-134.5
92.0,-134.5
93.0,-134.5
94.0,-134.5
95.0,-134.5
96.0,-134.5
97.0,-134.5
98.0,-133.5
99.0,-133.5
100.0,-133.5
101.0,-133.5
102.0,-133.5
103.0,-133.5
104.0,-133.5
105.0,-133.5
106.0,-133.5
107.0,-133.5
108.0,-133.5
109.0,-133.5
110.0,-133.5
111.0,-133.5
112.0,-133.5
113.0,-133.5
114.0,-133.5
115.0,-133.5
116.0,-133.5
117.0,-133.5
118.0,-133.5
119.0,-133.5
120.0,-133.5
121.0,-133.5
122.0,-133.5
123.0,-133.5
124.0,-133.5
125.0,-133.5
126.0,-133.5
127.0,-133.5
128.0,-133.5
129.0,-133.5
130.0,-133.5
131.0,-133.5
132.0,-133.5
133.0,-133.5
134.0,-133.5
135.0,-133.5
136.0,-133.5
137.0,-133.5
138.0,-133.5
139.0,-133.5
140.0,-133.5
141.0,-133.5
142.0,-133.5
143.0,-133.5
144.0,-133.5
145.0,-133.5
146.0,-133.5
147.0,-133.5
148.0,-133.5
149.0,-133.5
150.0,-133.5
151.0,-133.5
152.0,-133.5
153.0,-133.5
154.0,-133.5
155.0,-133.5
156.0,-133.5
157.0,-133.5
158.0,-133.5
159.0,-133.5
160.0,-133.5
161.0,-133.5
162.0,-133.5
163.0,-133.5
164.0,-133.5
165.0,-133.5
166.0,-133.5
167.0,-133.5
168.0,-133.5
169.0,-133.5
170.0,-133.5
171.0,-133.5
172.0,-133.5
173.0,-133.5
174.0,-133.5
175.0,-133.5
176.0,-133.5
177.0,-133.5
178.0,-133.5
179.0,-133.5
180.0,-133.5
181.0,-133.5
182.0,-133.5
183.0,-133.5
184.0,-133.5
185.0,-133.5
186.0,-132.5
187.0,-133.5
188.0,-133.5
189.0,-132.5
190.0,-132.5
191.0,-132.5
192.0,-132.5
193.0,-132.5
194.0,-132.5
195.0,-132.5
196.0,-132.5
197.0,-132.5
198.0,-132.5
199.0,-132.5
200.0,-132.5
201.0,-132.5
202.0,-132.5
203.0,-132.5
204.0,-132.5
205.0,-132.5
206.0,-132.5
207.0,-132.5
208.0,-132.5
209.0,-132.5
210.0,-132.5
211.0,-132.5
212.0,-132.5
213.0,-132.5
214.0,-132.5
215.0,-133.5
216.0,-132.5
217.0,-133.5
218.0,-134.5
219.0,-134.5
220.0,-133.5
221.0,-132.5
222.0,-133.5
223.0,-132.5
224.0,-132.5
225.0,-132.5
226.0,-132.5
227.0,-132.5
228.0,-132.5
229.0,-132.5
230.0,-132.5
231.0,-132.5
232.0,-132.5
233.0,-132.5
234.0,-132.5
235.0,-132.5
236.0,-132.5
237.0,-132.5
238.0,-132.5
239.0,-132.5
240.0,-132.5
241.0,-132.5
242.0,-132.5
243.0,-132.5
244.0,-132.5
245.0,-132.5
246.0,-132.5
247.0,-132.5
248.0,-132.5
249.0,-132.5
250.0,-132.5
251.0,-132.5
252.0,-132.5
253.0,-132.5
254.0,-132.5
255.0,-132.5
256.0,-132.5
257.0,-132.5
258.0,-132.5
259.0,-132.5
260.0,-132.5
261.0,-132.5
262.0,-132.5
263.0,-132.5
264.0,-132.5
265.0,-132.5
266.0,-132.5
267.0,-132.5
268.0,-132.5
269.0,-132.5
270.0,-132.5
271.0,-132.5
272.0,-132.5
273.0,-132.5
274.0,-131.5
275.0,-131.5
276.0,-132.5
277.0,-132.5
278.0,-132.5
279.0,-132.5
280.0,-132.5
281.0,-132.5
282.0,-132.5
283.0,-132.5
284.0,-132.5
285.0,-131.5
286.0,-131.5
287.0,-131.5
288.0,-131.5
289.0,-131.5
290.0,-131.5
291.0,-131.5
292.0,-131.5
293.0,-131.5
294.0,-131.5
295.0,-131.5
296.0,-131.5
297.0,-131.5
298.0,-131.5
299.0,-131.5
300.0,-131.5
301.0,-131.5
302.0,-131.5
303.0,-131.5
304.0,-131.5
305.0,-131.5
306.0,-131.5
307.0,-131.5
308.0,-131.5
309.0,-131.5
310.0,-131.5
311.0,-131.5
312.0,-131.5
313.0,-131.5
314.0,-131.5
315.0,-131.5
316.0,-131.5
317.0,-131.5
318.0,-131.5
319.0,-131.5
320.0,-131.5
321.0,-131.5
322.0,-131.5
323.0,-131.5
324.0,-131.5
325.0,-131.5
326.0,-131.5
327.0,-131.5
328.0,-131.5
329.0,-131.5
330.0,-131.5
331.0,-131.5
332.0,-131.5
333.0,-131.5
334.0,-131.5
335.0,-131.5
336.0,-131.5
337.0,-131.5
338.0,-131.5
339.0,-131.5
340.0,-131.5
341.0,-131.5
342.0,-131.5
343.0,-131.5
344.0,-131.5
345.0,-131.5
346.0,-131.5
347.0,-131.5
348.0,-131.5
349.0,-131.5
350.0,-131.5
351.0,-131.5
352.0,-131.5
353.0,-131.5
354.0,-131.5
355.0,-131.5
356.0,-131.5
357.0,-131.5
358.0,-131.5
359.0,-131.5
360.0,-131.5
361.0,-131.5
362.0,-131.5
363.0,-131.5
364.0,-131.5
365.0,-131.5
366.0,-131.5
367.0,-131.5
368.0,-131.5
369.0,-131.5
370.0,-131.5
371.0,-131.5
372.0,-131.5
373.0,-130.5
374.0,-130.5
375.0,-130.5
376.0,-130.5
377.0,-130.5
378.0,-130.5
379.0,-130.5
380.0,-130.5
381.0,-130.5
382.0,-130.5
383.0,-130.5
384.0,-130.5
385.0,-130.5
386.0,-130.5
387.0,-130.5
388.0,-130.5
389.0,-130.5
390.0,-130.5
391.0,-130.5
392.0,-130.5
393.0,-130.5
394.0,-130.5
395.0,-130.5
396.0,-130.5
397.0,-130.5
398.0,-130.5
399.0,-130.5
400.0,-130.5
401.0,-130.5
402.0,-130.5
403.0,-130.5
404.0,-130.5
405.0,-130.5
406.0,-130.5
407.0,-130.5
408.0,-130.5
409.0,-130.5
410.0,-130.5
411.0,-130.5
412.0,-130.5
413.0,-130.5
414.0,-130.5
415.0,-130.5
416.0,-130.5
417.0,-130.5
418.0,-130.5
419.0,-130.5
420.0,-130.5
421.0,-130.5
422.0,-130.5
423.0,-130.5
424.0,-130.5
425.0,-130.5
426.0,-130.5
427.0,-130.5
428.0,-130.5
429.0,-130.5
430.0,-130.5
431.0,-130.5
432.0,-130.5
433.0,-130.5
434.0,-130.5
435.0,-130.5
436.0,-130.5
437.0,-130.5
438.0,-130.5
439.0,-130.5
440.0,-130.5
441.0,-130.5
442.0,-130.5
443.0,-130.5
444.0,-130.5
445.0,-130.5
446.0,-130.5
447.0,-130.5
448.0,-130.5
449.0,-130.5
450.0,-130.5
451.0,-130.5
452.0,-130.5
453.0,-130.5
454.0,-130.5
455.0,-130.5
456.0,-130.5
457.0,-130.5
458.0,-130.5
459.0,-130.5
460.0,-130.5
461.0,-130.5
462.0,-130.5
463.0,-130.5
464.0,-130.5
465.0,-130.5
466.0,-130.5
467.0,-130.5
468.0,-130.5
469.0,-130.5
470.0,-130.5
471.0,-130.5
472.0,-130.5
473.0,-130.5
474.0,-130.5
475.0,-130.5
476.0,-130.5
477.0,-130.5
478.0,-130.5
479.0,-130.5
480.0,-130.5
481.0,-130.5
482.0,-130.5
483.0,-129.5
484.0,-129.5
485.0,-129.5
486.0,-130.5
485.0,-129.5
485.0,-128.5
485.0,-127.5
485.0,-126.5
485.0,-125.5
485.0,-124.5
485.0,-123.5
485.0,-122.5
485.0,-121.5
485.0,-120.5
485.0,-119.5
485.0,-118.5
485.0,-117.5
485.0,-116.5
485.0,-115.5
485.0,-114.5
485.0,-113.5
485.0,-112.5
485.0,-111.5
485.0,-110.5
485.0,-109.5
485.0,-108.5
485.0,-107.5
484.0,-106.5
484.0,-105.5
484.0,-104.5
484.0,-103.5
484.0,-102.5
484.0,-101.5
484.0,-100.5
484.0,-99.5
484.0,-98.5
484.0,-97.5
484.0,-96.5
484.0,-95.5
484.0,-94.5
484.0,-93.5
484.0,-92.5
484.0,-91.5
484.0,-90.5
484.0,-89.5
484.0,-88.5
484.0,-87.5
484.0,-86.5
484.0,-85.5
484.0,-84.5
484.0,-83.5
484.0,-82.5
484.0,-81.5
484.0,-80.5
484.0,-79.5
484.0,-78.5
484.0,-77.5
484.0,-76.5
484.0,-75.5
484.0,-74.5
484.0,-73.5
484.0,-72.5
484.0,-71.5
484.0,-70.5
484.0,-69.5
484.0,-68.5
484.0,-67.5
483.0,-66.5
483.0,-65.5
483.0,-64.5
483.0,-63.5
483.0,-62.5
483.0,-61.5
483.0,-60.5
483.0,-59.5
483.0,-58.5
483.0,-57.5
483.0,-56.5
483.0,-55.5
483.0,-54.5
483.0,-53.5
483.0,-52.5
483.0,-51.5
483.0,-50.5
483.0,-49.5
483.0,-48.5
483.0,-47.5
483.0,-46.5
483.0,-45.5
483.0,-44.5
483.0,-43.5
483.0,-42.5
483.0,-41.5
483.0,-40.5
483.0,-39.5
483.0,-38.5
483.0,-37.5
483.0,-36.5
483.0,-35.5
483.0,-34.5
483.0,-33.5
483.0,-32.5
483.0,-31.5
483.0,-30.5
483.0,-29.5
483.0,-28.5
483.0,-27.5
483.0,-26.5
482.0,-25.5
482.0,-24.5
482.0,-23.5
482.0,-22.5
482.0,-21.5
482.0,-20.5
482.0,-19.5
482.0,-18.5
482.0,-17.5
482.0,-16.5
482.0,-15.5
482.0,-14.5
482.0,-13.5
482.0,-12.5
482.0,-11.5
482.0,-10.5
482.0,-9.5
482.0,-8.5
482.0,-7.5
482.0,-6.5
482.0,-5.5
482.0,-4.5
482.0,-3.5
482.0,-2.5
482.0,-1.5
482.0,-0.5
482.0,0.5
482.0,1.5
482.0,2.5
482.0,3.5
482.0,4.5
482.0,5.5
482.0,6.5
482.0,7.5
482.0,8.5
482.0,9.5
482.0,10.5
482.0,11.5
482.0,12.5
482.0,13.5
482.0,14.5
482.0,15.5
482.0,16.5
482.0,17.5
482.0,18.5
482.0,19.5
481.0,20.5
481.0,21.5
481.0,22.5
481.0,23.5
481.0,24.5
481.0,25.5
481.0,26.5
481.0,27.5
481.0,28.5
481.0,29.5
481.0,30.5
481.0,31.5
481.0,32.5
481.0,33.5
481.0,34.5
481.0,35.5
481.0,36.5
481.0,37.5
481.0,38.5
481.0,39.5
481.0,40.5
481.0,41.5
481.0,42.5
481.0,43.5
481.0,44.5
481.0,45.5
481.0,46.5
481.0,47.5
481.0,48.5
481.0,49.5
481.0,50.5
481.0,51.5
481.0,52.5
481.0,53.5
481.0,54.5
481.0,55.5
481.0,56.5
481.0,57.5
481.0,58.5
481.0,59.5
481.0,60.5
481.0,61.5
481.0,62.5
481.0,63.5
481.0,64.5
481.0,65.5
481.0,66.5
481.0,67.5
480.0,68.5
480.0,69.5
480.0,70.5
480.0,71.5
480.0,72.5
480.0,73.5
480.0,74.5
480.0,75.5
480.0,76.5
480.0,77.5
480.0,78.5
480.0,79.5
480.0,80.5
480.0,81.5
480.0,82.5
480.0,83.5
480.0,84.5
480.0,85.5
480.0,86.5
480.0,87.5
480.0,88.5
480.0,89.5
480.0,90.5
480.0,91.5
480.0,92.5
480.0,93.5
480.0,94.5
480.0,95.5
480.0,96.5
480.0,97.5
480.0,98.5
480.0,99.5
480.0,100.5
480.0,101.5
480.0,102.5
480.0,103.5
480.0,104.5
480.0,105.5
480.0,106.5
480.0,107.5
480.0,108.5
480.0,109.5
480.0,110.5
480.0,111.5
480.0,112.5
480.0,113.5
480.0,114.5
480.0,115.5
480.0,116.5
480.0,117.5
480.0,118.5
480.0,119.5
480.0,120.5
480.0,121.5
480.0,122.5
480.0,123.5
480.0,124.5
480.0,125.5
480.0,126.5
480.0,127.5
480.0,128.5
480.0,129.5
480.0,130.5
480.0,131.5
480.0,132.5
479.0,133.5
479.0,134.5
479.0,135.5
479.0,136.5
479.0,137.5
479.0,138.5
479.0,139.5
479.0,140.5
479.0,141.5
479.0,142.5
479.0,143.5
479.0,144.5
479.0,145.5
479.0,146.5
479.0,147.5
479.0,148.5
479.0,149.5
479.0,150.5
479.0,151.5
479.0,152.5
479.0,153.5
479.0,154.5
479.0,155.5
479.0,156.5
479.0,157.5
479.0,158.5
479.0,159.5
479.0,160.5
479.0,161.5
479.0,162.5
479.0,163.5
479.0,164.5
479.0,165.5
479.0,166.5
479.0,167.5
479.0,168.5
479.0,169.5
479.0,170.5
479.0,171.5
479.0,172.5
479.0,173.5
479.0,174.5
479.0,175.5
479.0,176.5
479.0,177.5
479.0,178.5
479.0,179.5
479.0,180.5
479.0,181.5
479.0,182.5
479.0,183.5
479.0,184.5
479.0,185.5
479.0,186.5
479.0,187.5
479.0,188.5
479.0,189.5
479.0,190.5
479.0,191.5
479.0,192.5
479.0,193.5
479.0,194.5
479.0,195.5
478.0,196.5
478.0,197.5
478.0,198.5
478.0,199.5
478.0,200.5
478.0,201.5
478.0,202.5
478.0,203.5
478.0,204.5
478.0,205.5
478.0,206.5
478.0,207.5
478.0,208.5
478.0,209.5
478.0,210.5
478.0,211.5
478.0,212.5
478.0,213.5
478.0,214.5
478.0,215.5
478.0,216.5
478.0,217.5
478.0,218.5
478.0,219.5
478.0,220.5
478.0,221.5
478.0,222.5
478.0,223.5
478.0,224.5
478.0,225.5
478.0,226.5
478.0,227.5
478.0,228.5
478.0,229.5
478.0,230.5
478.0,231.5
478.0,232.5
478.0,233.5
478.0,234.5
478.0,235.5
478.0,236.5
478.0,237.5
478.0,238.5
478.0,239.5
478.0,240.5
478.0,241.5
478.0,242.5
478.0,243.5
478.0,244.5
478.0,245.5
478.0,246.5
478.0,247.5
478.0,248.5
478.0,249.5
478.0,250.5
478.0,251.5
478.0,252.5
478.0,253.5
478.0,254.5
478.0,255.5
478.0,256.5
478.0,257.5
478.0,258.5
478.0,259.5
478.0,260.5
478.0,261.5
478.0,262.5
478.0,263.5
478.0,264.5
478.0,265.5
478.0,266.5
478.0,267.5
478.0,268.5
478.0,269.5
478.0,270.5
478.0,271.5
478.0,272.5
478.0,273.5
478.0,274.5
478.0,275.5
478.0,276.5
478.0,277.5
478.0,278.5
478.0,279.5
478.0,280.5
477.0,281.5
477.0,282.5
477.0,283.5
476.0,283.5
475.0,283.5
474.0,283.5
473.0,283.5
472.0,283.5
471.0,283.5
470.0,283.5
469.0,283.5
468.0,283.5
467.0,283.5
466.0,283.5
465.0,283.5
464.0,283.5
463.0,283.5
462.0,283.5
461.0,283.5
460.0,283.5
459.0,283.5
458.0,283.5
457.0,283.5
456.0,283.5
455.0,283.5
454.0,283.5
453.0,283.5
452.0,283.5
451.0,283.5
450.0,283.5
449.0,283.5
448.0,283.5
447.0,283.5
446.0,283.5
445.0,283.5
444.0,283.5
443.0,283.5
442.0,283.5
441.0,283.5
440.0,283.5
439.0,283.5
438.0,283.5
437.0,283.5
436.0,283.5
435.0,283.5
434.0,283.5
433.0,283.5
432.0,283.5
431.0,283.5
430.0,283.5
429.0,283.5
428.0,283.5
427.0,283.5
426.0,283.5
425.0,283.5
424.0,283.5
423.0,283.5
422.0,283.5
421.0,283.5
420.0,283.5
419.0,283.5
418.0,283.5
417.0,283.5
416.0,283.5
415.0,283.5
414.0,283.5
413.0,283.5
412.0,283.5
411.0,283.5
410.0,283.5
409.0,283.5
408.0,283.5
407.0,283.5
406.0,283.5
405.0,283.5
404.0,283.5
403.0,283.5
402.0,283.5
401.0,283.5
400.0,283.5
399.0,283.5
398.0,283.5
397.0,283.5
396.0,283.5
395.0,283.5
394.0,283.5
393.0,283.5
392.0,283.5
391.0,283.5
390.0,283.5
389.0,283.5
388.0,283.5
387.0,283.5
386.0,283.5
385.0,283.5
384.0,283.5
383.0,283.5
382.0,283.5
381.0,283.5
380.0,283.5
379.0,283.5
378.0,283.5
377.0,283.5
376.0,283.5
375.0,283.5
374.0,283.5
373.0,283.5
372.0,283.5
371.0,283.5
370.0,283.5
369.0,283.5
368.0,283.5
367.0,283.5
366.0,283.5
365.0,283.5
364.0,283.5
363.0,283.5
362.0,283.5
361.0,283.5
360.0,283.5
359.0,283.5
358.0,283.5
357.0,283.5
356.0,283.5
355.0,283.5
354.0,283.5
353.0,283.5
352.0,283.5
351.0,283.5
350.0,283.5
349.0,283.5
348.0,283.5
347.0,283.5
346.0,283.5
345.0,283.5
344.0,283.5
343.0,283.5
342.0,283.5
341.0,283.5
340.0,283.5
339.0,283.5
338.0,283.5
337.0,283.5
336.0,283.5
335.0,283.5
334.0,283.5
333.0,283.5
332.0,283.5
331.0,283.5
330.0,283.5
329.0,283.5
328.0,282.5
327.0,282.5
326.0,282.5
325.0,282.5
324.0,282.5
323.0,282.5
322.0,282.5
321.0,282.5
320.0,282.5
319.0,282.5
318.0,282.5
317.0,282.5
316.0,282.5
315.0,282.5
314.0,282.5
313.0,282.5
312.0,282.5
311.0,282.5
310.0,282.5
309.0,282.5
308.0,282.5
307.0,282.5
306.0,282.5
305.0,282.5
304.0,282.5
303.0,282.5
302.0,282.5
301.0,282.5
300.0,282.5
299.0,282.5
298.0,282.5
297.0,282.5
296.0,282.5
295.0,282.5
294.0,282.5
293.0,282.5
292.0,282.5
291.0,282.5
290.0,282.5
289.0,282.5
288.0,282.5
287.0,282.5
286.0,282.5
285.0,282.5
284.0,282.5
283.0,282.5
282.0,282.5
281.0,282.5
280.0,282.5
279.0,282.5
278.0,282.5
277.0,282.5
276.0,282.5
275.0,282.5
274.0,282.5
273.0,282.5
272.0,282.5
271.0,282.5
270.0,282.5
269.0,282.5
268.0,282.5
267.0,282.5
266.0,283.5
265.0,282.5
264.0,283.5
263.0,284.5
264.0,283.5
265.0,282.5
266.0,282.5
267.0,282.5
268.0,282.5
269.0,282.5
270.0,282.5
271.0,282.5
272.0,282.5
273.0,282.5
274.0,282.5
275.0,282.5
276.0,282.5
277.0,282.5
278.0,282.5
279.0,282.5
280.0,282.5
281.0,282.5
282.0,282.5
283.0,282.5
284.0,282.5
285.0,282.5
286.0,282.5
287.0,282.5
288.0,282.5
289.0,282.5
290.0,282.5
291.0,282.5
292.0,282.5
293.0,282.5
294.0,282.5
295.0,282.5
296.0,282.5
297.0,282.5
298.0,282.5
299.0,282.5
300.0,282.5
301.0,282.5
302.0,282.5
303.0,282.5
304.0,282.5
305.0,282.5
306.0,282.5
307.0,282.5
308.0,282.5
309.0,282.5
310.0,282.5
311.0,282.5
312.0,282.5
313.0,282.5
314.0,282.5
315.0,282.5
316.0,282.5
317.0,282.5
318.0,282.5
319.0,282.5
320.0,282.5
321.0,282.5
322.0,282.5
323.0,282.5
324.0,282.5
325.0,282.5
326.0,282.5
327.0,282.5
328.0,282.5
329.0,283.5
330.0,283.5
331.0,283.5
332.0,283.5
333.0,283.5
334.0,283.5
335.0,283.5
336.0,283.5
337.0,283.5
338.0,283.5
339.0,283.5
340.0,283.5
341.0,283.5
342.0,283.5
343.0,283.5
344.0,283.5
345.0,283.5
346.0,283.5
347.0,283.5
348.0,283.5
349.0,283.5
350.0,283.5
351.0,283.5
352.0,283.5
353.0,283.5
354.0,283.5
355.0,283.5
356.0,283.5
357.0,283.5
358.0,283.5
359.0,283.5
360.0,283.5
361.0,283.5
362.0,283.5
363.0,283.5
364.0,283.5
365.0,283.5
366.0,283.5
367.0,283.5
368.0,283.5
369.0,283.5
370.0,283.5
371.0,283.5
372.0,283.5
373.0,283.5
374.0,283.5
375.0,283.5
376.0,283.5
377.0,283.5
378.0,283.5
379.0,283.5
380.0,283.5
381.0,283.5
382.0,283.5
383.0,283.5
384.0,283.5
385.0,283.5
386.0,283.5
387.0,283.5
388.0,283.5
389.0,283.5
390.0,283.5
391.0,283.5
392.0,283.5
393.0,283.5
394.0,283.5
395.0,283.5
396.0,283.5
397.0,283.5
398.0,283.5
399.0,283.5
400.0,283.5
401.0,283.5
402.0,283.5
403.0,283.5
404.0,283.5
405.0,283.5
406.0,283.5
407.0,283.5
408.0,283.5
409.0,283.5
410.0,283.5
411.0,283.5
412.0,283.5
413.0,283.5
414.0,283.5
415.0,283.5
416.0,283.5
417.0,283.5
418.0,283.5
419.0,283.5
420.0,283.5
421.0,283.5
422.0,283.5
423.0,283.5
424.0,283.5
425.0,283.5
426.0,283.5
427.0,283.5
428.0,283.5
429.0,283.5
430.0,283.5
431.0,283.5
432.0,283.5
433.0,283.5
434.0,283.5
435.0,283.5
436.0,283.5
437.0,283.5
438.0,283.5
439.0,283.5
440.0,283.5
441.0,283.5
442.0,283.5
443.0,283.5
444.0,283.5
445.0,283.5
446.0,283.5
447.0,283.5
448.0,283.5
449.0,283.5
450.0,283.5
451.0,283.5
452.0,283.5
453.0,283.5
454.0,283.5
455.0,283.5
456.0,283.5
457.0,283.5
458.0,283.5
459.0,283.5
460.0,283.5
461.0,283.5
462.0,283.5
463.0,283.5
464.0,283.5
465.0,283.5
466.0,283.5
467.0,283.5
468.0,283.5
469.0,283.5
470.0,283.5
471.0,283.5
472.0,283.5
473.0,283.5
474.0,283.5
475.0,282.5
476.0,282.5
477.0,281.5
478.0,280.5
478.0,279.5
478.0,278.5
478.0,277.5
478.0,276.5
478.0,275.5
478.0,274.5
478.0,273.5
478.0,272.5
478.0,271.5
478.0,270.5
478.0,269.5
478.0,268.5
478.0,267.5
478.0,266.5
478.0,265.5
478.0,264.5
478.0,263.5
478.0,262.5
478.0,261.5
478.0,260.5
478.0,259.5
478.0,258.5
478.0,257.5
478.0,256.5
478.0,255.5
478.0,254.5
478.0,253.5
478.0,252.5
478.0,251.5
478.0,250.5
478.0,249.5
478.0,248.5
478.0,247.5
478.0,246.5
478.0,245.5
478.0,244.5
478.0,243.5
478.0,242.5
478.0,241.5
478.0,240.5
478.0,239.5
478.0,238.5
478.0,237.5
478.0,236.5
478.0,235.5
478.0,234.5
478.0,233.5
478.0,232.5
478.0,231.5
478.0,230.5
478.0,229.5
478.0,228.5
478.0,227.5
478.0,226.5
478.0,225.5
478.0,224.5
478.0,223.5
478.0,222.5
478.0,221.5
478.0,220.5
478.0,219.5
478.0,218.5
478.0,217.5
478.0,216.5
478.0,215.5
478.0,214.5
478.0,213.5
478.0,212.5
478.0,211.5
478.0,210.5
478.0,209.5
478.0,208.5
478.0,207.5
478.0,206.5
478.0,205.5
478.0,204.5
478.0,203.5
478.0,202.5
478.0,201.5
478.0,200.5
478.0,199.5
478.0,198.5
478.0,197.5
478.0,196.5
478.0,195.5
478.0,194.5
478.0,193.5
478.0,192.5
479.0,191.5
479.0,190.5
479.0,189.5
479.0,188.5
479.0,187.5
479.0,186.5
479.0,185.5
479.0,184.5
479.0,183.5
479.0,182.5
479.0,181.5
479.0,180.5
479.0,179.5
479.0,178.5
479.0,177.5
479.0,176.5
479.0,175.5
479.0,174.5
479.0,173.5
479.0,172.5
479.0,171.5
479.0,170.5
479.0,169.5
479.0,168.5
479.0,167.5
479.0,166.5
479.0,165.5
479.0,164.5
479.0,163.5
479.0,162.5
479.0,161.5
479.0,160.5
479.0,159.5
479.0,158.5
479.0,157.5
479.0,156.5
479.0,155.5
479.0,154.5
479.0,153.5
479.0,152.5
479.0,151.5
479.0,150.5
479.0,149.5
479.0,148.5
479.0,147.5
479.0,146.5
479.0,145.5
479.0,144.5
479.0,143.5
479.0,142.5
479.0,141.5
479.0,140.5
479.0,139.5
479.0,138.5
479.0,137.5
479.0,136.5
479.0,135.5
479.0,134.5
479.0,133.5
480.0,132.5
480.0,131.5
480.0,130.5
480.0,129.5
480.0,128.5
480.0,127.5
480.0,126.5
480.0,125.5
480.0,124.5
480.0,123.5
480.0,122.5
480.0,121.5
480.0,120.5
480.0,119.5
480.0,118.5
480.0,117.5
480.0,116.5
480.0,115.5
480.0,114.5
480.0,113.5
480.0,112.5
480.0,111.5
480.0,110.5
480.0,109.5
480.0,108.5
480.0,107.5
480.0,106.5
480.0,105.5
480.0,104.5
480.0,103.5
480.0,102.5
480.0,101.5
480.0,100.5
480.0,99.5
480.0,98.5
480.0,97.5
480.0,96.5
480.0,95.5
480.0,94.5
480.0,93.5
480.0,92.5
480.0,91.5
480.0,90.5
480.0,89.5
480.0,88.5
480.0,87.5
480.0,86.5
480.0,85.5
480.0,84.5
480.0,83.5
480.0,82.5
480.0,81.5
480.0,80.5
480.0,79.5
480.0,78.5
480.0,77.5
480.0,76.5
480.0,75.5
480.0,74.5
480.0,73.5
480.0,72.5
480.0,71.5
480.0,70.5
480.0,69.5
480.0,68.5
481.0,67.5
481.0,66.5
481.0,65.5
481.0,64.5
481.0,63.5
481.0,62.5
481.0,61.5
481.0,60.5
481.0,59.5
481.0,58.5
481.0,57.5
481.0,56.5
481.0,55.5
481.0,54.5
481.0,53.5
481.0,52.5
481.0,51.5
481.0,50.5
481.0,49.5
481.0,48.5
481.0,47.5
481.0,46.5
481.0,45.5
481.0,44.5
481.0,43.5
481.0,42.5
481.0,41.5
481.0,40.5
481.0,39.5
481.0,38.5
481.0,37.5
481.0,36.5
481.0,35.5
481.0,34.5
481.0,33.5
481.0,32.5
481.0,31.5
481.0,30.5
481.0,29.5
481.0,28.5
481.0,27.5
481.0,26.5
481.0,25.5
481.0,24.5
481.0,23.5
481.0,22.5
481.0,21.5
481.0,20.5
482.0,19.5
482.0,18.5
482.0,17.5
482.0,16.5
482.0,15.5
482.0,14.5
482.0,13.5
482.0,12.5
482.0,11.5
482.0,10.5
482.0,9.5
482.0,8.5
482.0,7.5
482.0,6.5
482.0,5.5
482.0,4.5
482.0,3.5
482.0,2.5
482.0,1.5
482.0,0.5
482.0,-0.5
482.0,-1.5
482.0,-2.5
482.0,-3.5
482.0,-4.5
482.0,-5.5
482.0,-6.5
482.0,-7.5
482.0,-8.5
482.0,-9.5
482.0,-10.5
482.0,-11.5
482.0,-12.5
482.0,-13.5
482.0,-14.5
482.0,-15.5
482.0,-16.5
482.0,-17.5
482.0,-18.5
482.0,-19.5
482.0,-20.5
482.0,-21.5
482.0,-22.5
482.0,-23.5
482.0,-24.5
482.0,-25.5
483.0,-26.5
483.0,-27.5
483.0,-28.5
483.0,-29.5
483.0,-30.5
483.0,-31.5
483.0,-32.5
483.0,-33.5
483.0,-34.5
483.0,-35.5
483.0,-36.5
483.0,-37.5
483.0,-38.5
483.0,-39.5
483.0,-40.5
483.0,-41.5
483.0,-42.5
483.0,-43.5
483.0,-44.5
483.0,-45.5
483.0,-46.5
483.0,-47.5
483.0,-48.5
483.0,-49.5
483.0,-50.5
483.0,-51.5
483.0,-52.5
483.0,-53.5
483.0,-54.5
483.0,-55.5
483.0,-56.5
483.0,-57.5
483.0,-58.5
483.0,-59.5
483.0,-60.5
483.0,-61.5
483.0,-62.5
483.0,-63.5
483.0,-64.5
483.0,-65.5
483.0,-66.5
484.0,-67.5
484.0,-68.5
484.0,-69.5
484.0,-70.5
484.0,-71.5
484.0,-72.5
484.0,-73.5
484.0,-74.5
484.0,-75.5
484.0,-76.5
484.0,-77.5
484.0,-78.5
484.0,-79.5
484.0,-80.5
484.0,-81.5
484.0,-82.5
484.0,-83.5
484.0,-84.5
484.0,-85.5
484.0,-86.5
484.0,-87.5
484.0,-88.5
484.0,-89.5
484.0,-90.5
484.0,-91.5
484.0,-92.5
484.0,-93.5
484.0,-94.5
484.0,-95.5
484.0,-96.5
484.0,-97.5
484.0,-98.5
484.0,-99.5
484.0,-100.5
484.0,-101.5
484.0,-102.5
484.0,-103.5
484.0,-104.5
484.0,-105.5
484.0,-106.5
485.0,-107.5
485.0,-108.5
485.0,-109.5
485.0,-110.5
485.0,-111.5
485.0,-112.5
485.0,-113.5
485.0,-114.5
485.0,-115.5
485.0,-116.5
485.0,-117.5
485.0,-118.5
485.0,-119.5
485.0,-120.5
485.0,-121.5
485.0,-122.5
485.0,-123.5
485.0,-124.5
485.0,-125.5
485.0,-126.5
485.0,-127.5
484.0,-128.5
483.0,-129.5
482.0,-129.5
481.0,-130.5
480.0,-130.5
479.0,-130.5
478.0,-130.5
477.0,-130.5
476.0,-130.5
475.0,-130.5
474.0,-130.5
473.0,-130.5
472.0,-130.5
471.0,-130.5
470.0,-130.5
469.0,-130.5
468.0,-130.5
467.0,-130.5
466.0,-130.5
465.0,-130.5
464.0,-130.5
463.0,-130.5
462.0,-130.5
461.0,-130.5
460.0,-130.5
459.0,-130.5
458.0,-130.5
457.0,-130.5
456.0,-130.5
455.0,-130.5
454.0,-130.5
453.0,-130.5
452.0,-130.5
451.0,-130.5
450.0,-130.5
449.0,-130.5
448.0,-130.5
447.0,-130.5
446.0,-130.5
445.0,-130.5
444.0,-130.5
443.0,-130.5
442.0,-130.5
441.0,-130.5
440.0,-130.5
439.0,-130.5
438.0,-130.5
437.0,-130.5
436.0,-130.5
435.0,-130.5
434.0,-130.5
433.0,-130.5
432.0,-130.5
431.0,-130.5
430.0,-130.5
429.0,-130.5
428.0,-130.5
427.0,-130.5
426.0,-130.5
425.0,-130.5
424.0,-130.5
423.0,-130.5
422.0,-130.5
421.0,-130.5
420.0,-130.5
419.0,-130.5
418.0,-130.5
417.0,-130.5
416.0,-130.5
415.0,-130.5
414.0,-130.5
413.0,-130.5
412.0,-130.5
411.0,-130.5
410.0,-130.5
409.0,-130.5
408.0,-130.5
407.0,-130.5
406.0,-130.5
405.0,-130.5
404.0,-130.5
403.0,-130.5
402.0,-130.5
401.0,-130.5
400.0,-130.5
399.0,-130.5
398.0,-130.5
397.0,-130.5
396.0,-130.5
395.0,-130.5
394.0,-130.5
393.0,-130.5
392.0,-130.5
391.0,-130.5
390.0,-130.5
389.0,-130.5
388.0,-130.5
387.0,-130.5
386.0,-130.5
385.0,-130.5
384.0,-130.5
383.0,-130.5
382.0,-130.5
381.0,-130.5
380.0,-130.5
379.0,-130.5
378.0,-130.5
377.0,-130.5
376.0,-130.5
375.0,-130.5
374.0,-130.5
373.0,-130.5
372.0,-131.5
371.0,-131.5
370.0,-131.5
369.0,-131.5
368.0,-131.5
367.0,-131.5
366.0,-131.5
365.0,-131.5
364.0,-131.5
363.0,-131.5
362.0,-131.5
361.0,-131.5
360.0,-131.5
359.0,-131.5
358.0,-131.5
357.0,-131.5
356.0,-131.5
355.0,-131.5
354.0,-131.5
353.0,-131.5
352.0,-131.5
351.0,-131.5
350.0,-131.5
349.0,-131.5
348.0,-131.5
347.0,-131.5
346.0,-131.5
345.0,-131.5
344.0,-131.5
343.0,-131.5
342.0,-131.5
341.0,-131.5
340.0,-131.5
339.0,-131.5
338.0,-131.5
337.0,-131.5
336.0,-131.5
335.0,-131.5
334.0,-131.5
333.0,-131.5
332.0,-131.5
331.0,-131.5
330.0,-131.5
329.0,-131.5
328.0,-131.5
327.0,-131.5
326.0,-131.5
325.0,-131.5
324.0,-131.5
323.0,-131.5
322.0,-131.5
321.0,-131.5
320.0,-131.5
319.0,-131.5
318.0,-131.5
317.0,-131.5
316.0,-131.5
315.0,-131.5
314.0,-131.5
313.0,-131.5
312.0,-131.5
311.0,-131.5
310.0,-131.5
309.0,-131.5
308.0,-131.5
307.0,-131.5
306.0,-131.5
305.0,-131.5
304.0,-131.5
303.0,-131.5
302.0,-131.5
301.0,-131.5
300.0,-131.5
299.0,-131.5
298.0,-131.5
297.0,-131.5
296.0,-131.5
295.0,-131.5
294.0,-131.5
293.0,-131.5
292.0,-131.5
291.0,-131.5
290.0,-131.5
289.0,-131.5
288.0,-131.5
287.0,-131.5
286.0,-131.5
285.0,-131.5
284.0,-132.5
283.0,-132.5
282.0,-132.5
281.0,-132.5
280.0,-132.5
279.0,-132.5
278.0,-132.5
277.0,-132.5
276.0,-132.5
275.0,-131.5
274.0,-131.5
273.0,-132.5
272.0,-132.5
271.0,-132.5
270.0,-132.5
269.0,-132.5
268.0,-132.5
267.0,-132.5
266.0,-132.5
265.0,-132.5
264.0,-132.5
263.0,-132.5
262.0,-132.5
261.0,-132.5
260.0,-132.5
259.0,-132.5
258.0,-132.5
257.0,-132.5
256.0,-132.5
255.0,-132.5
254.0,-132.5
253.0,-132.5
252.0,-132.5
251.0,-132.5
250.0,-132.5
249.0,-132.5
248.0,-132.5
247.0,-132.5
246.0,-132.5
245.0,-132.5
244.0,-132.5
243.0,-132.5
242.0,-132.5
241.0,-132.5
240.0,-132.5
239.0,-132.5
238.0,-132.5
237.0,-132.5
236.0,-132.5
235.0,-132.5
234.0,-132.5
233.0,-132.5
232.0,-132.5
231.0,-132.5
230.0,-132.5
229.0,-132.5
228.0,-132.5
227.0,-132.5
226.0,-132.5
225.0,-132.5
224.0,-132.5
223.0,-132.5
222.0,-132.5
221.0,-132.5
220.0,-133.5
219.0,-133.5
218.0,-133.5
217.0,-133.5
216.0,-132.5
215.0,-132.5
214.0,-132.5
213.0,-132.5
212.0,-132.5
211.0,-132.5
210.0,-132.5
209.0,-132.5
208.0,-132.5
207.0,-132.5
206.0,-132.5
205.0,-132.5
204.0,-132.5
203.0,-132.5
202.0,-132.5
201.0,-132.5
200.0,-132.5
199.0,-132.5
198.0,-132.5
197.0,-132.5
196.0,-132.5
195.0,-132.5
194.0,-132.5
193.0,-132.5
192.0,-132.5
191.0,-132.5
190.0,-132.5
189.0,-132.5
188.0,-133.5
187.0,-133.5
186.0,-132.5
185.0,-133.5
184.0,-133.5
183.0,-133.5
182.0,-133.5
181.0,-133.5
180.0,-133.5
179.0,-133.5
178.0,-133.5
177.0,-133.5
176.0,-133.5
175.0,-133.5
174.0,-133.5
173.0,-133.5
172.0,-133.5
171.0,-133.5
170.0,-133.5
169.0,-133.5
168.0,-133.5
167.0,-133.5
166.0,-133.5
165.0,-133.5
164.0,-133.5
163.0,-133.5
162.0,-133.5
161.0,-133.5
160.0,-133.5
159.0,-133.5
158.0,-133.5
157.0,-133.5
156.0,-133.5
155.0,-133.5
154.0,-133.5
153.0,-133.5
152.0,-133.5
151.0,-133.5
150.0,-133.5
149.0,-133.5
148.0,-133.5
147.0,-133.5
146.0,-133.5
145.0,-133.5
144.0,-133.5
143.0,-133.5
142.0,-133.5
141.0,-133.5
140.0,-133.5
139.0,-133.5
138.0,-133.5
137.0,-133.5
136.0,-133.5
135.0,-133.5
134.0,-133.5
133.0,-133.5
132.0,-133.5
131.0,-133.5
130.0,-133.5
129.0,-133.5
128.0,-133.5
127.0,-133.5
126.0,-133.5
125.0,-133.5
124.0,-133.5
123.0,-133.5
122.0,-133.5
121.0,-133.5
120.0,-133.5
119.0,-133.5
118.0,-133.5
117.0,-133.5
116.0,-133.5
115.0,-133.5
114.0,-133.5
113.0,-133.5
112.0,-133.5
111.0,-133.5
110.0,-133.5
109.0,-133.5
108.0,-133.5
107.0,-133.5
106.0,-133.5
105.0,-133.5
104.0,-133.5
103.0,-133.5
102.0,-133.5
101.0,-133.5
100.0,-133.5
99.0,-133.5
98.0,-133.5
97.0,-134.5
96.0,-134.5
95.0,-134.5
94.0,-134.5
93.0,-134.5
92.0,-134.5
91.0,-134.5
90.0,-134.5
89.0,-134.5
88.0,-134.5
87.0,-134.5
86.0,-134.5
85.0,-134.5
84.0,-134.5
83.0,-134.5
82.0,-134.5
81.0,-134.5
80.0,-134.5
79.0,-134.5
78.0,-134.5
77.0,-134.5
76.0,-134.5
75.0,-134.5
74.0,-134.5
73.0,-134.5
72.0,-134.5
71.0,-134.5
70.0,-134.5
69.0,-134.5
68.0,-134.5
67.0,-134.5
66.0,-134.5
65.0,-134.5
64.0,-134.5
63.0,-134.5
62.0,-134.5
61.0,-134.5
60.0,-134.5
59.0,-134.5
58.0,-134.5
57.0,-134.5
56.0,-134.5
55.0,-134.5
54.0,-134.5
53.0,-134.5
52.0,-134.5
51.0,-134.5
50.0,-134.5
49.0,-134.5
48.0,-134.5
47.0,-134.5
46.0,-134.5
45.0,-134.5
44.0,-134.5
43.0,-134.5
42.0,-134.5
41.0,-134.5
40.0,-134.5
39.0,-134.5
38.0,-134.5
37.0,-134.5
36.0,-134.5
35.0,-134.5
34.0,-134.5
33.0,-134.5
32.0,-134.5
31.0,-134.5
30.0,-134.5
29.0,-134.5
28.0,-134.5
27.0,-134.5
26.0,-134.5
25.0,-134.5
24.0,-134.5
23.0,-134.5
22.0,-134.5
21.0,-134.5
20.0,-135.5
19.0,-135.5
18.0,-135.5
17.0,-135.5
16.0,-135.5
15.0,-135.5
14.0,-135.5
13.0,-135.5
12.0,-135.5
11.0,-135.5
10.0,-135.5
9.0,-135.5
8.0,-135.5
7.0,-135.5
6.0,-135.5
5.0,-135.5
4.0,-135.5
3.0,-135.5
2.0,-135.5
1.0,-135.5
0.0,-135.5
-1.0,-135.5
-2.0,-135.5
-3.0,-135.5
-4.0,-135.5
-5.0,-135.5
-6.0,-135.5
-7.0,-135.5
-8.0,-135.5
-9.0,-135.5
-10.0,-135.5
-11.0,-135.5
-12.0,-135.5
-13.0,-135.5
-14.0,-135.5
-15.0,-135.5
-16.0,-135.5
-17.0,-135.5
-18.0,-135.5
-19.0,-135.5
-20.0,-135.5
-21.0,-135.5
-22.0,-135.5
-23.0,-135.5
-24.0,-135.5
-25.0,-135.5
-26.0,-135.5
-27.0,-135.5
-28.0,-135.5
-29.0,-135.5
-30.0,-135.5
-31.0,-135.5
-32.0,-135.5
-33.0,-135.5
-34.0,-135.5
-35.0,-135.5
-36.0,-135.5
-37.0,-135.5
-38.0,-135.5
-39.0,-135.5
-40.0,-135.5
-41.0,-135.5
-42.0,-135.5
-43.0,-136.5
-44.0,-136.5
-45.0,-135.5
-46.0,-135.5
-47.0,-135.5
-48.0,-135.5
-49.0,-135.5
-50.0,-135.5
-51.0,-136.5
-52.0,-136.5
-53.0,-136.5
-54.0,-136.5
-55.0,-136.5
-56.0,-136.5
-57.0,-136.5
-58.0,-136.5
-59.0,-136.5
-60.0,-136.5
-61.0,-136.5
-62.0,-136.5
-63.0,-136.5
-64.0,-136.5
-65.0,-136.5
-66.0,-136.5
-67.0,-136.5
-68.0,-136.5
-69.0,-136.5
-70.0,-136.5
-71.0,-136.5
-72.0,-136.5
-73.0,-136.5
-74.0,-136.5
-75.0,-136.5
-76.0,-136.5
-77.0,-136.5
-78.0,-136.5
-79.0,-136.5
-80.0,-136.5
-81.0,-136.5
-82.0,-136.5
-83.0,-136.5
-84.0,-136.5
-85.0,-136.5
-86.0,-136.5
-87.0,-136.5
-88.0,-136.5
-89.0,-136.5
-90.0,-136.5
-91.0,-136.5
-92.0,-136.5
-93.0,-136.5
-94.0,-136.5
-95.0,-136.5
-96.0,-136.5
-97.0,-136.5
-98.0,-136.5
-99.0,-136.5
-100.0,-136.5
-101.0,-136.5
-102.0,-137.5
-103.0,-137.5
-104.0,-137.5
-105.0,-137.5
-106.0,-137.5
-107.0,-137.5
-108.0,-137.5
-109.0,-137.5
-110.0,-137.5
-111.0,-137.5
-112.0,-137.5
-113.0,-137.5
-114.0,-137.5
-115.0,-137.5
-116.0,-137.5
-117.0,-137.5
-118.0,-137.5
-119.0,-137.5
-120.0,-137.5
-121.0,-137.5
-122.0,-137.5
-123.0,-137.5
-124.0,-137.5
-125.0,-137.5
-126.0,-137.5
-127.0,-137.5
-128.0,-137.5
-129.0,-137.5
-130.0,-137.5
-131.0,-137.5
-132.0,-137.5
-133.0,-137.5
-134.0,-137.5
-135.0,-137.5
-136.0,-137.5
-137.0,-137.5
-138.0,-137.5
-139.0,-137.5
-140.0,-137.5
-141.0,-137.5
-142.0,-137.5
-143.0,-137.5
-144.0,-137.5
-145.0,-137.5
-146.0,-137.5
-147.0,-137.5
-148.0,-137.5
-149.0,-137.5
-150.0,-137.5
-151.0,-137.5
-152.0,-137.5
-153.0,-137.5
-154.0,-137.5
-155.0,-137.5
-156.0,-137.5
-157.0,-138.5
-158.0,-138.5
-159.0,-138.5
-160.0,-138.5
-161.0,-138.5
-162.0,-138.5
-163.0,-138.5
-164.0,-138.5
-165.0,-138.5
-166.0,-138.5
-167.0,-138.5
-168.0,-138.5
-169.0,-138.5
-170.0,-138.5
-171.0,-138.5
-172.0,-138.5
-173.0,-138.5
-174.0,-138.5
-175.0,-138.5
-176.0,-138.5
-177.0,-138.5
-178.0,-138.5
-179.0,-138.5
-180.0,-138.5
-181.0,-138.5
-182.0,-138.5
-183.0,-138.5
-184.0,-138.5
-185.0,-138.5
-186.0,-138.5
-187.0,-138.5
-188.0,-138.5
-189.0,-138.5
-190.0,-138.5
-191.0,-138.5
-192.0,-138.5
-193.0,-138.5
-194.0,-138.5
-195.0,-138.5
-196.0,-138.5
-197.0,-138.5
-198.0,-138.5
-199.0,-138.5
-200.0,-138.5
-201.0,-138.5
-202.0,-138.5
-203.0,-138.5
-204.0,-138.5
-205.0,-138.5
-206.0,-138.5
-207.0,-139.5
-208.0,-139.5
-209.0,-139.5
-210.0,-139.5
-211.0,-139.5
-212.0,-139.5
-213.0,-139.5
-214.0,-139.5
-215.0,-139.5
-216.0,-139.5
-217.0,-139.5
-218.0,-139.5
-219.0,-139.5
-220.0,-139.5
-221.0,-139.5
-222.0,-139.5
-223.0,-139.5
-224.0,-139.5
-225.0,-139.5
-226.0,-139.5
-227.0,-139.5
-228.0,-139.5
-229.0,-139.5
-230.0,-139.5
-231.0,-139.5
-232.0,-139.5
-233.0,-139.5
-234.0,-139.5
-235.0,-139.5
-236.0,-139.5
-237.0,-139.5
-238.0,-139.5
-239.0,-139.5
-240.0,-139.5
-241.0,-139.5
-242.0,-139.5
-243.0,-139.5
-244.0,-139.5
-245.0,-139.5
-246.0,-139.5
-247.0,-139.5
-248.0,-139.5
-249.0,-139.5
-250.0,-139.5
-251.0,-139.5
-252.0,-139.5
-253.0,-139.5
-254.0,-139.5
-255.0,-139.5
-256.0,-139.5
-257.0,-140.5
-258.0,-140.5
-259.0,-140.5
-260.0,-140.5
-261.0,-140.5
-262.0,-140.5
-263.0,-140.5
-264.0,-140.5
-265.0,-140.5
-266.0,-140.5
-267.0,-140.5
-268.0,-140.5
-269.0,-140.5
-270.0,-140.5
-271.0,-140.5
-272.0,-140.5
-273.0,-140.5
-274.0,-140.5
-275.0,-140.5
-276.0,-140.5
-277.0,-140.5
-278.0,-140.5
-279.0,-140.5
-280.0,-140.5
-281.0,-140.5
-282.0,-140.5
-283.0,-140.5
-284.0,-140.5
-285.0,-140.5
-286.0,-140.5
-287.0,-140.5
-288.0,-140.5
-289.0,-140.5
-290.0,-140.5
-291.0,-140.5
-292.0,-140.5
-293.0,-140.5
-294.0,-140.5
-295.0,-140.5
-296.0,-140.5
-297.0,-140.5
-298.0,-140.5
-299.0,-140.5
-300.0,-140.5
-301.0,-140.5
-302.0,-140.5
-303.0,-140.5
-304.0,-140.5
-305.0,-140.5
-306.0,-140.5
-307.0,-141.5
-308.0,-141.5
-309.0,-141.5
-310.0,-141.5
-311.0,-141.5
-312.0,-141.5
-313.0,-141.5
-314.0,-141.5
-315.0,-141.5
-316.0,-141.5
-317.0,-141.5
-318.0,-141.5
-319.0,-141.5
-320.0,-141.5
-321.0,-141.5
-322.0,-141.5
-323.0,-141.5
-324.0,-141.5
-325.0,-141.5
-326.0,-141.5
-327.0,-141.5
-328.0,-141.5
-329.0,-141.5
-330.0,-141.5
-331.0,-141.5
-332.0,-141.5
-333.0,-141.5
-334.0,-141.5
-335.0,-141.5
-336.0,-141.5
-337.0,-141.5
-338.0,-141.5
-339.0,-141.5
-340.0,-141.5
-341.0,-141.5
-342.0,-141.5
-343.0,-141.5
-344.0,-141.5
-345.0,-141.5
-346.0,-141.5
-347.0,-141.5
-348.0,-141.5
-349.0,-141.5
-350.0,-141.5
-351.0,-142.5
-352.0,-142.5
-353.0,-142.5
-354.0,-141.5
-355.0,-142.5
-356.0,-142.5
-357.0,-142.5
-358.0,-141.5
-359.0,-141.5
-360.0,-141.5
-361.0,-141.5
-362.0,-141.5
-363.0,-141.5
-364.0,-141.5
-365.0,-141.5
-366.0,-141.5
-367.0,-142.5
-368.0,-142.5
-369.0,-142.5
-370.0,-142.5
-371.0,-142.5
-372.0,-142.5
-373.0,-142.5
-374.0,-142.5
-375.0,-142.5
-376.0,-142.5
-377.0,-142.5
-378.0,-142.5
-379.0,-142.5
-380.0,-142.5
-381.0,-142.5
-382.0,-142.5
-383.0,-142.5
-384.0,-142.5
-385.0,-142.5
-386.0,-142.5
-387.0,-142.5
-388.0,-142.5
-389.0,-142.5
-390.0,-142.5
-391.0,-142.5
-392.0,-142.5
-393.0,-142.5
-394.0,-142.5
-395.0,-142.5
-396.0,-142.5
-397.0,-142.5
-398.0,-142.5
-399.0,-142.5
-400.0,-142.5
-401.0,-142.5
-402.0,-142.5
-403.0,-142.5
-404.0,-142.5
-405.0,-142.5
-406.0,-142.5
-407.0,-142.5
-408.0,-142.5
-409.0,-142.5
-410.0,-142.5
-411.0,-142.5
-412.0,-142.5
-413.0,-142.5
-414.0,-143.5
-415.0,-143.5
-416.0,-143.5
-417.0,-142.5
-418.0,-142.5
-419.0,-142.5
-420.0,-143.5
-421.0,-143.5
-422.0,-143.5
-423.0,-143.5
-424.0,-143.5
-425.0,-143.5
-426.0,-143.5
-427.0,-143.5
-428.0,-143.5
-429.0,-143.5
-430.0,-143.5
-431.0,-143.5
-432.0,-143.5
-433.0,-143.5
-434.0,-143.5
-435.0,-143.5
-436.0,-143.5
-437.0,-143.5
-438.0,-143.5
-439.0,-143.5
-440.0,-143.5
-441.0,-143.5
-442.0,-143.5
-443.0,-143.5
-444.0,-143.5
-445.0,-143.5
-446.0,-143.5
-447.0,-143.5
-448.0,-143.5
-449.0,-143.5
-450.0,-143.5
-451.0,-143.5
-452.0,-143.5
-453.0,-143.5
-454.0,-143.5
-455.0,-143.5
-456.0,-143.5
-457.0,-143.5
-458.0,-143.5
-459.0,-143.5
-460.0,-143.5
-461.0,-143.5
-462.0,-143.5
-463.0,-143.5
-464.0,-143.5
-465.0,-143.5
-466.0,-143.5
-467.0,-143.5
-468.0,-143.5
-469.0,-143.5
-470.0,-143.5
-471.0,-143.5
-472.0,-143.5
-473.0,-143.5
-474.0,-143.5
-475.0,-143.5
-476.0,-143.5
-477.0,-143.5
-478.0,-143.5
-479.0,-143.5
-480.0,-143.5
-481.0,-143.5
-482.0,-143.5
-483.0,-143.5
-484.0,-143.5
-485.0,-143.5
-486.0,-143.5
-487.0,-143.5
-488.0,-143.5
-489.0,-143.5
-490.0,-143.5
-491.0,-143.5
-492.0,-144.5
-493.0,-144.5
-494.0,-144.5
-495.0,-144.5
-496.0,-144.5
-497.0,-144.5
-498.0,-144.5
-499.0,-144.5
-500.0,-144.5
-501.0,-144.5
-502.0,-144.5
-503.0,-144.5
-504.0,-144.5
-505.0,-144.5
-506.0,-144.5
-507.0,-144.5
-508.0,-144.5
-509.0,-144.5
-510.0,-144.5
-511.0,-144.5
-512.0,-144.5
-513.0,-144.5
-514.0,-144.5
-515.0,-144.5
-516.0,-144.5
-517.0,-144.5
-518.0,-144.5
-519.0,-144.5
-520.0,-144.5
-521.0,-144.5
-522.0,-144.5
-523.0,-144.5
-524.0,-144.5
-525.0,-144.5
-526.0,-144.5
-527.0,-144.5
-528.0,-144.5
-529.0,-144.5
-530.0,-144.5
-531.0,-144.5
-532.0,-144.5
-533.0,-144.5
-534.0,-144.5
-535.0,-144.5
-536.0,-144.5
-537.0,-144.5
-538.0,-144.5
-539.0,-144.5
-540.0,-144.5
-541.0,-144.5
-542.0,-144.5
-543.0,-144.5
-544.0,-144.5
-545.0,-144.5
-546.0,-144.5
-547.0,-144.5
-548.0,-144.5
-549.0,-144.5
-550.0,-144.5
-551.0,-145.5
-552.0,-145.5
-553.0,-145.5
-554.0,-145.5
-555.0,-145.5
-556.0,-144.5
-557.0,-144.5
-558.0,-145.5
-559.0,-145.5
-560.0,-145.5
-561.0,-145.5
-562.0,-145.5
-563.0,-145.5
-564.0,-145.5
-565.0,-145.5
-566.0,-145.5
-567.0,-145.5
-568.0,-145.5
-569.0,-145.5
-570.0,-145.5
-571.0,-145.5
-572.0,-145.5
-573.0,-145.5
-574.0,-145.5
-575.0,-145.5
-576.0,-145.5
-577.0,-145.5
-578.0,-145.5
-579.0,-145.5
-580.0,-145.5
-581.0,-145.5
-582.0,-145.5
-583.0,-145.5
-584.0,-145.5
-585.0,-145.5
-586.0,-145.5
-587.0,-145.5
-588.0,-145.5
-589.0,-145.5
-590.0,-145.5
-591.0,-145.5
-592.0,-145.5
-593.0,-145.5
-594.0,-145.5
-595.0,-145.5
-596.0,-145.5
-597.0,-145.5
-598.0,-145.5
-599.0,-145.5
-600.0,-145.5
-601.0,-145.5
-602.0,-145.5
-603.0,-145.5
-604.0,-145.5
-605.0,-145.5
-606.0,-145.5
-607.0,-145.5
-608.0,-144.5
-609.0,-145.5
-610.0,-144.5
-611.0,-143.5
-611.0,-142.5
-611.0,-141.5
-611.0,-140.5
-611.0,-139.5
-611.0,-138.5
-611.0,-137.5
-611.0,-136.5
-611.0,-135.5
-611.0,-134.5
-611.0,-133.5
-611.0,-132.5
-611.0,-131.5
-611.0,-130.5
-611.0,-129.5
-611.0,-128.5
-611.0,-127.5
-611.0,-126.5
-611.0,-125.5
-611.0,-124.5
-611.0,-123.5
-611.0,-122.5
-611.0,-121.5
-611.0,-120.5
-611.0,-119.5
-611.0,-118.5
-611.0,-117.5
-611.0,-116.5
-611.0,-115.5
-611.0,-114.5
-611.0,-113.5
-611.0,-112.5
-611.0,-111.5
-611.0,-110.5
-611.0,-109.5
-611.0,-108.5
-611.0,-107.5
-611.0,-106.5
-611.0,-105.5
-611.0,-104.5
-611.0,-103.5
-611.0,-102.5
-611.0,-101.5
-611.0,-100.5
-611.0,-99.5
-611.0,-98.5
-611.0,-97.5
-611.0,-96.5
-611.0,-95.5
-611.0,-94.5
-611.0,-93.5
-611.0,-92.5
-611.0,-91.5
-611.0,-90.5
-611.0,-89.5
-611.0,-88.5
-611.0,-87.5
-611.0,-86.5
-611.0,-85.5
-611.0,-84.5
-611.0,-83.5
-611.0,-82.5
-611.0,-81.5
-611.0,-80.5
-611.0,-79.5
-611.0,-78.5
-611.0,-77.5
-611.0,-76.5
-611.0,-75.5
-611.0,-74.5
-611.0,-73.5
-611.0,-72.5
-611.0,-71.5
-611.0,-70.5
-611.0,-69.5
-611.0,-68.5
-611.0,-67.5
-611.0,-66.5
-611.0,-65.5
-611.0,-64.5
-611.0,-63.5
-611.0,-62.5
-611.0,-61.5
-611.0,-60.5
-611.0,-59.5
-611.0,-58.5
-611.0,-57.5
-611.0,-56.5
-611.0,-55.5
-611.0,-54.5
-611.0,-53.5
-611.0,-52.5
-611.0,-51.5
-611.0,-50.5
-611.0,-49.5
-611.0,-48.5
-611.0,-47.5
-611.0,-46.5
-611.0,-45.5
-611.0,-44.5
-611.0,-43.5
-611.0,-42.5
-611.0,-41.5
-611.0,-40.5
-611.0,-39.5
-611.0,-38.5
-611.0,-37.5
-611.0,-36.5
-611.0,-35.5
-611.0,-34.5
-611.0,-33.5
-611.0,-32.5
-611.0,-31.5
-611.0,-30.5
-611.0,-29.5
-611.0,-28.5
-611.0,-27.5
-611.0,-26.5
-611.0,-25.5
-611.0,-24.5
-611.0,-23.5
-611.0,-22.5
-611.0,-21.5
-611.0,-20.5
-611.0,-19.5
-611.0,-18.5
-611.0,-17.5
-611.0,-16.5
-611.0,-15.5
-611.0,-14.5
-611.0,-13.5
-611.0,-12.5
-611.0,-11.5
-611.0,-10.5
-611.0,-9.5
-611.0,-8.5
-611.0,-7.5
-611.0,-6.5
-611.0,-5.5
-611.0,-4.5
-611.0,-3.5
-611.0,-2.5
-611.0,-1.5
-611.0,-0.5
-611.0,0.5
-611.0,1.5
-611.0,2.5
-611.0,3.5
-611.0,4.5
-611.0,5.5
-611.0,6.5
-611.0,7.5
-611.0,8.5
-611.0,9.5
-611.0,10.5
-611.0,11.5
-611.0,12.5
-611.0,13.5
-611.0,14.5
-610.0,15.5
-610.0,16.5
-610.0,17.5
-610.0,18.5
-610.0,19.5
-610.0,20.5
-610.0,21.5
-611.0,22.5
-611.0,23.5
-611.0,24.5
-611.0,25.5
-610.0,26.5
-610.0,27.5
-610.0,28.5
-610.0,29.5
-610.0,30.5
-610.0,31.5
-610.0,32.5
-610.0,33.5
-610.0,34.5
-610.0,35.5
-610.0,36.5
-610.0,37.5
-610.0,38.5
-610.0,39.5
-610.0,40.5
-610.0,41.5
-610.0,42.5
-610.0,43.5
-610.0,44.5
-610.0,45.5
-610.0,46.5
-610.0,47.5
-610.0,48.5
-610.0,49.5
-610.0,50.5
-610.0,51.5
-610.0,52.5
-610.0,53.5
-610.0,54.5
-610.0,55.5
-610.0,56.5
-610.0,57.5
-610.0,58.5
-610.0,59.5
-610.0,60.5
-610.0,61.5
-610.0,62.5
-610.0,63.5
-610.0,64.5
-610.0,65.5
-610.0,66.5
-610.0,67.5
-610.0,68.5
-610.0,69.5
-610.0,70.5
-610.0,71.5
-610.0,72.5
-610.0,73.5
-610.0,74.5
-610.0,75.5
-610.0,76.5
-610.0,77.5
-610.0,78.5
-610.0,79.5
-610.0,80.5
-610.0,81.5
-610.0,82.5
-610.0,83.5
-610.0,84.5
-610.0,85.5
-610.0,86.5
-610.0,87.5
-610.0,88.5
-610.0,89.5
-610.0,90.5
-610.0,91.5
-610.0,92.5
-610.0,93.5
-610.0,94.5
-610.0,95.5
-610.0,96.5
-610.0,97.5
-610.0,98.5
-610.0,99.5
-610.0,100.5
-610.0,101.5
-610.0,102.5
-610.0,103.5
-610.0,104.5
-610.0,105.5
-610.0,106.5
-610.0,107.5
-610.0,108.5
-610.0,109.5
-610.0,110.5
-610.0,111.5
-610.0,112.5
-610.0,113.5
-610.0,114.5
-610.0,115.5
-610.0,116.5
-610.0,117.5
-610.0,118.5
-610.0,119.5
-610.0,120.5
-610.0,121.5
-610.0,122.5
-610.0,123.5
-610.0,124.5
-610.0,125.5
-610.0,126.5
-610.0,127.5
-610.0,128.5
-610.0,129.5
-609.0,130.5
-609.0,131.5
-609.0,132.5
-609.0,133.5
-609.0,134.5
-609.0,135.5
-609.0,136.5
-609.0,137.5
-609.0,138.5
-610.0,139.5
-610.0,140.5
-610.0,141.5
-610.0,142.5
-610.0,143.5
-610.0,144.5
-610.0,145.5
-610.0,146.5
-610.0,147.5
-610.0,148.5
-610.0,149.5
-610.0,150.5
-610.0,151.5
-610.0,152.5
-610.0,153.5
-610.0,154.5
-610.0,155.5
-610.0,156.5
-610.0,157.5
-610.0,158.5
-610.0,159.5
-610.0,160.5
-610.0,161.5
-610.0,162.5
-610.0,163.5
-610.0,164.5
-610.0,165.5
-610.0,166.5
-610.0,167.5
-610.0,168.5
-610.0,169.5
-610.0,170.5
-610.0,171.5
-610.0,172.5
-610.0,173.5
-610.0,174.5
-610.0,175.5
-609.0,176.5
-609.0,177.5
-609.0,178.5
-609.0,179.5
-609.0,180.5
-609.0,181.5
-609.0,182.5
-609.0,183.5
-609.0,184.5
-609.0,185.5
-609.0,186.5
-609.0,187.5
-609.0,188.5
-609.0,189.5
-609.0,190.5
-609.0,191.5
-609.0,192.5
-609.0,193.5
-609.0,194.5
-609.0,195.5
-609.0,196.5
-609.0,197.5
-609.0,198.5
-609.0,199.5
-609.0,200.5
-609.0,201.5
-609.0,202.5
-609.0,203.5
-609.0,204.5
-609.0,205.5
-609.0,206.5
-609.0,207.5
-609.0,208.5
-609.0,209.5
-609.0,210.5
-609.0,211.5
-609.0,212.5
-609.0,213.5
-609.0,214.5
-609.0,215.5
-609.0,216.5
-609.0,217.5
-609.0,218.5
-609.0,219.5
-609.0,220.5
-609.0,221.5
-609.0,222.5
-609.0,223.5
-609.0,224.5
-609.0,225.5
-609.0,226.5
-609.0,227.5
-609.0,228.5
-609.0,229.5
-609.0,230.5
-609.0,231.5
-610.0,232.5
-610.0,233.5
-610.0,234.5
-609.0,235.5
-609.0,236.5
-609.0,237.5
-609.0,238.5
-609.0,239.5
-609.0,240.5
-609.0,241.5
-609.0,242.5
-609.0,243.5
-609.0,244.5
-609.0,245.5
-609.0,246.5
-609.0,247.5
-609.0,248.5
-609.0,249.5
-609.0,250.5
-609.0,251.5
-609.0,252.5
-609.0,253.5
-609.0,254.5
-609.0,255.5
-609.0,256.5
-609.0,257.5
-609.0,258.5
-609.0,259.5
-609.0,260.5
-609.0,261.5
-609.0,262.5
-609.0,263.5
-609.0,264.5
-609.0,265.5
-609.0,266.5
-609.0,267.5
-609.0,268.5
-609.0,269.5
-609.0,270.5
-609.0,271.5
-609.0,272.5
-609.0,273.5
-609.0,274.5
-609.0,275.5
-609.0,276.5
-609.0,277.5
-609.0,278.5
-609.0,279.5
-609.0,280.5
-609.0,281.5
-609.0,282.5
-609.0,283.5
-609.0,284.5
-608.0,285.5
-607.0,286.5
-606.0,287.5
-605.0,286.5
-604.0,287.5
-603.0,287.5
-602.0,287.5
-601.0,287.5
-600.0,287.5
-599.0,287.5
-598.0,287.5
-597.0,287.5
-596.0,287.5
-595.0,287.5
-594.0,287.5
-593.0,287.5
-592.0,287.5
-591.0,287.5
-590.0,287.5
-589.0,287.5
-588.0,287.5
-587.0,287.5
-586.0,287.5
-585.0,287.5
-584.0,287.5
-583.0,287.5
-582.0,287.5
-581.0,287.5
-580.0,287.5
-579.0,287.5
-578.0,287.5
-577.0,287.5
-576.0,287.5
-575.0,287.5
-574.0,287.5
-573.0,287.5
-572.0,287.5
-571.0,287.5
-570.0,287.5
-569.0,287.5
-568.0,287.5
-567.0,287.5
-566.0,287.5
-565.0,287.5
-564.0,287.5
-563.0,287.5
-562.0,287.5
-561.0,287.5
-560.0,287.5
-559.0,287.5
-558.0,287.5
-557.0,287.5
-556.0,287.5
-555.0,287.5
-554.0,287.5
-553.0,287.5
-552.0,287.5
-551.0,287.5
-550.0,287.5
-549.0,287.5
-548.0,287.5
-547.0,287.5
-546.0,287.5
-545.0,287.5
-544.0,287.5
-543.0,287.5
-542.0,287.5
-541.0,287.5
-540.0,287.5
-539.0,287.5
-538.0,287.5
-537.0,287.5
-536.0,287.5
-535.0,287.5
-534.0,287.5
-533.0,287.5
-532.0,287.5
-531.0,287.5
-530.0,287.5
-529.0,287.5
-528.0,287.5
-527.0,287.5
-526.0,287.5
-525.0,287.5
-524.0,287.5
-523.0,287.5
-522.0,287.5
-521.0,287.5
-520.0,287.5
-519.0,287.5
-518.0,287.5
-517.0,287.5
-516.0,286.5
-515.0,286.5
-514.0,286.5
-513.0,286.5
-512.0,286.5
-511.0,286.5
-510.0,286.5
-509.0,286.5
-508.0,286.5
-507.0,286.5
-506.0,286.5
-505.0,286.5
-504.0,286.5
-503.0,286.5
-502.0,286.5
-501.0,286.5
-500.0,286.5
-499.0,286.5
-498.0,286.5
-497.0,286.5
-496.0,286.5
-495.0,286.5
-494.0,286.5
-493.0,286.5
-492.0,286.5
-491.0,286.5
-490.0,286.5
-489.0,286.5
-488.0,286.5
-487.0,286.5
-486.0,286.5
-485.0,286.5
-484.0,286.5
-483.0,286.5
-482.0,286.5
-481.0,286.5
-480.0,286.5
-479.0,286.5
-478.0,286.5
-477.0,286.5
-476.0,286.5
-475.0,286.5
-474.0,286.5
-473.0,286.5
-472.0,286.5
-471.0,286.5
-470.0,286.5
-469.0,286.5
-468.0,286.5
-467.0,286.5
-466.0,286.5
-465.0,286.5
-464.0,286.5
-463.0,286.5
-462.0,286.5
-461.0,286.5
-460.0,286.5
-459.0,286.5
-458.0,286.5
-457.0,286.5
-456.0,286.5
-455.0,286.5
-454.0,286.5
-453.0,286.5
-452.0,286.5
-451.0,286.5
-450.0,286.5
-449.0,286.5
-448.0,286.5
-447.0,286.5
-446.0,286.5
-445.0,286.5
-444.0,286.5
-443.0,286.5
-442.0,286.5
-441.0,286.5
-440.0,286.5
-439.0,286.5
-438.0,286.5
-437.0,286.5
-436.0,286.5
-435.0,286.5
-434.0,286.5
-433.0,286.5
-432.0,286.5
-431.0,286.5
-430.0,287.5
-429.0,287.5
-428.0,287.5
-427.0,287.5
-426.0,287.5
-425.0,287.5
-424.0,287.5
-423.0,287.5
-422.0,287.5
-421.0,287.5
-420.0,287.5
-419.0,287.5
-418.0,287.5
-417.0,287.5
-416.0,287.5
-415.0,287.5
-414.0,287.5
-413.0,287.5
-412.0,287.5
-411.0,287.5
-410.0,287.5
-409.0,287.5
-408.0,287.5
-407.0,287.5
-406.0,287.5
-405.0,287.5
-404.0,287.5
-403.0,287.5
-402.0,287.5
-401.0,287.5
-400.0,287.5
-399.0,287.5
-398.0,287.5
-397.0,287.5
-396.0,287.5
-395.0,287.5
-394.0,287.5
-393.0,287.5
-392.0,287.5
-391.0,287.5
-390.0,287.5
-389.0,287.5
-388.0,287.5
-387.0,287.5
-386.0,287.5
-385.0,287.5
-384.0,287.5
-383.0,287.5
-382.0,287.5
-381.0,287.5
-380.0,287.5
-379.0,287.5
-378.0,287.5
-377.0,287.5
-376.0,287.5
-375.0,287.5
-374.0,287.5
-373.0,287.5
-372.0,287.5
-371.0,287.5
-370.0,287.5
-369.0,287.5
-368.0,287.5
-367.0,287.5
-366.0,287.5
-365.0,287.5
-364.0,287.5
-363.0,287.5
-362.0,287.5
-361.0,287.5
-360.0,287.5
-359.0,287.5
-358.0,287.5
-357.0,287.5
-356.0,287.5
-355.0,287.5
-354.0,287.5
-353.0,287.5
-352.0,287.5
-351.0,287.5
-350.0,287.5
-349.0,287.5
-348.0,287.5
-347.0,287.5
-346.0,287.5
-345.0,287.5
-344.0,287.5
-343.0,287.5
-342.0,287.5
-341.0,287.5
-340.0,287.5
-339.0,287.5
-338.0,287.5
-337.0,287.5
-336.0,287.5
-335.0,287.5
-334.0,287.5
-333.0,287.5
-332.0,287.5
-331.0,287.5
-330.0,287.5
-329.0,287.5
-328.0,287.5
-327.0,287.5
-326.0,287.5
-325.0,287.5
-324.0,287.5
-323.0,287.5
-322.0,287.5
-321.0,287.5
-320.0,287.5
-319.0,287.5
-318.0,287.5
-317.0,287.5
-316.0,287.5
-315.0,287.5
-314.0,286.5
-313.0,286.5
-312.0,286.5
-311.0,286.5
-310.0,286.5
-309.0,286.5
-308.0,286.5
-307.0,286.5
-306.0,286.5
-305.0,286.5
-304.0,286.5
-303.0,286.5
-302.0,286.5
-301.0,286.5
-300.0,286.5
-299.0,286.5
-298.0,286.5
-297.0,286.5
-296.0,286.5
-295.0,286.5
-294.0,286.5
-293.0,286.5
-292.0,286.5
-291.0,286.5
-290.0,286.5
-289.0,286.5
-288.0,286.5
-287.0,286.5
-286.0,286.5
-285.0,286.5
-284.0,286.5
-283.0,286.5
-282.0,286.5
-281.0,286.5
-280.0,286.5
-279.0,286.5
-278.0,286.5
-277.0,286.5
-276.0,286.5
-275.0,286.5
-274.0,286.5
-273.0,286.5
-272.0,286.5
-271.0,286.5
-270.0,286.5
-269.0,286.5
-268.0,286.5
-267.0,286.5
-266.0,286.5
-265.0,286.5
-264.0,286.5
-263.0,286.5
-262.0,286.5
-261.0,286.5
-260.0,286.5
-259.0,286.5
-258.0,286.5
-257.0,286.5
-256.0,286.5
-255.0,286.5
-254.0,286.5
-253.0,286.5
-252.0,286.5
-251.0,286.5
-250.0,286.5
-249.0,286.5
-248.0,286.5
-247.0,286.5
-246.0,286.5
-245.0,286.5
-244.0,286.5
-243.0,286.5
-242.0,286.5
-241.0,286.5
-240.0,286.5
-239.0,286.5
-238.0,286.5
-237.0,286.5
-236.0,286.5
-235.0,286.5
-234.0,285.5
-233.0,285.5
-232.0,285.5
-231.0,285.5
-230.0,285.5
-229.0,285.5
-228.0,285.5
-227.0,285.5
-226.0,285.5
-225.0,285.5
-224.0,285.5
-223.0,285.5
-222.0,285.5
-221.0,285.5
-220.0,285.5
-219.0,285.5
-218.0,285.5
-217.0,285.5
-216.0,285.5
-215.0,285.5
-214.0,285.5
-213.0,285.5
-212.0,285.5
-211.0,285.5
-210.0,285.5
-209.0,285.5
-208.0,285.5
-207.0,285.5
-206.0,285.5
-205.0,285.5
-204.0,285.5
-203.0,285.5
-202.0,285.5
-201.0,285.5
-200.0,285.5
-199.0,285.5
-198.0,285.5
-197.0,285.5
-196.0,285.5
-195.0,285.5
-194.0,285.5
-193.0,285.5
-192.0,285.5
-191.0,285.5
-190.0,285.5
-189.0,285.5
-188.0,285.5
-187.0,285.5
-186.0,284.5
-185.0,284.5
-184.0,284.5
-183.0,284.5
-182.0,284.5
-181.0,284.5
-180.0,284.5
-179.0,284.5
-178.0,284.5
-177.0,284.5
-176.0,284.5
-175.0,284.5
-174.0,284.5
-173.0,284.5
-172.0,284.5
-171.0,284.5
-170.0,284.5
-169.0,284.5
-168.0,284.5
-167.0,284.5
-166.0,284.5
-165.0,284.5
-164.0,284.5
-163.0,284.5
-162.0,284.5
-161.0,284.5
-160.0,284.5
-159.0,284.5
-158.0,284.5
-157.0,284.5
-156.0,284.5
-155.0,284.5
-154.0,284.5
-153.0,284.5
-152.0,284.5
-151.0,284.5
-150.0,284.5
-149.0,284.5
-148.0,284.5
-147.0,284.5
-146.0,284.5
-145.0,284.5
-144.0,284.5
-143.0,284.5
-142.0,284.5
-141.0,284.5
-140.0,284.5
-139.0,284.5
-138.0,284.5
-137.0,284.5
-136.0,284.5
-135.0,284.5
-134.0,284.5
-133.0,284.5
-132.0,284.5
-131.0,284.5
-130.0,284.5
-129.0,284.5
-128.0,284.5
-127.0,284.5
-126.0,284.5
-125.0,284.5
-124.0,284.5
-123.0,284.5
-122.0,284.5
-121.0,284.5
-120.0,284.5
-119.0,284.5
-118.0,283.5
-117.0,283.5
-116.0,283.5
-115.0,283.5
-114.0,283.5
-113.0,283.5
-112.0,283.5
-111.0,283.5
-110.0,283.5
-109.0,283.5
-108.0,283.5
-107.0,283.5
-106.0,283.5
-105.0,283.5
-104.0,283.5
-103.0,283.5
-102.0,283.5
-101.0,283.5
-100.0,283.5
-99.0,283.5
-98.0,283.5
-97.0,283.5
-96.0,283.5
-95.0,283.5
-94.0,283.5
-93.0,283.5
-92.0,283.5
-91.0,283.5
-90.0,283.5
-89.0,283.5
-88.0,283.5
-87.0,283.5
-86.0,283.5
-85.0,283.5
-84.0,283.5
-83.0,283.5
-82.0,283.5
-81.0,283.5
-80.0,283.5
-79.0,283.5
-78.0,283.5
-77.0,283.5
-76.0,283.5
-75.0,283.5
-74.0,283.5
-73.0,283.5
-72.0,283.5
-71.0,283.5
-70.0,283.5
-69.0,283.5
-68.0,283.5
-67.0,283.5
-66.0,283.5
-65.0,283.5
-64.0,283.5
-63.0,283.5
-62.0,283.5
-61.0,283.5
-60.0,283.5
-59.0,283.5
-58.0,283.5
-57.0,282.5
-56.0,282.5
-55.0,282.5
-54.0,282.5
-53.0,282.5
-52.0,282.5
-51.0,282.5
-50.0,282.5
-49.0,282.5
-48.0,282.5
-47.0,282.5
-46.0,282.5
-45.0,282.5
-44.0,282.5
-43.0,282.5
-42.0,282.5
-41.0,282.5
-40.0,282.5
-39.0,282.5
-38.0,282.5
-37.0,282.5
-36.0,282.5
-35.0,282.5
-34.0,282.5
-33.0,282.5
-32.0,282.5
-31.0,282.5
-30.0,282.5
-29.0,282.5
-28.0,282.5
-27.0,282.5
-26.0,282.5
-25.0,282.5
-24.0,282.5
-23.0,282.5
-22.0,282.5
-21.0,282.5
-20.0,282.5
-19.0,282.5
-18.0,282.5
-17.0,282.5
-16.0,282.5
-15.0,282.5
-14.0,282.5
-13.0,282.5
-12.0,282.5
-11.0,282.5
-10.0,282.5
-9.0,282.5
-8.0,282.5
-7.0,282.5
-6.0,282.5
-5.0,282.5
-4.0,282.5
-3.0,282.5
-2.0,282.5
-1.0,282.5
0.0,282.5
1.0,282.5
2.0,282.5
3.0,282.5
4.0,282.5
5.0,282.5
6.0,282.5
7.0,282.5
8.0,282.5
9.0,282.5
10.0,282.5
11.0,282.5
12.0,282.5
13.0,282.5
14.0,282.5
15.0,282.5
16.0,282.5
17.0,282.5
18.0,282.5
19.0,282.5
20.0,282.5
21.0,282.5
22.0,282.5
23.0,282.5
24.0,282.5
25.0,282.5
26.0,282.5
27.0,282.5
28.0,282.5
29.0,282.5
30.0,282.5
31.0,282.5
32.0,282.5
33.0,282.5
34.0,282.5
35.0,282.5
36.0,282.5
37.0,282.5
38.0,282.5
39.0,282.5
40.0,282.5
41.0,282.5
42.0,282.5
43.0,282.5
44.0,282.5
45.0,282.5
46.0,282.5
47.0,282.5
48.0,282.5
49.0,282.5
50.0,282.5
51.0,282.5
52.0,282.5
53.0,282.5
54.0,282.5
55.0,282.5
56.0,282.5
57.0,282.5
58.0,282.5
59.0,282.5
60.0,282.5
61.0,282.5
62.0,282.5
63.0,282.5
64.0,282.5
65.0,282.5
66.0,282.5
67.0,282.5
68.0,282.5
69.0,282.5
70.0,282.5
71.0,282.5
72.0,282.5
73.0,282.5
74.0,282.5
75.0,282.5
76.0,282.5
77.0,282.5
78.0,282.5
79.0,282.5
80.0,282.5
81.0,282.5
82.0,282.5
83.0,282.5
84.0,282.5
85.0,282.5
86.0,282.5
87.0,282.5
88.0,282.5
89.0,282.5
90.0,282.5
91.0,282.5
92.0,282.5
93.0,282.5
94.0,282.5
95.0,282.5
96.0,282.5
97.0,282.5
98.0,282.5
99.0,282.5
100.0,282.5
101.0,282.5
102.0,282.5
103.0,282.5
104.0,282.5
105.0,282.5
106.0,282.5
107.0,282.5
108.0,282.5
109.0,282.5
110.0,282.5
111.0,282.5
112.0,282.5
113.0,282.5
114.0,282.5
115.0,282.5
116.0,282.5
117.0,282.5
118.0,282.5
119.0,282.5
120.0,282.5
121.0,282.5
122.0,282.5
123.0,282.5
124.0,282.5
125.0,282.5
126.0,282.5
127.0,282.5
128.0,282.5
129.0,282.5
130.0,282.5
131.0,282.5
132.0,282.5
133.0,282.5
134.0,282.5
135.0,282.5
136.0,282.5
137.0,282.5
138.0,282.5
139.0,282.5
140.0,282.5
141.0,282.5
142.0,282.5
143.0,282.5
144.0,282.5
145.0,282.5
146.0,282.5
147.0,282.5
148.0,282.5
149.0,282.5
150.0,282.5
151.0,282.5
152.0,282.5
153.0,282.5
154.0,282.5
155.0,282.5
156.0,282.5
157.0,282.5
158.0,282.5
159.0,282.5
160.0,282.5
161.0,282.5
162.0,282.5
163.0,282.5
164.0,282.5
165.0,282.5
166.0,282.5
167.0,282.5
168.0,282.5
169.0,282.5
170.0,282.5
171.0,282.5
172.0,282.5
173.0,282.5
174.0,282.5
175.0,282.5
176.0,282.5
177.0,282.5
178.0,282.5
179.0,282.5
180.0,282.5
181.0,282.5
182.0,282.5
183.0,282.5
184.0,282.5
185.0,282.5
186.0,282.5
187.0,282.5
188.0,282.5
189.0,282.5
190.0,282.5
191.0,282.5
192.0,282.5
193.0,282.5
194.0,282.5
195.0,282.5
196.0,282.5
197.0,282.5
198.0,282.5
199.0,282.5
200.0,282.5
201.0,282.5
202.0,282.5
203.0,282.5
204.0,282.5
205.0,282.5
206.0,282.5
207.0,282.5
208.0,282.5
209.0,282.5
210.0,282.5
211.0,282.5
212.0,282.5
213.0,282.5
214.0,282.5
215.0,282.5
216.0,282.5
217.0,282.5
218.0,282.5
219.0,282.5
220.0,282.5
221.0,282.5
222.0,282.5
223.0,282.5
224.0,282.5
225.0,282.5
226.0,282.5
227.0,282.5
228.0,282.5
229.0,282.5
230.0,282.5
231.0,282.5
232.0,282.5
233.0,282.5
234.0,282.5
235.0,282.5
236.0,282.5
237.0,282.5
238.0,282.5
239.0,282.5
240.0,282.5
241.0,282.5
242.0,282.5
243.0,282.5
244.0,282.5
245.0,282.5
246.0,282.5
247.0,282.5
248.0,282.5
249.0,282.5
250.0,282.5
251.0,282.5
252.0,282.5
253.0,283.5
254.0,284.5
255.0,284.5
254.0,284.5
253.0,283.5
252.0,283.5
251.0,283.5
250.0,282.5
249.0,282.5
248.0,282.5
247.0,282.5
246.0,282.5
245.0,282.5
244.0,282.5
243.0,282.5
242.0,282.5
241.0,282.5
240.0,282.5
239.0,282.5
238.0,282.5
237.0,282.5
236.0,282.5
235.0,282.5
234.0,282.5
233.0,282.5
232.0,282.5
231.0,282.5
230.0,282.5
229.0,282.5
228.0,282.5
227.0,282.5
226.0,282.5
225.0,282.5
224.0,282.5
223.0,282.5
222.0,282.5
221.0,282.5
220.0,282.5
219.0,282.5
218.0,282.5
217.0,282.5
216.0,282.5
215.0,282.5
214.0,282.5
213.0,282.5
212.0,282.5
211.0,282.5
210.0,282.5
209.0,282.5
208.0,282.5
207.0,282.5
206.0,282.5
205.0,282.5
204.0,282.5
203.0,282.5
202.0,282.5
201.0,282.5
200.0,282.5
199.0,282.5
198.0,282.5
197.0,282.5
196.0,282.5
195.0,282.5
194.0,282.5
193.0,282.5
192.0,282.5
191.0,282.5
190.0,282.5
189.0,282.5
188.0,282.5
187.0,282.5
186.0,282.5
185.0,282.5
184.0,282.5
183.0,282.5
182.0,282.5
181.0,282.5
180.0,282.5
179.0,282.5
178.0,282.5
177.0,282.5
176.0,282.5
175.0,282.5
174.0,282.5
173.0,282.5
172.0,282.5
171.0,282.5
170.0,282.5
169.0,282.5
168.0,282.5
167.0,282.5
166.0,282.5
165.0,282.5
164.0,282.5
163.0,282.5
162.0,282.5
161.0,282.5
160.0,282.5
159.0,282.5
158.0,282.5
157.0,282.5
156.0,282.5
155.0,282.5
154.0,282.5
153.0,282.5
152.0,282.5
151.0,282.5
150.0,282.5
149.0,282.5
148.0,282.5
147.0,282.5
146.0,282.5
145.0,282.5
144.0,282.5
143.0,282.5
142.0,282.5
141.0,282.5
140.0,282.5
139.0,282.5
138.0,282.5
137.0,282.5
136.0,282.5
135.0,282.5
134.0,282.5
133.0,282.5
132.0,282.5
131.0,282.5
130.0,282.5
129.0,282.5
128.0,282.5
127.0,282.5
126.0,282.5
125.0,282.5
124.0,282.5
123.0,282.5
122.0,282.5
121.0,282.5
120.0,282.5
119.0,282.5
118.0,282.5
117.0,282.5
116.0,282.5
115.0,282.5
114.0,282.5
113.0,282.5
112.0,282.5
111.0,282.5
110.0,282.5
109.0,282.5
108.0,282.5
107.0,282.5
106.0,282.5
105.0,282.5
104.0,282.5
103.0,282.5
102.0,282.5
101.0,282.5
100.0,282.5
99.0,282.5
98.0,282.5
97.0,282.5
96.0,282.5
95.0,282.5
94.0,282.5
93.0,282.5
92.0,282.5
91.0,282.5
90.0,282.5
89.0,282.5
88.0,282.5
87.0,282.5
86.0,282.5
85.0,282.5
84.0,282.5
83.0,282.5
82.0,282.5
81.0,282.5
80.0,282.5
79.0,282.5
78.0,282.5
77.0,282.5
76.0,282.5
75.0,282.5
74.0,282.5
73.0,282.5
72.0,282.5
71.0,282.5
70.0,282.5
69.0,282.5
68.0,282.5
67.0,282.5
66.0,282.5
65.0,282.5
64.0,282.5
63.0,282.5
62.0,282.5
61.0,282.5
60.0,282.5
59.0,282.5
58.0,282.5
57.0,282.5
56.0,282.5
55.0,282.5
54.0,282.5
53.0,282.5
52.0,282.5
51.0,282.5
50.0,282.5
49.0,282.5
48.0,282.5
47.0,282.5
46.0,282.5
45.0,282.5
44.0,282.5
43.0,282.5
42.0,282.5
41.0,282.5
40.0,282.5
39.0,282.5
38.0,282.5
37.0,282.5
36.0,282.5
35.0,282.5
34.0,282.5
33.0,282.5
32.0,282.5
31.0,282.5
30.0,282.5
29.0,282.5
28.0,282.5
27.0,282.5
26.0,282.5
25.0,282.5
24.0,282.5
23.0,282.5
22.0,282.5
21.0,282.5
20.0,282.5
19.0,282.5
18.0,282.5
17.0,282.5
16.0,282.5
15.0,282.5
14.0,282.5
13.0,282.5
12.0,282.5
11.0,282.5
10.0,282.5
9.0,282.5
8.0,282.5
7.0,282.5
6.0,282.5
5.0,282.5
4.0,282.5
3.0,282.5
2.0,282.5
1.0,282.5
0.0,282.5
-1.0,282.5
-2.0,282.5
-3.0,282.5
-4.0,282.5
-5.0,282.5
-6.0,282.5
-7.0,282.5
-8.0,282.5
-9.0,282.5
-10.0,282.5
-11.0,282.5
-12.0,282.5
-13.0,282.5
-14.0,282.5
-15.0,282.5
-16.0,282.5
-17.0,282.5
-18.0,282.5
-19.0,282.5
-20.0,282.5
-21.0,282.5
-22.0,282.5
-23.0,282.5
-24.0,282.5
-25.0,282.5
-26.0,282.5
-27.0,282.5
-28.0,282.5
-29.0,282.5
-30.0,282.5
-31.0,282.5
-32.0,282.5
-33.0,282.5
-34.0,282.5
-35.0,282.5
-36.0,282.5
-37.0,282.5
-38.0,282.5
-39.0,282.5
-40.0,282.5
-41.0,282.5
-42.0,282.5
-43.0,282.5
-44.0,282.5
-45.0,282.5
-46.0,282.5
-47.0,282.5
-48.0,282.5
-49.0,282.5
-50.0,282.5
-51.0,282.5
-52.0,282.5
-53.0,282.5
-54.0,282.5
-55.0,282.5
-56.0,282.5
-57.0,282.5
-58.0,283.5
-59.0,283.5
-60.0,283.5
-61.0,283.5
-62.0,283.5
-63.0,283.5
-64.0,283.5
-65.0,283.5
-66.0,283.5
-67.0,283.5
-68.0,283.5
-69.0,283.5
-70.0,283.5
-71.0,283.5
-72.0,283.5
-73.0,283.5
-74.0,283.5
-75.0,283.5
-76.0,283.5
-77.0,283.5
-78.0,283.5
-79.0,283.5
-80.0,283.5
-81.0,283.5
-82.0,283.5
-83.0,283.5
-84.0,283.5
-85.0,283.5
-86.0,283.5
-87.0,283.5
-88.0,283.5
-89.0,283.5
-90.0,283.5
-91.0,283.5
-92.0,283.5
-93.0,283.5
-94.0,283.5
-95.0,283.5
-96.0,283.5
-97.0,283.5
-98.0,283.5
-99.0,283.5
-100.0,283.5
-101.0,283.5
-102.0,283.5
-103.0,283.5
-104.0,283.5
-105.0,283.5
-106.0,283.5
-107.0,283.5
-108.0,283.5
-109.0,283.5
-110.0,283.5
-111.0,283.5
-112.0,283.5
-113.0,283.5
-114.0,283.5
-115.0,283.5
-116.0,283.5
-117.0,283.5
-118.0,283.5
-119.0,284.5
-120.0,284.5
-121.0,284.5
-122.0,284.5
-123.0,284.5
-124.0,284.5
-125.0,284.5
-126.0,284.5
-127.0,284.5
-128.0,284.5
-129.0,284.5
-130.0,284.5
-131.0,284.5
-132.0,284.5
-133.0,284.5
-134.0,284.5
-135.0,284.5
-136.0,284.5
-137.0,284.5
-138.0,284.5
-139.0,284.5
-140.0,284.5
-141.0,284.5
-142.0,284.5
-143.0,284.5
-144.0,284.5
-145.0,284.5
-146.0,284.5
-147.0,284.5
-148.0,284.5
-149.0,284.5
-150.0,284.5
-151.0,284.5
-152.0,284.5
-153.0,284.5
-154.0,284.5
-155.0,284.5
-156.0,284.5
-157.0,284.5
-158.0,284.5
-159.0,284.5
-160.0,284.5
-161.0,284.5
-162.0,284.5
-163.0,284.5
-164.0,284.5
-165.0,284.5
-166.0,284.5
-167.0,284.5
-168.0,284.5
-169.0,284.5
-170.0,284.5
-171.0,284.5
-172.0,284.5
-173.0,284.5
-174.0,284.5
-175.0,284.5
-176.0,284.5
-177.0,284.5
-178.0,284.5
-179.0,284.5
-180.0,284.5
-181.0,284.5
-182.0,284.5
-183.0,284.5
-184.0,284.5
-185.0,284.5
-186.0,284.5
-187.0,285.5
-188.0,285.5
-189.0,285.5
-190.0,285.5
-191.0,285.5
-192.0,285.5
-193.0,285.5
-194.0,285.5
-195.0,285.5
-196.0,285.5
-197.0,285.5
-198.0,285.5
-199.0,285.5
-200.0,285.5
-201.0,285.5
-202.0,285.5
-203.0,285.5
-204.0,285.5
-205.0,285.5
-206.0,285.5
-207.0,285.5
-208.0,285.5
-209.0,285.5
-210.0,285.5
-211.0,285.5
-212.0,285.5
-213.0,285.5
-214.0,285.5
-215.0,285.5
-216.0,285.5
-217.0,285.5
-218.0,285.5
-219.0,285.5
-220.0,285.5
-221.0,285.5
-222.0,285.5
-223.0,285.5
-224.0,285.5
-225.0,285.5
-226.0,285.5
-227.0,285.5
-228.0,285.5
-229.0,285.5
-230.0,285.5
-231.0,285.5
-232.0,285.5
-233.0,285.5
-234.0,285.5
-235.0,286.5
-236.0,286.5
-237.0,286.5
-238.0,286.5
-239.0,286.5
-240.0,286.5
-241.0,286.5
-242.0,286.5
-243.0,286.5
-244.0,286.5
-245.0,286.5
-246.0,286.5
-247.0,286.5
-248.0,286.5
-249.0,286.5
-250.0,286.5
-251.0,286.5
-252.0,286.5
-253.0,286.5
-254.0,286.5
-255.0,286.5
-256.0,286.5
-257.0,286.5
-258.0,286.5
-259.0,286.5
-260.0,286.5
-261.0,286.5
-262.0,286.5
-263.0,286.5
-264.0,286.5
-265.0,286.5
-266.0,286.5
-267.0,286.5
-268.0,286.5
-269.0,286.5
-270.0,286.5
-271.0,286.5
-272.0,286.5
-273.0,286.5
-274.0,286.5
-275.0,286.5
-276.0,286.5
-277.0,286.5
-278.0,286.5
-279.0,286.5
-280.0,286.5
-281.0,286.5
-282.0,286.5
-283.0,286.5
-284.0,286.5
-285.0,286.5
-286.0,286.5
-287.0,286.5
-288.0,286.5
-289.0,286.5
-290.0,286.5
-291.0,286.5
-292.0,286.5
-293.0,286.5
-294.0,286.5
-295.0,286.5
-296.0,286.5
-297.0,286.5
-298.0,286.5
-299.0,286.5
-300.0,286.5
-301.0,286.5
-302.0,286.5
-303.0,286.5
-304.0,286.5
-305.0,286.5
-306.0,286.5
-307.0,286.5
-308.0,286.5
-309.0,286.5
-310.0,286.5
-311.0,286.5
-312.0,286.5
-313.0,286.5
-314.0,286.5
-315.0,287.5
-316.0,287.5
-317.0,287.5
-318.0,287.5
-319.0,287.5
-320.0,287.5
-321.0,287.5
-322.0,287.5
-323.0,287.5
-324.0,287.5
-325.0,287.5
-326.0,287.5
-327.0,287.5
-328.0,287.5
-329.0,287.5
-330.0,287.5
-331.0,287.5
-332.0,287.5
-333.0,287.5
-334.0,287.5
-335.0,287.5
-336.0,287.5
-337.0,287.5
-338.0,287.5
-339.0,287.5
-340.0,287.5
-341.0,287.5
-342.0,287.5
-343.0,287.5
-344.0,287.5
-345.0,287.5
-346.0,287.5
-347.0,287.5
-348.0,287.5
-349.0,287.5
-350.0,287.5
-351.0,287.5
-352.0,287.5
-353.0,287.5
-354.0,287.5
-355.0,287.5
-356.0,287.5
-357.0,287.5
-358.0,287.5
-359.0,287.5
-360.0,287.5
-361.0,287.5
-362.0,287.5
-363.0,287.5
-364.0,287.5
-365.0,287.5
-366.0,287.5
-367.0,287.5
-368.0,287.5
-369.0,287.5
-370.0,287.5
-371.0,287.5
-372.0,287.5
-373.0,287.5
-374.0,287.5
-375.0,287.5
-376.0,287.5
-377.0,287.5
-378.0,287.5
-379.0,287.5
-380.0,287.5
-381.0,287.5
-382.0,287.5
-383.0,287.5
-384.0,287.5
-385.0,287.5
-386.0,287.5
-387.0,287.5
-388.0,287.5
-389.0,287.5
-390.0,287.5
-391.0,287.5
-392.0,287.5
-393.0,287.5
-394.0,287.5
-395.0,287.5
-396.0,287.5
-397.0,287.5
-398.0,287.5
-399.0,287.5
-400.0,287.5
-401.0,287.5
-402.0,287.5
-403.0,287.5
-404.0,287.5
-405.0,287.5
-406.0,287.5
-407.0,287.5
-408.0,287.5
-409.0,287.5
-410.0,287.5
-411.0,287.5
-412.0,287.5
-413.0,287.5
-414.0,287.5
-415.0,287.5
-416.0,287.5
-417.0,287.5
-418.0,287.5
-419.0,287.5
-420.0,287.5
-421.0,287.5
-422.0,287.5
-423.0,287.5
-424.0,287.5
-425.0,287.5
-426.0,287.5
-427.0,287.5
-428.0,287.5
-429.0,287.5
-430.0,287.5
-431.0,286.5
-432.0,286.5
-433.0,286.5
-434.0,286.5
-435.0,286.5
-436.0,286.5
-437.0,286.5
-438.0,286.5
-439.0,286.5
-440.0,286.5
-441.0,286.5
-442.0,286.5
-443.0,286.5
-444.0,286.5
-445.0,286.5
-446.0,286.5
-447.0,286.5
-448.0,286.5
-449.0,286.5
-450.0,286.5
-451.0,286.5
-452.0,286.5
-453.0,286.5
-454.0,286.5
-455.0,286.5
-456.0,286.5
-457.0,286.5
-458.0,286.5
-459.0,286.5
-460.0,286.5
-461.0,286.5
-462.0,286.5
-463.0,286.5
-464.0,286.5
-465.0,286.5
-466.0,286.5
-467.0,286.5
-468.0,286.5
-469.0,286.5
-470.0,286.5
-471.0,286.5
-472.0,286.5
-473.0,286.5
-474.0,286.5
-475.0,286.5
-476.0,286.5
-477.0,286.5
-478.0,286.5
-479.0,286.5
-480.0,286.5
-481.0,286.5
-482.0,286.5
-483.0,286.5
-484.0,286.5
-485.0,286.5
-486.0,286.5
-487.0,286.5
-488.0,286.5
-489.0,286.5
-490.0,286.5
-491.0,286.5
-492.0,286.5
-493.0,286.5
-494.0,286.5
-495.0,286.5
-496.0,286.5
-497.0,286.5
-498.0,286.5
-499.0,286.5
-500.0,286.5
-501.0,286.5
-502.0,286.5
-503.0,286.5
-504.0,286.5
-505.0,286.5
-506.0,286.5
-507.0,286.5
-508.0,286.5
-509.0,286.5
-510.0,286.5
-511.0,286.5
-512.0,286.5
-513.0,286.5
-514.0,286.5
-515.0,286.5
-516.0,286.5
-517.0,287.5
-518.0,287.5
-519.0,287.5
-520.0,287.5
-521.0,287.5
-522.0,287.5
-523.0,287.5
-524.0,287.5
-525.0,287.5
-526.0,287.5
-527.0,287.5
-528.0,287.5
-529.0,287.5
-530.0,287.5
-531.0,287.5
-532.0,287.5
-533.0,287.5
-534.0,287.5
-535.0,287.5
-536.0,287.5
-537.0,287.5
-538.0,287.5
-539.0,287.5
-540.0,287.5
-541.0,287.5
-542.0,287.5
-543.0,287.5
-544.0,287.5
-545.0,287.5
-546.0,287.5
-547.0,287.5
-548.0,287.5
-549.0,287.5
-550.0,287.5
-551.0,287.5
-552.0,287.5
-553.0,287.5
-554.0,287.5
-555.0,287.5
-556.0,287.5
-557.0,287.5
-558.0,287.5
-559.0,287.5
-560.0,287.5
-561.0,287.5
-562.0,287.5
-563.0,287.5
-564.0,287.5
-565.0,287.5
-566.0,287.5
-567.0,287.5
-568.0,287.5
-569.0,287.5
-570.0,287.5
-571.0,287.5
-572.0,287.5
-573.0,287.5
-574.0,287.5
-575.0,287.5
-576.0,287.5
-577.0,287.5
-578.0,287.5
-579.0,287.5
-580.0,287.5
-581.0,287.5
-582.0,287.5
-583.0,287.5
-584.0,287.5
-585.0,287.5
-586.0,287.5
-587.0,287.5
-588.0,287.5
-589.0,287.5
-590.0,287.5
-591.0,287.5
-592.0,287.5
-593.0,287.5
-594.0,287.5
-595.0,287.5
-596.0,287.5
-597.0,287.5
-598.0,287.5
-599.0,287.5
-600.0,287.5
-601.0,287.5
-602.0,287.5
-603.0,287.5
-604.0,287.5
-605.0,286.5
-606.0,287.5
-607.0,286.5
-608.0,287.5
-609.0,288.5
-609.0,289.5
-609.0,290.5
-609.0,291.5
-609.0,292.5
-609.0,293.5
-609.0,294.5
-609.0,295.5
-609.0,296.5
-609.0,297.5
-609.0,298.5
-609.0,299.5
-609.0,300.5
-609.0,301.5
-609.0,302.5
-609.0,303.5
-609.0,304.5
-609.0,305.5
-609.0,306.5
-609.0,307.5
-609.0,308.5
-609.0,309.5
-609.0,310.5
-609.0,311.5
-609.0,312.5
-609.0,313.5
-609.0,314.5
-609.0,315.5
-609.0,316.5
-609.0,317.5
-609.0,318.5
-609.0,319.5
-609.0,320.5
-609.0,321.5
-609.0,322.5
-609.0,323.5
-609.0,324.5
-609.0,325.5
-609.0,326.5
-609.0,327.5
-609.0,328.5
-609.0,329.5
-609.0,330.5
-609.0,331.5
-609.0,332.5
-609.0,333.5
-609.0,334.5
-609.0,335.5
-609.0,336.5
-609.0,337.5
-609.0,338.5
-609.0,339.5
-609.0,340.5
-609.0,341.5
-609.0,342.5
-609.0,343.5
-609.0,344.5
-609.0,345.5
-609.0,346.5
-609.0,347.5
-609.0,348.5
-609.0,349.5
-609.0,350.5
-609.0,351.5
-609.0,352.5
-609.0,353.5
-609.0,354.5
-609.0,355.5
-609.0,356.5
-609.0,357.5
-609.0,358.5
-609.0,359.5
-609.0,360.5
-609.0,361.5
-609.0,362.5
-609.0,363.5
-609.0,364.5
-609.0,365.5
-609.0,366.5
-609.0,367.5
-609.0,368.5
-609.0,369.5
-608.0,370.5
-608.0,371.5
-608.0,372.5
-608.0,373.5
-608.0,374.5
-608.0,375.5
-608.0,376.5
-608.0,377.5
-608.0,378.5
-608.0,379.5
-608.0,380.5
-608.0,381.5
-608.0,382.5
-608.0,383.5
-608.0,384.5
-608.0,385.5
-608.0,386.5
-608.0,387.5
-608.0,388.5
-608.0,389.5
-608.0,390.5
-608.0,391.5
-608.0,392.5
-608.0,393.5
-608.0,394.5
-608.0,395.5
-608.0,396.5
-608.0,397.5
-608.0,398.5
-608.0,399.5
-608.0,400.5
-608.0,401.5
-608.0,402.5
-608.0,403.5
-608.0,404.5
-608.0,405.5
-608.0,406.5
-608.0,407.5
-608.0,408.5
-608.0,409.5
-608.0,410.5
-608.0,411.5
-608.0,412.5
-608.0,413.5
-608.0,414.5
-608.0,415.5
-608.0,416.5
-608.0,417.5
-608.0,418.5
-608.0,419.5
-608.0,420.5
-608.0,421.5
-608.0,422.5
-608.0,423.5
-608.0,424.5
-608.0,425.5
-608.0,426.5
-608.0,427.5
-608.0,428.5
-608.0,429.5
-608.0,430.5
-608.0,431.5
-608.0,432.5
-608.0,433.5
-608.0,434.5
-608.0,435.5
-608.0,436.5
-608.0,437.5
-608.0,438.5
-608.0,439.5
-608.0,440.5
-608.0,441.5
-608.0,442.5
-608.0,443.5
-608.0,444.5
-608.0,445.5
-608.0,446.5
-608.0,447.5
-608.0,448.5
-608.0,449.5
-608.0,450.5
-608.0,451.5
-608.0,452.5
-608.0,453.5
-608.0,454.5
-608.0,455.5
-608.0,456.5
-608.0,457.5
-607.0,458.5
-607.0,459.5
-607.0,460.5
-607.0,461.5
-607.0,462.5
-607.0,463.5
-607.0,464.5
-607.0,465.5
-607.0,466.5
-607.0,467.5
-607.0,468.5
-607.0,469.5
-607.0,470.5
-607.0,471.5
-607.0,472.5
-607.0,473.5
-607.0,474.5
-607.0,475.5
-607.0,476.5
-607.0,477.5
-607.0,478.5
-607.0,479.5
-607.0,480.5
-607.0,481.5
-607.0,482.5
-607.0,483.5
-607.0,484.5
-607.0,485.5
-607.0,486.5
-607.0,487.5
-607.0,488.5
-607.0,489.5
-607.0,490.5
-607.0,491.5
-607.0,492.5
-607.0,493.5
-607.0,494.5
-607.0,495.5
-607.0,496.5
-607.0,497.5
-607.0,498.5
-607.0,499.5
-607.0,500.5
-607.0,501.5
-607.0,502.5
-607.0,503.5
-607.0,504.5
-607.0,505.5
-607.0,506.5
-607.0,507.5
-607.0,508.5
-607.0,509.5
-607.0,510.5
-607.0,511.5
-607.0,512.5
-607.0,513.5
-607.0,514.5
-607.0,515.5
-607.0,516.5
-607.0,517.5
-607.0,518.5
-607.0,519.5
-607.0,520.5
-607.0,521.5
-607.0,522.5
-607.0,523.5
-607.0,524.5
-607.0,525.5
-607.0,526.5
-607.0,527.5
-607.0,528.5
-607.0,529.5
-607.0,530.5
-607.0,531.5
-607.0,532.5
-607.0,533.5
-607.0,534.5
-607.0,535.5
-607.0,536.5
-607.0,537.5
-607.0,538.5
-607.0,539.5
-607.0,540.5
-607.0,541.5
-607.0,542.5
-607.0,543.5
-607.0,544.5
-607.0,545.5
-607.0,546.5
-607.0,547.5
-607.0,548.5
-607.0,549.5
-607.0,550.5
-607.0,551.5
-607.0,552.5
-607.0,553.5
-607.0,554.5
-607.0,555.5
-607.0,556.5
-607.0,557.5
-606.0,558.5
-606.0,559.5
-607.0,560.5
-607.0,561.5
-607.0,562.5
-606.0,563.5
-606.0,564.5
-606.0,565.5
-606.0,566.5
-606.0,567.5
-606.0,568.5
-606.0,569.5
-606.0,570.5
-606.0,571.5
-606.0,572.5
-606.0,573.5
-606.0,574.5
-606.0,575.5
-606.0,576.5
-606.0,577.5
-606.0,578.5
-606.0,579.5
-606.0,580.5
-606.0,581.5
-606.0,582.5
-606.0,583.5
-606.0,584.5
-606.0,585.5
-606.0,586.5
-606.0,587.5
-606.0,588.5
-606.0,589.5
-606.0,590.5
-606.0,591.5
-606.0,592.5
-606.0,593.5
-606.0,594.5
-606.0,595.5
-606.0,596.5
-606.0,597.5
-606.0,598.5
-606.0,599.5
-606.0,600.5
-606.0,601.5
-606.0,602.5
-606.0,603.5
-606.0,604.5
-606.0,605.5
-606.0,606.5
-606.0,607.5
-606.0,608.5
-606.0,609.5
-606.0,610.5
-606.0,611.5
-606.0,612.5
-606.0,613.5
-606.0,614.5
-606.0,615.5
-606.0,616.5
-606.0,617.5
-606.0,618.5
-606.0,619.5
-606.0,620.5
-606.0,621.5
-606.0,622.5
-606.0,623.5
-606.0,624.5
-606.0,625.5
-606.0,626.5
-606.0,627.5
-606.0,628.5
-606.0,629.5
-606.0,630.5
-606.0,631.5
-606.0,632.5
-606.0,633.5
-606.0,634.5
-606.0,635.5
-606.0,636.5
-606.0,637.5
-606.0,638.5
-606.0,639.5
-606.0,640.5
-606.0,641.5
-605.0,642.5
-606.0,643.5
-606.0,644.5
-606.0,645.5
-606.0,646.5
-606.0,647.5
-606.0,648.5
-606.0,649.5
-606.0,650.5
-605.0,651.5
-605.0,652.5
-605.0,653.5
-605.0,654.5
-605.0,655.5
-605.0,656.5
-605.0,657.5
-605.0,658.5
-605.0,659.5
-605.0,660.5
-605.0,661.5
-605.0,662.5
-605.0,663.5
-605.0,664.5
-605.0,665.5
-605.0,666.5
-605.0,667.5
-605.0,668.5
-605.0,669.5
-605.0,670.5
-605.0,671.5
-605.0,672.5
-605.0,673.5
-605.0,674.5
-605.0,675.5
-605.0,676.5
-605.0,677.5
-605.0,678.5
-605.0,679.5
-605.0,680.5
-605.0,681.5
-605.0,682.5
-605.0,683.5
-605.0,684.5
-605.0,685.5
-605.0,686.5
-605.0,687.5
-605.0,688.5
-605.0,689.5
-605.0,690.5
-605.0,691.5
-605.0,692.5
-605.0,693.5
-605.0,694.5
-605.0,695.5
-605.0,696.5
-605.0,697.5
-605.0,698.5
-605.0,699.5
-605.0,700.5
-605.0,701.5
-605.0,702.5
-605.0,703.5
-605.0,704.5
-605.0,705.5
-605.0,706.5
-605.0,707.5
-605.0,708.5
-605.0,709.5
-605.0,710.5
-605.0,711.5
-604.0,712.5
-604.0,713.5
-604.0,714.5
-604.0,715.5
-604.0,716.5
-604.0,717.5
-604.0,718.5
-604.0,719.5
-604.0,720.5
-604.0,721.5
-604.0,722.5
-604.0,723.5
-604.0,724.5
-604.0,725.5
-604.0,726.5
-604.0,727.5
-604.0,728.5
-604.0,729.5
-604.0,730.5
-604.0,731.5
-604.0,732.5
-604.0,733.5
-604.0,734.5
-604.0,735.5
-604.0,736.5
-604.0,737.5
-604.0,738.5
-604.0,739.5
-604.0,740.5
-604.0,741.5
-604.0,742.5
-604.0,743.5
-604.0,744.5
-604.0,745.5
-604.0,746.5
-604.0,747.5
-604.0,748.5
-604.0,749.5
-603.0,750.5
-603.0,751.5
-603.0,752.5
-603.0,753.5
-603.0,754.5
-603.0,755.5
-603.0,756.5
-603.0,757.5
-603.0,758.5
-603.0,759.5
-603.0,760.5
-603.0,761.5
-603.0,762.5
-603.0,763.5
-603.0,764.5
-603.0,765.5
-603.0,766.5
-603.0,767.5
-603.0,768.5
-603.0,769.5
-603.0,770.5
-603.0,771.5
-603.0,772.5
-603.0,773.5
-603.0,774.5
-603.0,775.5
-603.0,776.5
-603.0,777.5
-603.0,778.5
-603.0,779.5
-603.0,780.5
-603.0,781.5
-603.0,782.5
-603.0,783.5
-603.0,784.5
-602.0,785.5
-602.0,786.5
-602.0,787.5
-603.0,788.5
-603.0,789.5
-603.0,790.5
-602.0,791.5
-603.0,792.5
-603.0,793.5
-603.0,794.5
-602.0,795.5
-602.0,796.5
-602.0,797.5
-602.0,798.5
-602.0,799.5
-602.0,800.5
-602.0,801.5
-602.0,802.5
-602.0,803.5
-602.0,804.5
-602.0,805.5
-602.0,806.5
-602.0,807.5
-603.0,810.5
-604.0,810.5
-603.0,811.5
-604.0,812.5
-604.0,813.5
-605.0,814.5
-604.0,815.5
-605.0,816.5
-605.0,817.5
-605.0,818.5
-606.0,819.5
-607.0,820.5
-606.0,819.5
-605.0,819.5
-604.0,818.5
-603.0,818.5
-602.0,819.5
-601.0,820.5
-600.0,821.5
-599.0,822.5
-598.0,822.5
-597.0,822.5
-596.0,823.5
-597.0,822.5
-598.0,821.5
-599.0,821.5
-600.0,820.5
-601.0,820.5
-602.0,819.5
-603.0,818.5
-604.0,817.5
-605.0,816.5
-604.0,815.5
-604.0,814.5
-604.0,813.5
-604.0,812.5
-603.0,811.5
-585.0,830.5
-584.0,831.5
-583.0,830.5
-582.0,830.5
-581.0,831.5
-580.0,831.5
-579.0,831.5
-578.0,832.5
-577.0,831.5
-576.0,831.5
-575.0,831.5
-574.0,832.5
-573.0,832.5
-572.0,833.5
-571.0,833.5
-570.0,834.5
-569.0,833.5
-568.0,834.5
-569.0,834.5
-570.0,834.5
-571.0,833.5
-572.0,833.5
-573.0,833.5
-574.0,832.5
-575.0,832.5
-576.0,832.5
-577.0,832.5
-578.0,832.5
-579.0,831.5
-580.0,831.5
-581.0,831.5
-582.0,831.5
-583.0,831.5
-584.0,831.5
-566.0,835.5
-565.0,835.5
-564.0,836.5
-563.0,836.5
-562.0,837.5
-561.0,837.5
-560.0,837.5
-559.0,838.5
-558.0,838.5
-557.0,837.5
-556.0,838.5
-555.0,837.5
-554.0,836.5
-553.0,836.5
-552.0,836.5
-551.0,836.5
-551.0,837.5
-552.0,837.5
-553.0,837.5
-554.0,837.5
-555.0,837.5
-556.0,838.5
-557.0,838.5
-558.0,838.5
-559.0,838.5
-560.0,837.5
-561.0,837.5
-562.0,837.5
-563.0,836.5
-564.0,836.5
-565.0,835.5
-566.0,835.5
-565.0,835.5
-564.0,836.5
-563.0,836.5
-562.0,837.5
-561.0,837.5
-560.0,837.5
-559.0,838.5
-558.0,838.5
-557.0,837.5
-556.0,838.5
-555.0,837.5
-554.0,836.5
-553.0,836.5
-552.0,836.5
-551.0,836.5
-551.0,837.5
-552.0,837.5
-553.0,837.5
-554.0,837.5
-555.0,837.5
-556.0,838.5
-557.0,838.5
-558.0,838.5
-559.0,838.5
-560.0,837.5
-561.0,837.5
-562.0,837.5
-563.0,836.5
-564.0,836.5
-565.0,835.5