0.559 0.442
0.558 0.441
0.558 0.439
0.557 0.438
0.557 0.437
0.556 0.436
0.555 0.435
0.555 0.434
0.554 0.432
0.553 0.431
0.553 0.430
0.552 0.429
0.552 0.428
0.551 0.427
0.550 0.426
0.550 0.424
0.549 0.423
0.548 0.422
0.548 0.421
0.547 0.420
0.546 0.419
0.546 0.418
0.545 0.416
0.544 0.415
0.544 0.414
0.543 0.413
0.542 0.412
0.542 0.411
0.541 0.410
0.540 0.408
0.540 0.407
0.539 0.406
0.538 0.405
0.541 0.405
0.542 0.404
0.545 0.404
0.546 0.403
0.549 0.403
0.550 0.402
0.553 0.402
0.554 0.401
0.557 0.401
0.558 0.400
0.561 0.400
0.562 0.399
0.565 0.399
0.566 0.398
0.569 0.398
0.570 0.397
0.573 0.397
0.574 0.396
0.577 0.396
0.578 0.395
0.581 0.395
0.582 0.394
0.585 0.394
0.586 0.393
0.587 0.393
0.588 0.392
0.589 0.391
0.589 0.390
0.590 0.390
0.593 0.389
0.594 0.389
0.595 0.388
0.598 0.388
0.600 0.387
0.601 0.386
0.602 0.386
0.603 0.385
0.606 0.385
0.608 0.384
0.609 0.383
0.612 0.383
0.613 0.383
0.613 0.381
0.614 0.381
0.615 0.380
0.616 0.379
0.616 0.378
0.617 0.377
0.617 0.376
0.618 0.376
0.617 0.374
0.619 0.374
0.618 0.373
0.619 0.372
0.619 0.371
0.620 0.370
0.620 0.369
0.621 0.368
0.622 0.368
0.624 0.367
0.627 0.367
0.628 0.366
0.631 0.366
0.633 0.365
0.636 0.365
0.637 0.364
0.640 0.364
0.642 0.364
0.641 0.362
0.644 0.362
0.646 0.362
0.647 0.361
0.650 0.361
0.652 0.360
0.655 0.360
0.656 0.359
0.658 0.359
0.661 0.358
0.663 0.358
0.664 0.357
0.665 0.356
0.667 0.356
0.668 0.355
0.668 0.354
0.669 0.353
0.671 0.353
0.670 0.352
0.672 0.351
0.672 0.350
0.673 0.349
0.673 0.348
0.674 0.347
0.674 0.346
0.677 0.346
0.679 0.345
0.682 0.345
0.684 0.345
0.685 0.344
0.689 0.344
0.690 0.343
0.692 0.342
0.693 0.342
0.695 0.341
0.694 0.340
0.696 0.339
0.699 0.339
0.701 0.339
0.703 0.338
0.702 0.337
0.704 0.336
0.706 0.336
0.705 0.334
0.707 0.334
0.707 0.333
0.708 0.332
0.708 0.331
0.710 0.330
0.709 0.329
0.711 0.328
0.711 0.327
0.712 0.327
0.712 0.325
0.714 0.325
0.714 0.324
0.715 0.323
0.715 0.322
0.717 0.321
0.716 0.320
0.718 0.319
0.718 0.318
0.720 0.318
0.719 0.316
0.721 0.316
0.725 0.316
0.727 0.315
0.730 0.315
0.732 0.314
0.736 0.314
0.738 0.314
0.741 0.314
0.743 0.313
0.747 0.313
0.749 0.312
0.752 0.312
0.754 0.312
0.758 0.312
0.760 0.311
0.764 0.311
0.765 0.310
0.769 0.310
0.771 0.310
0.775 0.310
0.777 0.309
0.781 0.309
0.783 0.309
0.784 0.308
0.788 0.308
0.790 0.307
0.790 0.306
0.794 0.306
0.798 0.306
0.800 0.306
0.800 0.305
0.804 0.305
0.806 0.304
0.808 0.303
0.810 0.303
0.812 0.302
0.814 0.302
0.816 0.301
0.818 0.301
0.820 0.300
0.820 0.299
0.822 0.298
0.822 0.297
0.824 0.296
0.824 0.295
0.826 0.295
0.826 0.294
0.829 0.293
0.831 0.292
0.835 0.292
0.837 0.292
0.839 0.291
0.843 0.291
0.845 0.291
0.847 0.290
0.849 0.290
0.852 0.289
0.854 0.289
0.858 0.289
0.860 0.288
0.862 0.288
0.864 0.287
0.867 0.287
0.867 0.285
0.869 0.285
0.871 0.284
0.874 0.284
0.878 0.284
0.880 0.283
0.882 0.283
0.886 0.283
0.889 0.282
0.891 0.282
0.893 0.281
0.897 0.282
0.898 0.280
0.900 0.280
0.904 0.280
0.907 0.279
0.909 0.279
0.911 0.278
0.914 0.278
0.914 0.277
0.917 0.276
0.919 0.276
0.920 0.275
0.922 0.274
0.923 0.273
0.925 0.272
0.926 0.271
0.928 0.271
0.929 0.270
0.931 0.269
0.936 0.269
0.938 0.269
0.941 0.268
0.945 0.268
0.946 0.267
0.948 0.267
0.953 0.267
0.953 0.266
0.956 0.265
0.958 0.265
0.959 0.264
0.962 0.263
0.963 0.262
0.965 0.262
0.966 0.260
0.969 0.260
0.971 0.260
0.974 0.259
0.978 0.259
0.981 0.259
0.985 0.259
0.988 0.259
0.993 0.259
0.995 0.258
1.000 0.259
1.002 0.258
1.007 0.258
1.010 0.258
1.014 0.258
1.017 0.258
1.020 0.257
1.022 0.257
1.025 0.257
1.028 0.256
1.031 0.256
1.032 0.255
1.036 0.255
1.039 0.254
1.044 0.255
1.046 0.254
1.051 0.255
1.054 0.254
1.058 0.254
1.061 0.254
1.065 0.254
1.068 0.254
1.073 0.254
1.076 0.254
1.080 0.254
1.083 0.254
1.087 0.254
1.090 0.254
1.095 0.254
1.098 0.254
1.101 0.253
1.105 0.254
1.108 0.253
1.109 0.252
1.112 0.252
1.115 0.252
1.118 0.251
1.120 0.250
1.123 0.250
1.126 0.249
1.127 0.248
1.130 0.248
1.135 0.248
1.138 0.248
1.141 0.248
1.145 0.248
1.148 0.248
1.152 0.247
1.155 0.247
1.158 0.247
1.159 0.246
1.163 0.245
1.164 0.244
1.167 0.244
1.169 0.243
1.174 0.243
1.177 0.243
1.181 0.243
1.185 0.243
1.189 0.243
1.192 0.243
1.195 0.243
1.200 0.243
1.203 0.243
1.206 0.243
1.211 0.243
1.214 0.243
1.217 0.243
1.220 0.242
1.223 0.242
1.227 0.242
1.231 0.242
1.234 0.242
1.238 0.242
1.241 0.241
1.244 0.241
1.247 0.241
1.251 0.241
1.254 0.240
1.257 0.240
1.261 0.240
1.264 0.240
1.267 0.239
1.272 0.240
1.275 0.240
1.278 0.239
1.282 0.239
1.285 0.239
1.288 0.239
1.292 0.238
1.294 0.237
1.297 0.237
1.302 0.238
1.305 0.238
1.308 0.237
1.311 0.236
1.314 0.236
1.318 0.236
1.321 0.236
1.324 0.235
1.327 0.235
1.331 0.234
1.333 0.233
1.337 0.233
1.340 0.233
1.344 0.234
1.348 0.233
1.351 0.233
1.355 0.233
1.358 0.233
1.362 0.233
1.366 0.233
1.370 0.233
1.373 0.233
1.377 0.234
1.380 0.233
1.384 0.232
1.387 0.232
1.391 0.232
1.394 0.232
1.398 0.232
1.401 0.232
1.405 0.232
1.409 0.232
1.412 0.231
1.415 0.231
1.419 0.231
1.423 0.231
1.426 0.231
1.430 0.231
1.433 0.231
1.436 0.230
1.440 0.230
1.444 0.230
1.448 0.230
1.451 0.230
1.455 0.230
1.458 0.230
1.462 0.230
1.466 0.230
1.469 0.230
1.473 0.230
1.476 0.229
1.480 0.229
1.484 0.229
1.488 0.230
1.491 0.230
1.495 0.230
1.498 0.230
1.502 0.230
1.505 0.229
1.509 0.229
1.513 0.229
1.516 0.228
1.520 0.228
1.523 0.229
1.527 0.229
1.531 0.229
1.534 0.229
1.538 0.229
1.542 0.229
1.545 0.228
1.549 0.229
1.553 0.229
1.556 0.229
1.560 0.229
1.564 0.229
1.567 0.229
1.571 0.229
1.574 0.230
1.578 0.230
1.582 0.230
1.585 0.230
1.589 0.231
1.592 0.231
1.596 0.230
1.600 0.230
1.603 0.230
1.607 0.229
1.611 0.229
1.614 0.229
1.618 0.229
1.622 0.230
1.625 0.230
1.629 0.229
1.632 0.230
1.636 0.230
1.640 0.230
1.643 0.230
1.647 0.231
1.650 0.231
1.654 0.230
1.658 0.230
1.661 0.230
1.665 0.230
1.668 0.230
1.672 0.230
1.676 0.231
1.679 0.231
1.683 0.230
1.687 0.230
1.691 0.229
1.694 0.230
1.698 0.230
1.701 0.230
1.704 0.231
1.708 0.231
1.711 0.232
1.715 0.232
1.719 0.232
1.722 0.232
1.726 0.232
1.729 0.232
1.733 0.232
1.737 0.232
1.740 0.232
1.744 0.232
1.747 0.232
1.751 0.232
1.754 0.232
1.758 0.232
1.762 0.233
1.765 0.233
1.769 0.233
1.772 0.233
1.776 0.232
1.780 0.233
1.783 0.233
1.788 0.232
1.791 0.232
1.794 0.233
1.797 0.234
1.801 0.234
1.803 0.235
1.807 0.235
1.809 0.236
1.813 0.236
1.816 0.236
1.820 0.236
1.824 0.236
1.827 0.236
1.831 0.236
1.834 0.237
1.837 0.238
1.840 0.238
1.843 0.238
1.847 0.238
1.850 0.238
1.853 0.239
1.858 0.238
1.860 0.239
1.863 0.239
1.867 0.240
1.870 0.240
1.873 0.240
1.877 0.240
1.880 0.241
1.883 0.241
1.887 0.241
1.890 0.241
1.893 0.242
1.896 0.242
1.900 0.242
1.903 0.242
1.907 0.242
1.909 0.243
1.913 0.243
1.916 0.244
1.919 0.244
1.922 0.244
1.925 0.244
1.930 0.244
1.933 0.244
1.936 0.245
1.939 0.245
1.942 0.245
1.944 0.246
1.948 0.247
1.952 0.246
1.955 0.246
1.958 0.247
1.961 0.247
1.964 0.247
1.968 0.248
1.969 0.249
1.974 0.248
1.977 0.249
1.980 0.249
1.983 0.249
1.985 0.250
1.988 0.251
1.989 0.250
1.985 0.250
1.983 0.249
1.980 0.249
1.977 0.249
1.974 0.248
1.969 0.249
1.968 0.248
1.964 0.247
1.963 0.246
1.959 0.246
1.955 0.246
1.952 0.246
1.948 0.247
1.944 0.246
1.942 0.245
1.939 0.245
1.937 0.244
1.933 0.244
1.930 0.244
1.925 0.244
1.923 0.243
1.919 0.244
1.916 0.244
1.914 0.243
1.909 0.243
1.907 0.242
1.903 0.242
1.901 0.241
1.897 0.241
1.894 0.241
1.891 0.241
1.888 0.240
1.884 0.240
1.880 0.241
1.877 0.240
1.874 0.239
1.871 0.239
1.867 0.240
1.864 0.239
1.860 0.239
1.858 0.238
1.853 0.239
1.851 0.238
1.847 0.238
1.844 0.237
1.841 0.237
1.837 0.238
1.834 0.237
1.831 0.236
1.828 0.235
1.824 0.236
1.820 0.236
1.816 0.236
1.814 0.235
1.810 0.235
1.808 0.234
1.803 0.235
1.801 0.234
1.798 0.233
1.794 0.233
1.791 0.232
1.788 0.232
1.783 0.233
1.780 0.233
1.776 0.232
1.772 0.233
1.769 0.232
1.766 0.232
1.762 0.232
1.759 0.232
1.754 0.232
1.751 0.232
1.748 0.231
1.744 0.232
1.740 0.232
1.737 0.232
1.733 0.232
1.730 0.231
1.726 0.232
1.723 0.231
1.719 0.231
1.715 0.231
1.712 0.231
1.708 0.231
1.704 0.231
1.701 0.230
1.698 0.230
1.694 0.230
1.691 0.229
1.687 0.230
1.683 0.230
1.679 0.231
1.676 0.230
1.672 0.230
1.669 0.230
1.665 0.229
1.662 0.229
1.658 0.230
1.654 0.230
1.650 0.231
1.647 0.231
1.643 0.230
1.640 0.230
1.636 0.229
1.632 0.230
1.629 0.229
1.625 0.230
1.622 0.230
1.618 0.229
1.614 0.229
1.611 0.229
1.607 0.229
1.603 0.230
1.600 0.230
1.596 0.230
1.592 0.231
1.589 0.231
1.585 0.230
1.582 0.230
1.578 0.229
1.574 0.230
1.571 0.229
1.567 0.229
1.564 0.229
1.560 0.229
1.556 0.229
1.553 0.228
1.549 0.229
1.545 0.228
1.542 0.229
1.538 0.229
1.534 0.229
1.531 0.228
1.527 0.228
1.523 0.229
1.520 0.228
1.516 0.228
1.513 0.229
1.509 0.229
1.505 0.229
1.502 0.230
1.498 0.229
1.494 0.229
1.491 0.229
1.488 0.230
1.484 0.229
1.480 0.229
1.476 0.229
1.472 0.229
1.469 0.230
1.466 0.230
1.462 0.230
1.458 0.230
1.454 0.229
1.451 0.230
1.448 0.230
1.444 0.229
1.440 0.230
1.436 0.230
1.433 0.231
1.429 0.230
1.426 0.231
1.423 0.231
1.418 0.230
1.415 0.231
1.412 0.231
1.409 0.232
1.405 0.232
1.401 0.232
1.397 0.231
1.394 0.232
1.391 0.232
1.387 0.232
1.384 0.232
1.380 0.233
1.377 0.234
1.373 0.233
1.370 0.233
1.366 0.233
1.362 0.233
1.358 0.232
1.355 0.233
1.351 0.233
1.347 0.233
1.344 0.234
1.340 0.233
1.336 0.232
1.333 0.233
1.331 0.234
1.327 0.235
1.324 0.235
1.321 0.236
1.317 0.235
1.314 0.236
1.311 0.236
1.308 0.237
1.304 0.237
1.302 0.238
1.297 0.237
1.294 0.237
1.292 0.238
1.287 0.238
1.284 0.238
1.282 0.239
1.278 0.239
1.274 0.239
1.272 0.240
1.267 0.239
1.263 0.239
1.260 0.239
1.257 0.240
1.254 0.240
1.251 0.241
1.246 0.240
1.243 0.240
1.241 0.241
1.238 0.242
1.233 0.241
1.231 0.242
1.227 0.242
1.222 0.241
1.219 0.242
1.216 0.242
1.213 0.242
1.211 0.243
1.206 0.243
1.203 0.243
1.200 0.243
1.195 0.243
1.192 0.243
1.189 0.243
1.185 0.243
1.181 0.243
1.177 0.243
1.174 0.243
1.169 0.243
1.167 0.244
1.164 0.244
1.163 0.245
1.159 0.246
1.158 0.247
1.153 0.246
1.152 0.247
1.147 0.247
1.145 0.248
1.141 0.248
1.138 0.248
1.135 0.248
1.130 0.248
1.127 0.248
1.126 0.249
1.121 0.249
1.120 0.250
1.118 0.251
1.114 0.251
1.112 0.252
1.109 0.252
1.108 0.253
1.105 0.254
1.101 0.253
1.098 0.254
1.095 0.254
1.090 0.254
1.087 0.254
1.083 0.254
1.080 0.254
1.076 0.254
1.073 0.254
1.068 0.254
1.065 0.254
1.061 0.254
1.058 0.254
1.054 0.254
1.051 0.255
1.046 0.254
1.044 0.255
1.039 0.254
1.036 0.255
1.032 0.255
1.031 0.256
1.026 0.255
1.025 0.257
1.022 0.257
1.020 0.257
1.015 0.257
1.014 0.258
1.010 0.258
1.007 0.258
1.002 0.258
1.000 0.259
0.995 0.258
0.993 0.259
0.988 0.259
0.985 0.259
0.981 0.259
0.978 0.259
0.974 0.259
0.969 0.259
0.967 0.259
0.966 0.260
0.965 0.262
0.963 0.262
0.962 0.263
0.959 0.264
0.958 0.265
0.956 0.265
0.953 0.266
0.953 0.267
0.948 0.267
0.946 0.267
0.945 0.268
0.941 0.268
0.938 0.269
0.936 0.269
0.931 0.269
0.929 0.270
0.928 0.271
0.926 0.271
0.925 0.272
0.923 0.273
0.922 0.274
0.920 0.275
0.919 0.276
0.917 0.276
0.914 0.277
0.914 0.278
0.910 0.278
0.907 0.278
0.905 0.279
0.904 0.280
0.900 0.280
0.898 0.280
0.897 0.282
0.893 0.281
0.891 0.282
0.887 0.282
0.886 0.283
0.882 0.283
0.880 0.283
0.878 0.284
0.874 0.284
0.869 0.284
0.869 0.285
0.867 0.285
0.867 0.287
0.862 0.287
0.860 0.287
0.858 0.288
0.858 0.289
0.854 0.289
0.852 0.289
0.849 0.290
0.845 0.290
0.843 0.290
0.843 0.291
0.839 0.291
0.837 0.292
0.835 0.292
0.831 0.292
0.827 0.292
0.826 0.294
0.826 0.295
0.824 0.295
0.824 0.296
0.822 0.297
0.822 0.298
0.820 0.299
0.820 0.300
0.816 0.300
0.816 0.301
0.814 0.302
0.812 0.302
0.808 0.302
0.806 0.303
0.804 0.303
0.804 0.305
0.800 0.305
0.798 0.305
0.798 0.306
0.794 0.306
0.790 0.306
0.788 0.307
0.788 0.308
0.784 0.308
0.783 0.309
0.781 0.309
0.777 0.309
0.775 0.310
0.771 0.310
0.769 0.310
0.765 0.310
0.764 0.311
0.760 0.311
0.758 0.312
0.754 0.312
0.752 0.312
0.749 0.312
0.747 0.313
0.743 0.313
0.741 0.314
0.738 0.314
0.736 0.314
0.732 0.314
0.730 0.315
0.727 0.315
0.725 0.316
0.721 0.316
0.719 0.316
0.720 0.318
0.718 0.318
0.718 0.319
0.716 0.320
0.717 0.321
0.715 0.322
0.715 0.323
0.714 0.324
0.714 0.325
0.712 0.325
0.712 0.327
0.711 0.327
0.711 0.328
0.709 0.329
0.710 0.330
0.708 0.331
0.708 0.332
0.707 0.333
0.707 0.334
0.705 0.334
0.706 0.336
0.704 0.336
0.702 0.337
0.703 0.338
0.699 0.338
0.699 0.339
0.696 0.339
0.694 0.340
0.695 0.341
0.691 0.341
0.690 0.342
0.688 0.343
0.689 0.344
0.685 0.344
0.684 0.345
0.682 0.345
0.679 0.345
0.677 0.346
0.674 0.346
0.674 0.347
0.673 0.348
0.673 0.349
0.672 0.350
0.672 0.351
0.670 0.352
0.671 0.353
0.669 0.353
0.668 0.354
0.668 0.355
0.665 0.355
0.664 0.356
0.662 0.357
0.661 0.357
0.661 0.358
0.658 0.359
0.656 0.359
0.655 0.360
0.652 0.360
0.650 0.361
0.647 0.361
0.646 0.362
0.644 0.362
0.641 0.362
0.642 0.364
0.640 0.364
0.637 0.364
0.636 0.365
0.633 0.365
0.631 0.366
0.628 0.366
0.627 0.367
0.624 0.367
0.620 0.367
0.619 0.368
0.620 0.369
0.620 0.370
0.619 0.371
0.619 0.372
0.618 0.373
0.619 0.374
0.617 0.374
0.618 0.376
0.617 0.376
0.617 0.377
0.616 0.378
0.616 0.379
0.613 0.380
0.614 0.381
0.613 0.381
0.613 0.383
0.612 0.383
0.609 0.383
0.608 0.384
0.606 0.385
0.603 0.385
0.602 0.386
0.601 0.386
0.598 0.387
0.598 0.388
0.595 0.388
0.594 0.389
0.593 0.389
0.590 0.390
0.589 0.390
0.589 0.391
0.587 0.392
0.587 0.393
0.584 0.393
0.585 0.394
0.582 0.394
0.581 0.395
0.578 0.395
0.577 0.396
0.574 0.396
0.573 0.397
0.570 0.397
0.569 0.398
0.566 0.398
0.565 0.399
0.562 0.399
0.561 0.400
0.558 0.400
0.557 0.401
0.554 0.401
0.553 0.402
0.550 0.402
0.549 0.403
0.546 0.403
0.545 0.404
0.542 0.404
0.541 0.405
0.538 0.405
0.535 0.405
0.534 0.405
0.531 0.405
0.529 0.405
0.531 0.405
0.534 0.405
0.535 0.405
0.538 0.405
0.539 0.406
0.540 0.407
0.540 0.408
0.541 0.410
0.542 0.411
0.542 0.412
0.543 0.413
0.544 0.414
0.544 0.415
0.545 0.416
0.546 0.418
0.546 0.419
0.547 0.420
0.548 0.421
0.548 0.422
0.549 0.423
0.550 0.424
0.550 0.426
0.551 0.427
0.552 0.428
0.552 0.429
0.553 0.430
0.553 0.431
0.554 0.432
0.555 0.434
0.555 0.435
0.556 0.436
0.557 0.437
0.557 0.438
0.558 0.439
0.558 0.441
0.559 0.442
0.558 0.442
0.515 0.413
0.512 0.413
0.510 0.414
0.512 0.413
0.506 0.413
0.503 0.413
0.501 0.414
0.499 0.413
0.496 0.413
0.494 0.413
0.492 0.413
0.490 0.413
0.487 0.413
0.485 0.413
0.483 0.413
0.481 0.413
0.478 0.413
0.476 0.413
0.474 0.413
0.472 0.413
0.469 0.413
0.467 0.413
0.465 0.412
0.464 0.412
0.462 0.412
0.460 0.411
0.457 0.412
0.456 0.411
0.453 0.412
0.451 0.411
0.448 0.412
0.446 0.411
0.445 0.411
0.443 0.411
0.441 0.410
0.438 0.411
0.441 0.410
0.442 0.411
0.445 0.411
0.446 0.411
0.448 0.412
0.451 0.411
0.453 0.412
0.456 0.411
0.457 0.412
0.460 0.411
0.462 0.412
0.464 0.412
0.465 0.412
0.467 0.413
0.469 0.413
0.472 0.413
0.474 0.413
0.476 0.413
0.478 0.413
0.481 0.413
0.483 0.413
0.485 0.413
0.487 0.413
0.490 0.413
0.492 0.413
0.494 0.413
0.496 0.413
0.499 0.413
0.501 0.414
0.503 0.413
0.517 0.401
0.516 0.401
0.515 0.400
0.514 0.398
0.513 0.397
0.513 0.396
0.512 0.395
0.511 0.394
0.510 0.393
0.509 0.392
0.507 0.391
0.508 0.392
0.509 0.394
0.510 0.395
0.511 0.396
0.511 0.397
0.512 0.398
0.513 0.399
0.515 0.400
0.516 0.401
0.494 0.388
0.491 0.389
0.490 0.388
0.487 0.389
0.484 0.389
0.481 0.389
0.478 0.390
0.475 0.390
0.474 0.391
0.477 0.391
0.480 0.390
0.483 0.390
0.486 0.390
0.489 0.389
0.491 0.389
0.501 0.382
0.503 0.383
0.503 0.381
0.501 0.380
0.534 0.377
0.533 0.376
0.536 0.376
0.535 0.374
0.536 0.374
0.536 0.373
0.535 0.371
0.534 0.370
0.532 0.370
0.534 0.370
0.535 0.371
0.536 0.373
0.536 0.374
0.535 0.374
0.536 0.376
0.533 0.376
0.529 0.368
0.531 0.368
0.529 0.367
0.528 0.366
0.526 0.366
0.525 0.364
0.526 0.366
0.528 0.366
0.529 0.367
0.525 0.363
0.526 0.362
0.528 0.361
0.527 0.360
0.528 0.361
0.526 0.362
0.527 0.358
0.528 0.357
0.527 0.356
0.527 0.355
0.525 0.355
0.527 0.355
0.527 0.356
0.526 0.357
0.512 0.352
0.509 0.353
0.508 0.353
0.505 0.354
0.508 0.353
0.509 0.353
0.512 0.352
0.511 0.351
0.515 0.351
0.514 0.350
0.515 0.349
0.516 0.348
0.515 0.347
0.516 0.346
0.515 0.345
0.514 0.344
0.518 0.344
0.519 0.343
0.522 0.343
0.524 0.342
0.527 0.342
0.530 0.341
0.529 0.340
0.528 0.339
0.528 0.338
0.529 0.337
0.528 0.336
0.531 0.336
0.530 0.335
0.532 0.334
0.533 0.333
0.534 0.333
0.535 0.332
0.537 0.331
0.540 0.331
0.542 0.330
0.541 0.329
0.542 0.328
0.543 0.328
0.545 0.327
0.546 0.326
0.547 0.325
0.549 0.325
0.550 0.324
0.553 0.324
0.555 0.323
0.556 0.322
0.560 0.322
0.559 0.321
0.560 0.320
0.562 0.320
0.565 0.319
0.567 0.319
0.568 0.318
0.569 0.317
0.567 0.317
0.568 0.318
0.564 0.318
0.565 0.319
0.562 0.320
0.560 0.320
0.559 0.321
0.560 0.322
0.556 0.322
0.555 0.323
0.553 0.324
0.550 0.324
0.549 0.325
0.547 0.325
0.546 0.326
0.545 0.327
0.543 0.328
0.542 0.328
0.541 0.329
0.542 0.330
0.540 0.331
0.537 0.331
0.535 0.332
0.534 0.333
0.531 0.333
0.530 0.334
0.530 0.335
0.529 0.335
0.528 0.336
0.529 0.337
0.528 0.338
0.528 0.339
0.527 0.340
0.528 0.341
0.527 0.342
0.524 0.342
0.522 0.343
0.519 0.343
0.518 0.344
0.514 0.344
0.515 0.345
0.516 0.346
0.515 0.347
0.516 0.348
0.513 0.349
0.514 0.350
0.513 0.350
0.511 0.351
0.502 0.355
0.500 0.355
0.497 0.355
0.500 0.355
0.502 0.357
0.501 0.358
0.502 0.359
0.503 0.360
0.502 0.359
0.501 0.358
0.490 0.355
0.488 0.354
0.467 0.347
0.464 0.347
0.467 0.347
0.466 0.346
0.467 0.345
0.470 0.344
0.469 0.343
0.470 0.343
0.469 0.341
0.470 0.341
0.469 0.340
0.468 0.338
0.471 0.338
0.468 0.338
0.469 0.340
0.470 0.341
0.469 0.341
0.468 0.342
0.469 0.343
0.470 0.344
0.467 0.345
0.466 0.346
0.462 0.348
0.460 0.349
0.457 0.350
0.456 0.350
0.457 0.350
0.460 0.349
0.452 0.351
0.449 0.352
0.447 0.352
0.446 0.350
0.443 0.350
0.442 0.349
0.440 0.349
0.439 0.347
0.438 0.346
0.439 0.346
0.438 0.345
0.437 0.343
0.438 0.345
0.439 0.346
0.438 0.346
0.439 0.347
0.440 0.349
0.439 0.349
0.442 0.349
0.443 0.350
0.446 0.350
0.447 0.352
0.449 0.352
0.450 0.353
0.451 0.354
0.452 0.355
0.453 0.356
0.454 0.357
0.455 0.359
0.454 0.359
0.455 0.360
0.456 0.362
0.453 0.362
0.452 0.363
0.449 0.363
0.446 0.363
0.443 0.364
0.440 0.364
0.442 0.365
0.443 0.364
0.446 0.363
0.449 0.363
0.452 0.363
0.453 0.362
0.456 0.362
0.455 0.360
0.456 0.360
0.455 0.359
0.454 0.357
0.453 0.356
0.452 0.355
0.451 0.354
0.450 0.353
0.449 0.352
0.460 0.363
0.463 0.363
0.465 0.363
0.467 0.363
0.468 0.364
0.469 0.366
0.470 0.367
0.469 0.367
0.470 0.369
0.469 0.369
0.470 0.370
0.467 0.371
0.468 0.372
0.467 0.373
0.469 0.373
0.468 0.372
0.469 0.371
0.470 0.370
0.469 0.369
0.470 0.369
0.469 0.367
0.470 0.367
0.469 0.366
0.470 0.365
0.468 0.364
0.467 0.363
0.468 0.363
0.465 0.363
0.463 0.363
0.433 0.364
0.431 0.364
0.428 0.364
0.427 0.363
0.426 0.362
0.427 0.363
0.424 0.363
0.421 0.364
0.424 0.363
0.426 0.364
0.428 0.364
0.431 0.364
0.435 0.368
0.437 0.368
0.435 0.370
0.433 0.369
0.432 0.370
0.430 0.371
0.431 0.372
0.430 0.373
0.432 0.373
0.433 0.374
0.430 0.374
0.427 0.375
0.424 0.375
0.421 0.376
0.419 0.375
0.416 0.376
0.417 0.377
0.416 0.376
0.419 0.375
0.421 0.376
0.424 0.375
0.426 0.376
0.427 0.375
0.430 0.374
0.433 0.374
0.434 0.375
0.435 0.376
0.436 0.377
0.437 0.377
0.435 0.376
0.434 0.375
0.437 0.375
0.434 0.375
0.433 0.374
0.432 0.373
0.433 0.372
0.432 0.371
0.435 0.371
0.447 0.373
0.446 0.373
0.448 0.374
0.450 0.374
0.448 0.374
0.456 0.377
0.457 0.378
0.458 0.378
0.460 0.376
0.462 0.376
0.463 0.376
0.466 0.375
0.467 0.375
0.466 0.375
0.463 0.376
0.455 0.382
0.456 0.383
0.457 0.384
0.458 0.385
0.457 0.386
0.459 0.386
0.458 0.385
0.457 0.384
0.456 0.383
0.459 0.388
0.458 0.389
0.460 0.389
0.463 0.389
0.460 0.389
0.453 0.389
0.451 0.388
0.448 0.389
0.446 0.388
0.448 0.389
0.451 0.388
0.438 0.388
0.436 0.387
0.434 0.387
0.432 0.387
0.434 0.387
0.436 0.387
0.427 0.387
0.424 0.387
0.421 0.388
0.419 0.388
0.416 0.388
0.414 0.388
0.416 0.388
0.418 0.389
0.419 0.390
0.418 0.389
0.421 0.388
0.421 0.388
0.424 0.387
0.427 0.383
0.426 0.382
0.425 0.383
0.413 0.381
0.414 0.380
0.415 0.378
0.413 0.378
0.411 0.376
0.409 0.375
0.406 0.376
0.403 0.376
0.401 0.376
0.403 0.376
0.406 0.376
0.409 0.375
0.395 0.377
0.394 0.376
0.393 0.375
0.392 0.374
0.390 0.373
0.389 0.372
0.386 0.373
0.384 0.372
0.386 0.373
0.389 0.372
0.390 0.373
0.391 0.374
0.392 0.375
0.393 0.377
0.395 0.378
0.394 0.378
0.396 0.379
0.395 0.378
0.394 0.382
0.392 0.383
0.389 0.383
0.387 0.383
0.389 0.383
0.392 0.383
0.394 0.383
0.395 0.384
0.396 0.385
0.398 0.385
0.400 0.386
0.401 0.387
0.404 0.386
0.401 0.387
0.400 0.386
0.398 0.385
0.397 0.384
0.396 0.383
0.380 0.383
0.378 0.382
0.376 0.382
0.374 0.382
0.371 0.382
0.370 0.381
0.368 0.381
0.370 0.381
0.371 0.382
0.373 0.382
0.375 0.383
0.378 0.382
0.369 0.379
0.368 0.378
0.370 0.377
0.368 0.376
0.369 0.375
0.370 0.374
0.371 0.373
0.374 0.373
0.374 0.372
0.373 0.371
0.374 0.370
0.373 0.369
0.374 0.370
0.373 0.371
0.374 0.372
0.374 0.373
0.371 0.373
0.370 0.374
0.369 0.368
0.367 0.367
0.366 0.366
0.367 0.365
0.366 0.366
0.367 0.367
0.375 0.367
0.377 0.368
0.375 0.367
0.378 0.366
0.366 0.364
0.365 0.363
0.366 0.362
0.369 0.361
0.366 0.362
0.364 0.361
0.362 0.360
0.364 0.361
0.363 0.362
0.365 0.363
0.359 0.364
0.358 0.364
0.355 0.365
0.355 0.366
0.354 0.366
0.351 0.367
0.354 0.366
0.355 0.366
0.357 0.365
0.358 0.364
0.358 0.360
0.356 0.360
0.354 0.359
0.356 0.360
0.341 0.359
0.340 0.360
0.340 0.361
0.337 0.361
0.340 0.361
0.340 0.360
0.318 0.357
0.316 0.357
0.307 0.357
0.304 0.357
0.302 0.356
0.301 0.355
0.298 0.355
0.298 0.356
0.300 0.356
0.302 0.356
0.304 0.357
0.292 0.362
0.290 0.362
0.288 0.362
0.286 0.362
0.284 0.361
0.282 0.360
0.281 0.361
0.284 0.361
0.286 0.362
0.287 0.363
0.289 0.363
0.292 0.363
0.288 0.368
0.286 0.368
0.283 0.367
0.281 0.367
0.280 0.366
0.278 0.366
0.275 0.366
0.273 0.366
0.275 0.366
0.278 0.366
0.279 0.367
0.278 0.368
0.281 0.367
0.283 0.367
0.286 0.368
0.288 0.368
0.290 0.368
0.291 0.369
0.291 0.370
0.293 0.370
0.295 0.370
0.297 0.371
0.299 0.372
0.298 0.373
0.300 0.374
0.301 0.375
0.303 0.375
0.301 0.375
0.300 0.374
0.300 0.373
0.301 0.372
0.299 0.371
0.297 0.371
0.295 0.370
0.294 0.369
0.292 0.368
0.290 0.368
0.276 0.374
0.274 0.373
0.272 0.373
0.270 0.373
0.268 0.373
0.270 0.373
0.272 0.373
0.274 0.373
0.287 0.378
0.288 0.379
0.285 0.380
0.283 0.380
0.285 0.380
0.287 0.380
0.290 0.380
0.292 0.381
0.290 0.379
0.288 0.379
0.307 0.381
0.308 0.382
0.309 0.382
0.312 0.381
0.310 0.381
0.311 0.379
0.314 0.379
0.312 0.378
0.313 0.377
0.310 0.377
0.312 0.378
0.314 0.379
0.317 0.375
0.316 0.374
0.319 0.373
0.316 0.374
0.320 0.372
0.321 0.371
0.324 0.370
0.326 0.370
0.329 0.369
0.332 0.369
0.334 0.369
0.336 0.369
0.338 0.370
0.341 0.369
0.343 0.369
0.346 0.369
0.347 0.368
0.346 0.369
0.343 0.369
0.341 0.369
0.338 0.370
0.336 0.369
0.335 0.368
0.332 0.369
0.329 0.369
0.326 0.370
0.324 0.370
0.321 0.371
0.315 0.369
0.314 0.368
0.311 0.368
0.310 0.367
0.311 0.368
0.314 0.368
0.337 0.374
0.336 0.375
0.335 0.375
0.337 0.376
0.334 0.377
0.331 0.377
0.328 0.378
0.326 0.379
0.328 0.378
0.331 0.377
0.334 0.377
0.336 0.377
0.338 0.378
0.340 0.378
0.342 0.379
0.343 0.380
0.342 0.381
0.344 0.381
0.346 0.382
0.347 0.383
0.346 0.384
0.343 0.384
0.343 0.385
0.340 0.386
0.343 0.385
0.345 0.385
0.348 0.384
0.350 0.384
0.353 0.384
0.356 0.383
0.359 0.383
0.361 0.383
0.361 0.382
0.364 0.382
0.361 0.382
0.359 0.383
0.356 0.383
0.353 0.384
0.351 0.384
0.349 0.383
0.347 0.383
0.346 0.382
0.344 0.381
0.343 0.380
0.342 0.379
0.340 0.378
0.339 0.377
0.338 0.376
0.338 0.375
0.348 0.372
0.350 0.372
0.353 0.374
0.352 0.375
0.373 0.360
0.376 0.360
0.379 0.359
0.381 0.359
0.379 0.359
0.376 0.359
0.374 0.358
0.376 0.360
0.386 0.357
0.387 0.356
0.400 0.358
0.399 0.359
0.398 0.359
0.400 0.360
0.399 0.361
0.398 0.362
0.397 0.363
0.396 0.363
0.397 0.365
0.396 0.365
0.395 0.366
0.396 0.365
0.399 0.365
0.398 0.364
0.399 0.363
0.398 0.362
0.399 0.361
0.400 0.360
0.400 0.360
0.401 0.359
0.402 0.358
0.403 0.357
0.404 0.357
0.405 0.356
0.404 0.355
0.405 0.354
0.403 0.353
0.404 0.352
0.403 0.351
0.404 0.350
0.407 0.350
0.408 0.349
0.409 0.348
0.410 0.348
0.411 0.347
0.412 0.346
0.413 0.345
0.414 0.344
0.415 0.344
0.414 0.343
0.415 0.342
0.416 0.341
0.419 0.341
0.420 0.340
0.423 0.339
0.424 0.339
0.425 0.338
0.426 0.337
0.427 0.336
0.428 0.336
0.429 0.335
0.428 0.334
0.429 0.333
0.432 0.333
0.433 0.332
0.437 0.331
0.435 0.330
0.439 0.330
0.440 0.329
0.439 0.330
0.435 0.330
0.437 0.331
0.433 0.332
0.432 0.333
0.429 0.333
0.428 0.334
0.427 0.335
0.426 0.335
0.427 0.336
0.426 0.337
0.425 0.338
0.422 0.338
0.423 0.339
0.420 0.340
0.419 0.341
0.416 0.341
0.415 0.342
0.414 0.343
0.415 0.344
0.412 0.344
0.411 0.345
0.410 0.346
0.409 0.346
0.410 0.348
0.409 0.348
0.406 0.349
0.407 0.350
0.404 0.350
0.403 0.351
0.404 0.352
0.403 0.353
0.405 0.354
0.404 0.355
0.405 0.356
0.402 0.356
0.403 0.357
0.407 0.340
0.404 0.339
0.394 0.324
0.392 0.323
0.396 0.323
0.392 0.323
0.391 0.322
0.388 0.322
0.386 0.322
0.387 0.323
0.390 0.323
0.392 0.323
0.382 0.320
0.380 0.320
0.378 0.319
0.380 0.320
0.375 0.317
0.374 0.316
0.372 0.314
0.371 0.313
0.372 0.314
0.374 0.316
0.370 0.312
0.369 0.310
0.370 0.310
0.368 0.309
0.369 0.308
0.370 0.307
0.369 0.306
0.370 0.305
0.371 0.304
0.374 0.304
0.378 0.303
0.379 0.303
0.382 0.302
0.386 0.302
0.388 0.302
0.391 0.302
0.395 0.302
0.398 0.302
0.402 0.301
0.403 0.300
0.407 0.300
0.410 0.299
0.414 0.299
0.418 0.299
0.419 0.298
0.422 0.297
0.423 0.297
0.425 0.296
0.422 0.296
0.420 0.295
0.421 0.296
0.420 0.297
0.416 0.297
0.415 0.298
0.414 0.299
0.410 0.299
0.409 0.298
0.410 0.299
0.407 0.300
0.403 0.300
0.399 0.301
0.396 0.301
0.392 0.302
0.388 0.302
0.386 0.302
0.382 0.302
0.380 0.302
0.379 0.303
0.375 0.303
0.374 0.304
0.371 0.304
0.368 0.304
0.366 0.303
0.368 0.304
0.370 0.305
0.369 0.306
0.365 0.306
0.363 0.306
0.365 0.306
0.369 0.306
0.370 0.307
0.369 0.308
0.368 0.309
0.370 0.310
0.369 0.310
0.425 0.310
0.429 0.309
0.432 0.309
0.434 0.310
0.436 0.310
0.437 0.311
0.440 0.312
0.442 0.312
0.445 0.312
0.448 0.312
0.451 0.312
0.453 0.313
0.457 0.312
0.460 0.312
0.461 0.311
0.460 0.310
0.464 0.310
0.465 0.309
0.466 0.308
0.465 0.307
0.466 0.306
0.470 0.306
0.471 0.305
0.472 0.305
0.473 0.304
0.475 0.303
0.476 0.302
0.475 0.301
0.476 0.301
0.477 0.300
0.476 0.299
0.477 0.298
0.481 0.298
0.482 0.297
0.484 0.296
0.485 0.295
0.486 0.295
0.488 0.294
0.489 0.293
0.488 0.292
0.489 0.291
0.491 0.291
0.492 0.290
0.496 0.289
0.497 0.289
0.499 0.288
0.500 0.287
0.501 0.287
0.500 0.285
0.502 0.285
0.500 0.284
0.504 0.283
0.506 0.283
0.507 0.282
0.511 0.281
0.507 0.282
0.506 0.283
0.504 0.283
0.500 0.284
0.502 0.285
0.500 0.285
0.501 0.287
0.497 0.287
0.499 0.288
0.495 0.288
0.496 0.289
0.492 0.290
0.491 0.291
0.487 0.291
0.488 0.292
0.489 0.293
0.485 0.293
0.486 0.295
0.485 0.295
0.484 0.296
0.480 0.296
0.481 0.298
0.477 0.298
0.476 0.299
0.477 0.300
0.474 0.300
0.475 0.301
0.476 0.302
0.472 0.303
0.473 0.304
0.472 0.305
0.469 0.305
0.470 0.306
0.466 0.306
0.465 0.307
0.466 0.308
0.462 0.309
0.464 0.310
0.460 0.310
0.461 0.311
0.460 0.312
0.457 0.312
0.453 0.313
0.451 0.312
0.448 0.312
0.445 0.312
0.443 0.311
0.441 0.311
0.437 0.311
0.436 0.310
0.434 0.310
0.432 0.309
0.431 0.308
0.435 0.307
0.432 0.307
0.431 0.306
0.429 0.305
0.431 0.304
0.432 0.303
0.431 0.304
0.429 0.305
0.431 0.306
0.432 0.307
0.431 0.308
0.432 0.309
0.429 0.309
0.439 0.306
0.440 0.305
0.455 0.306
0.458 0.306
0.440 0.300
0.441 0.299
0.440 0.298
0.439 0.299
0.462 0.290
0.465 0.290
0.467 0.291
0.466 0.290
0.470 0.289
0.474 0.289
0.475 0.290
0.478 0.290
0.477 0.289
0.474 0.289
0.470 0.289
0.466 0.290
0.486 0.282
0.485 0.281
0.484 0.280
0.485 0.279
0.489 0.279
0.488 0.278
0.485 0.277
0.488 0.278
0.489 0.279
0.485 0.279
0.484 0.280
0.485 0.281
0.486 0.282
0.490 0.282
0.491 0.283
0.490 0.282
0.494 0.273
0.498 0.273
0.502 0.272
0.506 0.272
0.509 0.272
0.506 0.272
0.502 0.272
0.498 0.273
0.487 0.273
0.484 0.273
0.480 0.273
0.477 0.273
0.475 0.272
0.473 0.271
0.471 0.271
0.473 0.271
0.475 0.272
0.476 0.273
0.480 0.273
0.484 0.273
0.464 0.269
0.462 0.268
0.459 0.267
0.458 0.266
0.455 0.266
0.454 0.265
0.451 0.264
0.450 0.263
0.447 0.263
0.450 0.263
0.451 0.264
0.454 0.265
0.455 0.266
0.458 0.266
0.459 0.267
0.462 0.268
0.442 0.261
0.441 0.260
0.438 0.260
0.436 0.259
0.433 0.259
0.429 0.259
0.425 0.259
0.421 0.260
0.416 0.260
0.412 0.261
0.409 0.260
0.405 0.261
0.402 0.260
0.398 0.261
0.395 0.261
0.391 0.261
0.388 0.261
0.385 0.260
0.382 0.260
0.378 0.261
0.375 0.260
0.371 0.261
0.369 0.260
0.366 0.259
0.362 0.260
0.358 0.260
0.354 0.261
0.352 0.262
0.348 0.262
0.344 0.263
0.341 0.262
0.344 0.263
0.348 0.262
0.352 0.262
0.357 0.261
0.358 0.260
0.362 0.260
0.365 0.260
0.368 0.260
0.371 0.261
0.375 0.260
0.378 0.261
0.382 0.260
0.385 0.260
0.387 0.261
0.391 0.261
0.395 0.261
0.398 0.261
0.402 0.260
0.405 0.261
0.409 0.260
0.412 0.261
0.416 0.260
0.421 0.260
0.425 0.259
0.429 0.259
0.433 0.259
0.436 0.259
0.438 0.260
0.441 0.260
0.437 0.254
0.439 0.254
0.440 0.253
0.437 0.253
0.436 0.253
0.443 0.251
0.446 0.252
0.447 0.251
0.452 0.251
0.456 0.250
0.458 0.250
0.462 0.249
0.467 0.249
0.471 0.248
0.476 0.248
0.480 0.248
0.485 0.247
0.489 0.247
0.486 0.247
0.485 0.247
0.480 0.248
0.476 0.248
0.471 0.248
0.467 0.249
0.462 0.249
0.458 0.250
0.453 0.250
0.452 0.251
0.447 0.251
0.420 0.248
0.418 0.247
0.426 0.240
0.423 0.240
0.373 0.252
0.370 0.252
0.369 0.252
0.371 0.254
0.369 0.252
0.318 0.251
0.315 0.251
0.314 0.252
0.318 0.249
0.319 0.248
0.320 0.247
0.321 0.246
0.322 0.246
0.323 0.245
0.324 0.244
0.322 0.243
0.327 0.242
0.331 0.242
0.332 0.241
0.331 0.242
0.327 0.242
0.323 0.242
0.321 0.241
0.323 0.242
0.322 0.243
0.324 0.244
0.320 0.245
0.322 0.246
0.321 0.246
0.320 0.247
0.319 0.248
0.316 0.242
0.313 0.242
0.309 0.242
0.306 0.242
0.302 0.242
0.297 0.243
0.295 0.242
0.293 0.241
0.292 0.242
0.295 0.242
0.297 0.243
0.296 0.244
0.297 0.243
0.302 0.242
0.305 0.243
0.309 0.242
0.313 0.242
0.294 0.245
0.293 0.246
0.292 0.247
0.291 0.248
0.290 0.248
0.290 0.249
0.289 0.250
0.291 0.251
0.287 0.252
0.289 0.253
0.285 0.253
0.287 0.254
0.283 0.255
0.282 0.256
0.278 0.256
0.277 0.257
0.279 0.258
0.275 0.259
0.275 0.259
0.271 0.260
0.268 0.260
0.264 0.260
0.261 0.259
0.258 0.259
0.254 0.260
0.252 0.259
0.250 0.258
0.254 0.257
0.250 0.258
0.247 0.257
0.243 0.258
0.240 0.257
0.237 0.257
0.235 0.256
0.232 0.256
0.228 0.256
0.224 0.256
0.221 0.256
0.219 0.255
0.218 0.256
0.214 0.256
0.211 0.256
0.207 0.257
0.204 0.257
0.201 0.256
0.198 0.256
0.195 0.256
0.191 0.256
0.189 0.255
0.186 0.254
0.186 0.255
0.182 0.255
0.179 0.255
0.175 0.255
0.172 0.255
0.169 0.255
0.166 0.254
0.170 0.253
0.166 0.254
0.164 0.253
0.166 0.254
0.162 0.255
0.159 0.255
0.156 0.254
0.153 0.254
0.150 0.254
0.146 0.254
0.143 0.254
0.140 0.254
0.137 0.254
0.134 0.253
0.133 0.254
0.137 0.254
0.140 0.254
0.143 0.254
0.146 0.254
0.150 0.254
0.153 0.254
0.156 0.254
0.159 0.255
0.162 0.255
0.166 0.254
0.169 0.255
0.172 0.255
0.175 0.255
0.179 0.255
0.182 0.255
0.185 0.256
0.188 0.256
0.191 0.256
0.195 0.256
0.198 0.256
0.201 0.256
0.204 0.257
0.207 0.257
0.211 0.256
0.214 0.256
0.218 0.256
0.221 0.256
0.224 0.256
0.228 0.256
0.231 0.256
0.234 0.257
0.237 0.257
0.240 0.257
0.243 0.258
0.246 0.258
0.249 0.258
0.252 0.259
0.254 0.260
0.257 0.260
0.260 0.260
0.264 0.260
0.268 0.260
0.271 0.260
0.275 0.259
0.277 0.260
0.275 0.259
0.275 0.259
0.279 0.258
0.280 0.257
0.281 0.256
0.282 0.256
0.283 0.255
0.287 0.254
0.288 0.253
0.289 0.253
0.287 0.252
0.291 0.251
0.292 0.250
0.293 0.249
0.294 0.249
0.295 0.248
0.296 0.247
0.293 0.246
0.312 0.256
0.311 0.257
0.312 0.259
0.311 0.260
0.313 0.261
0.312 0.261
0.308 0.262
0.307 0.263
0.303 0.263
0.307 0.263
0.308 0.262
0.312 0.261
0.313 0.261
0.311 0.260
0.319 0.261
0.318 0.262
0.322 0.261
0.326 0.261
0.328 0.262
0.326 0.261
0.322 0.261
0.301 0.265
0.300 0.266
0.296 0.270
0.295 0.270
0.294 0.271
0.293 0.272
0.292 0.273
0.291 0.274
0.291 0.274
0.290 0.275
0.289 0.276
0.288 0.277
0.289 0.276
0.290 0.275
0.291 0.274
0.291 0.274
0.292 0.273
0.293 0.272
0.294 0.271
0.295 0.270
0.268 0.268
0.264 0.269
0.262 0.268
0.264 0.269
0.264 0.270
0.267 0.270
0.267 0.269
0.262 0.271
0.264 0.272
0.263 0.273
0.263 0.274
0.262 0.275
0.261 0.276
0.257 0.276
0.260 0.277
0.259 0.278
0.258 0.279
0.260 0.280
0.256 0.280
0.259 0.281
0.258 0.282
0.257 0.283
0.256 0.284
0.256 0.285
0.255 0.285
0.254 0.286
0.253 0.287
0.253 0.288
0.252 0.289
0.251 0.290
0.252 0.289
0.253 0.288
0.253 0.287
0.254 0.286
0.255 0.285
0.256 0.285
0.256 0.284
0.257 0.283
0.258 0.282
0.259 0.281
0.259 0.281
0.260 0.280
0.258 0.279
0.259 0.278
0.260 0.277
0.260 0.276
0.261 0.276
0.262 0.275
0.263 0.274
0.263 0.273
0.264 0.272
0.250 0.267
0.247 0.267
0.244 0.267
0.243 0.267
0.247 0.267
0.217 0.265
0.213 0.266
0.211 0.265
0.208 0.264
0.204 0.264
0.201 0.264
0.198 0.264
0.195 0.264
0.192 0.264
0.189 0.263
0.186 0.263
0.183 0.263
0.182 0.264
0.182 0.265
0.182 0.264
0.186 0.263
0.189 0.263
0.192 0.264
0.195 0.264
0.198 0.264
0.201 0.264
0.204 0.264
0.208 0.264
0.211 0.265
0.213 0.266
0.209 0.266
0.213 0.266
0.200 0.271
0.196 0.271
0.192 0.272
0.192 0.273
0.188 0.274
0.186 0.273
0.188 0.274
0.185 0.274
0.188 0.274
0.192 0.273
0.195 0.272
0.196 0.271
0.181 0.276
0.177 0.276
0.176 0.277
0.177 0.276
0.171 0.281
0.170 0.282
0.170 0.283
0.169 0.284
0.169 0.284
0.169 0.284
0.173 0.283
0.173 0.282
0.182 0.287
0.179 0.287
0.182 0.288
0.185 0.287
0.188 0.287
0.191 0.287
0.188 0.287
0.185 0.287
0.195 0.286
0.198 0.286
0.201 0.286
0.203 0.286
0.206 0.286
0.207 0.286
0.204 0.285
0.202 0.285
0.201 0.285
0.198 0.286
0.191 0.292
0.190 0.292
0.190 0.293
0.187 0.294
0.183 0.294
0.181 0.294
0.178 0.294
0.175 0.294
0.172 0.294
0.169 0.294
0.167 0.294
0.164 0.293
0.161 0.293
0.158 0.293
0.155 0.293
0.153 0.292
0.155 0.293
0.158 0.293
0.161 0.293
0.164 0.293
0.167 0.294
0.169 0.294
0.172 0.294
0.175 0.294
0.178 0.294
0.180 0.294
0.183 0.294
0.187 0.294
0.189 0.295
0.187 0.294
0.190 0.293
0.190 0.292
0.213 0.294
0.213 0.293
0.217 0.292
0.214 0.292
0.213 0.293
0.213 0.294
0.212 0.294
0.211 0.295
0.211 0.296
0.214 0.296
0.216 0.296
0.219 0.297
0.222 0.297
0.225 0.297
0.222 0.297
0.219 0.297
0.216 0.296
0.214 0.295
0.215 0.295
0.185 0.301
0.184 0.302
0.184 0.303
0.180 0.304
0.183 0.305
0.179 0.305
0.176 0.306
0.174 0.305
0.176 0.306
0.173 0.307
0.176 0.306
0.179 0.306
0.181 0.307
0.179 0.306
0.179 0.305
0.183 0.305
0.183 0.304
0.184 0.303
0.184 0.302
0.165 0.301
0.162 0.301
0.160 0.301
0.162 0.301
0.152 0.306
0.149 0.305
0.146 0.305
0.144 0.305
0.141 0.306
0.138 0.305
0.136 0.305
0.133 0.304
0.131 0.303
0.134 0.302
0.131 0.302
0.131 0.303
0.133 0.304
0.130 0.305
0.133 0.304
0.136 0.305
0.138 0.305
0.141 0.306
0.143 0.306
0.146 0.306
0.149 0.306
0.151 0.306
0.135 0.301
0.132 0.300
0.133 0.299
0.136 0.298
0.133 0.298
0.130 0.298
0.130 0.299
0.132 0.300
0.132 0.300
0.122 0.297
0.119 0.297
0.117 0.297
0.116 0.297
0.116 0.298
0.113 0.299
0.116 0.298
0.119 0.297
0.110 0.301
0.107 0.300
0.107 0.301
0.106 0.302
0.106 0.303
0.106 0.304
0.105 0.305
0.105 0.305
0.108 0.305
0.108 0.305
0.106 0.304
0.106 0.303
0.106 0.302
0.107 0.301
0.098 0.293
0.101 0.293
0.104 0.293
0.104 0.292
0.105 0.291
0.105 0.290
0.105 0.289
0.108 0.289
0.105 0.289
0.105 0.289
0.105 0.290
0.105 0.291
0.101 0.292
0.101 0.293
0.126 0.289
0.129 0.289
0.131 0.290
0.134 0.290
0.136 0.291
0.139 0.291
0.136 0.291
0.134 0.290
0.131 0.290
0.129 0.289
0.127 0.313
0.129 0.314
0.132 0.313
0.134 0.314
0.137 0.314
0.139 0.314
0.142 0.314
0.144 0.315
0.147 0.315
0.150 0.316
0.152 0.316
0.155 0.316
0.157 0.317
0.160 0.317
0.162 0.317
0.165 0.317
0.167 0.317
0.170 0.317
0.172 0.318
0.175 0.318
0.176 0.317
0.176 0.316
0.176 0.315
0.174 0.314
0.176 0.315
0.173 0.316
0.173 0.317
0.170 0.317
0.167 0.317
0.165 0.317
0.162 0.317
0.160 0.317
0.157 0.316
0.155 0.316
0.152 0.316
0.150 0.315
0.147 0.315
0.145 0.314
0.142 0.314
0.140 0.313
0.137 0.313
0.134 0.314
0.132 0.313
0.129 0.314
0.100 0.313
0.100 0.312
0.097 0.313
0.097 0.314
0.097 0.314
0.097 0.315
0.096 0.316
0.096 0.317
0.093 0.318
0.096 0.318
0.093 0.318
0.096 0.317
0.099 0.316
0.097 0.315
0.097 0.314
0.097 0.314
0.095 0.322
0.097 0.323
0.094 0.323
0.096 0.324
0.096 0.325
0.096 0.326
0.096 0.325
0.096 0.324
0.097 0.324
0.097 0.323
0.115 0.323
0.115 0.322
0.115 0.323
0.114 0.324
0.114 0.325
0.114 0.326
0.116 0.327
0.116 0.328
0.116 0.327
0.114 0.326
0.117 0.325
0.114 0.324
0.121 0.327
0.121 0.328
0.124 0.327
0.126 0.328
0.128 0.328
0.131 0.328
0.133 0.328
0.136 0.329
0.138 0.329
0.141 0.329
0.144 0.329
0.146 0.329
0.149 0.329
0.151 0.329
0.154 0.329
0.156 0.329
0.154 0.329
0.151 0.329
0.149 0.329
0.146 0.329
0.144 0.329
0.141 0.329
0.138 0.328
0.136 0.329
0.133 0.328
0.131 0.328
0.129 0.327
0.126 0.328
0.124 0.327
0.158 0.325
0.161 0.325
0.163 0.326
0.166 0.325
0.168 0.326
0.170 0.327
0.167 0.327
0.169 0.328
0.169 0.329
0.166 0.330
0.168 0.330
0.169 0.329
0.169 0.328
0.170 0.328
0.170 0.327
0.168 0.326
0.171 0.325
0.168 0.326
0.166 0.325
0.163 0.326
0.161 0.325
0.191 0.326
0.191 0.327
0.190 0.328
0.190 0.329
0.192 0.330
0.191 0.331
0.188 0.331
0.191 0.331
0.193 0.332
0.196 0.332
0.198 0.332
0.201 0.332
0.203 0.332
0.205 0.332
0.208 0.332
0.211 0.332
0.213 0.332
0.216 0.332
0.218 0.332
0.221 0.333
0.223 0.334
0.221 0.333
0.221 0.332
0.222 0.331
0.225 0.330
0.225 0.330
0.226 0.329
0.225 0.330
0.225 0.330
0.222 0.331
0.219 0.332
0.216 0.331
0.214 0.331
0.211 0.331
0.210 0.330
0.211 0.331
0.208 0.332
0.205 0.332
0.203 0.332
0.201 0.332
0.198 0.332
0.196 0.332
0.193 0.332
0.191 0.331
0.192 0.330
0.190 0.329
0.193 0.328
0.193 0.327
0.198 0.319
0.201 0.319
0.203 0.319
0.206 0.320
0.206 0.319
0.204 0.319
0.201 0.318
0.199 0.318
0.197 0.317
0.197 0.316
0.197 0.317
0.196 0.318
0.196 0.319
0.217 0.319
0.219 0.320
0.222 0.319
0.225 0.319
0.227 0.319
0.230 0.320
0.232 0.321
0.234 0.322
0.237 0.321
0.239 0.321
0.242 0.321
0.244 0.322
0.242 0.321
0.239 0.321
0.237 0.321
0.234 0.321
0.232 0.321
0.230 0.320
0.228 0.319
0.231 0.318
0.228 0.319
0.225 0.318
0.223 0.317
0.225 0.318
0.222 0.319
0.219 0.320
0.226 0.310
0.223 0.310
0.221 0.310
0.219 0.309
0.222 0.308
0.219 0.309
0.216 0.308
0.214 0.308
0.211 0.307
0.209 0.307
0.206 0.307
0.204 0.306
0.206 0.307
0.206 0.308
0.202 0.308
0.206 0.308
0.208 0.308
0.211 0.308
0.214 0.308
0.216 0.308
0.219 0.309
0.221 0.310
0.223 0.310
0.226 0.310
0.229 0.310
0.231 0.310
0.235 0.310
0.237 0.310
0.239 0.311
0.237 0.310
0.238 0.309
0.238 0.308
0.242 0.308
0.242 0.307
0.243 0.306
0.242 0.307
0.242 0.308
0.238 0.308
0.238 0.309
0.235 0.310
0.231 0.310
0.229 0.310
0.261 0.311
0.262 0.310
0.263 0.309
0.263 0.309
0.263 0.309
0.262 0.310
0.248 0.327
0.247 0.328
0.247 0.329
0.247 0.328
0.244 0.332
0.244 0.333
0.243 0.333
0.245 0.335
0.247 0.336
0.246 0.336
0.247 0.336
0.250 0.335
0.252 0.335
0.250 0.335
0.247 0.336
0.245 0.335
0.246 0.334
0.244 0.333
0.243 0.338
0.240 0.338
0.239 0.339
0.240 0.338
0.243 0.338
0.244 0.339
0.220 0.341
0.218 0.341
0.189 0.343
0.187 0.342
0.185 0.341
0.183 0.340
0.184 0.339
0.183 0.340
0.185 0.341
0.185 0.342
0.182 0.343
0.185 0.342
0.187 0.342
0.166 0.341
0.165 0.342
0.166 0.341
0.166 0.340
0.166 0.339
0.166 0.340
0.223 0.381
0.225 0.382
0.277 0.388
0.276 0.389
0.278 0.389
0.280 0.390
0.282 0.390
0.284 0.390
0.286 0.390
0.285 0.389
0.283 0.389
0.281 0.389
0.279 0.389
0.291 0.390
0.293 0.390
0.296 0.390
0.298 0.389
0.301 0.389
0.298 0.389
0.296 0.389
0.296 0.390
0.293 0.390
0.304 0.387
0.306 0.388
0.309 0.387
0.311 0.388
0.312 0.389
0.314 0.389
0.315 0.390
0.317 0.391
0.319 0.392
0.317 0.391
0.315 0.390
0.314 0.389
0.313 0.388
0.311 0.388
0.309 0.387
0.310 0.386
0.308 0.385
0.309 0.384
0.308 0.385
0.310 0.386
0.309 0.387
0.306 0.388
0.325 0.392
0.325 0.392
0.327 0.392
0.329 0.393
0.331 0.393
0.333 0.394
0.335 0.394
0.337 0.394
0.339 0.394
0.341 0.394
0.343 0.394
0.345 0.394
0.347 0.395
0.349 0.395
0.352 0.394
0.354 0.395
0.357 0.394
0.354 0.395
0.352 0.394
0.349 0.395
0.348 0.394
0.346 0.394
0.344 0.393
0.342 0.393
0.339 0.394
0.337 0.394
0.335 0.394
0.333 0.394
0.331 0.392
0.329 0.393
0.327 0.392
0.360 0.396
0.362 0.396
0.364 0.396
0.366 0.397
0.367 0.398
0.368 0.399
0.370 0.399
0.373 0.399
0.375 0.399
0.378 0.398
0.380 0.399
0.381 0.399
0.383 0.399
0.385 0.400
0.387 0.400
0.385 0.400
0.383 0.399
0.381 0.399
0.380 0.399
0.378 0.398
0.376 0.398
0.373 0.399
0.370 0.399
0.369 0.398
0.367 0.398
0.366 0.397
0.364 0.396
0.362 0.396
0.378 0.393
0.380 0.393
0.382 0.394
0.380 0.393
0.392 0.395
0.393 0.396
0.392 0.395
0.395 0.395
0.397 0.395
0.395 0.395
0.396 0.393
0.398 0.394
0.399 0.393
0.406 0.401
0.407 0.402
0.404 0.404
0.405 0.405
0.404 0.405
0.405 0.405
0.399 0.404
0.398 0.403
0.393 0.403
0.392 0.402
0.390 0.401
0.392 0.402
0.418 0.409
0.420 0.409
0.423 0.409
0.425 0.409
0.426 0.409
0.428 0.410
0.430 0.410
0.432 0.410
0.435 0.410
0.432 0.410
0.431 0.409
0.429 0.409
0.427 0.409
0.425 0.408
0.424 0.408
0.423 0.409
0.420 0.409
0.462 0.404
0.463 0.404
0.462 0.402
0.463 0.404
0.462 0.404
0.463 0.405
0.440 0.380
0.439 0.379
0.438 0.379
0.496 0.339
0.497 0.338
0.498 0.337
0.497 0.336
0.498 0.335
0.497 0.334
0.496 0.333
0.497 0.332
0.501 0.332
0.502 0.331
0.503 0.331
0.502 0.329
0.506 0.329
0.507 0.328
0.506 0.327
0.509 0.327
0.510 0.326
0.512 0.325
0.513 0.325
0.512 0.324
0.515 0.323
0.517 0.323
0.518 0.322
0.519 0.321
0.521 0.320
0.522 0.320
0.525 0.319
0.524 0.318
0.525 0.319
0.522 0.320
0.521 0.320
0.519 0.321
0.518 0.322
0.515 0.322
0.515 0.323
0.512 0.324
0.513 0.325
0.509 0.325
0.510 0.326
0.509 0.327
0.506 0.327
0.507 0.328
0.506 0.329
0.502 0.329
0.501 0.330
0.500 0.331
0.501 0.332
0.497 0.332
0.496 0.333
0.497 0.334
0.498 0.335
0.497 0.336
0.498 0.337
0.495 0.337
0.465 0.333
0.464 0.332
0.461 0.332
0.458 0.332
0.456 0.332
0.454 0.331
0.452 0.332
0.451 0.333
0.448 0.333
0.450 0.334
0.451 0.333
0.455 0.333
0.458 0.332
0.460 0.332
0.463 0.333
0.464 0.334
0.486 0.320
0.483 0.320
0.481 0.319
0.479 0.319
0.478 0.318
0.479 0.317
0.475 0.317
0.472 0.318
0.475 0.317
0.478 0.318
0.479 0.319
0.481 0.319
0.483 0.320
0.486 0.320
0.488 0.320
0.490 0.321
0.493 0.321
0.490 0.321
0.488 0.320
0.497 0.320
0.500 0.320
0.505 0.316
0.509 0.315
0.507 0.314
0.511 0.314
0.513 0.314
0.517 0.314
0.513 0.314
0.511 0.314
0.507 0.314
0.509 0.315
0.525 0.316
0.526 0.316
0.525 0.314
0.529 0.314
0.530 0.313
0.534 0.313
0.535 0.312
0.537 0.312
0.536 0.311
0.539 0.310
0.541 0.310
0.540 0.308
0.539 0.307
0.540 0.307
0.539 0.307
0.540 0.308
0.538 0.309
0.539 0.310
0.536 0.311
0.537 0.312
0.533 0.312
0.534 0.313
0.530 0.313
0.529 0.314
0.525 0.314
0.526 0.316
0.540 0.321
0.541 0.322
0.551 0.317
0.553 0.318
0.555 0.313
0.559 0.313
0.561 0.314
0.559 0.313
0.557 0.313
0.571 0.315
0.572 0.316
0.577 0.314
0.580 0.313
0.578 0.313
0.581 0.312
0.583 0.312
0.585 0.311
0.588 0.311
0.585 0.311
0.584 0.310
0.582 0.310
0.584 0.310
0.585 0.311
0.572 0.307
0.570 0.306
0.545 0.303
0.544 0.301
0.542 0.301
0.541 0.300
0.540 0.299
0.539 0.298
0.538 0.296
0.539 0.296
0.541 0.295
0.540 0.294
0.544 0.294
0.543 0.292
0.544 0.292
0.546 0.291
0.547 0.290
0.549 0.290
0.553 0.289
0.550 0.289
0.549 0.290
0.547 0.290
0.546 0.291
0.544 0.292
0.543 0.292
0.541 0.293
0.540 0.294
0.541 0.295
0.539 0.296
0.538 0.296
0.539 0.298
0.537 0.298
0.536 0.299
0.538 0.299
0.541 0.300
0.542 0.301
0.544 0.301
0.524 0.302
0.522 0.301
0.518 0.302
0.514 0.302
0.510 0.302
0.509 0.303
0.505 0.303
0.502 0.304
0.498 0.304
0.497 0.305
0.493 0.305
0.494 0.306
0.493 0.305
0.497 0.305
0.498 0.304
0.502 0.304
0.505 0.303
0.509 0.303
0.510 0.302
0.514 0.302
0.518 0.302
0.522 0.301
0.488 0.310
0.485 0.309
0.484 0.310
0.485 0.311
0.484 0.312
0.483 0.313
0.481 0.314
0.480 0.314
0.479 0.315
0.483 0.315
0.481 0.314
0.483 0.313
0.484 0.312
0.485 0.311
0.484 0.310
0.457 0.314
0.458 0.315
0.538 0.342
0.539 0.343
0.544 0.343
0.547 0.343
0.544 0.343
0.545 0.344
0.546 0.346
0.546 0.347
0.547 0.348
0.549 0.348
0.550 0.349
0.551 0.351
0.553 0.351
0.555 0.351
0.556 0.353
0.558 0.353
0.558 0.354
0.560 0.355
0.564 0.354
0.564 0.355
0.566 0.356
0.567 0.357
0.569 0.358
0.570 0.357
0.568 0.356
0.566 0.356
0.564 0.355
0.564 0.354
0.562 0.354
0.560 0.353
0.558 0.353
0.556 0.353
0.555 0.351
0.553 0.351
0.552 0.350
0.550 0.349
0.549 0.348
0.548 0.347
0.546 0.347
0.546 0.346
0.545 0.344
0.552 0.340
0.556 0.340
0.557 0.339
0.558 0.338
0.558 0.337
0.561 0.337
0.562 0.336
0.564 0.336
0.567 0.335
0.568 0.335
0.572 0.334
0.575 0.334
0.577 0.335
0.579 0.334
0.577 0.333
0.576 0.332
0.575 0.331
0.576 0.330
0.576 0.329
0.577 0.329
0.576 0.327
0.578 0.327
0.577 0.326
0.578 0.325
0.580 0.324
0.578 0.325
0.577 0.326
0.578 0.327
0.576 0.327
0.577 0.329
0.576 0.329
0.576 0.330
0.575 0.331
0.576 0.332
0.574 0.333
0.573 0.334
0.572 0.334
0.568 0.335
0.567 0.335
0.564 0.336
0.562 0.336
0.561 0.337
0.558 0.337
0.556 0.338
0.555 0.339
0.556 0.340
0.581 0.336
0.584 0.336
0.586 0.336
0.589 0.336
0.590 0.337
0.592 0.338
0.595 0.338
0.597 0.338
0.599 0.339
0.601 0.339
0.605 0.339
0.601 0.339
0.601 0.338
0.597 0.338
0.595 0.338
0.592 0.338
0.591 0.337
0.589 0.336
0.586 0.336
0.584 0.336
0.610 0.339
0.612 0.340
0.616 0.339
0.619 0.339
0.622 0.339
0.626 0.339
0.629 0.339
0.631 0.339
0.635 0.339
0.638 0.339
0.642 0.339
0.644 0.339
0.642 0.339
0.638 0.339
0.636 0.338
0.633 0.338
0.629 0.339
0.626 0.339
0.622 0.339
0.619 0.339
0.616 0.339
0.614 0.339
0.591 0.319
0.593 0.318
0.589 0.318
0.588 0.319
0.598 0.317
0.601 0.317
0.603 0.316
0.607 0.316
0.609 0.316
0.612 0.316
0.615 0.317
0.617 0.317
0.620 0.317
0.623 0.318
0.626 0.317
0.628 0.318
0.632 0.318
0.634 0.318
0.636 0.317
0.639 0.317
0.641 0.318
0.645 0.318
0.641 0.318
0.639 0.317
0.636 0.317
0.632 0.318
0.628 0.318
0.626 0.317
0.623 0.318
0.620 0.317
0.617 0.317
0.615 0.317
0.612 0.316
0.610 0.316
0.608 0.315
0.607 0.316
0.603 0.316
0.601 0.317
0.626 0.306
0.624 0.306
0.626 0.306
0.628 0.306
0.632 0.306
0.628 0.306
0.621 0.304
0.619 0.303
0.618 0.302
0.618 0.301
0.617 0.300
0.616 0.299
0.616 0.298
0.615 0.296
0.614 0.295
0.616 0.295
0.615 0.293
0.617 0.293
0.616 0.292
0.618 0.291
0.617 0.290
0.619 0.289
0.616 0.289
0.614 0.288
0.613 0.287
0.611 0.286
0.607 0.287
0.605 0.286
0.602 0.286
0.605 0.286
0.607 0.287
0.611 0.286
0.612 0.288
0.614 0.288
0.615 0.289
0.617 0.290
0.618 0.291
0.616 0.292
0.617 0.293
0.615 0.293
0.616 0.295
0.614 0.295
0.615 0.296
0.616 0.298
0.614 0.298
0.616 0.299
0.617 0.300
0.615 0.301
0.618 0.301
0.618 0.302
0.619 0.303
0.630 0.290
0.634 0.290
0.638 0.290
0.639 0.289
0.644 0.289
0.645 0.288
0.649 0.288
0.651 0.288
0.649 0.287
0.649 0.288
0.645 0.288
0.644 0.289
0.639 0.289
0.638 0.290
0.634 0.290
0.597 0.285
0.595 0.284
0.591 0.285
0.588 0.284
0.591 0.285
0.595 0.284
0.582 0.284
0.579 0.283
0.573 0.283
0.570 0.283
0.568 0.282
0.565 0.282
0.565 0.281
0.564 0.280
0.561 0.279
0.560 0.278
0.559 0.277
0.557 0.276
0.556 0.275
0.555 0.274
0.554 0.273
0.550 0.273
0.549 0.272
0.546 0.272
0.543 0.271
0.542 0.272
0.538 0.272
0.536 0.273
0.540 0.273
0.544 0.272
0.549 0.272
0.550 0.273
0.552 0.274
0.555 0.274
0.556 0.275
0.557 0.276
0.559 0.277
0.560 0.278
0.561 0.279
0.564 0.280
0.565 0.281
0.565 0.282
0.566 0.283
0.569 0.283
0.530 0.274
0.526 0.274
0.547 0.270
0.545 0.269
0.605 0.258
0.605 0.257
0.605 0.258
0.610 0.258
0.615 0.259
0.618 0.259
0.620 0.260
0.625 0.260
0.626 0.261
0.628 0.261
0.626 0.261
0.625 0.260
0.622 0.259
0.618 0.259
0.633 0.262
0.636 0.263
0.638 0.263
0.641 0.264
0.645 0.264
0.646 0.265
0.649 0.265
0.651 0.266
0.655 0.266
0.658 0.266
0.660 0.267
0.661 0.268
0.665 0.268
0.668 0.268
0.670 0.269
0.671 0.270
0.673 0.270
0.674 0.271
0.672 0.272
0.674 0.273
0.675 0.274
0.675 0.275
0.675 0.276
0.675 0.275
0.675 0.274
0.674 0.273
0.674 0.271
0.673 0.270
0.677 0.270
0.675 0.270
0.671 0.270
0.670 0.269
0.668 0.268
0.665 0.268
0.661 0.268
0.660 0.267
0.658 0.266
0.655 0.266
0.651 0.266
0.650 0.265
0.648 0.264
0.645 0.264
0.641 0.264
0.638 0.263
0.636 0.263
0.661 0.254
0.661 0.253
0.658 0.252
0.657 0.251
0.655 0.251
0.657 0.251
0.658 0.252
0.661 0.253
0.661 0.254
0.664 0.255
0.666 0.254
0.671 0.255
0.669 0.256
0.671 0.256
0.691 0.254
0.691 0.253
0.691 0.251
0.690 0.250
0.690 0.249
0.689 0.248
0.691 0.247
0.689 0.248
0.690 0.249
0.690 0.250
0.688 0.251
0.691 0.251
0.691 0.253
0.702 0.258
0.705 0.259
0.705 0.260
0.709 0.260
0.705 0.260
0.705 0.259
0.714 0.261
0.719 0.261
0.721 0.261
0.726 0.261
0.726 0.263
0.726 0.264
0.727 0.265
0.727 0.266
0.727 0.267
0.729 0.268
0.730 0.269
0.734 0.269
0.734 0.270
0.736 0.271
0.739 0.271
0.741 0.272
0.741 0.271
0.739 0.270
0.734 0.270
0.734 0.269
0.730 0.269
0.729 0.268
0.727 0.267
0.727 0.266
0.729 0.265
0.727 0.265
0.726 0.264
0.726 0.263
0.728 0.262
0.730 0.261
0.735 0.261
0.737 0.261
0.739 0.260
0.744 0.260
0.746 0.259
0.748 0.259
0.752 0.259
0.755 0.258
0.757 0.258
0.757 0.256
0.761 0.256
0.761 0.255
0.766 0.255
0.768 0.255
0.773 0.254
0.775 0.254
0.775 0.253
0.780 0.253
0.782 0.252
0.780 0.252
0.780 0.253
0.775 0.253
0.773 0.253
0.770 0.254
0.766 0.254
0.763 0.255
0.761 0.255
0.761 0.256
0.757 0.256
0.754 0.257
0.752 0.258
0.752 0.259
0.748 0.259
0.746 0.259
0.744 0.260
0.739 0.260
0.734 0.260
0.735 0.261
0.730 0.261
0.726 0.261
0.721 0.261
0.719 0.261
0.748 0.272
0.750 0.273
0.754 0.273
0.756 0.273
0.761 0.273
0.763 0.274
0.767 0.274
0.769 0.275
0.769 0.276
0.772 0.276
0.772 0.277
0.774 0.278
0.774 0.279
0.776 0.280
0.778 0.280
0.780 0.281
0.782 0.282
0.780 0.281
0.778 0.280
0.776 0.280
0.774 0.279
0.774 0.278
0.772 0.277
0.772 0.276
0.771 0.275
0.771 0.274
0.767 0.274
0.763 0.274
0.761 0.273
0.756 0.273
0.754 0.273
0.750 0.273
0.778 0.272
0.778 0.273
0.778 0.272
0.782 0.272
0.782 0.271
0.782 0.270
0.782 0.269
0.782 0.267
0.782 0.266
0.782 0.265
0.782 0.264
0.782 0.263
0.782 0.262
0.780 0.261
0.780 0.262
0.780 0.263
0.780 0.264
0.782 0.265
0.782 0.266
0.782 0.267
0.782 0.269
0.782 0.270
0.780 0.270
0.782 0.271
0.782 0.272
0.786 0.283
0.789 0.283
0.793 0.283
0.795 0.284
0.793 0.283
0.789 0.283
0.834 0.271
0.832 0.271
0.830 0.270
0.830 0.269
0.830 0.268
0.828 0.267
0.826 0.266
0.824 0.266
0.824 0.265
0.822 0.264
0.820 0.263
0.818 0.263
0.816 0.262
0.814 0.262
0.811 0.261
0.811 0.260
0.809 0.259
0.807 0.259
0.809 0.259
0.811 0.260
0.811 0.261
0.814 0.262
0.816 0.262
0.818 0.263
0.818 0.264
0.820 0.265
0.824 0.265
0.824 0.266
0.826 0.266
0.828 0.267
0.830 0.268
0.830 0.269
0.830 0.270
0.832 0.271
0.834 0.271
0.836 0.272
0.871 0.257
0.869 0.257
0.867 0.256
0.863 0.256
0.860 0.255
0.856 0.255
0.856 0.254
0.854 0.253
0.852 0.253
0.850 0.252
0.847 0.251
0.843 0.251
0.841 0.251
0.838 0.250
0.836 0.249
0.836 0.248
0.837 0.247
0.837 0.246
0.837 0.245
0.842 0.245
0.842 0.244
0.845 0.243
0.847 0.243
0.842 0.243
0.842 0.244
0.840 0.244
0.837 0.245
0.837 0.246
0.834 0.247
0.832 0.247
0.827 0.247
0.832 0.247
0.834 0.248
0.836 0.248
0.836 0.249
0.838 0.250
0.841 0.251
0.843 0.251
0.845 0.252
0.847 0.253
0.849 0.253
0.852 0.254
0.854 0.254
0.856 0.255
0.860 0.255
0.863 0.256
0.867 0.256
0.869 0.257
0.871 0.257
0.876 0.257
0.878 0.258
0.882 0.258
0.885 0.259
0.889 0.259
0.891 0.259
0.896 0.260
0.900 0.260
0.896 0.260
0.891 0.259
0.889 0.259
0.885 0.259
0.882 0.258
0.878 0.258
0.876 0.257
0.872 0.241
0.875 0.240
0.880 0.240
0.885 0.240
0.890 0.240
0.894 0.241
0.892 0.240
0.890 0.240
0.885 0.240
0.880 0.240
0.875 0.240
0.870 0.240
0.865 0.240
0.860 0.240
0.855 0.240
0.850 0.240
0.848 0.239
0.850 0.240
0.850 0.241
0.853 0.240
0.858 0.240
0.863 0.240
0.865 0.240
0.870 0.240
0.841 0.237
0.842 0.236
0.842 0.235
0.839 0.234
0.840 0.233
0.842 0.232
0.840 0.232
0.840 0.231
0.843 0.230
0.843 0.229
0.843 0.230
0.840 0.231
0.840 0.232
0.840 0.233
0.839 0.234
0.839 0.235
0.842 0.236
0.858 0.224
0.863 0.224
0.868 0.224
0.873 0.224
0.879 0.224
0.884 0.224
0.889 0.224
0.894 0.225
0.900 0.225
0.905 0.225
0.902 0.224
0.897 0.224
0.892 0.224
0.887 0.224
0.882 0.224
0.876 0.224
0.871 0.224
0.866 0.223
0.861 0.223
0.858 0.223
0.853 0.223
0.858 0.223
0.886 0.213
0.889 0.213
0.892 0.212
0.893 0.211
0.896 0.210
0.897 0.209
0.900 0.209
0.900 0.208
0.904 0.207
0.904 0.206
0.907 0.205
0.911 0.205
0.914 0.204
0.917 0.204
0.920 0.203
0.924 0.203
0.927 0.202
0.930 0.202
0.936 0.202
0.942 0.202
0.947 0.202
0.951 0.202
0.957 0.202
0.960 0.202
0.957 0.202
0.951 0.202
0.947 0.202
0.942 0.202
0.936 0.202
0.930 0.202
0.928 0.201
0.929 0.200
0.932 0.200
0.933 0.198
0.936 0.198
0.937 0.197
0.943 0.197
0.944 0.196
0.950 0.196
0.953 0.195
0.959 0.196
0.957 0.195
0.953 0.195
0.947 0.195
0.944 0.196
0.940 0.196
0.937 0.197
0.936 0.198
0.933 0.198
0.932 0.200
0.929 0.200
0.928 0.201
0.924 0.202
0.924 0.203
0.920 0.203
0.915 0.203
0.911 0.204
0.908 0.204
0.905 0.205
0.902 0.205
0.904 0.206
0.904 0.207
0.900 0.208
0.900 0.209
0.897 0.209
0.896 0.210
0.893 0.211
0.890 0.211
0.889 0.213
0.911 0.224
0.916 0.224
0.921 0.224
0.924 0.224
0.929 0.224
0.932 0.223
0.937 0.224
0.940 0.223
0.946 0.223
0.951 0.223
0.956 0.224
0.959 0.223
0.964 0.223
0.969 0.224
0.972 0.223
0.978 0.223
0.983 0.224
0.988 0.224
0.991 0.223
0.986 0.223
0.983 0.224
0.978 0.223
0.972 0.223
0.969 0.224
0.964 0.223
0.959 0.223
0.956 0.224
0.951 0.223
0.946 0.223
0.940 0.223
0.937 0.224
0.932 0.223
0.930 0.223
0.929 0.224
0.924 0.224
0.921 0.224
0.916 0.224
0.911 0.228
0.910 0.229
0.910 0.230
0.909 0.232
0.908 0.233
0.908 0.234
0.907 0.235
0.907 0.236
0.906 0.237
0.905 0.239
0.905 0.240
0.902 0.240
0.904 0.241
0.906 0.242
0.908 0.242
0.913 0.242
0.915 0.243
0.917 0.244
0.922 0.244
0.927 0.244
0.932 0.244
0.934 0.245
0.939 0.245
0.941 0.246
0.942 0.246
0.942 0.247
0.944 0.248
0.943 0.249
0.944 0.248
0.942 0.247
0.942 0.246
0.941 0.246
0.939 0.245
0.934 0.245
0.932 0.244
0.927 0.244
0.922 0.244
0.917 0.244
0.918 0.242
0.916 0.242
0.911 0.242
0.909 0.241
0.907 0.240
0.907 0.239
0.908 0.238
0.909 0.237
0.909 0.236
0.910 0.235
0.911 0.233
0.911 0.232
0.912 0.231
0.912 0.230
0.910 0.229
0.997 0.225
0.999 0.226
1.005 0.228
1.004 0.229
1.003 0.230
1.000 0.231
0.999 0.232
0.998 0.233
0.997 0.234
0.996 0.236
0.994 0.237
0.996 0.237
1.001 0.238
1.006 0.238
1.008 0.239
1.006 0.238
1.001 0.238
0.999 0.237
0.997 0.236
0.999 0.235
1.000 0.234
1.001 0.233
1.002 0.232
1.003 0.230
1.006 0.230
1.007 0.229
1.010 0.228
1.015 0.229
1.018 0.228
1.021 0.228
1.026 0.228
1.031 0.228
1.034 0.228
1.036 0.227
1.037 0.226
1.040 0.225
1.043 0.225
1.045 0.224
1.050 0.224
1.048 0.223
1.049 0.222
1.053 0.222
1.054 0.221
1.053 0.222
1.049 0.222
1.048 0.223
1.045 0.224
1.043 0.225
1.040 0.225
1.037 0.226
1.036 0.227
1.033 0.227
1.029 0.228
1.026 0.228
1.021 0.228
1.016 0.228
1.013 0.228
1.008 0.228
1.037 0.231
1.036 0.232
1.034 0.233
1.036 0.234
1.038 0.234
1.037 0.235
1.038 0.234
1.036 0.234
1.034 0.233
1.036 0.232
1.045 0.230
1.047 0.231
1.055 0.231
1.057 0.232
1.061 0.232
1.063 0.231
1.061 0.232
1.057 0.232
1.068 0.233
1.067 0.234
1.065 0.235
1.064 0.237
1.061 0.237
1.063 0.238
1.064 0.237
1.065 0.235
1.067 0.234
1.068 0.233
1.073 0.233
1.074 0.232
1.079 0.233
1.084 0.233
1.085 0.232
1.090 0.232
1.095 0.233
1.100 0.233
1.098 0.234
1.103 0.234
1.105 0.235
1.106 0.236
1.105 0.237
1.108 0.237
1.110 0.236
1.113 0.235
1.114 0.234
1.119 0.234
1.121 0.233
1.125 0.234
1.129 0.233
1.133 0.234
1.138 0.234
1.143 0.235
1.148 0.235
1.152 0.235
1.157 0.236
1.162 0.236
1.157 0.236
1.152 0.235
1.148 0.235
1.146 0.234
1.143 0.235
1.138 0.234
1.133 0.234
1.129 0.233
1.127 0.233
1.129 0.232
1.127 0.231
1.126 0.230
1.127 0.231
1.129 0.232
1.127 0.233
1.125 0.234
1.121 0.233
1.119 0.234
1.114 0.234
1.113 0.235
1.108 0.235
1.103 0.234
1.098 0.234
1.100 0.233
1.095 0.233
1.097 0.231
1.094 0.232
1.090 0.232
1.085 0.232
1.082 0.232
1.079 0.233
1.074 0.232
1.073 0.233
1.083 0.240
1.082 0.241
1.083 0.240
1.088 0.240
1.095 0.238
1.100 0.239
1.109 0.239
1.113 0.239
1.106 0.230
1.105 0.230
1.106 0.228
1.111 0.229
1.106 0.228
1.105 0.230
1.101 0.230
1.124 0.227
1.126 0.226
1.128 0.225
1.126 0.224
1.128 0.223
1.130 0.222
1.128 0.221
1.130 0.220
1.125 0.220
1.123 0.219
1.118 0.219
1.123 0.219
1.125 0.220
1.130 0.220
1.128 0.221
1.130 0.222
1.128 0.223
1.126 0.224
1.124 0.226
1.123 0.227
1.143 0.225
1.144 0.225
1.170 0.226
1.172 0.227
1.175 0.227
1.174 0.226
1.159 0.218
1.154 0.218
1.151 0.218
1.146 0.218
1.144 0.219
1.146 0.218
1.151 0.218
1.152 0.219
1.154 0.218
1.159 0.218
1.163 0.218
1.165 0.217
1.168 0.217
1.167 0.216
1.165 0.217
1.161 0.217
1.174 0.215
1.176 0.214
1.178 0.213
1.180 0.212
1.184 0.212
1.186 0.211
1.188 0.209
1.186 0.211
1.182 0.211
1.179 0.211
1.180 0.212
1.178 0.213
1.176 0.214
1.172 0.214
1.188 0.214
1.193 0.214
1.198 0.215
1.200 0.216
1.205 0.216
1.210 0.217
1.214 0.217
1.212 0.218
1.210 0.219
1.214 0.219
1.212 0.218
1.214 0.217
1.219 0.218
1.223 0.217
1.227 0.217
1.229 0.216
1.233 0.216
1.235 0.215
1.240 0.215
1.241 0.216
1.245 0.216
1.248 0.215
1.252 0.215
1.256 0.215
1.259 0.215
1.264 0.215
1.263 0.214
1.266 0.213
1.269 0.213
1.272 0.212
1.269 0.213
1.266 0.213
1.263 0.214
1.259 0.215
1.256 0.215
1.252 0.215
1.247 0.215
1.244 0.215
1.240 0.215
1.235 0.215
1.233 0.216
1.229 0.216
1.227 0.217
1.222 0.217
1.219 0.218
1.214 0.217
1.210 0.217
1.208 0.216
1.210 0.215
1.208 0.216
1.203 0.215
1.198 0.215
1.193 0.214
1.201 0.207
1.204 0.206
1.208 0.206
1.206 0.205
1.208 0.204
1.211 0.203
1.215 0.203
1.211 0.203
1.208 0.204
1.206 0.205
1.204 0.206
1.198 0.199
1.200 0.198
1.203 0.197
1.207 0.196
1.212 0.197
1.216 0.197
1.220 0.196
1.223 0.195
1.221 0.194
1.224 0.193
1.228 0.193
1.231 0.192
1.233 0.191
1.236 0.190
1.239 0.189
1.237 0.188
1.240 0.187
1.243 0.186
1.245 0.185
1.244 0.184
1.247 0.183
1.250 0.182
1.253 0.181
1.257 0.181
1.260 0.180
1.263 0.179
1.269 0.179
1.273 0.179
1.269 0.179
1.263 0.179
1.257 0.178
1.263 0.179
1.260 0.180
1.257 0.181
1.253 0.181
1.250 0.182
1.247 0.183
1.241 0.182
1.240 0.182
1.241 0.182
1.247 0.183
1.244 0.184
1.245 0.185
1.243 0.186
1.240 0.187
1.234 0.186
1.240 0.187
1.237 0.188
1.239 0.189
1.236 0.190
1.233 0.191
1.231 0.192
1.226 0.192
1.224 0.193
1.221 0.194
1.219 0.195
1.215 0.196
1.212 0.197
1.207 0.196
1.203 0.197
1.197 0.196
1.193 0.196
1.188 0.196
1.186 0.195
1.181 0.195
1.183 0.194
1.181 0.193
1.180 0.192
1.178 0.191
1.177 0.191
1.174 0.192
1.176 0.192
1.177 0.193
1.179 0.194
1.181 0.195
1.186 0.195
1.188 0.196
1.193 0.196
1.199 0.197
1.200 0.198
1.167 0.189
1.170 0.188
1.172 0.186
1.176 0.186
1.179 0.185
1.181 0.184
1.177 0.184
1.174 0.185
1.172 0.186
1.168 0.187
1.166 0.188
1.162 0.188
1.156 0.188
1.150 0.187
1.146 0.188
1.142 0.188
1.138 0.188
1.136 0.189
1.138 0.188
1.142 0.188
1.148 0.188
1.152 0.188
1.156 0.188
1.162 0.188
1.172 0.182
1.170 0.181
1.164 0.179
1.167 0.178
1.163 0.178
1.158 0.178
1.152 0.178
1.150 0.179
1.144 0.179
1.139 0.179
1.144 0.179
1.150 0.179
1.154 0.179
1.160 0.179
1.131 0.180
1.125 0.179
1.121 0.180
1.116 0.180
1.121 0.180
1.125 0.179
1.121 0.176
1.123 0.175
1.128 0.169
1.121 0.169
1.117 0.169
1.110 0.169
1.106 0.169
1.099 0.169
1.093 0.168
1.086 0.168
1.088 0.167
1.090 0.166
1.095 0.165
1.097 0.164
1.101 0.164
1.104 0.163
1.101 0.164
1.097 0.164
1.095 0.165
1.090 0.166
1.088 0.167
1.086 0.168
1.082 0.168
1.077 0.169
1.073 0.169
1.069 0.169
1.064 0.170
1.060 0.170
1.056 0.171
1.052 0.171
1.047 0.171
1.043 0.172
1.039 0.172
1.035 0.173
1.031 0.173
1.024 0.173
1.023 0.174
1.019 0.174
1.014 0.175
1.013 0.176
1.006 0.176
1.005 0.177
0.998 0.177
0.995 0.177
0.991 0.178
0.987 0.178
0.980 0.178
0.979 0.179
0.972 0.179
0.966 0.179
0.959 0.178
0.953 0.178
0.959 0.178
0.962 0.179
0.965 0.180
0.964 0.181
0.963 0.182
0.961 0.183
0.960 0.184
0.959 0.185
0.958 0.187
0.959 0.185
0.960 0.184
0.961 0.183
0.963 0.182
0.964 0.181
0.965 0.180
0.969 0.179
0.972 0.179
0.979 0.179
0.983 0.179
0.987 0.178
0.991 0.178
0.995 0.177
0.998 0.177
1.005 0.177
1.009 0.176
1.013 0.176
1.014 0.175
1.019 0.174
1.023 0.174
1.027 0.174
1.031 0.173
1.035 0.173
1.039 0.172
1.043 0.172
1.047 0.171
1.052 0.171
1.056 0.171
1.060 0.170
1.064 0.170
1.069 0.169
1.073 0.169
1.077 0.169
1.082 0.168
1.086 0.168
1.093 0.168
1.099 0.169
1.106 0.169
1.110 0.169
1.117 0.169
1.121 0.169
1.128 0.169
1.133 0.169
1.137 0.168
1.144 0.169
1.146 0.168
1.151 0.167
1.155 0.167
1.158 0.166
1.162 0.165
1.165 0.164
1.172 0.165
1.176 0.164
1.183 0.165
1.187 0.165
1.192 0.164
1.197 0.164
1.202 0.164
1.206 0.163
1.211 0.163
1.216 0.163
1.221 0.163
1.226 0.162
1.224 0.161
1.222 0.161
1.220 0.160
1.222 0.161
1.219 0.162
1.214 0.162
1.211 0.163
1.206 0.163
1.202 0.164
1.197 0.164
1.192 0.164
1.186 0.164
1.183 0.165
1.176 0.164
1.172 0.165
1.165 0.164
1.163 0.164
1.161 0.163
1.164 0.162
1.157 0.161
1.159 0.160
1.162 0.159
1.165 0.158
1.172 0.158
1.170 0.158
1.165 0.158
1.162 0.159
1.159 0.160
1.153 0.160
1.146 0.159
1.144 0.159
1.139 0.159
1.146 0.159
1.153 0.160
1.159 0.160
1.157 0.161
1.164 0.162
1.161 0.163
1.163 0.164
1.165 0.164
1.162 0.165
1.158 0.166
1.155 0.167
1.149 0.166
1.146 0.168
1.142 0.168
1.137 0.168
1.130 0.168
1.182 0.176
1.187 0.175
1.191 0.175
1.194 0.174
1.200 0.175
1.204 0.174
1.200 0.175
1.194 0.174
1.189 0.174
1.187 0.175
1.214 0.176
1.216 0.177
1.212 0.173
1.215 0.172
1.219 0.172
1.215 0.172
1.236 0.167
1.240 0.167
1.247 0.167
1.248 0.168
1.247 0.167
1.245 0.166
1.240 0.167
1.296 0.160
1.302 0.160
1.308 0.160
1.314 0.160
1.315 0.161
1.320 0.161
1.326 0.162
1.328 0.162
1.333 0.162
1.338 0.162
1.344 0.163
1.349 0.163
1.354 0.162
1.359 0.162
1.365 0.163
1.359 0.162
1.354 0.162
1.349 0.163
1.343 0.162
1.338 0.162
1.331 0.161
1.325 0.161
1.320 0.161
1.314 0.160
1.308 0.160
1.302 0.160
1.290 0.156
1.289 0.156
1.287 0.155
1.291 0.154
1.290 0.153
1.283 0.152
1.281 0.152
1.285 0.150
1.283 0.150
1.282 0.149
1.286 0.148
1.284 0.147
1.282 0.146
1.281 0.145
1.279 0.145
1.277 0.144
1.270 0.143
1.268 0.143
1.267 0.142
1.265 0.141
1.257 0.140
1.256 0.140
1.254 0.139
1.252 0.138
1.250 0.137
1.248 0.136
1.246 0.136
1.244 0.135
1.242 0.134
1.234 0.134
1.232 0.133
1.224 0.132
1.222 0.131
1.214 0.131
1.206 0.131
1.203 0.130
1.195 0.129
1.203 0.130
1.206 0.131
1.214 0.131
1.222 0.131
1.224 0.132
1.232 0.133
1.234 0.134
1.242 0.134
1.244 0.135
1.246 0.136
1.248 0.136
1.250 0.137
1.252 0.138
1.254 0.139
1.256 0.140
1.257 0.140
1.265 0.141
1.267 0.142
1.268 0.143
1.270 0.143
1.266 0.144
1.270 0.143
1.277 0.144
1.279 0.145
1.281 0.145
1.282 0.146
1.284 0.147
1.286 0.148
1.282 0.149
1.278 0.150
1.271 0.149
1.278 0.150
1.285 0.150
1.281 0.152
1.283 0.152
1.290 0.153
1.291 0.154
1.287 0.155
1.289 0.156
1.212 0.154
1.205 0.154
1.203 0.153
1.201 0.152
1.199 0.151
1.203 0.150
1.208 0.150
1.206 0.149
1.204 0.148
1.206 0.149
1.203 0.150
1.199 0.151
1.196 0.152
1.189 0.152
1.187 0.151
1.182 0.152
1.175 0.151
1.168 0.151
1.160 0.150
1.163 0.149
1.161 0.148
1.163 0.149
1.160 0.150
1.155 0.151
1.153 0.152
1.145 0.151
1.143 0.152
1.138 0.153
1.135 0.154
1.128 0.153
1.123 0.154
1.116 0.153
1.111 0.154
1.108 0.155
1.101 0.154
1.096 0.155
1.092 0.155
1.084 0.155
1.077 0.154
1.084 0.155
1.092 0.155
1.096 0.155
1.101 0.154
1.108 0.155
1.113 0.154
1.118 0.154
1.123 0.154
1.128 0.153
1.135 0.154
1.138 0.153
1.143 0.152
1.148 0.152
1.153 0.152
1.155 0.151
1.160 0.150
1.168 0.151
1.175 0.151
1.177 0.152
1.182 0.152
1.189 0.152
1.196 0.152
1.203 0.153
1.205 0.154
1.202 0.155
1.205 0.154
1.184 0.157
1.179 0.157
1.181 0.158
1.171 0.148
1.177 0.147
1.174 0.147
1.169 0.147
1.178 0.144
1.171 0.143
1.158 0.143
1.161 0.142
1.157 0.139
1.160 0.138
1.163 0.136
1.166 0.135
1.170 0.134
1.167 0.133
1.170 0.132
1.174 0.131
1.171 0.131
1.174 0.131
1.170 0.132
1.167 0.133
1.164 0.135
1.161 0.136
1.158 0.137
1.154 0.138
1.137 0.129
1.129 0.128
1.120 0.128
1.114 0.128
1.106 0.128
1.097 0.128
1.088 0.127
1.082 0.128
1.080 0.129
1.074 0.129
1.071 0.130
1.066 0.131
1.063 0.132
1.061 0.133
1.064 0.134
1.062 0.135
1.056 0.135
1.059 0.136
1.062 0.135
1.064 0.134
1.061 0.133
1.063 0.132
1.066 0.131
1.071 0.130
1.077 0.130
1.080 0.129
1.082 0.128
1.091 0.128
1.097 0.128
1.106 0.128
1.114 0.128
1.123 0.129
1.129 0.128
1.164 0.128
1.172 0.129
1.181 0.129
1.172 0.129
1.170 0.128
1.167 0.127
1.187 0.124
1.184 0.124
1.177 0.119
1.181 0.118
1.178 0.118
1.176 0.117
1.180 0.116
1.176 0.117
1.178 0.118
1.181 0.118
1.190 0.114
1.194 0.113
1.204 0.114
1.194 0.113
1.185 0.113
1.194 0.113
1.241 0.113
1.243 0.114
1.239 0.115
1.234 0.116
1.230 0.117
1.232 0.118
1.228 0.119
1.224 0.120
1.220 0.121
1.224 0.120
1.228 0.119
1.232 0.118
1.237 0.117
1.234 0.116
1.239 0.115
1.243 0.114
1.248 0.113
1.255 0.112
1.260 0.111
1.265 0.110
1.274 0.111
1.281 0.111
1.288 0.110
1.298 0.111
1.305 0.111
1.312 0.111
1.319 0.110
1.329 0.111
1.334 0.110
1.329 0.111
1.319 0.110
1.312 0.111
1.303 0.110
1.298 0.111
1.288 0.110
1.281 0.111
1.274 0.111
1.265 0.110
1.260 0.111
1.253 0.112
1.248 0.113
1.311 0.104
1.309 0.103
1.307 0.102
1.309 0.103
1.303 0.101
1.309 0.100
1.319 0.097
1.327 0.096
1.405 0.096
1.406 0.097
1.408 0.097
1.415 0.096
1.414 0.096
1.408 0.102
1.400 0.103
1.393 0.104
1.387 0.105
1.380 0.106
1.387 0.105
1.393 0.104
1.401 0.103
1.409 0.103
1.441 0.103
1.449 0.103
1.448 0.102
1.389 0.110
1.382 0.111
1.373 0.110
1.382 0.111
1.390 0.111
1.399 0.112
1.407 0.113
1.409 0.113
1.416 0.113
1.424 0.114
1.416 0.113
1.407 0.113
1.399 0.112
1.398 0.111
1.358 0.110
1.356 0.109
1.440 0.115
1.447 0.114
1.454 0.114
1.461 0.114
1.469 0.114
1.476 0.114
1.484 0.115
1.490 0.114
1.498 0.115
1.505 0.115
1.498 0.114
1.490 0.114
1.484 0.115
1.476 0.114
1.469 0.114
1.461 0.113
1.453 0.114
1.447 0.114
1.520 0.115
1.528 0.115
1.535 0.115
1.542 0.114
1.549 0.114
1.556 0.114
1.563 0.114
1.571 0.114
1.578 0.114
1.585 0.114
1.593 0.114
1.600 0.114
1.607 0.115
1.600 0.114
1.593 0.114
1.585 0.114
1.578 0.113
1.571 0.113
1.563 0.114
1.556 0.114
1.549 0.114
1.542 0.114
1.535 0.115
1.528 0.115
1.524 0.124
1.517 0.125
1.519 0.130
1.526 0.130
1.526 0.131
1.527 0.132
1.521 0.133
1.521 0.134
1.521 0.135
1.528 0.135
1.528 0.136
1.528 0.137
1.529 0.138
1.529 0.139
1.523 0.140
1.529 0.139
1.535 0.139
1.541 0.139
1.547 0.139
1.553 0.139
1.559 0.139
1.565 0.139
1.571 0.139
1.577 0.139
1.583 0.139
1.589 0.139
1.595 0.139
1.601 0.139
1.607 0.139
1.613 0.139
1.607 0.139
1.607 0.138
1.607 0.137
1.614 0.136
1.614 0.135
1.614 0.135
1.608 0.134
1.608 0.133
1.609 0.132
1.609 0.131
1.615 0.130
1.616 0.130
1.609 0.129
1.615 0.130
1.609 0.131
1.609 0.132
1.608 0.133
1.608 0.134
1.614 0.135
1.608 0.135
1.614 0.136
1.607 0.137
1.601 0.138
1.595 0.138
1.589 0.139
1.583 0.138
1.577 0.139
1.571 0.139
1.565 0.139
1.559 0.139
1.553 0.139
1.547 0.139
1.541 0.139
1.535 0.138
1.528 0.137
1.528 0.136
1.528 0.135
1.521 0.135
1.527 0.134
1.521 0.133
1.527 0.132
1.533 0.131
1.539 0.132
1.533 0.131
1.532 0.130
1.539 0.129
1.545 0.129
1.539 0.129
1.532 0.130
1.526 0.130
1.411 0.125
1.405 0.126
1.400 0.127
1.394 0.128
1.389 0.129
1.383 0.129
1.375 0.129
1.368 0.128
1.360 0.127
1.368 0.128
1.375 0.129
1.383 0.129
1.384 0.130
1.385 0.131
1.386 0.132
1.388 0.132
1.389 0.133
1.390 0.134
1.397 0.135
1.398 0.136
1.399 0.136
1.400 0.137
1.401 0.138
1.402 0.139
1.397 0.140
1.398 0.141
1.399 0.141
1.395 0.142
1.396 0.143
1.397 0.144
1.398 0.145
1.404 0.146
1.405 0.146
1.412 0.147
1.407 0.148
1.402 0.149
1.398 0.150
1.393 0.151
1.389 0.152
1.393 0.151
1.398 0.150
1.402 0.149
1.407 0.148
1.412 0.147
1.418 0.148
1.424 0.148
1.430 0.148
1.436 0.148
1.441 0.148
1.447 0.149
1.453 0.149
1.459 0.149
1.465 0.149
1.470 0.149
1.476 0.149
1.481 0.149
1.487 0.149
1.493 0.149
1.498 0.149
1.504 0.149
1.509 0.149
1.515 0.148
1.520 0.148
1.526 0.148
1.531 0.147
1.537 0.148
1.543 0.148
1.548 0.147
1.554 0.147
1.559 0.147
1.565 0.147
1.571 0.147
1.576 0.147
1.582 0.147
1.588 0.148
1.593 0.148
1.599 0.149
1.604 0.149
1.610 0.149
1.615 0.150
1.621 0.149
1.627 0.149
1.632 0.149
1.638 0.149
1.643 0.150
1.638 0.149
1.638 0.148
1.644 0.147
1.650 0.146
1.656 0.147
1.662 0.147
1.667 0.147
1.662 0.147
1.656 0.147
1.650 0.146
1.645 0.146
1.639 0.146
1.634 0.145
1.634 0.145
1.634 0.145
1.639 0.146
1.639 0.147
1.633 0.148
1.627 0.149
1.621 0.149
1.615 0.150
1.610 0.149
1.604 0.149
1.599 0.149
1.593 0.148
1.588 0.148
1.582 0.147
1.588 0.146
1.594 0.145
1.600 0.144
1.594 0.145
1.588 0.146
1.582 0.147
1.576 0.147
1.571 0.147
1.565 0.147
1.559 0.147
1.554 0.147
1.548 0.147
1.543 0.148
1.537 0.148
1.531 0.147
1.526 0.148
1.520 0.147
1.515 0.148
1.509 0.149
1.503 0.148
1.498 0.149
1.493 0.149
1.487 0.149
1.481 0.149
1.476 0.149
1.470 0.148
1.465 0.149
1.459 0.149
1.452 0.148
1.447 0.149
1.441 0.148
1.436 0.148
1.430 0.148
1.424 0.148
1.418 0.148
1.412 0.147
1.405 0.146
1.404 0.146
1.398 0.145
1.402 0.144
1.401 0.143
1.395 0.142
1.399 0.141
1.404 0.140
1.397 0.140
1.402 0.139
1.401 0.138
1.400 0.137
1.399 0.136
1.398 0.136
1.397 0.135
1.390 0.134
1.395 0.133
1.394 0.132
1.393 0.131
1.392 0.131
1.390 0.130
1.389 0.129
1.394 0.128
1.400 0.127
1.405 0.126
1.563 0.103
1.554 0.102
1.587 0.104
1.595 0.103
1.595 0.102
1.604 0.101
1.612 0.101
1.621 0.100
1.629 0.100
1.638 0.100
1.645 0.101
1.645 0.101
1.645 0.101
1.638 0.100
1.629 0.100
1.621 0.100
1.612 0.100
1.604 0.101
1.595 0.102
1.595 0.103
1.686 0.102
1.694 0.102
1.695 0.101
1.674 0.097
1.675 0.096
1.676 0.095
1.675 0.096
1.690 0.112
1.682 0.113
1.675 0.113
1.667 0.112
1.659 0.113
1.667 0.112
1.675 0.113
1.682 0.113
1.690 0.112
1.697 0.112
1.705 0.112
1.711 0.113
1.718 0.113
1.725 0.114
1.731 0.115
1.737 0.116
1.735 0.117
1.741 0.118
1.740 0.119
1.746 0.120
1.744 0.120
1.750 0.121
1.744 0.120
1.746 0.120
1.740 0.119
1.741 0.118
1.735 0.117
1.737 0.116
1.731 0.115
1.732 0.114
1.740 0.114
1.747 0.114
1.756 0.113
1.763 0.113
1.756 0.113
1.747 0.114
1.740 0.114
1.732 0.114
1.725 0.114
1.718 0.113
1.711 0.113
1.705 0.112
1.697 0.112
1.793 0.113
1.802 0.112
1.811 0.112
1.818 0.112
1.828 0.111
1.837 0.111
1.846 0.110
1.851 0.111
1.860 0.111
1.868 0.111
1.875 0.111
1.884 0.111
1.891 0.111
1.884 0.111
1.875 0.111
1.868 0.111
1.860 0.111
1.851 0.111
1.846 0.110
1.837 0.111
1.828 0.111
1.820 0.111
1.811 0.112
1.802 0.112
1.795 0.112
1.839 0.107
1.834 0.106
1.828 0.105
1.834 0.106
1.891 0.106
1.894 0.105
1.933 0.108
1.943 0.108
1.946 0.107
1.948 0.106
1.951 0.105
1.962 0.105
1.972 0.104
1.979 0.105
1.990 0.104
1.997 0.105
1.990 0.104
1.979 0.105
1.972 0.104
1.962 0.105
1.954 0.105
1.947 0.104
1.951 0.105
1.948 0.106
1.946 0.107
1.943 0.108
1.933 0.108
1.930 0.109
1.913 0.112
1.906 0.111
1.903 0.112
1.910 0.113
1.915 0.114
1.919 0.115
1.923 0.116
1.927 0.117
1.934 0.117
1.938 0.118
1.942 0.119
1.946 0.120
1.950 0.121
1.946 0.120
1.949 0.120
1.942 0.119
1.938 0.118
1.934 0.117
1.930 0.116
1.926 0.115
1.921 0.114
1.917 0.113
1.945 0.123
1.949 0.124
1.946 0.125
1.950 0.126
1.948 0.127
1.939 0.127
1.937 0.128
1.934 0.129
1.938 0.130
1.936 0.131
1.928 0.131
1.926 0.132
1.917 0.132
1.915 0.133
1.907 0.134
1.905 0.134
1.897 0.135
1.895 0.136
1.888 0.136
1.886 0.137
1.884 0.138
1.882 0.139
1.875 0.139
1.873 0.140
1.871 0.141
1.869 0.141
1.868 0.142
1.866 0.143
1.864 0.144
1.863 0.145
1.861 0.145
1.859 0.146
1.852 0.147
1.851 0.148
1.849 0.148
1.848 0.149
1.841 0.150
1.839 0.151
1.832 0.151
1.831 0.152
1.835 0.153
1.828 0.154
1.827 0.154
1.820 0.155
1.819 0.156
1.818 0.157
1.816 0.157
1.815 0.158
1.819 0.159
1.818 0.160
1.816 0.161
1.815 0.162
1.816 0.161
1.818 0.160
1.819 0.159
1.820 0.158
1.822 0.158
1.823 0.157
1.824 0.156
1.820 0.155
1.827 0.154
1.828 0.154
1.835 0.153
1.839 0.154
1.835 0.153
1.836 0.152
1.832 0.151
1.839 0.151
1.841 0.150
1.848 0.149
1.849 0.148
1.851 0.148
1.852 0.147
1.859 0.146
1.861 0.145
1.863 0.145
1.864 0.144
1.866 0.143
1.868 0.142
1.869 0.141
1.871 0.141
1.873 0.140
1.875 0.139
1.882 0.139
1.890 0.138
1.892 0.137
1.888 0.136
1.895 0.136
1.897 0.135
1.905 0.134
1.907 0.134
1.915 0.133
1.917 0.132
1.926 0.132
1.928 0.131
1.936 0.131
1.938 0.130
1.934 0.129
1.943 0.128
1.939 0.127
1.948 0.127
1.950 0.126
1.946 0.125
1.949 0.124
2.015 0.126
2.024 0.125
2.030 0.126
2.033 0.125
2.042 0.125
2.045 0.126
2.048 0.127
2.050 0.128
2.047 0.129
2.050 0.130
2.053 0.129
2.056 0.128
2.053 0.127
2.048 0.127
2.045 0.126
2.048 0.125
2.051 0.124
2.060 0.124
2.051 0.124
2.048 0.123
2.045 0.122
2.042 0.123
2.045 0.124
2.042 0.125
2.033 0.125
2.024 0.125
2.018 0.125
2.030 0.122
2.033 0.121
2.036 0.121
2.033 0.121
2.055 0.116
2.052 0.115
2.062 0.115
2.068 0.115
2.078 0.115
2.088 0.114
2.091 0.116
2.093 0.117
2.091 0.116
2.094 0.115
2.092 0.114
2.089 0.113
2.092 0.114
2.082 0.114
2.078 0.115
2.068 0.115
2.062 0.115
2.052 0.115
2.039 0.114
2.033 0.114
2.029 0.113
2.026 0.114
2.023 0.114
2.030 0.115
2.026 0.108
2.029 0.107
2.022 0.107
2.019 0.106
2.008 0.106
2.019 0.106
2.022 0.107
2.161 0.111
2.165 0.110
2.106 0.132
2.103 0.133
2.100 0.134
2.103 0.133
2.059 0.131
2.056 0.132
2.053 0.133
2.050 0.134
2.053 0.133
2.056 0.132
2.019 0.131
2.016 0.130
2.011 0.135
2.008 0.135
1.998 0.139
1.990 0.139
1.987 0.138
1.982 0.138
1.987 0.138
1.990 0.139
1.988 0.140
1.990 0.139
1.973 0.136
1.975 0.135
1.978 0.143
1.976 0.144
2.028 0.145
2.031 0.144
2.070 0.163
2.072 0.165
2.069 0.165
2.074 0.166
2.078 0.166
2.080 0.167
2.084 0.168
2.091 0.167
2.084 0.168
2.083 0.167
2.081 0.165
2.076 0.165
2.074 0.164
2.124 0.168
2.131 0.167
2.138 0.167
2.145 0.167
2.148 0.166
2.155 0.166
2.159 0.167
2.166 0.166
2.167 0.167
2.166 0.166
2.173 0.166
2.176 0.165
2.183 0.165
2.178 0.165
2.176 0.165
2.173 0.166
2.166 0.166
2.162 0.166
2.155 0.166
2.148 0.166
2.145 0.167
2.138 0.167
2.131 0.167
2.127 0.167
2.124 0.168
2.126 0.169
2.128 0.170
2.125 0.171
2.127 0.172
2.124 0.173
2.122 0.173
2.128 0.173
2.132 0.173
2.136 0.174
2.138 0.175
2.136 0.174
2.143 0.174
2.145 0.173
2.143 0.174
2.136 0.174
2.135 0.173
2.131 0.172
2.129 0.171
2.128 0.170
2.126 0.169
2.149 0.164
2.152 0.164
2.214 0.168
2.217 0.167
2.220 0.167
2.223 0.166
2.220 0.167
2.217 0.167
2.261 0.171
2.265 0.172
2.275 0.171
2.282 0.171
2.286 0.171
2.285 0.170
2.282 0.170
2.278 0.170
2.288 0.167
2.291 0.167
2.268 0.163
2.271 0.163
2.274 0.162
2.271 0.163
2.264 0.163
2.265 0.164
2.246 0.157
2.249 0.157
2.275 0.149
2.283 0.149
2.279 0.148
2.308 0.153
2.305 0.154
2.344 0.163
2.340 0.164
2.333 0.166
2.337 0.167
2.361 0.170
2.365 0.170
2.372 0.170
2.368 0.170
2.331 0.173
2.324 0.173
2.324 0.174
2.324 0.173
2.355 0.178
2.351 0.179
2.358 0.179
2.358 0.180
2.358 0.181
2.355 0.182
2.348 0.182
2.345 0.182
2.348 0.182
2.355 0.182
2.358 0.182
2.361 0.183
2.364 0.182
2.361 0.182
2.358 0.181
2.358 0.180
2.358 0.179
2.358 0.177
2.323 0.189
2.320 0.189
2.314 0.191
2.318 0.191
2.312 0.192
2.309 0.193
2.306 0.194
2.309 0.193
2.346 0.195
2.349 0.194
2.346 0.195
2.346 0.196
2.293 0.201
2.294 0.203
2.291 0.203
2.294 0.203
2.269 0.193
2.266 0.192
2.163 0.179
2.160 0.180
2.155 0.178
2.148 0.178
2.143 0.180
2.145 0.181
2.065 0.179
2.060 0.179
2.056 0.178
2.060 0.179
2.044 0.210
2.042 0.211
2.041 0.211
2.044 0.212
2.046 0.211
2.048 0.210
2.055 0.221
2.054 0.222
2.055 0.223
2.057 0.224
2.055 0.223
2.057 0.223
2.114 0.214
2.117 0.215
2.119 0.214
2.132 0.234
2.133 0.236
2.131 0.236
2.133 0.237
2.134 0.239
2.132 0.239
2.133 0.240
2.131 0.241
2.132 0.242
2.127 0.243
2.123 0.243
2.118 0.243
2.113 0.243
2.112 0.244
2.113 0.243
2.118 0.243
2.121 0.244
2.126 0.243
2.130 0.243
2.131 0.244
2.130 0.243
2.132 0.242
2.131 0.241
2.133 0.240
2.132 0.239
2.134 0.239
2.133 0.237
2.137 0.237
2.140 0.238
2.145 0.237
2.148 0.238
2.145 0.237
2.140 0.238
2.137 0.237
2.133 0.237
2.131 0.236
2.133 0.236
2.154 0.239
2.157 0.239
2.158 0.240
2.157 0.239
2.162 0.239
2.164 0.238
2.168 0.238
2.171 0.239
2.170 0.237
2.166 0.238
2.164 0.238
2.162 0.239
2.157 0.239
2.182 0.242
2.183 0.243
2.181 0.244
2.179 0.245
2.181 0.245
2.182 0.246
2.180 0.247
2.182 0.246
2.181 0.245
2.181 0.244
2.183 0.243
2.184 0.243
2.186 0.242
2.184 0.242
2.197 0.239
2.199 0.238
2.204 0.235
2.201 0.234
2.200 0.233
2.201 0.234
2.195 0.232
2.194 0.231
2.199 0.231
2.194 0.231
2.193 0.230
2.192 0.229
2.191 0.228
2.189 0.228
2.192 0.229
2.193 0.230
2.188 0.230
2.193 0.230
2.194 0.231
2.195 0.232
2.190 0.232
2.183 0.233
2.178 0.233
2.222 0.235
2.225 0.235
2.239 0.239
2.240 0.240
2.240 0.241
2.245 0.241
2.248 0.242
2.250 0.242
2.253 0.242
2.250 0.241
2.245 0.241
2.240 0.241
2.240 0.240
2.233 0.242
2.231 0.243
2.226 0.243
2.224 0.244
2.226 0.243
2.231 0.243
2.234 0.243
2.234 0.245
2.235 0.246
2.238 0.246
2.238 0.247
2.243 0.247
2.243 0.248
2.244 0.250
2.245 0.251
2.245 0.252
2.246 0.253
2.246 0.254
2.241 0.254
2.237 0.255
2.239 0.255
2.240 0.256
2.243 0.257
2.242 0.256
2.241 0.254
2.246 0.254
2.246 0.253
2.245 0.252
2.245 0.251
2.247 0.250
2.246 0.249
2.248 0.248
2.243 0.248
2.243 0.247
2.238 0.247
2.238 0.246
2.235 0.246
2.234 0.245
2.234 0.243
2.256 0.243
2.258 0.243
2.263 0.244
2.264 0.245
2.264 0.246
2.267 0.247
2.271 0.247
2.272 0.248
2.272 0.249
2.274 0.248
2.272 0.248
2.271 0.247
2.267 0.247
2.264 0.246
2.264 0.245
2.272 0.242
2.275 0.242
2.279 0.242
2.279 0.240
2.281 0.240
2.284 0.239
2.281 0.239
2.278 0.238
2.281 0.239
2.281 0.240
2.279 0.240
2.279 0.242
2.275 0.242
2.279 0.249
2.284 0.249
2.289 0.249
2.284 0.249
2.279 0.249
2.277 0.250
2.275 0.252
2.273 0.252
2.269 0.252
2.273 0.252
2.262 0.253
2.259 0.253
2.257 0.253
2.253 0.253
2.257 0.253
2.253 0.259
2.251 0.259
2.253 0.260
2.256 0.260
2.258 0.261
2.260 0.262
2.261 0.263
2.263 0.263
2.266 0.264
2.263 0.263
2.261 0.263
2.260 0.262
2.262 0.261
2.267 0.261
2.269 0.260
2.271 0.260
2.269 0.260
2.267 0.261
2.262 0.261
2.260 0.260
2.256 0.260
2.253 0.260
2.233 0.260
2.230 0.259
2.228 0.260
2.231 0.261
2.206 0.262
2.202 0.262
2.199 0.262
2.197 0.262
2.193 0.263
2.197 0.262
2.202 0.262
2.204 0.263
2.241 0.268
2.243 0.267
2.245 0.267
2.249 0.267
2.245 0.267
2.243 0.267
2.274 0.269
2.276 0.268
2.269 0.273
2.269 0.274
2.265 0.274
2.269 0.274
2.270 0.276
2.274 0.275
2.270 0.276
2.269 0.274
2.281 0.277
2.279 0.278
2.283 0.278
2.287 0.277
2.291 0.277
2.292 0.279
2.294 0.279
2.294 0.280
2.296 0.280
2.294 0.279
2.294 0.278
2.291 0.277
2.287 0.277
2.283 0.278
2.295 0.276
2.295 0.275
2.297 0.274
2.297 0.273
2.299 0.273
2.301 0.272
2.303 0.271
2.301 0.272
2.297 0.272
2.295 0.273
2.295 0.274
2.295 0.275
2.303 0.280
2.307 0.280
2.311 0.280
2.307 0.280
2.303 0.280
2.301 0.281
2.320 0.281
2.320 0.282
2.322 0.286
2.322 0.288
2.327 0.288
2.327 0.289
2.329 0.289
2.327 0.289
2.327 0.288
2.329 0.287
2.327 0.288
2.322 0.288
2.316 0.287
2.314 0.286
2.308 0.287
2.308 0.286
2.308 0.287
2.304 0.287
2.302 0.288
2.304 0.288
2.306 0.288
2.295 0.292
2.292 0.291
2.293 0.292
2.314 0.297
2.314 0.298
2.316 0.299
2.318 0.300
2.329 0.294
2.331 0.293
2.333 0.293
2.335 0.292
2.335 0.291
2.333 0.290
2.331 0.291
2.333 0.292
2.333 0.293
2.331 0.293
2.343 0.287
2.347 0.287
2.343 0.287
2.343 0.286
2.339 0.286
2.339 0.285
2.337 0.285
2.339 0.285
2.339 0.286
2.335 0.286
2.339 0.286
2.343 0.286
2.357 0.284
2.359 0.285
2.382 0.282
2.382 0.281
2.382 0.280
2.380 0.280
2.382 0.281
2.374 0.277
2.376 0.277
2.368 0.277
2.364 0.277
2.364 0.276
2.362 0.276
2.359 0.277
2.355 0.277
2.351 0.277
2.353 0.277
2.355 0.277
2.359 0.277
2.364 0.277
2.366 0.277
2.366 0.273
2.366 0.272
2.370 0.270
2.373 0.270
2.368 0.270
2.368 0.269
2.368 0.267
2.364 0.267
2.362 0.267
2.357 0.267
2.357 0.266
2.353 0.266
2.353 0.264
2.353 0.263
2.351 0.263
2.348 0.263
2.353 0.263
2.353 0.264
2.353 0.266
2.357 0.266
2.357 0.267
2.362 0.267
2.364 0.267
2.368 0.267
2.368 0.269
2.368 0.270
2.344 0.268
2.344 0.267
2.344 0.268
2.342 0.269
2.340 0.269
2.335 0.269
2.331 0.269
2.327 0.269
2.331 0.269
2.335 0.269
2.338 0.270
2.340 0.270
2.340 0.269
2.342 0.269
2.339 0.262
2.344 0.262
2.339 0.262
2.339 0.261
2.339 0.260
2.339 0.261
2.337 0.262
2.335 0.262
2.330 0.262
2.328 0.263
2.324 0.263
2.319 0.263
2.315 0.263
2.315 0.262
2.315 0.263
2.315 0.264
2.315 0.265
2.315 0.266
2.313 0.267
2.313 0.268
2.309 0.268
2.309 0.269
2.311 0.269
2.313 0.268
2.313 0.267
2.315 0.266
2.315 0.265
2.315 0.264
2.317 0.263
2.319 0.263
2.324 0.263
2.328 0.263
2.330 0.262
2.335 0.262
2.334 0.256
2.334 0.255
2.332 0.255
2.330 0.255
2.334 0.255
2.323 0.256
2.323 0.257
2.318 0.257
2.321 0.258
2.323 0.257
2.317 0.250
2.320 0.249
2.317 0.249
2.315 0.249
2.305 0.249
2.303 0.250
2.327 0.249
2.329 0.249
2.376 0.250
2.378 0.251
2.420 0.234
2.421 0.233
2.423 0.232
2.428 0.232
2.431 0.232
2.434 0.231
2.439 0.231
2.439 0.230
2.439 0.231
2.434 0.231
2.431 0.232
2.428 0.232
2.423 0.232
2.421 0.231
2.418 0.232
2.416 0.233
2.411 0.232
2.416 0.233
2.421 0.233
2.443 0.228
2.445 0.229
2.448 0.228
2.445 0.228
2.446 0.227
2.444 0.226
2.441 0.225
2.436 0.225
2.436 0.224
2.437 0.223
2.440 0.222
2.437 0.222
2.438 0.220
2.438 0.219
2.439 0.218
2.444 0.218
2.449 0.218
2.452 0.218
2.449 0.218
2.444 0.218
2.439 0.218
2.433 0.218
2.434 0.217
2.428 0.217
2.434 0.217
2.433 0.218
2.439 0.218
2.438 0.219
2.438 0.220
2.435 0.221
2.437 0.222
2.437 0.223
2.436 0.224
2.434 0.225
2.436 0.225
2.441 0.225
2.441 0.226
2.443 0.227
2.455 0.229
2.460 0.229
2.503 0.227
2.504 0.226
2.507 0.225
2.504 0.226
2.511 0.224
2.509 0.223
2.509 0.222
2.515 0.222
2.520 0.222
2.525 0.222
2.530 0.223
2.525 0.222
2.520 0.222
2.515 0.222
2.509 0.222
2.507 0.221
2.505 0.220
2.500 0.220
2.497 0.220
2.498 0.218
2.496 0.218
2.490 0.218
2.485 0.217
2.490 0.218
2.493 0.218
2.495 0.219
2.497 0.220
2.500 0.220
2.505 0.220
2.504 0.222
2.509 0.222
2.509 0.223
2.474 0.218
2.468 0.218
2.465 0.219
2.468 0.218
2.474 0.213
2.475 0.212
2.470 0.211
2.470 0.209
2.473 0.209
2.470 0.209
2.470 0.211
2.464 0.210
2.447 0.210
2.445 0.209
2.442 0.210
2.439 0.210
2.444 0.211
2.435 0.212
2.430 0.212
2.423 0.214
2.418 0.214
2.407 0.215
2.401 0.215
2.408 0.212
2.408 0.211
2.388 0.211
2.388 0.210
2.386 0.210
2.383 0.211
2.383 0.212
2.385 0.212
2.389 0.208
2.392 0.207
2.412 0.205
2.415 0.205
2.369 0.214
2.366 0.214
2.473 0.241
2.475 0.241
2.477 0.241
2.482 0.241
2.484 0.242
2.489 0.242
2.491 0.243
2.494 0.242
2.492 0.241
2.493 0.240
2.490 0.241
2.487 0.241
2.482 0.241
2.480 0.240
2.475 0.240
2.480 0.246
2.482 0.246
2.540 0.233
2.543 0.233
2.683 0.213
2.681 0.213
2.560 0.187
2.554 0.187
2.557 0.188
2.489 0.184
2.486 0.184
2.484 0.183
2.484 0.182
2.481 0.182
2.477 0.183
2.474 0.183
2.480 0.184
2.486 0.184
2.552 0.171
2.556 0.171
2.454 0.148
2.458 0.147
2.380 0.159
2.384 0.159
2.376 0.162
2.373 0.162
2.376 0.163
2.380 0.162
2.251 0.143
2.243 0.143
2.238 0.142
2.239 0.144
2.236 0.144
2.239 0.144
2.243 0.143
2.386 0.128
2.391 0.127
2.400 0.128
2.400 0.129
2.400 0.128
2.400 0.126
2.400 0.128
2.391 0.127
2.640 0.119
2.643 0.117
2.649 0.117
2.659 0.117
2.649 0.117
2.643 0.117
2.933 0.127
2.941 0.127
2.936 0.128
2.944 0.129
2.945 0.130
2.952 0.130
2.947 0.131
2.952 0.130
2.951 0.130
2.944 0.129
2.936 0.128
2.941 0.127
2.946 0.126
2.941 0.127
2.976 0.129
2.977 0.130
2.979 0.131
2.985 0.131
2.984 0.130
2.989 0.129
2.996 0.129
3.002 0.129
3.001 0.128
3.007 0.127
3.001 0.128
2.996 0.129
2.989 0.129
2.983 0.129
3.011 0.125
3.018 0.125
3.025 0.126
3.018 0.125
3.010 0.123
3.009 0.123
3.015 0.122
3.007 0.121
3.008 0.122
3.009 0.123
3.019 0.132
3.013 0.133
3.008 0.134
3.002 0.134
2.997 0.135
3.002 0.134
3.008 0.134
3.014 0.134
3.021 0.135
3.028 0.136
3.023 0.137
3.028 0.136
3.034 0.136
3.041 0.136
3.034 0.136
3.039 0.135
3.046 0.135
3.039 0.135
3.034 0.136
3.027 0.135
3.020 0.134
3.013 0.133
2.979 0.137
2.973 0.137
2.967 0.137
2.961 0.137
2.954 0.136
2.953 0.136
2.954 0.136
2.955 0.137
2.961 0.137
2.967 0.137
2.973 0.137
2.980 0.137
3.085 0.139
3.085 0.140
3.091 0.141
3.085 0.140
3.121 0.143
3.127 0.144
3.121 0.145
3.116 0.146
3.110 0.146
3.116 0.146
3.121 0.145
3.127 0.145
3.133 0.145
3.139 0.146
3.133 0.145
3.127 0.144
3.133 0.143
3.127 0.144
3.132 0.136
3.126 0.136
3.120 0.136
3.114 0.135
3.120 0.136
3.126 0.136
3.145 0.136
3.151 0.136
3.157 0.136
3.151 0.136
3.157 0.135
3.163 0.134
3.170 0.133
3.163 0.134
3.157 0.135
3.151 0.135
3.089 0.133
3.088 0.132
3.055 0.111
3.062 0.110
3.054 0.109
3.053 0.109
3.046 0.109
3.055 0.110
2.884 0.080
2.881 0.079
1.830 0.078
1.817 0.079
1.827 0.079
1.761 0.075
1.763 0.074
1.752 0.074
1.741 0.074
1.731 0.073
1.718 0.074
1.729 0.074
1.739 0.075
1.750 0.075
1.741 0.123
1.746 0.124
1.745 0.125
1.744 0.125
1.743 0.126
1.742 0.127
1.734 0.128
1.733 0.129
1.739 0.130
1.738 0.130
1.736 0.131
1.735 0.132
1.734 0.133
1.727 0.134
1.726 0.134
1.725 0.135
1.724 0.136
1.723 0.137
1.723 0.138
1.728 0.139
1.721 0.139
1.720 0.140
1.719 0.141
1.724 0.142
1.723 0.143
1.722 0.144
1.727 0.144
1.726 0.145
1.731 0.146
1.730 0.147
1.729 0.148
1.728 0.149
1.722 0.149
1.716 0.149
1.710 0.150
1.704 0.150
1.698 0.151
1.693 0.150
1.687 0.150
1.682 0.150
1.676 0.150
1.682 0.150
1.687 0.150
1.693 0.150
1.698 0.151
1.704 0.150
1.710 0.150
1.716 0.149
1.722 0.149
1.728 0.149
1.733 0.150
1.728 0.149
1.729 0.148
1.730 0.147
1.731 0.146
1.726 0.145
1.727 0.144
1.722 0.144
1.723 0.143
1.724 0.142
1.719 0.141
1.726 0.140
1.721 0.139
1.728 0.139
1.723 0.138
1.729 0.137
1.730 0.136
1.731 0.135
1.732 0.134
1.727 0.134
1.734 0.133
1.735 0.132
1.736 0.131
1.738 0.130
1.739 0.130
1.733 0.129
1.741 0.128
1.742 0.127
1.743 0.126
1.744 0.125
1.745 0.125
1.746 0.124
1.748 0.123
1.684 0.155
1.688 0.156
1.682 0.157
1.677 0.157
1.672 0.157
1.666 0.158
1.661 0.157
1.660 0.158
1.666 0.158
1.671 0.158
1.677 0.157
1.682 0.157
1.688 0.156
1.693 0.157
1.698 0.157
1.704 0.157
1.709 0.158
1.715 0.157
1.719 0.158
1.723 0.159
1.729 0.159
1.733 0.160
1.738 0.160
1.739 0.159
1.733 0.160
1.729 0.159
1.724 0.158
1.719 0.158
1.715 0.157
1.709 0.157
1.704 0.157
1.698 0.157
1.693 0.157
1.688 0.156
1.725 0.162
1.731 0.161
1.725 0.162
1.725 0.163
1.724 0.164
1.728 0.165
1.727 0.166
1.726 0.166
1.721 0.167
1.720 0.168
1.714 0.169
1.714 0.169
1.713 0.170
1.712 0.171
1.712 0.172
1.711 0.173
1.710 0.174
1.710 0.174
1.709 0.175
1.708 0.176
1.708 0.177
1.707 0.178
1.706 0.178
1.706 0.179
1.705 0.180
1.705 0.181
1.704 0.182
1.708 0.183
1.707 0.184
1.708 0.183
1.708 0.182
1.709 0.181
1.710 0.180
1.710 0.179
1.711 0.179
1.712 0.178
1.712 0.177
1.713 0.176
1.714 0.175
1.710 0.174
1.710 0.174
1.711 0.173
1.712 0.172
1.712 0.171
1.713 0.170
1.714 0.169
1.714 0.169
1.720 0.168
1.724 0.169
1.720 0.168
1.721 0.167
1.726 0.166
1.732 0.166
1.728 0.165
1.724 0.164
1.730 0.163
1.748 0.160
1.749 0.159
1.758 0.161
1.762 0.162
1.768 0.162
1.763 0.161
1.848 0.155
1.854 0.155
1.849 0.154
1.809 0.187
1.803 0.188
1.802 0.189
1.807 0.189
1.810 0.190
1.813 0.191
1.810 0.190
1.807 0.189
1.808 0.188
1.795 0.187
1.789 0.188
1.785 0.188
1.780 0.188
1.776 0.188
1.772 0.187
1.768 0.187
1.764 0.186
1.759 0.187
1.755 0.186
1.751 0.186
1.747 0.186
1.742 0.185
1.737 0.186
1.733 0.186
1.728 0.186
1.724 0.185
1.728 0.186
1.733 0.186
1.737 0.186
1.741 0.186
1.747 0.186
1.751 0.186
1.755 0.186
1.759 0.187
1.764 0.186
1.768 0.187
1.771 0.188
1.775 0.189
1.780 0.188
1.785 0.188
1.789 0.188
1.794 0.188
1.773 0.191
1.772 0.191
1.775 0.192
1.779 0.193
1.782 0.194
1.777 0.195
1.782 0.194
1.783 0.194
1.788 0.193
1.783 0.194
1.780 0.193
1.775 0.192
1.772 0.191
1.763 0.192
1.758 0.192
1.754 0.192
1.758 0.192
1.737 0.191
1.733 0.191
1.728 0.191
1.724 0.191
1.728 0.191
1.733 0.191
1.702 0.190
1.699 0.189
1.699 0.188
1.695 0.188
1.699 0.189
1.694 0.190
1.689 0.191
1.685 0.191
1.681 0.190
1.676 0.190
1.672 0.190
1.667 0.190
1.662 0.191
1.658 0.190
1.654 0.190
1.650 0.189
1.646 0.189
1.650 0.189
1.654 0.190
1.658 0.190
1.662 0.191
1.667 0.190
1.672 0.190
1.675 0.191
1.676 0.190
1.681 0.190
1.685 0.191
1.689 0.191
1.694 0.190
1.699 0.189
1.700 0.187
1.705 0.186
1.710 0.185
1.715 0.185
1.710 0.185
1.705 0.186
1.700 0.187
1.696 0.187
1.688 0.186
1.683 0.185
1.679 0.185
1.674 0.185
1.670 0.184
1.674 0.185
1.679 0.185
1.683 0.185
1.661 0.184
1.657 0.183
1.653 0.183
1.648 0.182
1.644 0.181
1.640 0.181
1.635 0.181
1.631 0.180
1.626 0.180
1.626 0.180
1.631 0.180
1.635 0.181
1.640 0.181
1.644 0.181
1.648 0.182
1.653 0.183
1.648 0.184
1.653 0.183
1.657 0.184
1.639 0.184
1.634 0.184
1.629 0.185
1.625 0.184
1.620 0.185
1.616 0.184
1.612 0.184
1.616 0.184
1.620 0.185
1.625 0.185
1.629 0.185
1.634 0.185
1.633 0.189
1.628 0.189
1.633 0.189
1.637 0.189
1.653 0.192
1.653 0.192
1.653 0.193
1.653 0.192
1.631 0.193
1.631 0.194
1.626 0.195
1.622 0.195
1.618 0.195
1.614 0.194
1.609 0.194
1.605 0.193
1.605 0.192
1.606 0.191
1.605 0.192
1.605 0.193
1.609 0.194
1.614 0.194
1.613 0.195
1.617 0.196
1.617 0.197
1.613 0.198
1.613 0.199
1.617 0.199
1.617 0.200
1.620 0.201
1.624 0.202
1.628 0.203
1.632 0.203
1.637 0.202
1.640 0.203
1.637 0.202
1.632 0.203
1.628 0.202
1.625 0.201
1.621 0.200
1.617 0.199
1.617 0.199
1.613 0.198
1.617 0.197
1.617 0.196
1.618 0.195
1.622 0.195
1.626 0.195
1.631 0.194
1.692 0.193
1.692 0.192
1.603 0.183
1.603 0.182
1.599 0.180
1.594 0.180
1.589 0.179
1.585 0.179
1.580 0.178
1.575 0.178
1.571 0.177
1.566 0.176
1.561 0.175
1.557 0.175
1.552 0.174
1.547 0.174
1.542 0.174
1.537 0.173
1.532 0.172
1.527 0.173
1.522 0.172
1.518 0.173
1.513 0.172
1.508 0.171
1.507 0.171
1.508 0.171
1.513 0.172
1.508 0.173
1.509 0.174
1.504 0.175
1.509 0.174
1.508 0.173
1.513 0.172
1.518 0.173
1.522 0.172
1.527 0.173
1.532 0.172
1.537 0.173
1.542 0.174
1.547 0.174
1.552 0.174
1.557 0.175
1.561 0.176
1.566 0.176
1.571 0.177
1.575 0.178
1.580 0.178
1.575 0.179
1.571 0.179
1.575 0.179
1.580 0.178
1.585 0.179
1.589 0.179
1.594 0.180
1.594 0.176
1.599 0.175
1.604 0.174
1.609 0.174
1.614 0.174
1.618 0.175
1.624 0.174
1.628 0.174
1.633 0.175
1.637 0.176
1.633 0.175
1.633 0.174
1.633 0.173
1.634 0.172
1.639 0.171
1.639 0.171
1.639 0.170
1.635 0.169
1.635 0.168
1.631 0.167
1.631 0.166
1.626 0.165
1.621 0.165
1.616 0.165
1.621 0.165
1.626 0.165
1.631 0.166
1.631 0.167
1.635 0.168
1.635 0.169
1.639 0.170
1.634 0.171
1.639 0.171
1.634 0.172
1.629 0.173
1.624 0.173
1.619 0.174
1.614 0.174
1.609 0.174
1.604 0.174
1.599 0.175
1.581 0.169
1.586 0.168
1.591 0.167
1.596 0.166
1.601 0.166
1.606 0.165
1.601 0.165
1.596 0.165
1.591 0.166
1.586 0.166
1.581 0.166
1.576 0.165
1.571 0.165
1.566 0.164
1.571 0.165
1.576 0.165
1.581 0.166
1.586 0.167
1.586 0.168
1.546 0.168
1.541 0.167
1.541 0.168
1.541 0.169
1.536 0.169
1.541 0.169
1.545 0.164
1.550 0.163
1.550 0.162
1.555 0.161
1.560 0.161
1.566 0.160
1.571 0.159
1.576 0.159
1.581 0.159
1.587 0.159
1.587 0.158
1.581 0.159
1.576 0.159
1.571 0.159
1.566 0.159
1.560 0.160
1.555 0.161
1.550 0.162
1.550 0.163
1.545 0.164
1.540 0.163
1.535 0.162
1.530 0.162
1.524 0.161
1.519 0.160
1.513 0.160
1.508 0.159
1.502 0.158
1.507 0.157
1.512 0.156
1.517 0.155
1.523 0.155
1.528 0.154
1.533 0.155
1.538 0.154
1.544 0.154
1.549 0.154
1.544 0.154
1.538 0.154
1.533 0.154
1.528 0.154
1.523 0.155
1.517 0.155
1.512 0.156
1.507 0.157
1.502 0.158
1.497 0.157
1.491 0.157
1.486 0.157
1.480 0.157
1.475 0.156
1.469 0.156
1.464 0.156
1.459 0.156
1.453 0.155
1.447 0.156
1.442 0.156
1.438 0.157
1.433 0.158
1.427 0.157
1.422 0.157
1.423 0.158
1.428 0.158
1.433 0.158
1.438 0.157
1.442 0.156
1.448 0.156
1.453 0.155
1.459 0.156
1.464 0.156
1.470 0.157
1.475 0.156
1.480 0.157
1.486 0.157
1.491 0.157
1.497 0.157
1.502 0.158
1.508 0.159
1.508 0.160
1.514 0.160
1.519 0.161
1.519 0.162
1.520 0.163
1.515 0.164
1.510 0.164
1.505 0.165
1.500 0.166
1.495 0.165
1.500 0.166
1.501 0.166
1.501 0.167
1.501 0.168
1.502 0.169
1.501 0.168
1.501 0.167
1.501 0.166
1.505 0.166
1.510 0.165
1.515 0.164
1.520 0.163
1.525 0.162
1.530 0.163
1.535 0.163
1.540 0.163
1.597 0.159
1.597 0.158
1.608 0.158
1.613 0.159
1.618 0.160
1.623 0.159
1.618 0.159
1.613 0.159
1.622 0.162
1.617 0.163
1.622 0.163
1.566 0.182
1.562 0.183
1.557 0.183
1.553 0.184
1.548 0.184
1.544 0.184
1.539 0.184
1.535 0.184
1.530 0.184
1.530 0.185
1.535 0.184
1.539 0.184
1.544 0.184
1.548 0.184
1.553 0.184
1.557 0.183
1.562 0.183
1.521 0.185
1.517 0.185
1.512 0.184
1.507 0.184
1.512 0.185
1.517 0.185
1.521 0.185
1.522 0.189
1.527 0.189
1.523 0.190
1.523 0.191
1.519 0.192
1.519 0.193
1.519 0.194
1.515 0.195
1.520 0.195
1.520 0.196
1.520 0.197
1.525 0.198
1.524 0.197
1.520 0.196
1.520 0.195
1.519 0.195
1.524 0.194
1.523 0.193
1.523 0.192
1.523 0.191
1.527 0.190
1.527 0.189
1.531 0.189
1.527 0.189
1.500 0.189
1.496 0.189
1.478 0.189
1.474 0.189
1.469 0.189
1.469 0.188
1.464 0.188
1.465 0.189
1.461 0.190
1.457 0.190
1.461 0.190
1.465 0.190
1.470 0.189
1.474 0.189
1.468 0.186
1.472 0.185
1.476 0.185
1.480 0.184
1.485 0.184
1.480 0.184
1.476 0.184
1.472 0.185
1.467 0.185
1.463 0.185
1.458 0.185
1.454 0.186
1.449 0.185
1.444 0.185
1.439 0.184
1.436 0.185
1.431 0.185
1.427 0.186
1.423 0.186
1.418 0.186
1.413 0.186
1.409 0.186
1.404 0.185
1.400 0.186
1.395 0.186
1.391 0.186
1.387 0.187
1.383 0.187
1.379 0.188
1.374 0.187
1.370 0.188
1.366 0.188
1.362 0.188
1.357 0.189
1.353 0.189
1.349 0.189
1.344 0.189
1.340 0.189
1.336 0.190
1.332 0.190
1.327 0.190
1.323 0.190
1.319 0.190
1.315 0.191
1.312 0.192
1.316 0.191
1.319 0.190
1.323 0.190
1.327 0.190
1.332 0.190
1.336 0.190
1.340 0.189
1.344 0.189
1.349 0.189
1.353 0.189
1.357 0.189
1.362 0.188
1.366 0.188
1.370 0.188
1.375 0.188
1.379 0.188
1.383 0.187
1.387 0.187
1.391 0.186
1.396 0.186
1.400 0.186
1.404 0.185
1.409 0.186
1.413 0.186
1.418 0.186
1.423 0.186
1.427 0.186
1.432 0.186
1.436 0.185
1.440 0.185
1.444 0.185
1.449 0.185
1.454 0.186
1.458 0.185
1.463 0.186
1.494 0.183
1.498 0.183
1.498 0.182
1.502 0.181
1.506 0.181
1.511 0.180
1.506 0.180
1.506 0.181
1.502 0.181
1.498 0.182
1.505 0.178
1.510 0.178
1.413 0.175
1.408 0.174
1.407 0.173
1.406 0.172
1.405 0.172
1.409 0.171
1.404 0.170
1.408 0.169
1.407 0.168
1.406 0.167
1.405 0.167
1.404 0.166
1.399 0.165
1.398 0.164
1.392 0.164
1.391 0.163
1.390 0.162
1.394 0.161
1.398 0.160
1.397 0.159
1.402 0.158
1.406 0.157
1.412 0.158
1.411 0.157
1.406 0.157
1.402 0.158
1.397 0.159
1.393 0.160
1.394 0.161
1.390 0.162
1.385 0.162
1.386 0.163
1.392 0.164
1.398 0.164
1.394 0.165
1.399 0.165
1.404 0.166
1.405 0.167
1.406 0.167
1.407 0.168
1.408 0.169
1.404 0.170
1.398 0.169
1.404 0.170
1.409 0.171
1.405 0.172
1.401 0.173
1.402 0.173
1.408 0.174
1.413 0.175
1.409 0.176
1.405 0.177
1.406 0.178
1.402 0.179
1.408 0.179
1.404 0.180
1.409 0.181
1.408 0.180
1.408 0.179
1.402 0.179
1.406 0.178
1.405 0.177
1.409 0.176
1.426 0.190
1.427 0.191
1.423 0.192
1.424 0.193
1.424 0.194
1.421 0.195
1.421 0.196
1.426 0.196
1.421 0.195
1.424 0.194
1.424 0.193
1.423 0.192
1.427 0.191
1.430 0.190
1.435 0.190
1.430 0.190
1.379 0.200
1.374 0.200
1.370 0.200
1.365 0.199
1.360 0.199
1.356 0.199
1.352 0.199
1.347 0.198
1.342 0.198
1.347 0.198
1.344 0.199
1.347 0.198
1.352 0.199
1.356 0.199
1.361 0.200
1.365 0.199
1.370 0.200
1.374 0.200
1.277 0.201
1.276 0.200
1.275 0.200
1.274 0.199
1.272 0.198
1.275 0.197
1.274 0.196
1.273 0.195
1.275 0.194
1.274 0.194
1.277 0.193
1.280 0.192
1.279 0.191
1.277 0.190
1.276 0.189
1.279 0.188
1.276 0.189
1.277 0.190
1.275 0.191
1.276 0.192
1.277 0.193
1.274 0.194
1.275 0.194
1.273 0.195
1.274 0.196
1.275 0.197
1.272 0.198
1.274 0.199
1.275 0.200
1.272 0.201
1.277 0.201
1.274 0.202
1.272 0.203
1.273 0.204
1.270 0.205
1.271 0.206
1.273 0.207
1.275 0.206
1.274 0.205
1.277 0.204
1.272 0.203
1.274 0.202
1.272 0.209
1.273 0.210
1.271 0.229
1.268 0.229
1.266 0.230
1.262 0.230
1.260 0.231
1.255 0.231
1.252 0.231
1.247 0.230
1.248 0.231
1.252 0.231
1.256 0.231
1.258 0.232
1.259 0.233
1.260 0.234
1.259 0.233
1.258 0.232
1.260 0.231
1.263 0.231
1.266 0.230
1.269 0.230
1.273 0.229
1.276 0.229
1.280 0.229
1.284 0.229
1.288 0.229
1.284 0.229
1.280 0.229
1.276 0.229
1.348 0.222
1.352 0.222
1.362 0.225
1.366 0.225
1.362 0.225
1.359 0.226
1.357 0.227
1.359 0.226
1.432 0.223
1.432 0.222
1.542 0.205
1.546 0.205
1.551 0.205
1.555 0.206
1.555 0.205
1.551 0.205
1.546 0.204
1.546 0.204
1.542 0.203
1.538 0.202
1.538 0.201
1.533 0.200
1.529 0.199
1.533 0.200
1.538 0.201
1.538 0.202
1.542 0.203
1.546 0.204
1.542 0.204
1.567 0.205
1.571 0.205
1.575 0.205
1.571 0.205
1.587 0.206
1.591 0.206
1.605 0.220
1.605 0.221
1.608 0.222
1.608 0.223
1.608 0.224
1.612 0.224
1.611 0.225
1.612 0.224
1.608 0.224
1.608 0.223
1.608 0.222
1.612 0.221
1.616 0.220
1.620 0.220
1.616 0.220
1.612 0.221
1.608 0.222
1.605 0.221
1.680 0.222
1.683 0.222
1.687 0.222
1.690 0.223
1.690 0.224
1.690 0.223
1.694 0.223
1.695 0.222
1.694 0.223
1.690 0.223
1.687 0.222
1.684 0.221
1.825 0.196
1.830 0.195
1.949 0.237
1.947 0.238
1.970 0.240
1.973 0.240
1.975 0.239
1.992 0.238
1.995 0.239
1.996 0.238
1.993 0.238
1.975 0.235
1.976 0.234
2.014 0.245
2.012 0.245
2.011 0.246
2.012 0.245
1.998 0.251
1.995 0.251
1.994 0.251
1.997 0.252
2.000 0.252
2.001 0.253
2.004 0.254
2.007 0.254
2.010 0.254
2.013 0.255
2.016 0.255
2.019 0.255
2.023 0.255
2.026 0.255
2.031 0.255
2.034 0.255
2.038 0.255
2.041 0.255
2.044 0.256
2.047 0.256
2.050 0.256
2.053 0.257
2.057 0.256
2.060 0.257
2.064 0.257
2.067 0.257
2.071 0.257
2.074 0.257
2.079 0.257
2.082 0.257
2.086 0.257
2.089 0.257
2.093 0.257
2.094 0.258
2.097 0.258
2.100 0.259
2.103 0.259
2.105 0.260
2.108 0.260
2.111 0.261
2.115 0.260
2.116 0.261
2.119 0.262
2.122 0.262
2.125 0.263
2.127 0.263
2.132 0.263
2.134 0.263
2.139 0.263
2.141 0.263
2.146 0.263
2.148 0.264
2.151 0.264
2.152 0.265
2.154 0.266
2.155 0.267
2.158 0.267
2.161 0.268
2.161 0.269
2.164 0.269
2.165 0.271
2.167 0.271
2.168 0.272
2.171 0.273
2.171 0.274
2.174 0.274
2.176 0.275
2.179 0.275
2.180 0.276
2.180 0.278
2.183 0.278
2.185 0.279
2.188 0.279
2.188 0.280
2.191 0.281
2.193 0.281
2.196 0.282
2.198 0.282
2.200 0.283
2.203 0.283
2.203 0.284
2.206 0.285
2.206 0.286
2.209 0.286
2.211 0.287
2.213 0.287
2.214 0.289
2.218 0.288
2.220 0.289
2.223 0.289
2.223 0.291
2.225 0.291
2.228 0.292
2.228 0.293
2.230 0.293
2.234 0.293
2.237 0.294
2.239 0.294
2.241 0.295
2.245 0.295
2.247 0.295
2.251 0.295
2.253 0.295
2.256 0.296
2.258 0.297
2.260 0.297
2.262 0.298
2.266 0.297
2.268 0.298
2.270 0.299
2.272 0.299
2.273 0.300
2.275 0.301
2.275 0.302
2.277 0.302
2.279 0.302
2.275 0.302
2.275 0.301
2.273 0.300
2.272 0.299
2.272 0.298
2.270 0.297
2.266 0.297
2.262 0.298
2.262 0.296
2.258 0.297
2.257 0.295
2.255 0.295
2.251 0.295
2.247 0.295
2.245 0.295
2.241 0.295
2.241 0.293
2.237 0.294
2.234 0.293
2.230 0.293
2.228 0.293
2.228 0.292
2.225 0.291
2.223 0.291
2.223 0.289
2.220 0.289
2.218 0.288
2.214 0.289
2.213 0.287
2.211 0.287
2.211 0.286
2.206 0.286
2.206 0.285
2.203 0.284
2.203 0.283
2.200 0.283
2.200 0.281
2.197 0.281
2.193 0.281
2.193 0.280
2.188 0.280
2.188 0.279
2.185 0.279
2.185 0.277
2.182 0.277
2.180 0.276
2.179 0.275
2.176 0.275
2.176 0.274
2.171 0.274
2.171 0.273
2.168 0.272
2.167 0.271
2.165 0.271
2.164 0.269
2.161 0.269
2.161 0.268
2.158 0.267
2.155 0.267
2.154 0.266
2.152 0.265
2.151 0.264
2.150 0.263
2.146 0.263
2.141 0.263
2.139 0.263
2.134 0.263
2.132 0.263
2.127 0.263
2.126 0.262
2.122 0.262
2.121 0.261
2.116 0.261
2.115 0.260
2.111 0.261
2.110 0.259
2.105 0.260
2.103 0.259
2.100 0.259
2.099 0.258
2.094 0.258
2.093 0.257
2.089 0.257
2.086 0.257
2.082 0.257
2.079 0.257
2.074 0.257
2.071 0.257
2.067 0.257
2.064 0.257
2.060 0.257
2.057 0.256
2.053 0.257
2.051 0.256
2.047 0.256
2.044 0.256
2.042 0.255
2.038 0.255
2.034 0.255
2.031 0.255
2.026 0.255
2.023 0.255
2.019 0.255
2.018 0.254
2.013 0.255
2.010 0.254
2.007 0.254
2.006 0.253
2.001 0.253
2.000 0.252
2.047 0.249
2.049 0.248
2.047 0.247
2.046 0.246
2.047 0.247
2.046 0.247
2.047 0.249
2.049 0.250
2.063 0.241
2.065 0.240
2.096 0.241
2.097 0.240
2.096 0.239
2.097 0.240
2.099 0.244
2.102 0.245
2.103 0.246
2.102 0.247
2.103 0.248
2.104 0.249
2.105 0.250
2.104 0.249
2.106 0.248
2.105 0.247
2.103 0.246
2.102 0.245
2.137 0.245
2.140 0.245
2.141 0.247
2.144 0.247
2.145 0.248
2.143 0.249
2.145 0.248
2.147 0.248
2.144 0.247
2.141 0.247
2.140 0.245
2.171 0.254
2.175 0.253
2.177 0.253
2.179 0.252
2.184 0.252
2.181 0.251
2.179 0.252
2.177 0.253
2.175 0.253
2.185 0.250
2.184 0.249
2.186 0.248
2.184 0.249
2.199 0.246
2.202 0.247
2.211 0.245
2.213 0.245
2.218 0.250
2.216 0.250
2.219 0.251
2.221 0.251
2.223 0.251
2.221 0.250
2.225 0.277
2.224 0.278
2.219 0.278
2.224 0.278
2.235 0.285
2.239 0.285
2.267 0.288
2.271 0.288
2.267 0.288
2.268 0.289
2.266 0.290
2.268 0.289
2.282 0.304
2.284 0.304
2.286 0.305
2.286 0.306
2.288 0.306
2.290 0.307
2.290 0.308
2.292 0.309
2.294 0.309
2.296 0.310
2.298 0.310
2.300 0.311
2.302 0.311
2.306 0.311
2.308 0.312
2.310 0.312
2.310 0.314
2.312 0.314
2.314 0.315
2.314 0.316
2.316 0.317
2.318 0.317
2.320 0.318
2.324 0.318
2.326 0.318
2.328 0.319
2.331 0.319
2.333 0.319
2.335 0.320
2.335 0.321
2.339 0.321
2.339 0.322
2.342 0.322
2.344 0.323
2.346 0.323
2.350 0.323
2.350 0.324
2.352 0.325
2.355 0.325
2.357 0.326
2.359 0.326
2.363 0.326
2.364 0.327
2.366 0.327
2.368 0.328
2.370 0.329
2.371 0.329
2.371 0.330
2.373 0.331
2.373 0.332
2.375 0.333
2.376 0.333
2.376 0.335
2.378 0.335
2.380 0.336
2.382 0.336
2.381 0.338
2.385 0.338
2.387 0.338
2.388 0.339
2.390 0.339
2.392 0.340
2.393 0.341
2.395 0.341
2.397 0.342
2.398 0.341
2.402 0.341
2.404 0.341
2.402 0.341
2.398 0.341
2.397 0.341
2.393 0.341
2.393 0.339
2.392 0.339
2.390 0.338
2.387 0.338
2.385 0.338
2.381 0.338
2.382 0.336
2.380 0.336
2.380 0.335
2.376 0.335
2.376 0.333
2.377 0.332
2.373 0.332
2.373 0.331
2.371 0.330
2.371 0.329
2.370 0.329
2.368 0.328
2.368 0.327
2.366 0.326
2.363 0.326
2.359 0.326
2.357 0.326
2.355 0.325
2.352 0.325
2.350 0.324
2.350 0.323
2.346 0.323
2.344 0.323
2.342 0.322
2.339 0.322
2.339 0.321
2.335 0.321
2.335 0.320
2.333 0.319
2.331 0.319
2.328 0.319
2.326 0.318
2.324 0.318
2.320 0.318
2.320 0.316
2.318 0.316
2.314 0.316
2.314 0.315
2.312 0.314
2.310 0.314
2.310 0.312
2.308 0.312
2.306 0.311
2.302 0.311
2.302 0.310
2.298 0.310
2.296 0.310
2.294 0.309
2.294 0.308
2.290 0.308
2.290 0.307
2.288 0.306
2.286 0.306
2.286 0.305
2.284 0.304
2.342 0.309
2.346 0.309
2.350 0.309
2.351 0.310
2.350 0.309
2.346 0.309
2.344 0.309
2.344 0.313
2.344 0.315
2.365 0.296
2.367 0.296
2.371 0.296
2.373 0.296
2.375 0.296
2.375 0.295
2.377 0.294
2.379 0.293
2.377 0.293
2.375 0.293
2.375 0.295
2.373 0.295
2.371 0.296
2.367 0.296
2.365 0.295
2.386 0.290
2.388 0.290
2.397 0.278
2.402 0.278
2.406 0.278
2.404 0.278
2.400 0.278
2.395 0.344
2.395 0.345
2.394 0.346
2.394 0.347
2.394 0.348
2.396 0.349
2.397 0.349
2.396 0.349
2.394 0.348
2.394 0.347
2.394 0.346
2.395 0.345
3.304 0.152
3.305 0.151
3.306 0.150
3.305 0.151
3.426 0.150
3.431 0.150
3.466 0.155
3.469 0.156
3.468 0.157
3.466 0.158
3.459 0.159
3.464 0.159
3.466 0.158
3.468 0.157
3.469 0.156
3.476 0.156
3.471 0.156
3.608 0.156
3.612 0.157
3.620 0.156
3.622 0.158
3.624 0.159
3.622 0.158
3.620 0.156
3.627 0.156
3.629 0.155
3.627 0.154
3.634 0.154
3.632 0.153
3.634 0.154
3.627 0.154
3.629 0.155
3.622 0.156
3.620 0.156
3.612 0.157
3.651 0.161
3.649 0.162
3.651 0.163
3.653 0.162
3.660 0.162
3.665 0.162
3.669 0.163
3.676 0.162
3.683 0.162
3.676 0.162
3.669 0.163
3.665 0.162
3.660 0.162
3.656 0.162
3.707 0.161
3.712 0.161
3.713 0.162
3.715 0.163
3.719 0.164
3.715 0.163
3.713 0.162
3.712 0.161
3.725 0.165
3.726 0.167
3.728 0.168
3.729 0.169
3.730 0.170
3.728 0.171
3.729 0.172
3.730 0.173
3.728 0.174
3.732 0.174
3.733 0.175
3.734 0.177
3.735 0.178
3.737 0.179
3.738 0.180
3.739 0.181
3.740 0.182
3.742 0.183
3.743 0.185
3.744 0.186
3.745 0.187
3.743 0.188
3.744 0.189
3.741 0.189
3.739 0.190
3.740 0.191
3.734 0.192
3.735 0.193
3.736 0.194
3.734 0.195
3.731 0.195
3.733 0.196
3.727 0.197
3.724 0.197
3.718 0.198
3.716 0.198
3.717 0.199
3.719 0.201
3.713 0.201
3.714 0.202
3.708 0.202
3.710 0.203
3.704 0.204
3.698 0.204
3.700 0.205
3.698 0.206
3.695 0.206
3.693 0.207
3.695 0.208
3.693 0.209
3.694 0.210
3.692 0.211
3.693 0.212
3.688 0.212
3.689 0.213
3.684 0.214
3.682 0.214
3.683 0.216
3.681 0.216
3.679 0.217
3.680 0.218
3.678 0.219
3.673 0.219
3.675 0.220
3.669 0.221
3.668 0.221
3.666 0.222
3.664 0.223
3.659 0.223
3.660 0.224
3.655 0.224
3.656 0.226
3.651 0.226
3.653 0.227
3.648 0.227
3.646 0.228
3.644 0.229
3.639 0.229
3.638 0.230
3.633 0.230
3.631 0.231
3.626 0.231
3.624 0.232
3.620 0.232
3.618 0.233
3.613 0.234
3.612 0.234
3.610 0.235
3.612 0.236
3.607 0.236
3.605 0.237
3.604 0.238
3.599 0.238
3.597 0.239
3.599 0.240
3.594 0.241
3.593 0.241
3.591 0.242
3.587 0.242
3.585 0.243
3.584 0.244
3.586 0.245
3.584 0.246
3.586 0.247
3.581 0.247
3.583 0.248
3.578 0.249
3.580 0.250
3.576 0.250
3.571 0.251
3.570 0.252
3.568 0.252
3.570 0.253
3.566 0.254
3.567 0.255
3.566 0.256
3.569 0.256
3.567 0.255
3.566 0.254
3.570 0.253
3.571 0.253
3.573 0.252
3.574 0.251
3.576 0.250
3.580 0.250
3.581 0.249
3.583 0.248
3.584 0.248
3.586 0.247
3.584 0.246
3.586 0.245
3.584 0.244
3.585 0.243
3.587 0.242
3.591 0.242
3.593 0.241
3.594 0.241
3.599 0.240
3.597 0.239
3.599 0.238
3.604 0.238
3.605 0.237
3.607 0.236
3.612 0.236
3.610 0.235
3.612 0.234
3.613 0.234
3.618 0.233
3.620 0.232
3.624 0.232
3.626 0.231
3.631 0.231
3.633 0.230
3.638 0.230
3.639 0.229
3.644 0.229
3.646 0.228
3.648 0.227
3.653 0.227
3.651 0.226
3.656 0.226
3.658 0.225
3.660 0.224
3.662 0.223
3.664 0.223
3.666 0.222
3.668 0.221
3.669 0.221
3.675 0.220
3.676 0.220
3.678 0.219
3.680 0.218
3.679 0.217
3.681 0.216
3.683 0.216
3.685 0.215
3.687 0.214
3.689 0.213
3.691 0.213
3.693 0.212
3.692 0.211
3.694 0.210
3.693 0.209
3.695 0.208
3.693 0.207
3.695 0.206
3.698 0.206
3.700 0.205
3.702 0.204
3.704 0.204
3.710 0.203
3.712 0.203
3.714 0.202
3.716 0.201
3.719 0.201
3.717 0.199
3.720 0.199
3.722 0.198
3.724 0.197
3.727 0.197
3.733 0.196
3.731 0.195
3.734 0.195
3.736 0.194
3.735 0.193
3.737 0.192
3.740 0.191
3.739 0.190
3.741 0.189
3.744 0.189
3.743 0.188
3.745 0.187
3.744 0.186
3.746 0.185
3.745 0.184
3.748 0.183
3.754 0.183
3.761 0.183
3.754 0.183
3.748 0.183
3.744 0.183
3.740 0.182
3.739 0.181
3.738 0.180
3.737 0.179
3.735 0.178
3.734 0.177
3.733 0.175
3.732 0.174
3.730 0.173
3.729 0.172
3.732 0.171
3.730 0.170
3.729 0.169
3.728 0.168
3.726 0.167
3.752 0.168
3.759 0.167
3.762 0.167
3.769 0.167
3.776 0.166
3.769 0.167
3.762 0.167
3.759 0.167
3.786 0.166
3.789 0.165
3.847 0.173
3.844 0.173
3.844 0.174
3.841 0.175
3.842 0.176
3.835 0.176
3.832 0.177
3.829 0.178
3.823 0.178
3.823 0.179
3.817 0.179
3.814 0.180
3.811 0.180
3.804 0.181
3.802 0.181
3.795 0.181
3.792 0.182
3.786 0.182
3.783 0.183
3.777 0.183
3.771 0.183
3.777 0.183
3.783 0.183
3.786 0.182
3.792 0.182
3.795 0.181
3.802 0.181
3.804 0.181
3.811 0.180
3.814 0.180
3.817 0.179
3.823 0.179
3.823 0.178
3.829 0.178
3.832 0.177
3.835 0.176
3.842 0.176
3.841 0.175
3.844 0.174
3.847 0.174
3.850 0.173
3.854 0.173
3.857 0.172
3.860 0.171
3.863 0.171
3.870 0.171
3.873 0.170
3.877 0.169
3.880 0.169
3.883 0.168
3.887 0.168
3.890 0.167
3.893 0.166
3.897 0.166
3.900 0.165
3.904 0.164
3.907 0.164
3.911 0.163
3.914 0.163
3.918 0.162
3.922 0.162
3.921 0.160
3.929 0.160
3.933 0.160
3.936 0.159
3.940 0.159
3.944 0.158
3.948 0.157
3.951 0.157
3.955 0.156
3.959 0.156
3.963 0.155
3.967 0.155
3.971 0.154
3.975 0.153
3.979 0.153
3.983 0.152
3.987 0.152
3.991 0.151
3.995 0.151
4.000 0.150
4.004 0.150
4.008 0.149
4.012 0.149
4.017 0.148
4.021 0.147
4.025 0.147
4.030 0.146
4.034 0.146
4.039 0.145
4.034 0.146
4.030 0.146
4.025 0.147
4.021 0.147
4.017 0.148
4.012 0.149
4.008 0.149
4.004 0.150
3.996 0.150
3.992 0.150
3.991 0.151
3.987 0.152
3.983 0.152
3.979 0.153
3.975 0.153
3.971 0.154
3.967 0.155
3.963 0.155
3.955 0.155
3.955 0.156
3.951 0.157
3.944 0.157
3.940 0.157
3.936 0.158
3.933 0.159
3.929 0.159
3.925 0.160
3.921 0.160
3.922 0.162
3.914 0.162
3.914 0.163
3.911 0.163
3.904 0.163
3.900 0.164
3.897 0.165
3.897 0.166
3.893 0.166
3.886 0.166
3.883 0.167
3.880 0.168
3.876 0.168
3.877 0.169
3.870 0.169
3.870 0.171
3.863 0.171
3.856 0.171
3.857 0.172
3.850 0.172
3.720 0.173
3.713 0.173
3.706 0.173
3.704 0.174
3.706 0.173
3.713 0.173
3.674 0.173
3.668 0.173
3.661 0.173
3.668 0.173
3.652 0.175
3.646 0.175
3.635 0.175
3.633 0.176
3.645 0.179
3.643 0.179
3.659 0.181
3.665 0.181
3.669 0.181
3.671 0.180
3.665 0.181
3.668 0.183
3.666 0.184
3.680 0.179
3.676 0.179
3.690 0.189
3.696 0.189
3.702 0.189
3.696 0.189
3.683 0.191
3.677 0.192
3.679 0.193
3.680 0.194
3.674 0.194
3.680 0.194
3.684 0.194
3.688 0.195
3.684 0.194
3.680 0.194
3.679 0.193
3.677 0.192
3.667 0.205
3.661 0.205
3.658 0.205
3.661 0.205
3.595 0.214
3.591 0.213
3.593 0.215
3.582 0.224
3.580 0.224
3.579 0.225
3.582 0.225
3.584 0.226
3.582 0.225
3.580 0.224
3.599 0.229
3.602 0.229
3.604 0.231
3.602 0.229
3.559 0.233
3.556 0.233
3.542 0.240
3.537 0.241
3.479 0.248
3.478 0.249
3.563 0.257
3.566 0.258
3.564 0.259
3.565 0.260
3.564 0.261
3.565 0.262
3.561 0.262
3.563 0.264
3.559 0.264
3.560 0.265
3.556 0.265
3.555 0.266
3.551 0.267
3.555 0.266
3.556 0.267
3.558 0.268
3.560 0.270
3.561 0.271
3.563 0.272
3.564 0.273
3.566 0.274
3.565 0.275
3.566 0.276
3.568 0.277
3.569 0.278
3.571 0.279
3.572 0.280
3.571 0.281
3.572 0.280
3.571 0.279
3.569 0.278
3.568 0.277
3.566 0.276
3.565 0.275
3.566 0.274
3.564 0.273
3.563 0.272
3.561 0.271
3.560 0.270
3.558 0.268
3.556 0.267
3.555 0.266
3.556 0.265
3.560 0.265
3.562 0.264
3.563 0.264
3.564 0.263
3.565 0.262
3.564 0.261
3.565 0.260
3.545 0.268
3.541 0.268
3.539 0.268
3.541 0.268
3.526 0.269
3.522 0.270
3.502 0.206
3.498 0.206
3.502 0.192
3.498 0.192
3.657 0.151
3.665 0.151
3.660 0.150
4.057 0.143
4.061 0.143
4.058 0.142
4.091 0.139
4.095 0.139
4.099 0.139
4.104 0.138
4.109 0.138
4.114 0.137
4.119 0.137
4.124 0.137
4.129 0.136
4.135 0.136
4.140 0.135
4.145 0.135
4.147 0.134
4.155 0.134
4.161 0.133
4.166 0.133
4.163 0.132
4.157 0.133
4.155 0.134
4.147 0.134
4.145 0.135
4.136 0.134
4.131 0.135
4.126 0.135
4.121 0.136
4.116 0.136
4.114 0.137
4.109 0.138
4.101 0.138
4.096 0.138
4.179 0.131
4.185 0.131
4.190 0.130
4.196 0.130
4.190 0.130
4.185 0.131
4.230 0.127
4.236 0.127
4.241 0.127
4.247 0.126
4.241 0.127
4.236 0.127
4.283 0.124
4.289 0.124
4.296 0.123
4.289 0.124
4.327 0.122
4.333 0.121
4.340 0.121
4.346 0.121
4.352 0.120
4.359 0.120
4.365 0.120
4.372 0.120
4.379 0.119
4.385 0.119
4.392 0.119
4.398 0.119
4.405 0.118
4.412 0.118
4.419 0.118
4.425 0.118
4.432 0.117
4.439 0.117
4.446 0.117
4.453 0.117
4.460 0.116
4.467 0.116
4.473 0.116
4.480 0.116
4.486 0.115
4.493 0.115
4.500 0.114
4.507 0.114
4.514 0.114
4.521 0.114
4.529 0.114
4.536 0.114
4.543 0.114
4.550 0.113
4.556 0.112
4.564 0.112
4.570 0.111
4.577 0.111
4.585 0.111
4.591 0.110
4.599 0.110
4.606 0.110
4.614 0.110
4.621 0.109
4.629 0.110
4.636 0.110
4.644 0.110
4.652 0.110
4.659 0.110
4.667 0.110
4.675 0.110
4.682 0.111
4.690 0.111
4.697 0.111
4.705 0.112
4.712 0.112
4.720 0.112
4.727 0.112
4.735 0.112
4.742 0.112
4.750 0.112
4.757 0.111
4.765 0.111
4.773 0.110
4.780 0.111
4.788 0.111
4.795 0.111
4.803 0.111
4.810 0.111
4.817 0.112
4.824 0.112
4.832 0.112
4.839 0.112
4.846 0.112
4.854 0.112
4.861 0.112
4.868 0.112
4.876 0.113
4.883 0.113
4.890 0.113
4.899 0.112
4.906 0.112
4.913 0.113
4.922 0.112
4.929 0.112
4.937 0.112
4.944 0.112
4.953 0.112
4.960 0.112
4.965 0.113
4.973 0.113
4.982 0.113
4.989 0.113
4.996 0.113
5.005 0.113
5.012 0.113
5.019 0.113
5.026 0.113
5.033 0.114
5.040 0.114
5.049 0.113
5.056 0.114
5.063 0.114
5.072 0.113
5.079 0.114
5.083 0.115
5.093 0.114
5.083 0.115
5.079 0.114
5.072 0.113
5.063 0.114
5.056 0.114
5.049 0.113
5.040 0.114
5.035 0.113
5.026 0.113
5.021 0.112
5.014 0.112
5.005 0.113
4.996 0.113
4.989 0.113
4.982 0.113
4.973 0.113
4.965 0.113
4.960 0.112
4.953 0.112
4.944 0.112
4.938 0.111
4.929 0.112
4.922 0.112
4.913 0.113
4.906 0.112
4.899 0.112
4.890 0.113
4.884 0.112
4.877 0.112
4.870 0.112
4.861 0.112
4.854 0.112
4.846 0.112
4.839 0.112
4.832 0.112
4.825 0.111
4.817 0.112
4.810 0.111
4.803 0.110
4.796 0.110
4.788 0.110
4.781 0.110
4.774 0.109
4.773 0.110
4.773 0.110
4.765 0.111
4.757 0.111
4.750 0.112
4.742 0.111
4.735 0.112
4.727 0.112
4.720 0.112
4.712 0.111
4.705 0.112
4.697 0.111
4.690 0.111
4.682 0.111
4.675 0.110
4.667 0.110
4.659 0.110
4.666 0.109
4.674 0.108
4.681 0.107
4.689 0.106
4.697 0.107
4.689 0.106
4.681 0.107
4.674 0.108
4.666 0.109
4.659 0.110
4.652 0.110
4.644 0.109
4.636 0.109
4.629 0.110
4.621 0.109
4.614 0.110
4.606 0.109
4.599 0.110
4.591 0.110
4.585 0.111
4.576 0.110
4.569 0.111
4.563 0.112
4.556 0.112
4.550 0.113
4.542 0.113
4.536 0.114
4.529 0.114
4.521 0.114
4.513 0.113
4.506 0.114
4.498 0.114
4.493 0.115
4.486 0.115
4.480 0.116
4.472 0.115
4.465 0.115
4.458 0.116
4.451 0.116
4.444 0.116
4.437 0.116
4.430 0.117
4.423 0.117
4.417 0.117
4.412 0.118
4.405 0.118
4.398 0.119
4.392 0.119
4.385 0.119
4.379 0.119
4.372 0.120
4.365 0.120
4.359 0.120
4.352 0.120
4.346 0.121
4.340 0.121
4.333 0.121
4.876 0.102
4.885 0.102
4.893 0.102
4.903 0.101
4.893 0.102
4.885 0.102
4.877 0.102
4.915 0.107
4.921 0.108
4.927 0.109
4.921 0.108
4.984 0.102
4.994 0.102
4.988 0.101
4.991 0.100
4.988 0.101
4.986 0.102
5.020 0.104
5.025 0.105
5.023 0.106
5.025 0.105
5.028 0.105
5.018 0.108
5.016 0.109
5.084 0.108
5.087 0.107
5.090 0.106
5.083 0.106
5.087 0.107
5.125 0.106
5.132 0.106
5.136 0.107
5.133 0.108
5.136 0.107
5.139 0.106
5.143 0.106
5.135 0.105
5.131 0.104
5.127 0.103
5.131 0.102
5.134 0.102
5.131 0.102
5.127 0.103
5.131 0.104
5.128 0.105
5.154 0.111
5.151 0.112
5.154 0.111
5.164 0.111
5.174 0.110
5.164 0.111
5.205 0.111
5.211 0.111
5.218 0.112
5.221 0.113
5.223 0.114
5.221 0.113
5.218 0.112
5.215 0.111
5.208 0.110
5.236 0.108
5.247 0.108
5.257 0.108
5.251 0.107
5.247 0.108
5.271 0.108
5.281 0.108
5.283 0.109
5.286 0.110
5.288 0.112
5.292 0.111
5.286 0.110
5.283 0.109
5.281 0.108
5.275 0.108
5.300 0.113
5.302 0.114
5.298 0.114
5.302 0.114
5.293 0.120
5.289 0.121
5.279 0.121
5.270 0.121
5.260 0.121
5.251 0.122
5.245 0.121
5.236 0.122
5.230 0.121
5.220 0.121
5.214 0.121
5.205 0.121
5.196 0.122
5.190 0.121
5.181 0.122
5.178 0.121
5.168 0.121
5.165 0.120
5.156 0.120
5.153 0.119
5.146 0.119
5.143 0.118
5.136 0.117
5.133 0.116
5.129 0.115
5.125 0.114
5.119 0.114
5.109 0.114
5.116 0.114
5.123 0.115
5.126 0.116
5.133 0.116
5.136 0.117
5.143 0.118
5.146 0.119
5.153 0.119
5.156 0.120
5.162 0.121
5.168 0.121
5.175 0.121
5.181 0.122
5.190 0.121
5.196 0.122
5.205 0.121
5.214 0.121
5.220 0.121
5.230 0.121
5.236 0.122
5.245 0.121
5.251 0.122
5.260 0.121
5.270 0.121
5.279 0.121
5.289 0.121
5.300 0.122
5.310 0.121
5.316 0.122
5.325 0.122
5.335 0.121
5.340 0.122
5.350 0.122
5.355 0.122
5.361 0.123
5.366 0.123
5.367 0.124
5.377 0.124
5.378 0.125
5.383 0.126
5.392 0.126
5.397 0.126
5.403 0.127
5.412 0.127
5.417 0.127
5.426 0.127
5.431 0.128
5.440 0.128
5.445 0.128
5.454 0.128
5.459 0.129
5.468 0.129
5.473 0.129
5.482 0.129
5.486 0.130
5.496 0.130
5.500 0.130
5.509 0.130
5.514 0.131
5.523 0.131
5.527 0.132
5.536 0.132
5.540 0.132
5.549 0.132
5.549 0.133
5.553 0.134
5.557 0.135
5.566 0.135
5.570 0.135
5.574 0.136
5.582 0.136
5.586 0.137
5.595 0.137
5.599 0.137
5.607 0.138
5.611 0.138
5.610 0.139
5.614 0.140
5.613 0.141
5.616 0.142
5.615 0.143
5.619 0.144
5.622 0.144
5.621 0.146
5.629 0.146
5.633 0.146
5.636 0.147
5.644 0.147
5.648 0.148
5.655 0.148
5.659 0.149
5.657 0.150
5.661 0.151
5.659 0.152
5.663 0.152
5.666 0.153
5.665 0.154
5.668 0.155
5.671 0.156
5.678 0.156
5.681 0.156
5.689 0.157
5.687 0.158
5.694 0.158
5.702 0.158
5.705 0.159
5.707 0.160
5.715 0.160
5.707 0.160
5.705 0.159
5.702 0.158
5.694 0.158
5.687 0.158
5.689 0.157
5.681 0.156
5.683 0.155
5.675 0.155
5.672 0.154
5.665 0.154
5.666 0.153
5.663 0.152
5.659 0.152
5.661 0.151
5.657 0.150
5.659 0.149
5.655 0.148
5.648 0.148
5.644 0.147
5.636 0.147
5.633 0.146
5.629 0.146
5.621 0.146
5.622 0.144
5.619 0.144
5.615 0.143
5.616 0.142
5.613 0.141
5.614 0.140
5.610 0.139
5.611 0.138
5.607 0.138
5.599 0.137
5.595 0.137
5.586 0.137
5.582 0.136
5.574 0.136
5.570 0.135
5.566 0.135
5.557 0.135
5.557 0.134
5.549 0.133
5.549 0.132
5.540 0.132
5.536 0.132
5.527 0.132
5.523 0.131
5.514 0.131
5.509 0.130
5.500 0.130
5.496 0.130
5.486 0.130
5.482 0.129
5.473 0.129
5.468 0.129
5.459 0.129
5.454 0.128
5.445 0.128
5.440 0.128
5.431 0.128
5.426 0.127
5.417 0.127
5.412 0.127
5.403 0.127
5.397 0.126
5.392 0.126
5.383 0.126
5.378 0.125
5.377 0.124
5.367 0.124
5.366 0.123
5.361 0.123
5.359 0.121
5.350 0.122
5.340 0.122
5.335 0.121
5.325 0.122
5.319 0.121
5.310 0.121
5.397 0.114
5.402 0.114
5.401 0.113
5.402 0.114
5.431 0.110
5.436 0.109
5.447 0.109
5.457 0.109
5.463 0.110
5.474 0.110
5.479 0.109
5.490 0.109
5.479 0.109
5.468 0.109
5.457 0.109
5.447 0.109
5.441 0.109
5.430 0.109
5.429 0.108
5.429 0.106
5.429 0.108
5.430 0.109
5.506 0.109
5.511 0.108
5.533 0.108
5.538 0.109
5.544 0.109
5.543 0.110
5.548 0.111
5.543 0.110
5.544 0.109
5.538 0.109
5.533 0.108
5.534 0.107
5.534 0.106
5.534 0.105
5.535 0.103
5.535 0.102
5.536 0.101
5.530 0.100
5.518 0.100
5.530 0.100
5.530 0.102
5.529 0.103
5.529 0.104
5.529 0.105
5.534 0.106
5.534 0.107
5.495 0.098
5.483 0.098
5.470 0.097
5.476 0.096
5.470 0.096
5.458 0.096
5.446 0.096
5.452 0.096
5.464 0.096
5.427 0.095
5.426 0.094
5.413 0.094
5.412 0.093
5.418 0.092
5.411 0.092
5.412 0.093
5.413 0.094
5.420 0.095
5.375 0.093
5.362 0.094
5.350 0.094
5.348 0.093
5.342 0.093
5.350 0.094
5.362 0.094
5.369 0.094
5.416 0.090
5.422 0.089
5.421 0.088
5.422 0.089
5.441 0.088
5.447 0.087
5.453 0.086
5.460 0.086
5.459 0.084
5.466 0.084
5.473 0.083
5.487 0.083
5.494 0.083
5.501 0.082
5.509 0.081
5.516 0.081
5.501 0.081
5.494 0.081
5.487 0.082
5.487 0.083
5.473 0.083
5.459 0.083
5.445 0.083
5.459 0.083
5.459 0.084
5.460 0.086
5.446 0.086
5.440 0.086
5.501 0.091
5.501 0.093
5.501 0.091
5.514 0.092
5.520 0.091
5.533 0.091
5.527 0.090
5.527 0.089
5.528 0.088
5.535 0.087
5.542 0.087
5.549 0.086
5.556 0.086
5.563 0.085
5.571 0.085
5.578 0.084
5.586 0.084
5.594 0.083
5.601 0.083
5.609 0.082
5.617 0.081
5.625 0.081
5.640 0.081
5.654 0.081
5.668 0.081
5.682 0.082
5.697 0.082
5.702 0.083
5.708 0.083
5.713 0.084
5.718 0.085
5.724 0.085
5.737 0.086
5.742 0.086
5.739 0.088
5.744 0.088
5.748 0.089
5.753 0.090
5.750 0.091
5.747 0.092
5.744 0.093
5.740 0.094
5.738 0.095
5.730 0.096
5.723 0.096
5.715 0.097
5.708 0.097
5.701 0.098
5.694 0.098
5.687 0.099
5.680 0.099
5.673 0.099
5.666 0.100
5.660 0.100
5.653 0.101
5.646 0.101
5.635 0.101
5.623 0.101
5.625 0.100
5.613 0.100
5.608 0.099
5.607 0.100
5.618 0.100
5.623 0.101
5.635 0.101
5.633 0.102
5.635 0.101
5.646 0.101
5.653 0.101
5.660 0.100
5.666 0.100
5.673 0.099
5.680 0.099
5.687 0.099
5.694 0.098
5.701 0.098
5.708 0.097
5.715 0.097
5.723 0.096
5.730 0.096
5.738 0.095
5.740 0.094
5.748 0.094
5.744 0.093
5.747 0.092
5.750 0.091
5.753 0.090
5.761 0.089
5.774 0.090
5.786 0.090
5.791 0.091
5.803 0.091
5.807 0.092
5.804 0.093
5.807 0.092
5.820 0.092
5.807 0.092
5.803 0.091
5.791 0.091
5.786 0.090
5.774 0.090
5.761 0.089
5.756 0.089
5.752 0.088
5.747 0.087
5.742 0.086
5.737 0.086
5.732 0.085
5.727 0.084
5.721 0.084
5.716 0.083
5.711 0.082
5.705 0.081
5.708 0.080
5.711 0.079
5.708 0.080
5.705 0.081
5.697 0.082
5.682 0.082
5.668 0.081
5.654 0.081
5.648 0.081
5.640 0.081
5.625 0.081
5.617 0.081
5.609 0.082
5.601 0.083
5.594 0.083
5.586 0.084
5.578 0.084
5.571 0.085
5.563 0.085
5.556 0.086
5.549 0.086
5.542 0.087
5.535 0.087
5.528 0.088
5.527 0.089
5.521 0.090
5.514 0.090
5.507 0.091
5.552 0.092
5.552 0.093
5.558 0.092
5.571 0.092
5.570 0.094
5.571 0.092
5.558 0.092
5.588 0.094
5.587 0.095
5.586 0.097
5.585 0.098
5.579 0.098
5.591 0.098
5.585 0.098
5.586 0.097
5.587 0.095
5.608 0.094
5.602 0.093
5.623 0.092
5.629 0.092
5.641 0.092
5.649 0.092
5.661 0.092
5.674 0.092
5.661 0.092
5.649 0.092
5.641 0.092
5.629 0.092
5.619 0.090
5.621 0.089
5.628 0.088
5.621 0.089
5.700 0.078
5.703 0.077
5.688 0.076
5.703 0.077
5.769 0.074
5.773 0.072
5.768 0.072
5.752 0.071
5.756 0.070
5.750 0.070
5.733 0.069
5.717 0.069
5.733 0.069
5.740 0.070
5.746 0.071
5.752 0.071
5.768 0.072
5.773 0.072
5.769 0.074
5.784 0.074
5.790 0.075
5.795 0.075
5.800 0.076
5.805 0.077
5.810 0.078
5.815 0.078
5.820 0.079
5.815 0.080
5.820 0.081
5.824 0.082
5.829 0.082
5.833 0.083
5.837 0.084
5.842 0.085
5.846 0.085
5.850 0.086
5.854 0.087
5.858 0.088
5.862 0.088
5.874 0.089
5.878 0.090
5.881 0.090
5.893 0.091
5.881 0.090
5.886 0.089
5.891 0.088
5.900 0.088
5.891 0.088
5.886 0.089
5.874 0.089
5.862 0.088
5.866 0.087
5.854 0.087
5.850 0.086
5.846 0.085
5.842 0.085
5.837 0.084
5.833 0.083
5.829 0.082
5.824 0.082
5.829 0.081
5.815 0.080
5.820 0.079
5.815 0.078
5.810 0.078
5.805 0.077
5.800 0.076
5.805 0.075
5.790 0.075
5.784 0.074
5.661 0.071
5.644 0.070
5.637 0.070
5.621 0.070
5.613 0.069
5.604 0.070
5.621 0.070
5.628 0.070
5.644 0.070
5.651 0.071
5.606 0.074
5.597 0.074
5.581 0.074
5.573 0.075
5.557 0.075
5.549 0.075
5.548 0.076
5.547 0.077
5.548 0.076
5.556 0.076
5.557 0.075
5.573 0.075
5.581 0.074
5.597 0.074
5.534 0.073
5.526 0.073
5.790 0.101
5.787 0.102
5.780 0.103
5.776 0.104
5.766 0.103
5.759 0.104
5.748 0.104
5.741 0.104
5.734 0.104
5.727 0.105
5.734 0.104
5.741 0.104
5.748 0.104
5.759 0.104
5.766 0.103
5.776 0.104
5.780 0.103
5.787 0.102
5.808 0.101
5.812 0.100
5.823 0.100
5.831 0.100
5.823 0.100
5.812 0.100
5.805 0.100
5.849 0.100
5.853 0.099
5.861 0.099
5.865 0.097
5.877 0.098
5.873 0.097
5.865 0.097
5.861 0.099
5.853 0.099
5.892 0.097
5.897 0.096
5.902 0.095
5.907 0.094
5.904 0.093
5.900 0.092
5.904 0.093
5.899 0.094
5.902 0.095
5.897 0.096
5.892 0.097
5.903 0.098
5.914 0.098
5.918 0.099
5.921 0.100
5.931 0.100
5.942 0.101
5.937 0.102
5.942 0.101
5.931 0.100
5.928 0.099
5.925 0.099
5.914 0.098
5.903 0.098
5.934 0.091
5.943 0.091
5.993 0.089
5.990 0.088
6.001 0.097
6.003 0.098
5.997 0.099
6.000 0.100
5.994 0.101
6.002 0.100
6.000 0.100
6.005 0.099
6.014 0.098
6.022 0.098
6.014 0.098
6.003 0.098
6.048 0.102
6.042 0.103
6.036 0.104
6.029 0.104
6.036 0.104
6.042 0.103
6.048 0.102
6.056 0.102
6.064 0.101
6.072 0.101
6.080 0.101
6.078 0.100
6.072 0.101
6.064 0.101
6.056 0.102
5.990 0.108
5.980 0.107
5.978 0.106
5.968 0.106
5.965 0.105
5.955 0.105
5.953 0.104
5.945 0.104
5.955 0.105
5.965 0.105
5.968 0.106
5.978 0.106
5.980 0.107
5.990 0.108
5.992 0.109
5.994 0.109
6.003 0.110
6.013 0.111
6.011 0.110
6.001 0.109
5.992 0.109
6.024 0.112
6.019 0.113
6.026 0.113
6.038 0.118
6.033 0.119
6.042 0.120
6.043 0.121
6.045 0.122
6.046 0.122
6.052 0.121
6.043 0.121
6.042 0.120
6.033 0.119
5.976 0.120
5.967 0.119
5.958 0.119
5.967 0.119
5.919 0.120
5.910 0.120
5.907 0.119
5.905 0.118
5.902 0.117
5.899 0.117
5.903 0.116
5.899 0.117
5.895 0.118
5.898 0.119
5.907 0.119
5.910 0.120
5.908 0.122
5.911 0.122
5.900 0.126
5.891 0.125
5.900 0.126
5.908 0.126
5.911 0.127
5.919 0.127
5.915 0.128
5.912 0.129
5.908 0.131
5.904 0.132
5.901 0.133
5.903 0.134
5.900 0.135
5.896 0.136
5.893 0.137
5.896 0.136
5.900 0.135
5.903 0.134
5.907 0.132
5.910 0.131
5.914 0.130
5.912 0.129
5.915 0.128
5.924 0.129
5.930 0.129
5.938 0.129
5.940 0.130
5.948 0.130
5.956 0.131
5.964 0.131
5.970 0.131
5.964 0.131
5.956 0.131
5.954 0.130
5.946 0.130
5.938 0.129
5.930 0.129
5.924 0.129
5.915 0.128
5.919 0.127
5.917 0.127
5.908 0.126
5.854 0.129
5.848 0.129
5.845 0.130
5.842 0.132
5.845 0.130
5.848 0.129
5.850 0.124
5.841 0.123
5.832 0.123
5.823 0.123
5.826 0.121
5.829 0.120
5.832 0.119
5.829 0.120
5.826 0.121
5.823 0.123
5.817 0.123
5.810 0.123
5.805 0.124
5.799 0.124
5.789 0.124
5.784 0.124
5.778 0.125
5.775 0.126
5.766 0.125
5.760 0.126
5.755 0.126
5.746 0.126
5.755 0.126
5.760 0.126
5.766 0.125
5.775 0.126
5.781 0.125
5.787 0.125
5.793 0.125
5.799 0.124
5.805 0.124
5.810 0.123
5.817 0.123
5.823 0.123
5.832 0.123
5.841 0.123
5.849 0.116
5.852 0.114
5.849 0.114
5.853 0.113
5.849 0.114
5.852 0.114
5.846 0.111
5.836 0.111
5.826 0.110
5.816 0.110
5.806 0.110
5.802 0.109
5.792 0.109
5.788 0.108
5.792 0.107
5.785 0.107
5.788 0.108
5.792 0.109
5.796 0.109
5.806 0.110
5.816 0.110
5.820 0.111
5.826 0.110
5.836 0.111
5.846 0.111
5.853 0.111
5.857 0.110
5.854 0.109
5.858 0.108
5.854 0.109
5.850 0.110
5.874 0.110
5.884 0.110
5.858 0.106
5.855 0.105
5.859 0.104
5.856 0.103
5.848 0.104
5.852 0.104
5.848 0.106
5.776 0.112
5.770 0.113
5.771 0.115
5.768 0.116
5.758 0.115
5.752 0.116
5.742 0.116
5.732 0.115
5.726 0.116
5.716 0.115
5.706 0.115
5.696 0.115
5.690 0.115
5.694 0.116
5.700 0.116
5.706 0.115
5.716 0.115
5.726 0.116
5.736 0.116
5.740 0.117
5.742 0.116
5.752 0.116
5.758 0.115
5.768 0.116
5.774 0.115
5.784 0.116
5.794 0.116
5.784 0.116
5.774 0.115
5.716 0.108
5.718 0.106
5.711 0.107
5.705 0.107
5.698 0.108
5.692 0.108
5.686 0.109
5.679 0.109
5.669 0.109
5.662 0.109
5.656 0.110
5.662 0.109
5.669 0.109
5.679 0.109
5.686 0.109
5.692 0.108
5.698 0.108
5.709 0.108
5.576 0.117
5.575 0.118
5.574 0.119
5.573 0.121
5.573 0.122
5.578 0.121
5.573 0.121
5.574 0.119
5.575 0.118
5.585 0.125
5.584 0.126
5.579 0.127
5.578 0.128
5.579 0.127
5.584 0.126
5.789 0.136
5.792 0.137
5.795 0.136
5.803 0.136
5.809 0.136
5.817 0.136
5.822 0.136
5.830 0.136
5.836 0.136
5.844 0.136
5.852 0.136
5.860 0.137
5.863 0.138
5.871 0.138
5.879 0.138
5.887 0.139
5.889 0.140
5.897 0.140
5.904 0.141
5.907 0.141
5.914 0.142
5.922 0.142
5.929 0.143
5.931 0.144
5.939 0.144
5.944 0.144
5.939 0.144
5.931 0.144
5.929 0.143
5.922 0.142
5.914 0.142
5.907 0.141
5.904 0.141
5.897 0.140
5.889 0.140
5.887 0.139
5.879 0.138
5.871 0.138
5.868 0.137
5.860 0.137
5.852 0.136
5.844 0.136
5.836 0.136
5.830 0.136
5.822 0.136
5.817 0.136
5.809 0.136
5.803 0.136
5.795 0.136
5.901 0.151
5.898 0.152
5.901 0.151
5.908 0.151
5.911 0.150
5.908 0.151
5.957 0.152
5.961 0.151
5.959 0.150
5.961 0.151
5.991 0.149
5.998 0.149
6.005 0.150
5.998 0.149
5.988 0.142
5.987 0.141
5.991 0.140
5.995 0.139
5.999 0.138
6.003 0.137
6.007 0.136
6.003 0.137
5.999 0.138
5.995 0.139
5.991 0.140
5.987 0.141
6.069 0.131
6.068 0.130
6.060 0.130
6.059 0.129
6.060 0.130
6.068 0.130
6.069 0.131
6.077 0.132
6.078 0.133
6.085 0.133
6.092 0.134
6.100 0.135
6.107 0.135
6.114 0.136
6.121 0.137
6.127 0.136
6.120 0.136
6.113 0.135
6.106 0.134
6.099 0.134
6.091 0.133
6.084 0.132
6.077 0.132
6.129 0.138
6.136 0.139
6.137 0.140
6.143 0.140
6.137 0.140
6.136 0.139
6.150 0.147
6.150 0.148
6.155 0.147
6.148 0.151
6.143 0.152
6.139 0.153
6.139 0.154
6.145 0.155
6.146 0.155
6.152 0.156
6.158 0.157
6.164 0.158
6.170 0.158
6.176 0.159
6.181 0.160
6.187 0.161
6.193 0.161
6.193 0.162
6.189 0.163
6.193 0.162
6.193 0.161
6.187 0.161
6.181 0.160
6.176 0.159
6.170 0.158
6.164 0.158
6.158 0.157
6.152 0.156
6.152 0.155
6.145 0.155
6.139 0.154
6.144 0.153
6.143 0.152
6.043 0.156
6.038 0.156
6.033 0.156
6.028 0.157
6.033 0.156
6.038 0.156
6.004 0.158
5.999 0.159
5.994 0.159
5.989 0.159
5.984 0.159
5.989 0.159
5.994 0.159
5.999 0.159
5.962 0.160
5.959 0.161
5.954 0.161
5.959 0.161
5.932 0.163
5.929 0.164
5.924 0.164
5.926 0.165
5.923 0.166
5.920 0.167
5.917 0.168
5.914 0.170
5.911 0.171
5.913 0.171
5.910 0.172
5.906 0.173
5.903 0.174
5.908 0.174
5.914 0.174
5.920 0.174
5.922 0.175
5.928 0.176
5.929 0.177
5.935 0.177
5.933 0.178
5.939 0.179
5.940 0.179
5.942 0.180
5.939 0.181
5.942 0.180
5.946 0.180
5.952 0.180
5.946 0.180
5.940 0.179
5.939 0.179
5.937 0.178
5.935 0.177
5.929 0.177
5.928 0.176
5.922 0.175
5.920 0.174
5.914 0.174
5.912 0.173
5.910 0.172
5.913 0.171
5.916 0.170
5.914 0.170
5.917 0.168
5.920 0.167
5.923 0.166
5.926 0.165
5.929 0.164
5.967 0.167
5.972 0.167
5.975 0.169
5.976 0.169
5.973 0.170
5.975 0.171
5.976 0.172
5.973 0.173
5.974 0.174
5.976 0.175
5.977 0.175
5.979 0.176
5.985 0.177
5.981 0.178
5.987 0.178
5.989 0.179
5.994 0.180
5.996 0.180
5.997 0.181
5.996 0.180
5.994 0.180
5.989 0.179
5.987 0.178
5.981 0.178
5.985 0.177
5.983 0.176
5.982 0.175
5.980 0.174
5.979 0.174
5.973 0.173
5.976 0.172
5.975 0.171
5.973 0.170
5.976 0.169
5.992 0.169
5.996 0.169
6.001 0.169
6.007 0.170
6.009 0.170
6.015 0.171
6.011 0.172
6.012 0.173
6.014 0.174
6.015 0.174
6.016 0.175
6.018 0.176
6.019 0.177
6.020 0.178
6.021 0.178
6.022 0.179
6.028 0.180
6.029 0.181
6.026 0.182
6.027 0.182
6.028 0.183
6.029 0.184
6.031 0.185
6.032 0.186
6.033 0.186
6.038 0.187
6.035 0.188
6.036 0.189
6.033 0.190
6.029 0.190
6.024 0.190
6.029 0.190
6.033 0.190
6.036 0.189
6.041 0.189
6.036 0.189
6.035 0.188
6.038 0.187
6.033 0.186
6.032 0.186
6.031 0.185
6.029 0.184
6.033 0.183
6.032 0.182
6.030 0.181
6.029 0.181
6.028 0.180
6.027 0.179
6.026 0.178
6.025 0.177
6.023 0.177
6.022 0.176
6.021 0.175
6.020 0.174
6.018 0.173
6.017 0.172
6.016 0.172
6.015 0.171
6.009 0.170
6.007 0.170
6.011 0.168
6.007 0.170
6.001 0.169
5.996 0.169
6.039 0.167
6.038 0.166
6.048 0.173
6.053 0.173
6.054 0.174
6.051 0.175
6.052 0.176
6.051 0.175
6.054 0.174
6.058 0.173
6.062 0.172
6.065 0.171
6.070 0.171
6.065 0.171
6.062 0.172
6.058 0.173
6.053 0.173
6.058 0.181
6.064 0.182
6.060 0.183
6.064 0.182
6.066 0.187
6.067 0.188
6.072 0.189
6.073 0.190
6.072 0.189
6.067 0.188
6.081 0.193
6.078 0.194
6.074 0.195
6.070 0.195
6.067 0.196
6.063 0.196
6.059 0.196
6.055 0.196
6.051 0.197
6.045 0.196
6.041 0.196
6.036 0.196
6.032 0.196
6.027 0.195
6.032 0.196
6.036 0.196
6.041 0.196
6.045 0.196
6.051 0.197
6.051 0.197
6.056 0.197
6.059 0.196
6.063 0.196
6.067 0.196
6.071 0.196
6.074 0.195
6.078 0.194
6.081 0.193
6.086 0.193
6.090 0.193
6.086 0.193
6.077 0.201
6.082 0.202
6.053 0.199
6.049 0.199
6.046 0.200
6.043 0.201
6.040 0.202
6.036 0.203
6.031 0.202
6.026 0.201
6.025 0.201
6.021 0.201
6.016 0.200
6.019 0.199
6.016 0.200
6.021 0.201
6.022 0.202
6.027 0.202
6.031 0.202
6.036 0.203
6.037 0.203
6.042 0.204
6.039 0.205
6.035 0.205
6.036 0.206
6.037 0.207
6.040 0.206
6.039 0.205
6.042 0.204
6.037 0.203
6.040 0.202
6.043 0.201
6.046 0.200
6.049 0.199
6.015 0.196
6.009 0.195
6.008 0.195
6.004 0.195
6.009 0.195
5.997 0.193
6.000 0.192
5.991 0.195
5.986 0.195
5.982 0.195
5.986 0.195
5.969 0.195
5.963 0.195
5.958 0.194
5.954 0.194
5.950 0.195
5.944 0.194
5.950 0.195
5.954 0.194
5.958 0.194
5.963 0.195
5.959 0.187
5.962 0.186
5.976 0.202
5.982 0.203
5.979 0.204
5.980 0.205
5.984 0.205
5.979 0.204
5.982 0.203
6.007 0.206
6.004 0.207
6.005 0.208
6.006 0.208
6.007 0.209
6.012 0.210
6.007 0.209
6.010 0.208
6.005 0.208
6.004 0.207
6.035 0.209
6.040 0.209
6.037 0.210
6.038 0.211
6.035 0.212
6.038 0.211
6.037 0.210
6.040 0.209
6.037 0.214
6.034 0.215
6.038 0.214
6.043 0.215
6.038 0.214
6.028 0.216
6.024 0.216
6.020 0.216
6.018 0.217
6.013 0.217
6.008 0.216
6.005 0.216
6.000 0.216
5.995 0.215
5.991 0.215
5.995 0.215
6.000 0.216
6.005 0.216
6.008 0.216
6.013 0.217
6.018 0.217
6.021 0.217
6.024 0.216
6.053 0.221
6.057 0.220
6.060 0.220
6.057 0.220
6.068 0.220
6.071 0.220
6.075 0.219
6.079 0.219
6.075 0.219
6.071 0.220
6.088 0.226
6.085 0.227
6.083 0.228
6.085 0.227
6.090 0.227
6.094 0.228
6.097 0.227
6.101 0.228
6.097 0.227
6.094 0.228
6.090 0.227
6.085 0.227
6.075 0.228
6.073 0.229
6.069 0.229
6.066 0.230
6.069 0.229
6.073 0.229
6.060 0.231
6.057 0.231
6.054 0.232
6.050 0.232
6.046 0.232
6.042 0.231
6.038 0.232
6.035 0.232
6.032 0.233
6.030 0.234
6.027 0.235
6.025 0.236
6.028 0.236
6.030 0.235
6.033 0.234
6.036 0.233
6.038 0.232
6.042 0.231
6.046 0.232
6.050 0.232
6.054 0.232
6.058 0.233
6.062 0.234
6.063 0.234
6.062 0.234
6.058 0.233
6.054 0.232
6.057 0.231
6.077 0.234
6.081 0.234
6.085 0.235
6.086 0.236
6.090 0.237
6.091 0.237
6.092 0.238
6.096 0.239
6.092 0.238
6.091 0.237
6.090 0.237
6.086 0.236
6.085 0.235
6.081 0.234
6.068 0.239
6.064 0.239
6.068 0.239
6.065 0.240
6.066 0.241
6.070 0.242
6.071 0.243
6.071 0.243
6.075 0.244
6.075 0.243
6.071 0.243
6.070 0.242
6.066 0.241
6.065 0.240
6.082 0.244
6.085 0.244
6.092 0.243
6.095 0.242
6.092 0.243
6.093 0.244
6.097 0.245
6.094 0.246
6.098 0.246
6.099 0.247
6.099 0.248
6.100 0.249
6.100 0.250
6.101 0.250
6.102 0.251
6.102 0.252
6.100 0.253
6.100 0.254
6.098 0.255
6.094 0.255
6.092 0.256
6.094 0.255
6.098 0.255
6.100 0.254
6.103 0.254
6.107 0.254
6.103 0.254
6.103 0.253
6.102 0.252
6.102 0.251
6.101 0.250
6.100 0.250
6.103 0.249
6.099 0.248
6.099 0.247
6.098 0.246
6.097 0.246
6.097 0.245
6.093 0.244
6.078 0.246
6.074 0.246
6.071 0.251
6.072 0.252
6.073 0.253
6.076 0.253
6.077 0.254
6.076 0.253
6.073 0.253
6.072 0.252
6.078 0.256
6.082 0.256
6.086 0.257
6.084 0.258
6.087 0.259
6.085 0.260
6.085 0.261
6.083 0.262
6.081 0.262
6.078 0.263
6.075 0.264
6.073 0.265
6.070 0.266
6.066 0.265
6.063 0.264
6.059 0.264
6.055 0.263
6.051 0.262
6.051 0.262
6.047 0.262
6.044 0.261
6.047 0.262
6.051 0.262
6.055 0.263
6.059 0.264
6.063 0.264
6.066 0.265
6.070 0.266
6.073 0.265
6.075 0.264
6.078 0.263
6.081 0.262
6.083 0.262
6.087 0.262
6.090 0.263
6.091 0.264
6.095 0.264
6.098 0.265
6.096 0.266
6.100 0.267
6.097 0.268
6.101 0.268
6.104 0.269
6.102 0.270
6.105 0.271
6.106 0.271
6.106 0.272
6.106 0.271
6.105 0.271
6.105 0.270
6.104 0.269
6.101 0.268
6.097 0.268
6.100 0.267
6.096 0.266
6.098 0.265
6.098 0.264
6.094 0.263
6.090 0.263
6.087 0.262
6.083 0.262
6.085 0.261
6.085 0.260
6.087 0.259
6.084 0.258
6.086 0.257
6.082 0.256
6.082 0.256
6.048 0.252
6.045 0.252
6.045 0.253
6.043 0.254
6.041 0.255
6.043 0.254
6.045 0.253
6.035 0.256
6.033 0.257
6.035 0.246
6.037 0.244
6.037 0.244
6.036 0.243
6.035 0.242
6.031 0.241
6.033 0.240
6.031 0.241
6.035 0.242
6.036 0.243
6.037 0.244
6.037 0.244
6.011 0.237
6.007 0.236
6.003 0.236
6.007 0.236
6.011 0.237
6.013 0.236
6.109 0.232
6.109 0.233
6.109 0.232
6.112 0.231
6.111 0.231
6.112 0.231
6.113 0.229
6.116 0.228
6.119 0.221
6.114 0.220
6.110 0.220
6.106 0.220
6.110 0.220
6.114 0.220
6.104 0.212
6.099 0.212
6.095 0.212
6.092 0.212
6.095 0.212
6.100 0.212
6.104 0.212
6.107 0.211
6.111 0.211
6.107 0.211
6.071 0.211
6.066 0.210
6.069 0.209
6.068 0.209
6.067 0.208
6.064 0.209
6.069 0.209
6.066 0.210
6.067 0.211
6.173 0.208
6.177 0.208
6.177 0.208
6.180 0.207
6.176 0.207
6.177 0.208
6.179 0.205
6.183 0.204
6.187 0.203
6.186 0.202
6.190 0.201
6.186 0.202
6.183 0.203
6.183 0.204
6.192 0.197
6.197 0.197
6.198 0.191
6.202 0.190
6.206 0.189
6.210 0.189
6.214 0.188
6.219 0.187
6.223 0.186
6.227 0.185
6.231 0.184
6.227 0.184
6.227 0.185
6.223 0.186
6.219 0.187
6.214 0.188
6.210 0.189
6.206 0.189
6.202 0.190
6.234 0.179
6.234 0.178
6.229 0.177
6.229 0.178
6.253 0.179
6.258 0.180
6.262 0.180
6.267 0.181
6.262 0.180
6.258 0.180
6.276 0.181
6.281 0.181
6.285 0.182
6.290 0.183
6.290 0.182
6.285 0.182
6.281 0.181
6.299 0.183
6.304 0.184
6.308 0.184
6.312 0.185
6.317 0.186
6.321 0.187
6.325 0.187
6.326 0.187
6.321 0.186
6.317 0.185
6.312 0.185
6.308 0.184
6.304 0.184
6.334 0.187
6.339 0.186
6.344 0.186
6.348 0.185
6.353 0.184
6.358 0.184
6.362 0.184
6.367 0.185
6.371 0.185
6.375 0.186
6.379 0.187
6.375 0.186
6.375 0.186
6.380 0.185
6.375 0.186
6.371 0.185
6.367 0.185
6.362 0.184
6.358 0.184
6.353 0.184
6.349 0.184
6.344 0.185
6.339 0.186
6.400 0.175
6.405 0.174
6.406 0.174
6.411 0.173
6.417 0.172
6.411 0.173
6.406 0.174
6.400 0.174
6.425 0.168
6.430 0.168
6.430 0.167
6.436 0.167
6.432 0.166
6.438 0.165
6.438 0.164
6.439 0.163
6.445 0.163
6.441 0.162
6.442 0.161
6.447 0.160
6.453 0.160
6.460 0.159
6.466 0.158
6.460 0.159
6.453 0.160
6.447 0.160
6.442 0.161
6.437 0.160
6.433 0.159
6.428 0.159
6.423 0.158
6.418 0.158
6.413 0.157
6.409 0.156
6.408 0.157
6.402 0.158
6.408 0.157
6.413 0.157
6.418 0.158
6.423 0.158
6.428 0.159
6.433 0.159
6.437 0.160
6.442 0.161
6.441 0.162
6.445 0.163
6.439 0.163
6.433 0.164
6.438 0.165
6.432 0.166
6.436 0.167
6.430 0.167
6.498 0.169
6.497 0.170
6.502 0.170
6.508 0.170
6.512 0.171
6.516 0.171
6.521 0.171
6.525 0.172
6.529 0.172
6.534 0.173
6.540 0.172
6.543 0.173
6.548 0.173
6.553 0.174
6.557 0.174
6.562 0.174
6.566 0.174
6.571 0.174
6.576 0.175
6.580 0.175
6.585 0.175
6.589 0.175
6.594 0.176
6.600 0.175
6.604 0.175
6.610 0.175
6.615 0.175
6.618 0.176
6.621 0.177
6.625 0.178
6.628 0.179
6.631 0.180
6.635 0.180
6.639 0.180
6.644 0.181
6.648 0.181
6.652 0.181
6.658 0.181
6.664 0.180
6.668 0.180
6.673 0.181
6.677 0.181
6.679 0.182
6.684 0.183
6.686 0.184
6.690 0.184
6.694 0.184
6.698 0.185
6.703 0.185
6.709 0.185
6.704 0.184
6.700 0.184
6.696 0.184
6.692 0.183
6.686 0.184
6.684 0.183
6.679 0.182
6.677 0.181
6.679 0.180
6.674 0.180
6.670 0.180
6.668 0.179
6.663 0.178
6.661 0.177
6.663 0.178
6.668 0.179
6.670 0.180
6.664 0.180
6.658 0.181
6.652 0.181
6.648 0.181
6.644 0.181
6.639 0.180
6.635 0.180
6.631 0.180
6.628 0.179
6.625 0.178
6.621 0.177
6.618 0.176
6.615 0.175
6.616 0.174
6.618 0.174
6.624 0.173
6.626 0.172
6.627 0.171
6.629 0.171
6.630 0.170
6.632 0.169
6.638 0.169
6.645 0.168
6.651 0.168
6.645 0.168
6.638 0.169
6.632 0.169
6.629 0.168
6.628 0.169
6.626 0.170
6.624 0.170
6.623 0.171
6.621 0.172
6.624 0.173
6.618 0.174
6.616 0.174
6.610 0.175
6.604 0.175
6.600 0.175
6.594 0.176
6.589 0.175
6.585 0.175
6.580 0.175
6.576 0.175
6.571 0.174
6.566 0.174
6.562 0.174
6.557 0.174
6.553 0.174
6.548 0.173
6.543 0.173
6.540 0.172
6.535 0.172
6.531 0.172
6.526 0.171
6.521 0.171
6.516 0.171
6.512 0.171
6.508 0.170
6.503 0.170
6.486 0.176
6.489 0.177
6.493 0.178
6.497 0.179
6.500 0.180
6.505 0.180
6.508 0.181
6.512 0.182
6.510 0.183
6.515 0.183
6.519 0.183
6.524 0.183
6.529 0.183
6.534 0.183
6.539 0.182
6.542 0.183
6.548 0.183
6.551 0.184
6.557 0.183
6.561 0.183
6.566 0.184
6.571 0.183
6.574 0.184
6.579 0.184
6.583 0.185
6.588 0.184
6.594 0.184
6.597 0.185
6.601 0.185
6.606 0.185
6.610 0.185
6.606 0.185
6.603 0.184
6.598 0.184
6.594 0.184
6.588 0.184
6.583 0.185
6.580 0.184
6.576 0.183
6.571 0.183
6.566 0.184
6.561 0.183
6.557 0.183
6.551 0.184
6.548 0.183
6.544 0.183
6.539 0.182
6.534 0.183
6.529 0.183
6.525 0.183
6.520 0.182
6.516 0.182
6.513 0.181
6.508 0.181
6.505 0.180
6.500 0.180
6.497 0.179
6.498 0.178
6.493 0.178
6.489 0.177
6.514 0.162
6.511 0.161
6.506 0.160
6.500 0.160
6.495 0.160
6.490 0.160
6.485 0.160
6.490 0.160
6.495 0.160
6.500 0.160
6.506 0.160
6.511 0.161
6.514 0.162
6.519 0.162
6.524 0.162
6.529 0.162
6.534 0.162
6.539 0.163
6.544 0.163
6.549 0.163
6.554 0.163
6.559 0.163
6.564 0.164
6.569 0.164
6.574 0.164
6.577 0.165
6.580 0.166
6.577 0.165
6.574 0.164
6.580 0.164
6.586 0.163
6.580 0.164
6.574 0.164
6.569 0.164
6.564 0.164
6.559 0.163
6.554 0.163
6.549 0.163
6.544 0.163
6.539 0.163
6.534 0.162
6.529 0.162
6.526 0.161
6.521 0.161
6.476 0.154
6.472 0.153
6.478 0.153
6.479 0.152
6.485 0.151
6.487 0.150
6.481 0.150
6.480 0.151
6.474 0.152
6.478 0.153
6.472 0.153
6.489 0.149
6.495 0.148
6.498 0.146
6.503 0.147
6.509 0.147
6.513 0.148
6.517 0.149
6.523 0.149
6.527 0.150
6.532 0.150
6.538 0.150
6.541 0.151
6.547 0.152
6.552 0.152
6.556 0.153
6.561 0.153
6.566 0.153
6.572 0.154
6.577 0.154
6.582 0.154
6.587 0.154
6.594 0.154
6.599 0.154
6.606 0.154
6.611 0.154
6.616 0.154
6.621 0.154
6.628 0.154
6.633 0.154
6.638 0.154
6.641 0.155
6.646 0.156
6.649 0.157
6.654 0.157
6.657 0.158
6.662 0.159
6.665 0.160
6.670 0.160
6.675 0.160
6.682 0.160
6.684 0.161
6.687 0.162
6.692 0.162
6.694 0.163
6.699 0.164
6.704 0.164
6.708 0.164
6.715 0.164
6.720 0.164
6.726 0.164
6.733 0.164
6.738 0.164
6.745 0.164
6.749 0.164
6.756 0.164
6.763 0.163
6.767 0.164
6.769 0.165
6.774 0.165
6.776 0.166
6.778 0.167
6.780 0.168
6.782 0.170
6.784 0.171
6.786 0.172
6.788 0.173
6.790 0.174
6.783 0.174
6.777 0.175
6.770 0.175
6.764 0.175
6.762 0.176
6.768 0.176
6.770 0.175
6.777 0.175
6.783 0.174
6.790 0.174
6.794 0.175
6.796 0.176
6.800 0.176
6.804 0.176
6.800 0.176
6.796 0.176
6.794 0.175
6.790 0.174
6.788 0.173
6.786 0.172
6.788 0.171
6.784 0.171
6.782 0.170
6.780 0.168
6.778 0.167
6.776 0.166
6.774 0.165
6.769 0.165
6.767 0.164
6.770 0.163
6.763 0.163
6.756 0.164
6.749 0.164
6.745 0.164
6.738 0.164
6.733 0.164
6.726 0.164
6.720 0.164
6.715 0.164
6.708 0.164
6.706 0.163
6.701 0.163
6.694 0.163
6.692 0.162
6.687 0.162
6.684 0.161
6.682 0.160
6.675 0.160
6.672 0.159
6.665 0.160
6.662 0.159
6.657 0.158
6.654 0.157
6.649 0.157
6.646 0.156
6.641 0.155
6.638 0.154
6.635 0.153
6.628 0.154
6.621 0.154
6.618 0.153
6.613 0.153
6.606 0.154
6.599 0.154
6.594 0.154
6.587 0.154
6.583 0.153
6.578 0.153
6.573 0.153
6.568 0.153
6.563 0.152
6.557 0.152
6.554 0.151
6.548 0.151
6.543 0.151
6.538 0.150
6.534 0.149
6.528 0.149
6.523 0.149
6.519 0.148
6.513 0.148
6.509 0.147
6.505 0.146
6.500 0.145
6.502 0.144
6.497 0.143
6.498 0.142
6.494 0.141
6.495 0.140
6.496 0.140
6.498 0.139
6.499 0.138
6.494 0.137
6.502 0.136
6.503 0.136
6.510 0.135
6.512 0.134
6.513 0.133
6.514 0.133
6.516 0.132
6.517 0.131
6.519 0.130
6.514 0.129
6.516 0.128
6.511 0.127
6.512 0.126
6.514 0.126
6.515 0.125
6.523 0.124
6.525 0.123
6.533 0.123
6.535 0.122
6.543 0.121
6.545 0.121
6.553 0.120
6.555 0.119
6.564 0.119
6.557 0.118
6.550 0.118
6.544 0.118
6.549 0.119
6.547 0.120
6.538 0.120
6.543 0.121
6.535 0.122
6.533 0.123
6.525 0.123
6.523 0.124
6.515 0.125
6.514 0.126
6.512 0.126
6.511 0.127
6.516 0.128
6.514 0.129
6.519 0.130
6.511 0.131
6.516 0.132
6.514 0.133
6.513 0.133
6.506 0.134
6.510 0.135
6.503 0.136
6.502 0.136
6.494 0.137
6.499 0.138
6.498 0.139
6.496 0.140
6.489 0.140
6.488 0.141
6.493 0.142
6.497 0.143
6.496 0.144
6.500 0.145
6.505 0.146
6.470 0.141
6.464 0.141
6.458 0.141
6.464 0.141
6.484 0.136
6.479 0.135
6.474 0.134
6.469 0.133
6.468 0.134
6.467 0.135
6.473 0.135
6.479 0.135
6.570 0.134
6.575 0.135
6.573 0.135
6.571 0.136
6.575 0.137
6.573 0.138
6.572 0.139
6.576 0.140
6.568 0.140
6.576 0.140
6.580 0.141
6.585 0.141
6.591 0.141
6.595 0.142
6.600 0.143
6.604 0.144
6.610 0.144
6.615 0.144
6.619 0.145
6.620 0.145
6.628 0.144
6.633 0.144
6.628 0.144
6.620 0.145
6.615 0.144
6.610 0.144
6.604 0.144
6.600 0.143
6.597 0.142
6.604 0.141
6.597 0.142
6.591 0.141
6.585 0.141
6.580 0.141
6.576 0.140
6.572 0.139
6.573 0.138
6.575 0.137
6.571 0.136
6.579 0.136
6.575 0.135
6.576 0.134
6.584 0.133
6.580 0.132
6.576 0.131
6.578 0.130
6.573 0.129
6.581 0.129
6.583 0.128
6.585 0.127
6.587 0.126
6.596 0.126
6.598 0.125
6.606 0.125
6.612 0.125
6.619 0.125
6.625 0.125
6.633 0.125
6.640 0.125
6.646 0.125
6.652 0.126
6.658 0.126
6.664 0.126
6.670 0.127
6.676 0.127
6.683 0.127
6.689 0.128
6.694 0.128
6.700 0.128
6.706 0.129
6.712 0.129
6.718 0.129
6.721 0.130
6.730 0.130
6.733 0.131
6.736 0.132
6.727 0.133
6.730 0.134
6.727 0.135
6.725 0.135
6.722 0.136
6.725 0.137
6.717 0.138
6.715 0.138
6.707 0.139
6.710 0.140
6.707 0.141
6.705 0.141
6.702 0.142
6.700 0.143
6.698 0.144
6.701 0.145
6.693 0.145
6.696 0.146
6.688 0.147
6.691 0.148
6.689 0.149
6.687 0.149
6.680 0.150
6.678 0.151
6.670 0.151
6.668 0.152
6.661 0.152
6.656 0.152
6.661 0.152
6.668 0.152
6.675 0.151
6.683 0.151
6.688 0.151
6.691 0.152
6.688 0.151
6.685 0.150
6.687 0.149
6.689 0.149
6.691 0.148
6.694 0.147
6.696 0.146
6.693 0.145
6.701 0.145
6.698 0.144
6.700 0.143
6.702 0.142
6.705 0.141
6.707 0.141
6.710 0.140
6.712 0.139
6.715 0.138
6.717 0.138
6.725 0.137
6.722 0.136
6.725 0.135
6.727 0.135
6.730 0.134
6.733 0.133
6.736 0.132
6.733 0.131
6.730 0.130
6.724 0.130
6.718 0.129
6.712 0.129
6.706 0.129
6.700 0.128
6.694 0.128
6.689 0.128
6.683 0.127
6.676 0.127
6.670 0.127
6.664 0.126
6.658 0.126
6.652 0.126
6.646 0.125
6.640 0.125
6.633 0.125
6.627 0.125
6.621 0.124
6.614 0.124
6.608 0.124
6.600 0.124
6.591 0.125
6.589 0.126
6.587 0.126
6.585 0.127
6.583 0.128
6.581 0.129
6.573 0.129
6.578 0.130
6.576 0.131
6.580 0.132
6.578 0.133
6.615 0.147
6.618 0.148
6.620 0.147
6.690 0.159
6.697 0.158
6.702 0.158
6.697 0.158
6.740 0.159
6.745 0.160
6.773 0.158
6.770 0.157
6.768 0.156
6.766 0.155
6.769 0.154
6.766 0.153
6.769 0.152
6.767 0.151
6.769 0.151
6.767 0.149
6.762 0.149
6.757 0.149
6.752 0.148
6.749 0.147
6.752 0.146
6.749 0.145
6.752 0.145
6.760 0.144
6.762 0.143
6.770 0.143
6.768 0.142
6.765 0.143
6.762 0.143
6.760 0.144
6.752 0.145
6.749 0.145
6.752 0.146
6.749 0.147
6.752 0.148
6.757 0.149
6.762 0.149
6.767 0.149
6.769 0.151
6.767 0.151
6.769 0.152
6.761 0.153
6.764 0.154
6.761 0.155
6.764 0.156
6.768 0.156
6.770 0.157
6.773 0.158
6.777 0.159
6.784 0.160
6.777 0.161
6.779 0.162
6.782 0.161
6.784 0.160
6.791 0.160
6.829 0.155
6.836 0.154
6.889 0.153
6.890 0.154
6.891 0.155
6.896 0.156
6.894 0.154
6.893 0.153
6.892 0.152
6.890 0.151
6.886 0.150
6.887 0.152
6.890 0.157
6.887 0.158
6.888 0.159
6.889 0.160
6.888 0.159
6.891 0.158
6.933 0.159
6.940 0.159
6.944 0.159
6.940 0.159
6.960 0.160
6.967 0.160
6.978 0.159
6.981 0.159
6.989 0.158
6.993 0.159
7.000 0.159
7.004 0.159
7.008 0.160
7.008 0.161
7.009 0.162
7.005 0.163
7.009 0.164
7.009 0.162
7.012 0.162
7.008 0.161
7.008 0.160
7.007 0.159
7.007 0.158
7.014 0.158
7.014 0.156
7.022 0.156
7.018 0.156
7.014 0.156
7.014 0.158
7.007 0.158
7.007 0.159
7.000 0.159
6.993 0.159
6.992 0.158
6.989 0.158
6.981 0.159
6.969 0.162
6.973 0.163
6.977 0.163
6.977 0.165
6.984 0.164
6.977 0.165
6.977 0.163
6.973 0.163
7.002 0.165
7.003 0.166
7.000 0.167
7.003 0.167
7.004 0.168
7.003 0.167
7.003 0.166
7.011 0.169
7.012 0.171
7.016 0.172
7.019 0.173
7.004 0.178
7.001 0.179
7.002 0.180
7.005 0.181
7.005 0.182
7.006 0.183
7.006 0.184
7.006 0.183
7.005 0.182
7.005 0.181
7.002 0.180
7.001 0.179
6.973 0.182
6.970 0.182
6.963 0.182
6.957 0.182
6.950 0.182
6.944 0.182
6.938 0.182
6.931 0.183
6.925 0.183
6.919 0.183
6.912 0.183
6.906 0.183
6.899 0.184
6.893 0.184
6.891 0.184
6.884 0.185
6.881 0.184
6.874 0.184
6.881 0.184
6.884 0.185
6.891 0.184
6.897 0.184
6.903 0.184
6.909 0.184
6.916 0.184
6.922 0.183
6.929 0.183
6.935 0.183
6.941 0.183
6.948 0.183
6.954 0.183
6.960 0.183
6.963 0.182
6.970 0.182
7.010 0.186
7.010 0.187
7.011 0.188
7.011 0.189
7.011 0.191
7.011 0.189
7.011 0.188
7.010 0.187
7.029 0.185
7.035 0.185
7.041 0.185
7.048 0.184
7.054 0.184
7.061 0.184
7.067 0.184
7.073 0.184
7.080 0.184
7.086 0.184
7.093 0.185
7.099 0.185
7.105 0.185
7.112 0.185
7.118 0.185
7.124 0.185
7.131 0.185
7.134 0.185
7.131 0.185
7.124 0.185
7.118 0.185
7.112 0.185
7.105 0.185
7.099 0.185
7.093 0.185
7.086 0.184
7.080 0.184
7.073 0.184
7.067 0.184
7.061 0.184
7.054 0.184
7.048 0.184
7.041 0.185
7.035 0.185
7.043 0.196
7.043 0.197
7.046 0.198
7.046 0.199
7.049 0.200
7.050 0.201
7.050 0.202
7.050 0.203
7.053 0.203
7.050 0.202
7.050 0.201
7.049 0.200
7.046 0.199
7.046 0.198
7.043 0.197
7.058 0.204
7.064 0.204
7.067 0.204
7.073 0.204
7.079 0.204
7.084 0.204
7.090 0.205
7.093 0.204
7.099 0.204
7.102 0.203
7.108 0.203
7.111 0.203
7.114 0.202
7.119 0.202
7.123 0.202
7.128 0.202
7.131 0.201
7.135 0.201
7.140 0.201
7.144 0.200
7.147 0.200
7.150 0.199
7.153 0.199
7.156 0.198
7.157 0.197
7.160 0.196
7.161 0.195
7.164 0.195
7.164 0.194
7.165 0.192
7.162 0.192
7.163 0.191
7.160 0.190
7.157 0.190
7.163 0.191
7.162 0.192
7.165 0.192
7.164 0.194
7.164 0.195
7.161 0.195
7.160 0.196
7.157 0.197
7.156 0.198
7.150 0.198
7.150 0.199
7.147 0.200
7.141 0.200
7.140 0.201
7.135 0.201
7.131 0.201
7.128 0.202
7.123 0.202
7.119 0.202
7.114 0.202
7.111 0.203
7.108 0.203
7.102 0.203
7.099 0.204
7.093 0.204
7.090 0.205
7.084 0.204
7.079 0.204
7.073 0.204
7.070 0.204
7.064 0.204
7.087 0.206
7.087 0.207
7.087 0.209
7.087 0.210
7.087 0.209
7.087 0.207
7.081 0.211
7.081 0.212
7.078 0.213
7.078 0.214
7.075 0.214
7.073 0.215
7.073 0.216
7.070 0.217
7.067 0.217
7.067 0.219
7.065 0.219
7.062 0.220
7.059 0.220
7.062 0.221
7.062 0.222
7.065 0.223
7.065 0.224
7.062 0.224
7.065 0.225
7.065 0.226
7.065 0.227
7.065 0.229
7.065 0.230
7.065 0.231
7.062 0.232
7.062 0.233
7.057 0.233
7.052 0.233
7.057 0.233
7.062 0.233
7.065 0.233
7.065 0.234
7.067 0.235
7.067 0.236
7.070 0.237
7.067 0.236
7.067 0.235
7.065 0.234
7.065 0.233
7.065 0.232
7.065 0.231
7.067 0.230
7.067 0.229
7.067 0.228
7.065 0.227
7.065 0.226
7.065 0.225
7.065 0.224
7.065 0.223
7.065 0.222
7.065 0.220
7.065 0.219
7.067 0.219
7.067 0.217
7.070 0.217
7.073 0.216
7.073 0.215
7.075 0.214
7.078 0.214
7.078 0.213
7.081 0.212
7.039 0.210
7.039 0.209
7.039 0.208
7.042 0.207
7.039 0.208
7.039 0.209
7.039 0.210
7.037 0.211
7.037 0.212
7.034 0.213
7.034 0.214
7.034 0.213
7.037 0.212
7.037 0.211
6.974 0.215
6.974 0.216
6.975 0.217
6.973 0.218
6.973 0.219
6.974 0.220
6.971 0.221
6.972 0.222
6.972 0.223
6.967 0.223
6.962 0.223
6.967 0.223
6.972 0.223
6.973 0.224
6.973 0.225
6.976 0.226
6.977 0.227
6.977 0.228
6.977 0.227
6.976 0.226
6.976 0.225
6.973 0.224
6.972 0.223
6.972 0.222
6.971 0.221
6.974 0.220
6.973 0.219
6.973 0.218
6.975 0.217
6.974 0.216
6.945 0.213
6.945 0.212
6.950 0.211
6.949 0.209
6.951 0.209
6.954 0.208
6.953 0.207
6.956 0.206
6.958 0.206
6.958 0.205
6.957 0.203
6.960 0.203
6.962 0.202
6.956 0.202
6.957 0.203
6.958 0.205
6.958 0.206
6.953 0.206
6.953 0.207
6.954 0.208
6.951 0.209
6.949 0.209
6.868 0.212
6.867 0.210
6.866 0.209
6.865 0.208
6.864 0.207
6.863 0.206
6.862 0.205
6.864 0.204
6.863 0.203
6.861 0.202
6.864 0.201
6.863 0.200
6.861 0.199
6.860 0.198
6.862 0.197
6.861 0.196
6.860 0.195
6.861 0.196
6.859 0.196
6.860 0.198
6.861 0.199
6.863 0.200
6.860 0.201
6.861 0.202
6.863 0.203
6.864 0.204
6.862 0.205
6.863 0.206
6.864 0.207
6.862 0.208
6.865 0.208
6.866 0.209
6.867 0.210
6.865 0.211
6.866 0.212
6.838 0.212
6.833 0.213
6.831 0.213
6.833 0.213
6.821 0.217
6.819 0.218
6.813 0.218
6.815 0.219
6.810 0.219
6.808 0.220
6.809 0.221
6.810 0.222
6.809 0.223
6.810 0.224
6.809 0.223
6.810 0.222
6.812 0.222
6.811 0.221
6.813 0.220
6.815 0.219
6.813 0.218
6.819 0.218
6.845 0.221
6.846 0.222
6.844 0.223
6.845 0.224
6.843 0.225
6.844 0.226
6.842 0.227
6.843 0.228
6.844 0.229
6.846 0.230
6.849 0.231
6.850 0.232
6.853 0.232
6.854 0.233
6.857 0.234
6.854 0.233
6.853 0.232
6.850 0.232
6.849 0.231
6.846 0.230
6.844 0.229
6.846 0.228
6.845 0.227
6.844 0.226
6.843 0.225
6.845 0.224
6.844 0.223
6.846 0.222
6.848 0.222
6.850 0.221
6.849 0.220
6.850 0.221
6.806 0.226
6.804 0.226
6.803 0.227
6.804 0.228
6.802 0.229
6.805 0.229
6.804 0.228
6.806 0.228
6.804 0.226
6.799 0.230
6.800 0.232
6.795 0.232
6.796 0.233
6.798 0.234
6.793 0.234
6.798 0.234
6.796 0.233
6.795 0.232
6.800 0.232
6.789 0.236
6.791 0.237
6.794 0.237
6.793 0.236
6.787 0.239
6.789 0.240
6.787 0.240
6.788 0.242
6.790 0.243
6.785 0.243
6.790 0.243
6.791 0.242
6.790 0.241
6.789 0.240
6.782 0.244
6.777 0.245
6.776 0.246
6.777 0.245
6.861 0.235
6.864 0.236
6.865 0.237
6.864 0.236
6.881 0.239
6.884 0.239
6.889 0.239
6.884 0.239
6.893 0.241
6.896 0.241
6.898 0.241
6.901 0.242
6.898 0.241
6.898 0.240
6.905 0.244
6.908 0.244
6.911 0.246
6.914 0.246
6.927 0.248
6.929 0.248
6.932 0.249
6.935 0.249
6.934 0.248
6.936 0.247
6.931 0.247
6.943 0.246
6.948 0.246
6.952 0.246
6.957 0.246
6.959 0.245
6.964 0.245
6.969 0.245
6.974 0.245
6.976 0.246
6.978 0.245
6.983 0.245
6.988 0.245
6.990 0.244
6.992 0.243
6.988 0.244
6.985 0.244
6.981 0.244
6.978 0.245
6.974 0.245
6.969 0.245
6.964 0.245
6.959 0.245
6.954 0.245
6.950 0.246
6.948 0.246
6.999 0.243
7.002 0.242
6.999 0.240
6.996 0.240
6.996 0.239
6.995 0.237
6.995 0.236
6.997 0.236
6.997 0.234
6.997 0.233
6.994 0.233
6.994 0.232
6.993 0.230
6.990 0.230
6.988 0.229
6.985 0.230
6.988 0.231
6.993 0.230
6.994 0.232
6.994 0.233
6.994 0.234
6.995 0.235
6.995 0.236
6.995 0.237
6.996 0.239
6.996 0.240
7.012 0.244
7.017 0.244
7.017 0.245
7.020 0.246
7.024 0.246
7.027 0.246
7.032 0.246
7.032 0.248
7.034 0.248
7.036 0.248
7.041 0.248
7.044 0.248
7.048 0.248
7.044 0.248
7.041 0.248
7.036 0.248
7.034 0.247
7.032 0.246
7.027 0.246
7.024 0.246
7.022 0.245
7.019 0.245
7.017 0.244
7.070 0.257
7.067 0.257
7.067 0.259
7.067 0.260
7.067 0.259
7.070 0.258
6.986 0.276
6.987 0.277
6.983 0.278
6.983 0.280
6.984 0.281
6.982 0.281
6.984 0.282
6.984 0.283
6.982 0.284
6.983 0.285
6.983 0.286
6.983 0.287
6.982 0.288
6.982 0.289
6.982 0.290
6.983 0.291
6.985 0.291
6.982 0.290
6.982 0.289
6.982 0.288
6.983 0.287
6.983 0.286
6.983 0.285
6.982 0.284
6.984 0.283
6.984 0.282
6.984 0.281
6.983 0.280
6.981 0.293
6.982 0.294
6.984 0.295
6.984 0.296
6.984 0.297
6.987 0.298
6.987 0.299
6.987 0.300
6.987 0.301
6.988 0.303
6.988 0.304
6.986 0.304
6.987 0.306
6.986 0.304
6.988 0.304
6.988 0.303
6.987 0.301
6.989 0.301
6.987 0.300
6.987 0.299
6.987 0.298
6.984 0.297
6.984 0.296
6.984 0.295
6.983 0.294
6.980 0.310
6.982 0.311
6.975 0.311
6.971 0.311
6.969 0.312
6.966 0.312
6.962 0.312
6.958 0.312
6.954 0.312
6.951 0.313
6.947 0.313
6.943 0.313
6.947 0.313
6.951 0.313
6.954 0.312
6.958 0.312
6.962 0.312
6.966 0.312
6.969 0.312
6.973 0.312
6.868 0.359
6.870 0.360
6.872 0.360
6.870 0.360
6.863 0.359
6.861 0.359
6.689 0.273
6.691 0.272
6.689 0.271
6.690 0.270
6.689 0.271
6.691 0.272
6.564 0.284
6.563 0.285
6.562 0.286
6.563 0.285
6.505 0.275
6.501 0.275
6.505 0.275
6.505 0.274
6.401 0.259
6.401 0.258
6.402 0.257
6.402 0.256
6.402 0.256
6.403 0.255
6.402 0.256
6.402 0.256
6.402 0.257
6.401 0.258
6.296 0.232
6.292 0.232
6.307 0.226
6.311 0.226
6.314 0.226
6.318 0.226
6.315 0.226
6.311 0.226
6.259 0.224
6.255 0.225
6.248 0.226
6.245 0.226
6.230 0.226
6.226 0.226
6.222 0.225
6.226 0.226
6.252 0.230
6.256 0.231
6.256 0.231
6.260 0.231
6.256 0.231
6.256 0.230
6.256 0.233
6.257 0.234
6.239 0.234
6.235 0.233
6.239 0.234
6.235 0.235
6.239 0.235
6.261 0.240
6.264 0.241
6.209 0.242
6.206 0.242
6.202 0.241
6.206 0.242
6.184 0.240
6.184 0.239
6.180 0.238
6.184 0.239
6.181 0.240
6.178 0.241
6.178 0.242
6.175 0.243
6.172 0.244
6.169 0.245
6.166 0.245
6.163 0.246
6.166 0.245
6.169 0.245
6.172 0.244
6.175 0.243
6.178 0.242
6.181 0.241
6.172 0.235
6.171 0.234
6.174 0.234
6.177 0.233
6.174 0.233
6.174 0.234
6.171 0.234
6.178 0.226
6.178 0.225
6.174 0.225
6.177 0.223
6.173 0.223
6.176 0.222
6.176 0.221
6.175 0.220
6.175 0.219
6.178 0.218
6.182 0.217
6.185 0.217
6.181 0.217
6.182 0.217
6.178 0.218
6.175 0.219
6.171 0.220
6.172 0.221
6.176 0.222
6.173 0.223
6.180 0.214
6.184 0.213
6.179 0.212
6.175 0.213
6.250 0.215
6.254 0.216
6.258 0.216
6.258 0.215
6.254 0.215
6.317 0.209
6.321 0.210
6.333 0.207
6.330 0.207
6.333 0.207
6.337 0.208
6.412 0.204
6.416 0.205
6.435 0.200
6.439 0.200
6.443 0.201
6.446 0.202
6.450 0.203
6.447 0.202
6.443 0.201
6.439 0.200
6.468 0.201
6.469 0.201
6.474 0.200
6.478 0.200
6.474 0.199
6.479 0.199
6.484 0.198
6.488 0.198
6.493 0.197
6.498 0.197
6.503 0.197
6.507 0.197
6.510 0.198
6.513 0.199
6.517 0.199
6.520 0.200
6.519 0.201
6.522 0.202
6.517 0.203
6.522 0.202
6.526 0.202
6.531 0.202
6.534 0.203
6.538 0.203
6.542 0.203
6.545 0.204
6.549 0.204
6.553 0.205
6.557 0.205
6.561 0.205
6.557 0.205
6.553 0.205
6.550 0.204
6.546 0.203
6.543 0.202
6.539 0.202
6.534 0.203
6.531 0.202
6.527 0.202
6.523 0.201
6.520 0.200
6.517 0.199
6.514 0.198
6.510 0.198
6.507 0.197
6.503 0.197
6.498 0.197
6.494 0.197
6.493 0.197
6.488 0.198
6.484 0.198
6.479 0.199
6.474 0.199
6.470 0.200
6.469 0.201
6.462 0.208
6.461 0.209
6.446 0.208
6.441 0.209
6.445 0.209
6.500 0.211
6.503 0.211
6.507 0.212
6.511 0.212
6.508 0.211
6.509 0.210
6.506 0.209
6.507 0.208
6.508 0.207
6.504 0.207
6.503 0.208
6.506 0.209
6.505 0.210
6.504 0.211
6.510 0.206
6.510 0.205
6.515 0.204
6.511 0.204
6.510 0.205
6.506 0.206
6.570 0.205
6.573 0.205
6.577 0.205
6.581 0.205
6.585 0.206
6.589 0.206
6.593 0.206
6.595 0.207
6.600 0.207
6.606 0.206
6.607 0.205
6.608 0.205
6.609 0.204
6.608 0.205
6.603 0.205
6.602 0.206
6.600 0.207
6.595 0.207
6.593 0.206
6.589 0.206
6.585 0.206
6.581 0.205
6.577 0.205
6.573 0.205
6.587 0.199
6.584 0.198
6.582 0.197
6.579 0.196
6.580 0.195
6.577 0.194
6.582 0.193
6.588 0.193
6.593 0.192
6.599 0.192
6.600 0.191
6.599 0.192
6.593 0.192
6.588 0.193
6.582 0.193
6.577 0.194
6.573 0.194
6.568 0.194
6.565 0.193
6.561 0.193
6.555 0.194
6.552 0.192
6.548 0.192
6.544 0.192
6.548 0.192
6.552 0.192
6.555 0.194
6.561 0.193
6.564 0.194
6.568 0.194
6.573 0.194
6.577 0.194
6.580 0.195
6.579 0.196
6.582 0.197
6.584 0.198
6.619 0.201
6.624 0.200
6.637 0.200
6.640 0.202
6.638 0.202
6.641 0.203
6.635 0.204
6.638 0.205
6.636 0.206
6.639 0.207
6.637 0.208
6.636 0.208
6.638 0.209
6.637 0.210
6.639 0.211
6.637 0.210
6.638 0.209
6.636 0.208
6.637 0.208
6.639 0.207
6.636 0.206
6.638 0.205
6.639 0.204
6.641 0.203
6.638 0.202
6.640 0.202
6.636 0.199
6.638 0.198
6.639 0.197
6.640 0.196
6.642 0.196
6.647 0.195
6.649 0.194
6.651 0.193
6.652 0.193
6.650 0.192
6.655 0.191
6.661 0.191
6.667 0.190
6.668 0.189
6.667 0.190
6.661 0.191
6.655 0.191
6.650 0.192
6.647 0.191
6.649 0.190
6.646 0.189
6.644 0.188
6.646 0.189
6.649 0.190
6.647 0.191
6.650 0.192
6.652 0.193
6.646 0.193
6.645 0.194
6.647 0.195
6.642 0.196
6.640 0.196
6.639 0.197
6.638 0.198
6.679 0.204
6.678 0.205
6.676 0.205
6.678 0.206
6.677 0.207
6.675 0.208
6.674 0.209
6.672 0.210
6.671 0.210
6.676 0.210
6.674 0.209
6.675 0.208
6.677 0.207
6.678 0.206
6.680 0.206
6.681 0.205
6.679 0.204
6.685 0.203
6.686 0.203
6.688 0.202
6.693 0.201
6.695 0.201
6.693 0.200
6.694 0.199
6.692 0.198
6.694 0.197
6.699 0.197
6.701 0.196
6.703 0.195
6.709 0.195
6.710 0.194
6.716 0.193
6.718 0.193
6.724 0.192
6.725 0.191
6.731 0.191
6.735 0.191
6.739 0.192
6.741 0.193
6.739 0.192
6.745 0.191
6.751 0.191
6.757 0.191
6.762 0.190
6.764 0.190
6.759 0.190
6.753 0.190
6.751 0.191
6.745 0.191
6.739 0.192
6.737 0.191
6.733 0.190
6.731 0.189
6.729 0.188
6.727 0.189
6.731 0.189
6.733 0.190
6.731 0.191
6.725 0.191
6.724 0.192
6.718 0.193
6.716 0.193
6.710 0.194
6.709 0.195
6.703 0.195
6.701 0.196
6.699 0.197
6.694 0.197
6.692 0.198
6.694 0.199
6.693 0.200
6.691 0.200
6.693 0.201
6.688 0.202
6.686 0.203
6.685 0.203
6.701 0.202
6.705 0.202
6.708 0.203
6.710 0.204
6.712 0.203
6.717 0.203
6.721 0.203
6.725 0.203
6.727 0.203
6.732 0.202
6.728 0.202
6.727 0.203
6.721 0.203
6.717 0.203
6.712 0.203
6.708 0.203
6.705 0.202
6.739 0.201
6.745 0.201
6.747 0.202
6.751 0.202
6.752 0.203
6.756 0.204
6.760 0.204
6.761 0.205
6.765 0.206
6.769 0.206
6.770 0.207
6.774 0.208
6.775 0.209
6.777 0.210
6.772 0.210
6.777 0.210
6.779 0.211
6.780 0.212
6.779 0.211
6.777 0.210
6.775 0.209
6.774 0.208
6.770 0.207
6.769 0.206
6.767 0.205
6.763 0.205
6.760 0.204
6.756 0.204
6.752 0.203
6.751 0.202
6.747 0.202
6.745 0.201
6.747 0.200
6.745 0.199
6.743 0.198
6.741 0.197
6.743 0.196
6.741 0.195
6.739 0.196
6.741 0.197
6.743 0.198
6.745 0.199
6.743 0.200
6.745 0.201
6.784 0.209
6.790 0.208
6.795 0.208
6.797 0.207
6.795 0.208
6.790 0.208
6.811 0.204
6.813 0.203
6.818 0.203
6.824 0.203
6.818 0.203
6.813 0.203
6.817 0.192
6.813 0.192
6.807 0.192
6.801 0.192
6.797 0.192
6.791 0.192
6.788 0.192
6.791 0.192
6.797 0.192
6.801 0.192
6.807 0.192
6.813 0.192
6.785 0.186
6.787 0.185
6.789 0.185
6.795 0.184
6.801 0.184
6.798 0.184
6.795 0.184
6.789 0.185
6.787 0.185
6.781 0.186
6.779 0.186
6.753 0.181
6.749 0.181
6.747 0.181
6.745 0.182
6.747 0.181
6.753 0.179
6.757 0.180
6.749 0.175
6.743 0.175
6.740 0.174
6.736 0.174
6.732 0.174
6.728 0.173
6.723 0.173
6.719 0.173
6.714 0.172
6.710 0.172
6.706 0.172
6.699 0.172
6.695 0.172
6.690 0.171
6.688 0.170
6.683 0.170
6.681 0.171
6.675 0.171
6.681 0.171
6.688 0.170
6.690 0.171
6.695 0.172
6.699 0.172
6.706 0.172
6.708 0.173
6.712 0.173
6.717 0.173
6.721 0.174
6.725 0.174
6.730 0.174
6.734 0.175
6.738 0.175
6.743 0.175
6.691 0.179
6.687 0.179
6.719 0.186
6.723 0.187
6.819 0.180
6.826 0.180
6.855 0.182
6.857 0.183
6.858 0.184
6.859 0.186
6.861 0.187
6.858 0.187
6.860 0.189
6.861 0.190
6.862 0.191
6.860 0.192
6.861 0.193
6.860 0.192
6.862 0.191
6.861 0.190
6.860 0.189
6.862 0.188
6.861 0.187
6.859 0.186
6.866 0.185
6.859 0.186
6.858 0.184
6.857 0.183
6.880 0.174
6.879 0.173
6.881 0.172
6.880 0.171
6.879 0.170
6.880 0.171
6.877 0.172
6.879 0.173
6.880 0.168
6.879 0.167
6.882 0.166
6.880 0.165
6.877 0.166
6.879 0.167
6.845 0.163
6.841 0.163
6.936 0.167
6.940 0.167
6.944 0.168
6.947 0.168
6.948 0.169
6.952 0.170
6.953 0.171
6.952 0.170
6.948 0.169
6.947 0.168
6.944 0.168
6.940 0.167
7.049 0.162
7.052 0.162
7.052 0.161
7.052 0.160
7.048 0.159
7.048 0.158
7.052 0.157
7.052 0.156
7.055 0.156
7.059 0.155
7.063 0.154
7.067 0.154
7.059 0.154
7.059 0.155
7.055 0.156
7.052 0.156
7.048 0.157
7.048 0.158
7.048 0.159
7.052 0.160
7.052 0.161
7.037 0.156
7.033 0.156
7.074 0.150
7.075 0.149
7.075 0.148
7.067 0.148
7.063 0.147
7.063 0.146
7.058 0.146
7.058 0.144
7.058 0.143
7.054 0.144
7.050 0.144
7.042 0.144
7.038 0.144
7.034 0.145
7.026 0.145
7.022 0.144
7.026 0.145
7.034 0.145
7.042 0.144
7.050 0.144
7.058 0.144
7.058 0.146
7.063 0.146
7.063 0.147
7.067 0.148
7.071 0.149
7.075 0.149
7.074 0.150
7.078 0.151
7.086 0.151
7.094 0.151
7.102 0.151
7.105 0.152
7.113 0.152
7.117 0.152
7.125 0.152
7.132 0.152
7.136 0.153
7.140 0.152
7.148 0.153
7.155 0.153
7.160 0.152
7.164 0.152
7.172 0.152
7.176 0.151
7.184 0.151
7.191 0.151
7.195 0.152
7.202 0.152
7.210 0.152
7.218 0.153
7.216 0.154
7.215 0.155
7.214 0.156
7.217 0.157
7.216 0.158
7.215 0.159
7.208 0.159
7.207 0.160
7.200 0.160
7.195 0.160
7.191 0.161
7.184 0.161
7.180 0.161
7.176 0.162
7.169 0.162
7.168 0.163
7.164 0.163
7.160 0.164
7.160 0.165
7.152 0.165
7.160 0.165
7.159 0.166
7.162 0.167
7.165 0.168
7.172 0.168
7.175 0.168
7.182 0.168
7.185 0.169
7.192 0.169
7.199 0.169
7.202 0.170
7.205 0.171
7.208 0.171
7.211 0.172
7.214 0.173
7.217 0.173
7.218 0.172
7.215 0.172
7.212 0.171
7.209 0.170
7.206 0.170
7.199 0.169
7.192 0.169
7.185 0.169
7.182 0.168
7.175 0.168
7.172 0.168
7.165 0.168
7.166 0.166
7.159 0.166
7.160 0.165
7.160 0.164
7.164 0.163
7.168 0.163
7.169 0.162
7.176 0.162
7.180 0.161
7.184 0.161
7.191 0.161
7.199 0.161
7.198 0.162
7.197 0.163
7.200 0.164
7.199 0.165
7.198 0.166
7.201 0.167
7.198 0.166
7.199 0.165
7.200 0.164
7.197 0.163
7.198 0.162
7.199 0.161
7.200 0.160
7.207 0.160
7.208 0.159
7.215 0.159
7.222 0.159
7.230 0.159
7.233 0.160
7.236 0.161
7.235 0.162
7.236 0.161
7.243 0.161
7.250 0.161
7.253 0.162
7.260 0.162
7.259 0.163
7.260 0.162
7.267 0.162
7.274 0.163
7.277 0.163
7.284 0.164
7.283 0.165
7.279 0.165
7.281 0.166
7.283 0.165
7.284 0.164
7.291 0.164
7.298 0.164
7.303 0.164
7.298 0.164
7.291 0.164
7.284 0.164
7.277 0.163
7.274 0.163
7.267 0.162
7.260 0.162
7.257 0.161
7.250 0.161
7.243 0.161
7.236 0.161
7.233 0.160
7.230 0.159
7.222 0.159
7.215 0.159
7.216 0.158
7.217 0.157
7.219 0.156
7.220 0.154
7.216 0.154
7.218 0.153
7.210 0.152
7.207 0.152
7.199 0.152
7.191 0.151
7.184 0.151
7.176 0.151
7.172 0.152
7.164 0.152
7.156 0.151
7.152 0.152
7.148 0.153
7.140 0.152
7.132 0.152
7.125 0.152
7.121 0.152
7.113 0.152
7.105 0.152
7.102 0.151
7.094 0.151
7.086 0.151
7.078 0.151
7.050 0.142
7.050 0.141
7.016 0.140
7.012 0.141
7.001 0.135
6.996 0.134
7.014 0.134
7.018 0.135
6.947 0.133
6.946 0.132
6.945 0.131
6.948 0.130
6.943 0.130
6.942 0.128
6.937 0.128
6.936 0.127
6.945 0.127
6.936 0.127
6.927 0.127
6.921 0.126
6.912 0.127
6.907 0.126
6.898 0.126
6.892 0.126
6.883 0.126
6.881 0.125
6.872 0.125
6.870 0.124
6.868 0.123
6.872 0.122
6.870 0.121
6.874 0.120
6.872 0.119
6.870 0.118
6.868 0.117
6.866 0.116
6.864 0.114
6.862 0.113
6.860 0.112
6.864 0.111
6.862 0.110
6.860 0.109
6.853 0.109
6.860 0.109
6.862 0.110
6.858 0.111
6.860 0.112
6.856 0.113
6.862 0.113
6.864 0.114
6.866 0.116
6.868 0.117
6.870 0.118
6.872 0.119
6.874 0.120
6.870 0.121
6.872 0.122
6.868 0.123
6.870 0.124
6.872 0.125
6.878 0.126
6.883 0.126
6.892 0.126
6.898 0.126
6.907 0.126
6.912 0.127
6.921 0.126
6.927 0.127
6.936 0.127
6.937 0.128
6.942 0.128
6.943 0.130
6.945 0.131
6.946 0.132
6.942 0.133
6.943 0.134
6.944 0.135
6.943 0.134
6.934 0.138
6.935 0.139
6.931 0.140
6.933 0.141
6.929 0.142
6.930 0.143
6.927 0.144
6.923 0.144
6.915 0.144
6.916 0.146
6.915 0.144
6.923 0.144
6.928 0.145
6.931 0.144
6.930 0.143
6.929 0.142
6.933 0.141
6.931 0.140
6.935 0.139
6.953 0.145
6.957 0.146
6.966 0.146
6.957 0.146
6.847 0.146
6.842 0.145
6.840 0.144
6.835 0.144
6.830 0.143
6.828 0.142
6.826 0.141
6.824 0.140
6.819 0.139
6.814 0.139
6.806 0.139
6.800 0.139
6.795 0.138
6.793 0.137
6.791 0.136
6.788 0.135
6.786 0.134
6.780 0.133
6.786 0.134
6.788 0.135
6.791 0.136
6.793 0.137
6.795 0.138
6.792 0.139
6.789 0.140
6.781 0.140
6.779 0.141
6.781 0.140
6.789 0.140
6.798 0.140
6.806 0.139
6.814 0.139
6.816 0.140
6.821 0.140
6.826 0.141
6.828 0.142
6.830 0.143
6.835 0.144
6.840 0.144
6.842 0.145
6.812 0.126
6.821 0.126
6.830 0.126
6.839 0.125
6.848 0.125
6.857 0.125
6.848 0.125
6.839 0.125
6.830 0.126
6.821 0.126
6.762 0.124
6.759 0.123
6.753 0.122
6.750 0.121
6.753 0.120
6.750 0.119
6.753 0.119
6.756 0.118
6.753 0.117
6.750 0.116
6.760 0.115
6.763 0.114
6.766 0.114
6.770 0.113
6.780 0.113
6.783 0.112
6.777 0.112
6.780 0.113
6.770 0.113
6.766 0.114
6.763 0.114
6.753 0.115
6.750 0.116
6.753 0.117
6.756 0.118
6.753 0.119
6.750 0.119
6.753 0.120
6.744 0.121
6.738 0.120
6.728 0.121
6.719 0.121
6.713 0.121
6.707 0.120
6.700 0.120
6.694 0.120
6.688 0.119
6.681 0.119
6.675 0.119
6.671 0.118
6.680 0.117
6.671 0.118
6.662 0.118
6.658 0.117
6.651 0.117
6.644 0.117
6.638 0.116
6.631 0.116
6.624 0.116
6.615 0.116
6.608 0.116
6.599 0.116
6.608 0.116
6.615 0.116
6.624 0.116
6.629 0.117
6.635 0.117
6.642 0.117
6.649 0.118
6.655 0.118
6.662 0.118
6.671 0.118
6.675 0.119
6.681 0.119
6.688 0.119
6.694 0.120
6.700 0.120
6.707 0.120
6.713 0.121
6.719 0.121
6.728 0.121
6.738 0.120
6.744 0.121
6.750 0.121
6.753 0.122
6.759 0.123
6.791 0.110
6.794 0.110
6.784 0.110
6.818 0.105
6.828 0.105
6.839 0.105
6.846 0.105
6.853 0.106
6.855 0.107
6.853 0.106
6.864 0.105
6.870 0.106
6.881 0.106
6.887 0.106
6.898 0.106
6.900 0.107
6.907 0.108
6.913 0.108
6.919 0.109
6.930 0.108
6.936 0.109
6.930 0.108
6.919 0.109
6.917 0.107
6.911 0.107
6.905 0.106
6.898 0.106
6.887 0.106
6.881 0.106
6.870 0.106
6.864 0.105
6.853 0.106
6.846 0.105
6.839 0.105
6.828 0.105
6.822 0.105
6.819 0.104
6.816 0.102
6.812 0.103
6.815 0.104
6.791 0.102
6.780 0.102
6.765 0.101
6.769 0.101
6.762 0.100
6.751 0.101
6.743 0.100
6.736 0.100
6.732 0.099
6.724 0.098
6.716 0.098
6.712 0.097
6.704 0.097
6.697 0.096
6.692 0.095
6.684 0.095
6.676 0.095
6.681 0.096
6.689 0.096
6.697 0.096
6.704 0.097
6.712 0.097
6.716 0.098
6.713 0.099
6.721 0.099
6.732 0.099
6.736 0.100
6.743 0.100
6.751 0.101
6.762 0.100
6.826 0.099
6.830 0.098
6.827 0.097
6.839 0.097
6.844 0.096
6.848 0.096
6.853 0.095
6.858 0.094
6.863 0.093
6.867 0.093
6.872 0.092
6.870 0.091
6.883 0.091
6.888 0.090
6.893 0.089
6.899 0.089
6.904 0.088
6.910 0.087
6.907 0.086
6.913 0.085
6.927 0.085
6.940 0.085
6.927 0.085
6.913 0.085
6.911 0.084
6.913 0.085
6.907 0.086
6.910 0.087
6.896 0.087
6.891 0.088
6.885 0.089
6.880 0.090
6.883 0.091
6.870 0.091
6.872 0.092
6.860 0.092
6.855 0.093
6.850 0.094
6.846 0.094
6.841 0.095
6.836 0.096
6.832 0.097
6.827 0.097
6.830 0.098
6.908 0.097
6.920 0.097
6.932 0.097
6.933 0.098
6.935 0.099
6.933 0.098
6.932 0.097
6.937 0.096
6.942 0.096
6.948 0.095
6.953 0.094
6.959 0.094
6.964 0.093
6.970 0.093
6.976 0.092
6.981 0.091
6.987 0.091
6.986 0.089
6.987 0.091
6.981 0.091
6.976 0.092
6.970 0.093
6.964 0.093
6.959 0.094
6.953 0.094
6.948 0.095
6.942 0.096
6.937 0.096
6.932 0.097
6.920 0.097
6.970 0.104
6.971 0.106
6.967 0.107
6.968 0.109
6.963 0.109
6.953 0.109
6.954 0.110
6.949 0.111
6.950 0.112
6.952 0.113
6.947 0.114
6.937 0.114
6.947 0.114
6.953 0.115
6.954 0.116
6.960 0.116
6.961 0.117
6.960 0.116
6.954 0.116
6.953 0.115
6.952 0.113
6.950 0.112
6.949 0.111
6.954 0.110
6.953 0.109
6.963 0.109
6.968 0.109
6.979 0.108
6.984 0.108
6.995 0.108
7.000 0.107
7.005 0.106
7.000 0.107
6.995 0.108
6.984 0.108
6.979 0.108
6.968 0.109
6.928 0.116
6.918 0.116
6.914 0.116
6.918 0.116
6.977 0.119
6.978 0.120
6.974 0.121
6.978 0.120
6.977 0.119
6.987 0.119
7.006 0.118
7.016 0.118
7.026 0.117
7.036 0.117
7.041 0.117
7.046 0.116
7.041 0.117
7.031 0.117
7.021 0.117
7.016 0.118
7.076 0.114
7.081 0.114
7.087 0.114
7.092 0.112
7.092 0.111
7.103 0.111
7.092 0.111
7.077 0.108
7.077 0.107
7.077 0.108
7.066 0.108
7.138 0.105
7.139 0.104
7.140 0.103
7.146 0.102
7.152 0.102
7.153 0.101
7.147 0.101
7.141 0.102
7.140 0.103
7.139 0.104
7.171 0.100
7.178 0.100
7.190 0.100
7.196 0.099
7.198 0.098
7.205 0.098
7.211 0.097
7.218 0.097
7.220 0.096
7.232 0.096
7.234 0.095
7.241 0.094
7.249 0.094
7.251 0.092
7.249 0.094
7.241 0.094
7.234 0.095
7.227 0.095
7.220 0.096
7.218 0.097
7.211 0.097
7.205 0.098
7.198 0.098
7.191 0.099
7.184 0.099
7.178 0.100
7.128 0.094
7.121 0.095
7.128 0.094
7.129 0.093
7.130 0.092
7.136 0.091
7.149 0.091
7.162 0.091
7.169 0.091
7.162 0.091
7.149 0.091
7.143 0.091
7.130 0.090
7.131 0.089
7.132 0.088
7.131 0.089
7.130 0.090
7.124 0.091
7.123 0.092
7.110 0.092
7.097 0.092
7.091 0.092
7.085 0.092
7.078 0.093
7.085 0.092
7.097 0.092
7.110 0.092
7.123 0.092
7.129 0.093
7.053 0.095
7.047 0.096
7.047 0.097
7.041 0.097
7.042 0.099
7.030 0.099
7.024 0.099
7.012 0.099
7.007 0.100
7.013 0.100
7.012 0.099
7.024 0.099
7.030 0.099
7.042 0.099
7.048 0.099
7.042 0.099
7.041 0.097
7.047 0.097
7.047 0.096
7.065 0.086
7.065 0.084
7.065 0.083
7.072 0.083
7.079 0.082
7.087 0.082
7.094 0.081
7.102 0.080
7.109 0.080
7.117 0.079
7.125 0.079
7.133 0.078
7.141 0.078
7.149 0.077
7.157 0.076
7.166 0.076
7.174 0.075
7.176 0.074
7.191 0.074
7.176 0.074
7.174 0.075
7.166 0.076
7.157 0.076
7.149 0.077
7.141 0.078
7.133 0.078
7.125 0.079
7.117 0.079
7.109 0.080
7.102 0.080
7.094 0.081
7.087 0.082
7.079 0.082
7.072 0.083
7.065 0.083
7.051 0.083
7.037 0.083
7.051 0.083
7.065 0.083
7.065 0.084
6.990 0.079
6.989 0.078
6.996 0.077
7.003 0.076
7.010 0.076
7.018 0.075
7.025 0.074
7.033 0.074
7.049 0.074
7.048 0.073
7.048 0.072
7.064 0.071
7.081 0.071
7.064 0.071
7.064 0.070
7.064 0.069
7.064 0.070
7.064 0.071
7.048 0.072
7.040 0.072
7.040 0.073
7.033 0.074
7.017 0.074
7.009 0.075
7.002 0.075
6.995 0.076
6.988 0.076
6.989 0.078
6.982 0.078
6.967 0.078
6.959 0.078
6.967 0.078
6.982 0.078
6.983 0.079
6.948 0.071
6.946 0.070
6.953 0.069
6.961 0.068
6.959 0.067
6.967 0.067
6.975 0.066
6.983 0.065
6.981 0.064
6.990 0.063
7.008 0.063
7.027 0.063
7.036 0.063
7.027 0.063
7.008 0.063
6.990 0.063
6.988 0.062
6.978 0.062
6.976 0.061
6.985 0.060
6.983 0.059
6.993 0.058
6.991 0.057
7.012 0.057
6.991 0.057
6.989 0.056
6.999 0.055
6.998 0.054
7.008 0.053
7.007 0.052
6.996 0.053
6.998 0.054
6.988 0.055
6.989 0.056
6.991 0.057
6.982 0.058
6.983 0.059
6.974 0.059
6.976 0.061
6.978 0.062
6.988 0.062
6.990 0.063
6.981 0.064
6.983 0.065
6.965 0.065
6.967 0.067
6.959 0.067
6.961 0.068
6.953 0.069
6.946 0.070
6.847 0.071
6.843 0.070
6.833 0.069
6.843 0.070
6.847 0.071
6.850 0.072
6.854 0.073
6.863 0.074
6.854 0.073
6.850 0.072
6.818 0.068
6.802 0.068
6.791 0.068
6.774 0.068
6.769 0.067
6.758 0.066
6.747 0.066
6.730 0.066
6.725 0.067
6.708 0.068
6.703 0.068
6.687 0.069
6.698 0.069
6.703 0.068
6.708 0.068
6.725 0.067
6.741 0.067
6.752 0.067
6.763 0.068
6.774 0.068
6.791 0.068
6.802 0.068
6.843 0.062
6.839 0.061
6.834 0.060
6.842 0.059
6.837 0.058
6.857 0.057
6.853 0.056
6.873 0.056
6.869 0.055
6.878 0.054
6.886 0.054
6.882 0.052
6.891 0.052
6.901 0.051
6.923 0.051
6.920 0.050
6.943 0.050
6.967 0.049
6.980 0.050
6.993 0.050
7.004 0.050
6.980 0.050
6.967 0.049
6.943 0.050
6.940 0.048
6.943 0.050
6.920 0.050
6.910 0.050
6.901 0.051
6.891 0.052
6.882 0.052
6.886 0.054
6.878 0.054
6.869 0.055
6.873 0.056
6.853 0.056
6.857 0.057
6.837 0.058
6.830 0.058
6.822 0.059
6.803 0.059
6.822 0.059
6.834 0.060
6.839 0.061
6.689 0.071
6.678 0.070
6.684 0.071
6.680 0.072
6.686 0.073
6.696 0.074
6.690 0.072
6.695 0.072
6.727 0.076
6.742 0.076
6.747 0.077
6.756 0.078
6.771 0.077
6.775 0.078
6.785 0.079
6.789 0.080
6.798 0.080
6.802 0.081
6.797 0.082
6.800 0.083
6.787 0.084
6.791 0.085
6.786 0.085
6.790 0.087
6.785 0.087
6.772 0.088
6.768 0.088
6.755 0.089
6.764 0.089
6.767 0.090
6.771 0.091
6.775 0.093
6.771 0.091
6.767 0.090
6.764 0.089
6.768 0.088
6.772 0.088
6.785 0.087
6.790 0.087
6.786 0.085
6.791 0.085
6.796 0.084
6.800 0.083
6.797 0.082
6.802 0.081
6.816 0.081
6.830 0.081
6.844 0.081
6.858 0.080
6.844 0.081
6.830 0.081
6.816 0.081
6.802 0.081
6.798 0.080
6.789 0.080
6.785 0.079
6.775 0.078
6.771 0.077
6.761 0.077
6.752 0.076
6.742 0.076
6.708 0.078
6.704 0.078
6.690 0.079
6.696 0.080
6.682 0.080
6.678 0.081
6.683 0.082
6.670 0.083
6.666 0.083
6.672 0.085
6.659 0.085
6.656 0.086
6.661 0.087
6.649 0.087
6.654 0.088
6.642 0.089
6.630 0.089
6.642 0.089
6.651 0.089
6.656 0.090
6.653 0.091
6.649 0.092
6.658 0.092
6.661 0.091
6.656 0.090
6.651 0.089
6.654 0.088
6.649 0.087
6.661 0.087
6.656 0.086
6.659 0.085
6.672 0.085
6.676 0.084
6.680 0.083
6.683 0.082
6.678 0.081
6.682 0.080
6.696 0.080
6.700 0.079
6.714 0.079
7.093 0.062
7.112 0.062
7.121 0.062
7.120 0.063
7.128 0.064
7.137 0.065
7.145 0.065
7.154 0.066
7.171 0.066
7.179 0.067
7.177 0.068
7.185 0.068
7.192 0.069
7.209 0.069
7.192 0.069
7.195 0.068
7.177 0.068
7.179 0.067
7.171 0.066
7.154 0.066
7.155 0.065
7.147 0.064
7.138 0.063
7.120 0.063
7.121 0.062
7.122 0.061
7.141 0.061
7.122 0.061
7.112 0.062
7.223 0.071
7.230 0.071
7.228 0.072
7.244 0.073
7.228 0.072
7.230 0.071
7.257 0.074
7.263 0.075
7.260 0.076
7.263 0.075
7.278 0.075
7.284 0.076
7.294 0.075
7.309 0.075
7.324 0.076
7.309 0.075
7.294 0.075
7.278 0.075
7.263 0.075
7.255 0.081
7.246 0.082
7.235 0.083
7.222 0.083
7.206 0.084
7.192 0.084
7.198 0.085
7.211 0.085
7.244 0.086
7.247 0.085
7.321 0.084
7.326 0.084
7.331 0.085
7.328 0.086
7.332 0.087
7.329 0.088
7.321 0.088
7.329 0.088
7.332 0.087
7.345 0.087
7.341 0.086
7.336 0.086
7.340 0.085
7.335 0.084
7.330 0.083
7.325 0.082
7.328 0.081
7.337 0.081
7.332 0.080
7.328 0.081
7.325 0.082
7.322 0.090
7.319 0.091
7.324 0.092
7.320 0.093
7.324 0.092
7.319 0.091
7.351 0.119
7.349 0.120
7.339 0.120
7.349 0.120
7.355 0.122
7.352 0.123
7.356 0.124
7.352 0.123
7.414 0.119
7.417 0.120
7.420 0.119
7.318 0.132
7.310 0.132
7.332 0.137
7.330 0.138
7.327 0.139
7.330 0.140
7.333 0.141
7.331 0.142
7.329 0.143
7.332 0.144
7.329 0.143
7.331 0.142
7.333 0.141
7.330 0.140
7.327 0.139
7.330 0.138
7.335 0.138
7.325 0.145
7.323 0.146
7.315 0.146
7.312 0.145
7.307 0.146
7.299 0.145
7.294 0.146
7.299 0.145
7.307 0.146
7.315 0.146
7.323 0.146
7.331 0.147
7.329 0.148
7.331 0.148
7.334 0.149
7.337 0.150
7.340 0.151
7.342 0.151
7.350 0.152
7.348 0.153
7.350 0.153
7.348 0.153
7.350 0.152
7.342 0.151
7.340 0.151
7.337 0.150
7.334 0.149
7.331 0.148
7.329 0.148
7.331 0.147
7.323 0.146
7.272 0.147
7.269 0.146
7.264 0.147
7.260 0.147
7.252 0.147
7.253 0.146
7.252 0.147
7.250 0.148
7.243 0.148
7.246 0.149
7.250 0.148
7.252 0.147
7.260 0.147
7.268 0.147
7.237 0.149
7.233 0.149
7.229 0.149
7.232 0.150
7.270 0.166
7.269 0.167
7.265 0.168
7.260 0.168
7.256 0.169
7.252 0.169
7.245 0.169
7.244 0.170
7.248 0.170
7.252 0.169
7.256 0.169
7.260 0.168
7.265 0.168
7.269 0.167
7.273 0.167
7.225 0.175
7.228 0.176
7.275 0.188
7.277 0.189
7.276 0.190
7.274 0.191
7.276 0.190
7.277 0.189
7.270 0.193
7.268 0.194
7.267 0.195
7.261 0.195
7.255 0.195
7.249 0.195
7.255 0.195
7.261 0.195
7.267 0.195
7.266 0.197
7.265 0.198
7.264 0.199
7.263 0.200
7.265 0.201
7.267 0.201
7.265 0.201
7.266 0.200
7.267 0.198
7.268 0.197
7.266 0.197
7.267 0.195
7.268 0.194
7.274 0.194
7.268 0.194
7.284 0.194
7.290 0.194
7.296 0.195
7.290 0.194
7.309 0.199
7.311 0.200
7.296 0.204
7.291 0.204
7.285 0.204
7.280 0.204
7.274 0.203
7.276 0.204
7.282 0.204
7.287 0.205
7.293 0.205
7.299 0.207
7.305 0.207
7.307 0.208
7.309 0.209
7.315 0.209
7.320 0.209
7.322 0.210
7.327 0.210
7.326 0.211
7.325 0.213
7.326 0.211
7.327 0.210
7.333 0.211
7.327 0.210
7.322 0.210
7.320 0.209
7.315 0.209
7.309 0.209
7.307 0.208
7.305 0.207
7.303 0.207
7.346 0.207
7.350 0.207
7.351 0.206
7.350 0.207
7.382 0.209
7.386 0.208
7.388 0.207
7.389 0.206
7.393 0.206
7.395 0.205
7.397 0.204
7.400 0.203
7.406 0.204
7.411 0.204
7.415 0.204
7.420 0.204
7.424 0.204
7.430 0.204
7.433 0.204
7.430 0.204
7.424 0.204
7.420 0.204
7.415 0.204
7.411 0.204
7.406 0.204
7.400 0.203
7.397 0.204
7.395 0.205
7.393 0.206
7.389 0.206
7.388 0.207
7.386 0.208
7.383 0.214
7.388 0.215
7.393 0.215
7.391 0.216
7.393 0.217
7.398 0.217
7.393 0.217
7.391 0.216
7.393 0.215
7.388 0.215
7.404 0.201
7.406 0.200
7.404 0.199
7.406 0.200
7.384 0.200
7.382 0.199
7.380 0.199
7.378 0.198
7.376 0.197
7.374 0.197
7.376 0.195
7.378 0.194
7.380 0.193
7.384 0.193
7.389 0.193
7.393 0.193
7.399 0.193
7.401 0.192
7.405 0.192
7.407 0.191
7.411 0.190
7.409 0.189
7.407 0.191
7.405 0.192
7.401 0.192
7.399 0.193
7.393 0.193
7.389 0.193
7.384 0.193
7.378 0.192
7.374 0.193
7.368 0.192
7.374 0.193
7.376 0.194
7.378 0.194
7.376 0.195
7.374 0.197
7.376 0.197
7.378 0.198
7.380 0.199
7.382 0.199
7.357 0.187
7.359 0.186
7.361 0.185
7.363 0.184
7.367 0.183
7.371 0.183
7.375 0.182
7.377 0.181
7.383 0.182
7.387 0.181
7.383 0.182
7.377 0.181
7.373 0.182
7.369 0.182
7.365 0.182
7.361 0.183
7.357 0.183
7.351 0.183
7.344 0.183
7.338 0.182
7.332 0.182
7.338 0.182
7.344 0.183
7.351 0.183
7.357 0.183
7.359 0.184
7.361 0.185
7.359 0.186
7.256 0.207
7.255 0.208
7.252 0.209
7.251 0.210
7.252 0.209
7.255 0.208
7.329 0.241
7.331 0.242
7.317 0.247
7.316 0.249
7.315 0.250
7.314 0.251
7.313 0.252
7.314 0.253
7.313 0.252
7.314 0.251
7.315 0.250
7.316 0.249
7.564 0.186
7.563 0.185
7.564 0.184
7.568 0.183
7.572 0.182
7.566 0.182
7.568 0.183
7.567 0.179
7.565 0.178
7.574 0.178
7.573 0.177
7.576 0.176
7.580 0.175
7.578 0.174
7.580 0.175
7.576 0.176
7.573 0.177
7.392 0.145
7.384 0.145
7.387 0.146
7.215 0.123
7.217 0.122
7.130 0.119
7.126 0.119
7.121 0.118
7.126 0.119
6.348 0.135
6.342 0.135
6.346 0.140
6.345 0.141
6.372 0.145
6.372 0.146
6.377 0.146
6.383 0.146
6.389 0.146
6.383 0.146
6.377 0.146
6.340 0.153
6.335 0.153
6.334 0.156
6.334 0.157
6.328 0.157
6.334 0.157
6.280 0.141
6.274 0.141
6.280 0.141
6.286 0.141
6.292 0.140
6.292 0.139
6.292 0.140
6.286 0.141
6.195 0.118
6.194 0.117
6.187 0.117
6.180 0.117
6.173 0.117
6.174 0.118
6.181 0.118
6.188 0.118
6.112 0.115
6.105 0.115
6.099 0.116
6.105 0.115
6.110 0.113
6.108 0.112
5.953 0.112
5.949 0.113
5.944 0.114
5.949 0.113
5.727 0.162
5.720 0.161
5.727 0.162
5.730 0.162
5.737 0.163
5.744 0.163
5.747 0.164
5.745 0.165
5.748 0.165
5.746 0.167
5.748 0.167
5.747 0.168
5.749 0.169
5.747 0.170
5.750 0.171
5.752 0.172
5.751 0.173
5.753 0.174
5.751 0.175
5.754 0.175
5.760 0.176
5.758 0.177
5.761 0.178
5.767 0.178
5.770 0.179
5.772 0.179
5.778 0.180
5.780 0.180
5.787 0.181
5.789 0.181
5.795 0.182
5.793 0.183
5.795 0.184
5.793 0.185
5.795 0.186
5.794 0.187
5.796 0.187
5.794 0.189
5.796 0.189
5.798 0.190
5.800 0.191
5.802 0.191
5.804 0.192
5.806 0.193
5.808 0.194
5.810 0.194
5.812 0.195
5.814 0.196
5.820 0.196
5.821 0.197
5.827 0.197
5.829 0.198
5.835 0.199
5.836 0.199
5.842 0.200
5.844 0.200
5.849 0.201
5.851 0.202
5.856 0.202
5.854 0.203
5.856 0.204
5.854 0.205
5.856 0.206
5.854 0.207
5.855 0.208
5.853 0.209
5.855 0.209
5.853 0.211
5.855 0.211
5.856 0.212
5.854 0.213
5.856 0.214
5.861 0.214
5.863 0.215
5.864 0.216
5.866 0.217
5.867 0.217
5.873 0.218
5.874 0.219
5.876 0.219
5.877 0.220
5.875 0.221
5.877 0.222
5.881 0.222
5.880 0.223
5.881 0.224
5.882 0.225
5.880 0.226
5.882 0.227
5.887 0.227
5.888 0.228
5.890 0.229
5.894 0.229
5.896 0.230
5.900 0.231
5.902 0.231
5.903 0.232
5.901 0.233
5.902 0.234
5.907 0.234
5.905 0.235
5.906 0.236
5.904 0.237
5.909 0.238
5.910 0.239
5.911 0.239
5.916 0.240
5.917 0.241
5.916 0.240
5.911 0.239
5.910 0.239
5.909 0.238
5.904 0.237
5.906 0.236
5.905 0.235
5.907 0.234
5.902 0.234
5.901 0.233
5.903 0.232
5.902 0.231
5.900 0.231
5.896 0.230
5.894 0.229
5.890 0.229
5.888 0.228
5.887 0.227
5.882 0.227
5.880 0.226
5.882 0.225
5.881 0.224
5.880 0.223
5.881 0.222
5.877 0.222
5.875 0.221
5.877 0.220
5.876 0.219
5.874 0.219
5.873 0.218
5.867 0.217
5.869 0.216
5.864 0.216
5.863 0.215
5.861 0.214
5.856 0.214
5.854 0.213
5.856 0.212
5.855 0.211
5.853 0.211
5.855 0.209
5.853 0.209
5.855 0.208
5.854 0.207
5.856 0.206
5.854 0.205
5.856 0.204
5.854 0.203
5.856 0.202
5.851 0.202
5.849 0.201
5.844 0.200
5.842 0.200
5.836 0.199
5.835 0.199
5.829 0.198
5.827 0.197
5.821 0.197
5.820 0.196
5.814 0.196
5.816 0.195
5.810 0.194
5.808 0.194
5.806 0.193
5.804 0.192
5.802 0.191
5.800 0.191
5.798 0.190
5.800 0.189
5.794 0.189
5.796 0.187
5.794 0.187
5.795 0.186
5.793 0.185
5.795 0.184
5.793 0.183
5.795 0.182
5.789 0.181
5.787 0.181
5.780 0.180
5.778 0.180
5.772 0.179
5.770 0.179
5.767 0.178
5.761 0.178
5.763 0.176
5.760 0.176
5.754 0.175
5.755 0.174
5.753 0.174
5.751 0.173
5.752 0.172
5.750 0.171
5.747 0.170
5.749 0.169
5.747 0.168
5.748 0.167
5.746 0.167
5.748 0.165
5.745 0.165
5.747 0.164
5.744 0.163
5.737 0.163
5.730 0.162
6.196 0.167
6.201 0.168
6.207 0.169
6.212 0.169
6.217 0.170
6.217 0.171
6.222 0.171
6.217 0.170
6.212 0.169
6.207 0.169
6.201 0.168
6.399 0.198
6.403 0.198
6.407 0.199
6.403 0.198
6.647 0.212
6.650 0.212
6.219 0.253
6.216 0.253
6.209 0.253
6.206 0.253
6.206 0.254
6.209 0.254
6.213 0.254
6.209 0.254
6.196 0.254
6.193 0.253
6.189 0.253
6.186 0.252
6.183 0.253
6.179 0.252
6.183 0.253
6.186 0.252
6.189 0.253
6.193 0.253
6.172 0.252
6.169 0.253
6.167 0.254
6.164 0.255
6.161 0.256
6.158 0.257
6.155 0.258
6.152 0.258
6.150 0.259
6.152 0.258
6.155 0.258
6.158 0.257
6.161 0.257
6.164 0.256
6.167 0.255
6.167 0.254
6.169 0.253
6.172 0.252
6.172 0.251
6.172 0.250
6.168 0.250
6.172 0.251
6.136 0.246
6.133 0.247
6.123 0.248
6.122 0.247
6.120 0.248
6.127 0.254
6.127 0.254
6.131 0.255
6.131 0.256
6.135 0.257
6.131 0.256
6.131 0.255
6.127 0.254
6.136 0.258
6.137 0.259
6.134 0.260
6.131 0.260
6.128 0.261
6.125 0.262
6.123 0.263
6.120 0.263
6.116 0.262
6.120 0.263
6.123 0.264
6.123 0.263
6.125 0.262
6.128 0.262
6.131 0.261
6.134 0.260
6.137 0.259
6.139 0.258
6.143 0.259
6.139 0.258
6.151 0.263
6.155 0.263
6.152 0.264
6.153 0.265
6.156 0.265
6.152 0.264
6.155 0.263
6.127 0.265
6.125 0.266
6.128 0.267
6.129 0.268
6.132 0.268
6.136 0.269
6.133 0.270
6.137 0.271
6.136 0.270
6.136 0.269
6.132 0.268
6.129 0.268
6.128 0.267
6.128 0.266
6.110 0.264
6.107 0.264
6.076 0.270
6.073 0.269
6.076 0.270
6.077 0.270
6.078 0.271
6.077 0.270
6.080 0.274
6.080 0.274
6.081 0.275
6.078 0.276
6.075 0.276
6.073 0.277
6.070 0.277
6.066 0.276
6.062 0.275
6.062 0.275
6.058 0.274
6.057 0.273
6.054 0.273
6.051 0.273
6.047 0.272
6.051 0.273
6.054 0.273
6.058 0.274
6.059 0.275
6.062 0.275
6.063 0.276
6.064 0.277
6.061 0.278
6.064 0.277
6.067 0.277
6.070 0.277
6.073 0.277
6.075 0.276
6.078 0.276
6.082 0.277
6.078 0.276
6.081 0.275
6.080 0.274
6.096 0.275
6.097 0.276
6.097 0.277
6.101 0.278
6.097 0.277
6.100 0.276
6.105 0.279
6.105 0.280
6.106 0.281
6.103 0.282
6.104 0.282
6.103 0.282
6.106 0.281
6.109 0.281
6.112 0.281
6.109 0.281
6.105 0.280
6.087 0.283
6.083 0.283
6.080 0.283
6.077 0.283
6.075 0.283
6.072 0.284
6.069 0.284
6.072 0.284
6.073 0.285
6.072 0.284
6.075 0.283
6.077 0.283
6.080 0.283
6.083 0.283
6.087 0.283
6.087 0.284
6.089 0.287
6.089 0.287
6.087 0.288
6.088 0.289
6.088 0.290
6.086 0.291
6.084 0.292
6.084 0.293
6.085 0.294
6.088 0.294
6.086 0.295
6.089 0.296
6.087 0.297
6.090 0.298
6.087 0.297
6.089 0.296
6.086 0.295
6.088 0.294
6.088 0.293
6.084 0.293
6.084 0.292
6.086 0.291
6.088 0.290
6.091 0.289
6.090 0.288
6.092 0.287
6.092 0.286
6.074 0.287
6.071 0.287
6.072 0.288
6.070 0.289
6.067 0.290
6.065 0.290
6.062 0.291
6.059 0.290
6.056 0.290
6.055 0.289
6.052 0.288
6.055 0.289
6.056 0.290
6.059 0.290
6.060 0.291
6.060 0.292
6.064 0.292
6.062 0.293
6.064 0.292
6.060 0.292
6.062 0.291
6.065 0.290
6.068 0.290
6.067 0.290
6.070 0.289
6.072 0.288
6.063 0.284
6.060 0.284
6.046 0.285
6.042 0.284
6.039 0.284
6.036 0.284
6.033 0.283
6.032 0.283
6.028 0.282
6.027 0.281
6.024 0.281
6.020 0.280
6.017 0.279
6.017 0.280
6.020 0.280
6.024 0.281
6.027 0.281
6.028 0.282
6.032 0.283
6.033 0.283
6.036 0.284
6.039 0.284
6.042 0.284
6.007 0.294
6.004 0.294
6.000 0.294
5.997 0.293
5.996 0.292
5.993 0.293
5.994 0.293
5.998 0.294
5.996 0.295
5.998 0.294
6.000 0.294
6.004 0.294
6.007 0.295
6.008 0.296
6.012 0.296
6.010 0.297
6.012 0.296
6.008 0.296
6.007 0.295
6.009 0.299
6.007 0.300
6.009 0.299
6.012 0.300
6.015 0.299
6.012 0.300
5.997 0.302
5.994 0.302
5.995 0.303
5.998 0.303
5.981 0.303
5.980 0.303
5.977 0.302
5.973 0.301
5.970 0.301
5.967 0.301
5.970 0.301
5.973 0.301
5.977 0.302
5.980 0.303
5.947 0.301
5.944 0.302
5.941 0.301
5.943 0.300
5.939 0.300
5.941 0.299
5.940 0.298
5.939 0.297
5.941 0.296
5.940 0.295
5.941 0.294
5.940 0.293
5.942 0.292
5.941 0.291
5.943 0.290
5.942 0.290
5.944 0.289
5.943 0.288
5.944 0.287
5.943 0.286
5.945 0.285
5.944 0.284
5.946 0.283
5.945 0.282
5.947 0.281
5.946 0.280
5.948 0.279
5.947 0.279
5.949 0.277
5.948 0.277
5.950 0.276
5.951 0.275
5.953 0.274
5.952 0.273
5.954 0.272
5.956 0.271
5.954 0.272
5.952 0.273
5.953 0.274
5.951 0.275
5.950 0.276
5.948 0.277
5.949 0.277
5.947 0.279
5.948 0.279
5.946 0.280
5.947 0.281
5.945 0.282
5.946 0.283
5.944 0.284
5.945 0.285
5.943 0.286
5.944 0.287
5.943 0.288
5.944 0.289
5.942 0.290
5.943 0.290
5.941 0.291
5.942 0.292
5.940 0.293
5.941 0.294
5.940 0.295
5.941 0.296
5.939 0.297
5.940 0.298
5.941 0.299
5.939 0.300
5.943 0.300
5.941 0.301
5.944 0.302
5.943 0.303
5.941 0.304
5.939 0.305
5.938 0.306
5.935 0.306
5.934 0.307
5.935 0.308
5.933 0.309
5.935 0.308
5.934 0.307
5.935 0.306
5.938 0.306
5.939 0.305
5.941 0.304
5.943 0.303
5.944 0.302
5.935 0.311
5.933 0.312
5.934 0.313
5.935 0.313
5.933 0.314
5.934 0.315
5.938 0.316
5.939 0.316
5.939 0.317
5.943 0.318
5.944 0.319
5.945 0.319
5.945 0.320
5.944 0.321
5.945 0.322
5.948 0.322
5.946 0.324
5.947 0.324
5.948 0.325
5.951 0.326
5.952 0.326
5.953 0.327
5.954 0.328
5.952 0.329
5.953 0.330
5.954 0.331
5.955 0.331
5.955 0.332
5.959 0.333
5.959 0.334
5.960 0.334
5.961 0.335
5.959 0.336
5.963 0.337
5.963 0.337
5.964 0.338
5.965 0.339
5.966 0.340
5.966 0.341
5.967 0.341
5.968 0.342
5.966 0.343
5.969 0.344
5.970 0.345
5.971 0.345
5.972 0.346
5.975 0.347
5.975 0.347
5.976 0.348
5.979 0.349
5.978 0.350
5.978 0.351
5.979 0.351
5.980 0.352
5.978 0.353
5.979 0.354
5.980 0.355
5.980 0.356
5.981 0.356
5.982 0.357
5.982 0.358
5.983 0.359
5.984 0.360
5.984 0.360
5.985 0.361
5.988 0.362
5.989 0.363
5.989 0.363
5.988 0.364
5.988 0.365
5.989 0.366
5.990 0.367
5.990 0.368
5.991 0.368
5.992 0.369
5.992 0.370
5.993 0.371
5.994 0.372
5.994 0.372
5.995 0.373
5.996 0.374
5.996 0.375
5.995 0.376
5.997 0.376
5.998 0.377
5.999 0.378
5.999 0.379
5.998 0.380
5.998 0.381
5.999 0.381
6.000 0.382
6.000 0.383
6.001 0.384
6.001 0.385
6.002 0.385
6.003 0.386
6.003 0.387
6.006 0.388
6.004 0.389
6.005 0.389
6.006 0.390
6.006 0.391
6.007 0.392
6.009 0.392
6.008 0.393
6.006 0.394
6.007 0.395
6.006 0.394
6.008 0.393
6.009 0.392
6.012 0.393
6.015 0.394
6.017 0.394
6.019 0.394
6.021 0.394
6.023 0.393
6.025 0.393
6.027 0.393
6.029 0.393
6.027 0.393
6.025 0.393
6.023 0.393
6.021 0.394
6.019 0.393
6.017 0.393
6.015 0.394
6.012 0.393
6.009 0.392
6.007 0.392
6.008 0.391
6.008 0.390
6.005 0.389
6.004 0.389
6.006 0.388
6.003 0.387
6.003 0.386
6.004 0.385
6.004 0.384
6.003 0.384
6.000 0.383
6.000 0.382
5.999 0.381
6.001 0.380
5.998 0.380
5.999 0.379
5.999 0.378
5.998 0.377
5.997 0.376
5.995 0.376
5.996 0.375
5.996 0.374
5.997 0.373
5.994 0.372
5.994 0.372
5.993 0.371
5.995 0.370
5.994 0.369
5.993 0.368
5.993 0.367
5.992 0.367
5.991 0.366
5.991 0.365
5.988 0.364
5.989 0.363
5.989 0.363
5.988 0.362
5.985 0.361
5.987 0.360
5.984 0.360
5.983 0.359
5.982 0.358
5.982 0.357
5.981 0.356
5.980 0.356
5.980 0.355
5.981 0.354
5.978 0.353
5.980 0.352
5.979 0.351
5.981 0.350
5.978 0.350
5.979 0.349
5.976 0.348
5.975 0.347
5.975 0.347
5.972 0.346
5.973 0.345
5.970 0.345
5.969 0.344
5.966 0.343
5.968 0.342
5.967 0.341
5.969 0.340
5.968 0.340
5.967 0.339
5.964 0.338
5.963 0.337
5.963 0.337
5.959 0.336
5.961 0.335
5.960 0.334
5.962 0.333
5.959 0.333
5.955 0.332
5.957 0.331
5.954 0.331
5.955 0.330
5.952 0.329
5.954 0.328
5.955 0.327
5.952 0.326
5.951 0.326
5.948 0.325
5.950 0.324
5.946 0.324
5.948 0.322
5.945 0.322
5.944 0.321
5.945 0.320
5.945 0.319
5.946 0.318
5.943 0.318
5.939 0.317
5.939 0.316
5.938 0.316
5.934 0.315
5.933 0.314
5.935 0.313
5.934 0.313
5.933 0.312
5.952 0.316
5.950 0.317
5.952 0.316
5.954 0.316
5.965 0.326
5.967 0.326
6.080 0.324
6.081 0.324
6.084 0.325
6.084 0.326
6.085 0.327
6.083 0.328
6.083 0.329
6.083 0.328
6.085 0.327
6.087 0.327
6.090 0.326
6.087 0.326
6.084 0.325
6.081 0.324
6.088 0.320
6.091 0.320
6.088 0.319
6.087 0.318
6.087 0.317
6.086 0.316
6.087 0.317
6.087 0.318
6.088 0.319
6.103 0.317
6.105 0.317
6.102 0.316
6.104 0.315
6.102 0.316
6.102 0.316
6.101 0.314
6.103 0.314
6.103 0.313
6.102 0.312
6.104 0.311
6.102 0.312
6.100 0.312
6.097 0.312
6.094 0.312
6.097 0.312
6.100 0.312
6.100 0.313
6.103 0.319
6.106 0.320
6.107 0.320
6.105 0.321
6.107 0.320
6.109 0.320
6.112 0.321
6.109 0.320
6.106 0.320
6.106 0.319
6.128 0.320
6.128 0.321
6.131 0.321
6.133 0.321
6.136 0.320
6.139 0.320
6.136 0.320
6.133 0.320
6.130 0.320
6.132 0.313
6.129 0.312
6.132 0.311
6.134 0.310
6.132 0.311
6.129 0.312
6.127 0.313
6.124 0.313
6.121 0.312
6.118 0.312
6.121 0.312
6.124 0.313
6.127 0.313
6.129 0.312
6.145 0.310
6.148 0.311
6.150 0.311
6.153 0.311
6.156 0.311
6.153 0.311
6.150 0.311
6.148 0.311
6.159 0.319
6.162 0.319
6.174 0.323
6.174 0.324
6.174 0.325
6.174 0.326
6.175 0.326
6.177 0.326
6.174 0.326
6.174 0.325
6.174 0.324
6.183 0.328
6.183 0.329
6.157 0.327
6.157 0.326
6.156 0.325
6.157 0.326
6.157 0.327
6.155 0.328
6.153 0.329
6.150 0.329
6.147 0.328
6.144 0.328
6.144 0.327
6.144 0.326
6.144 0.327
6.144 0.328
6.147 0.328
6.150 0.329
6.150 0.330
6.151 0.331
6.151 0.332
6.151 0.332
6.149 0.333
6.147 0.334
6.147 0.335
6.148 0.336
6.146 0.337
6.146 0.338
6.146 0.338
6.149 0.339
6.149 0.338
6.148 0.338
6.146 0.337
6.148 0.336
6.147 0.335
6.147 0.334
6.149 0.333
6.151 0.332
6.154 0.332
6.157 0.333
6.159 0.334
6.160 0.335
6.160 0.335
6.163 0.336
6.160 0.335
6.160 0.335
6.159 0.334
6.157 0.333
6.154 0.332
6.154 0.331
6.153 0.331
6.153 0.330
6.153 0.329
6.155 0.328
6.122 0.345
6.120 0.345
6.090 0.341
6.090 0.340
6.092 0.339
6.094 0.338
6.093 0.337
6.091 0.338
6.089 0.339
6.090 0.340
6.092 0.335
6.091 0.334
6.091 0.333
6.091 0.334
6.086 0.300
6.086 0.299
6.105 0.294
6.108 0.293
6.111 0.294
6.114 0.295
6.117 0.294
6.114 0.295
6.111 0.294
6.108 0.293
6.110 0.291
6.112 0.290
6.111 0.290
6.114 0.289
6.111 0.290
6.109 0.291
6.125 0.288
6.128 0.288
6.131 0.288
6.130 0.287
6.127 0.286
6.127 0.286
6.126 0.285
6.123 0.284
6.126 0.285
6.124 0.286
6.127 0.286
6.128 0.287
6.142 0.287
6.145 0.286
6.148 0.287
6.148 0.288
6.152 0.289
6.152 0.290
6.155 0.290
6.152 0.290
6.152 0.289
6.148 0.288
6.148 0.287
6.145 0.286
6.147 0.286
6.147 0.285
6.146 0.284
6.143 0.283
6.143 0.282
6.142 0.282
6.142 0.281
6.139 0.280
6.135 0.279
6.132 0.279
6.131 0.278
6.131 0.277
6.127 0.276
6.127 0.275
6.124 0.275
6.123 0.274
6.123 0.273
6.123 0.274
6.124 0.275
6.127 0.275
6.127 0.276
6.128 0.277
6.128 0.278
6.132 0.279
6.135 0.279
6.139 0.280
6.142 0.281
6.139 0.282
6.143 0.282
6.143 0.283
6.146 0.284
6.144 0.285
6.147 0.286
6.145 0.286
6.164 0.284
6.164 0.283
6.164 0.282
6.163 0.282
6.163 0.281
6.163 0.280
6.159 0.279
6.162 0.278
6.158 0.278
6.161 0.277
6.161 0.276
6.157 0.275
6.157 0.274
6.160 0.273
6.156 0.273
6.159 0.272
6.155 0.271
6.156 0.272
6.156 0.273
6.160 0.273
6.157 0.274
6.157 0.275
6.161 0.276
6.161 0.277
6.158 0.278
6.159 0.278
6.159 0.279
6.160 0.280
6.163 0.281
6.163 0.282
6.164 0.282
6.164 0.283
6.071 0.267
6.068 0.267
6.005 0.274
6.001 0.274
5.998 0.274
5.995 0.273
5.998 0.274
6.001 0.274
5.988 0.273
5.985 0.273
5.961 0.269
5.963 0.268
5.962 0.267
5.964 0.266
5.963 0.266
5.962 0.265
5.964 0.264
5.960 0.263
5.956 0.263
5.955 0.262
5.951 0.261
5.950 0.261
5.946 0.260
5.945 0.259
5.941 0.259
5.940 0.258
5.935 0.258
5.937 0.256
5.933 0.256
5.932 0.255
5.931 0.254
5.930 0.254
5.929 0.253
5.924 0.252
5.923 0.252
5.919 0.251
5.921 0.250
5.920 0.249
5.922 0.248
5.920 0.247
5.922 0.246
5.921 0.246
5.923 0.244
5.922 0.244
5.923 0.244
5.921 0.246
5.922 0.246
5.920 0.247
5.919 0.248
5.920 0.249
5.921 0.250
5.919 0.251
5.923 0.252
5.924 0.252
5.929 0.253
5.930 0.254
5.931 0.254
5.932 0.255
5.933 0.256
5.934 0.257
5.935 0.258
5.940 0.258
5.941 0.259
5.945 0.259
5.946 0.260
5.950 0.261
5.951 0.261
5.955 0.262
5.956 0.263
5.960 0.263
5.961 0.264
5.962 0.265
5.963 0.266
5.964 0.266
5.962 0.267
5.963 0.268
6.117 0.240
6.120 0.239
6.124 0.239
6.127 0.238
6.130 0.237
6.127 0.238
6.123 0.238
6.120 0.239
6.001 0.360
5.999 0.361
6.317 0.527
6.316 0.528
6.317 0.527
6.319 0.527
6.320 0.526
6.322 0.525
6.324 0.525
6.325 0.525
6.327 0.525
6.328 0.524
6.330 0.524
6.332 0.523
6.333 0.523
6.335 0.523
6.333 0.523
6.332 0.523
6.330 0.524
6.328 0.524
6.327 0.525
6.325 0.525
6.324 0.525
6.322 0.525
6.320 0.526
6.319 0.527
6.338 0.523
6.340 0.523
6.341 0.524
6.343 0.524
6.344 0.525
6.346 0.525
6.347 0.526
6.349 0.526
6.350 0.527
6.352 0.528
6.353 0.528
6.355 0.529
6.353 0.528
6.352 0.528
6.350 0.527
6.349 0.526
6.347 0.526
6.346 0.525
6.344 0.525
6.343 0.524
6.341 0.524
6.340 0.523
6.387 0.575
6.385 0.575
6.384 0.576
6.382 0.576
6.381 0.577
6.379 0.577
6.378 0.578
6.376 0.577
6.375 0.578
6.373 0.578
6.372 0.579
6.370 0.579
6.369 0.580
6.367 0.580
6.366 0.580
6.364 0.580
6.363 0.581
6.361 0.581
6.360 0.582
6.358 0.582
6.357 0.582
6.355 0.582
6.354 0.583
6.352 0.583
6.351 0.584
6.349 0.585
6.348 0.585
6.346 0.586
6.345 0.587
6.343 0.588
6.342 0.588
6.342 0.589
6.340 0.590
6.342 0.589
6.343 0.589
6.343 0.588
6.345 0.587
6.346 0.586
6.348 0.585
6.349 0.585
6.351 0.584
6.352 0.583
6.354 0.583
6.355 0.582
6.357 0.582
6.358 0.582
6.360 0.582
6.361 0.581
6.363 0.581
6.364 0.580
6.366 0.580
6.367 0.580
6.369 0.580
6.370 0.579
6.372 0.579
6.373 0.578
6.375 0.578
6.376 0.577
6.378 0.578
6.379 0.577
6.381 0.577
6.382 0.576
6.384 0.576
6.385 0.575
6.387 0.575
6.388 0.575
6.390 0.574
6.391 0.574
6.393 0.573
6.394 0.574
6.396 0.573
6.397 0.573
6.399 0.572
6.401 0.572
6.402 0.572
6.404 0.572
6.405 0.571
6.407 0.571
6.408 0.570
6.410 0.570
6.411 0.570
6.413 0.570
6.414 0.569
6.413 0.570
6.411 0.570
6.410 0.570
6.408 0.570
6.407 0.571
6.405 0.571
6.404 0.572
6.402 0.572
6.401 0.572
6.399 0.572
6.397 0.573
6.396 0.573
6.394 0.574
6.393 0.573
6.391 0.574
6.390 0.574
6.388 0.575
6.417 0.569
6.419 0.569
6.420 0.569
6.422 0.568
6.424 0.567
6.425 0.567
6.427 0.567
6.428 0.567
6.430 0.566
6.431 0.566
6.433 0.566
6.435 0.566
6.436 0.565
6.438 0.565
6.439 0.564
6.441 0.564
6.443 0.564
6.444 0.564
6.446 0.563
6.447 0.563
6.449 0.563
6.450 0.563
6.452 0.562
6.453 0.562
6.455 0.562
6.457 0.562
6.458 0.561
6.460 0.561
6.462 0.561
6.463 0.562
6.464 0.562
6.466 0.561
6.467 0.562
6.469 0.562
6.470 0.563
6.469 0.562
6.467 0.562
6.466 0.561
6.464 0.561
6.463 0.561
6.462 0.561
6.460 0.561
6.458 0.561
6.457 0.562
6.455 0.562
6.453 0.562
6.452 0.562
6.450 0.563
6.449 0.563
6.447 0.563
6.446 0.563
6.444 0.564
6.443 0.564
6.441 0.564
6.439 0.564
6.438 0.565
6.436 0.565
6.435 0.566
6.433 0.566
6.431 0.566
6.430 0.566
6.428 0.567
6.427 0.567
6.425 0.567
6.424 0.567
6.422 0.568
6.421 0.568
6.419 0.569
6.473 0.563
6.474 0.564
6.475 0.565
6.476 0.566
6.478 0.566
6.479 0.567
6.480 0.567
6.482 0.568
6.483 0.568
6.484 0.569
6.486 0.569
6.487 0.570
6.488 0.570
6.489 0.571
6.491 0.571
6.492 0.572
6.493 0.573
6.494 0.574
6.496 0.574
6.497 0.575
6.498 0.575
6.499 0.576
6.501 0.576
6.502 0.577
6.503 0.577
6.504 0.578
6.506 0.578
6.507 0.579
6.508 0.580
6.509 0.581
6.511 0.581
6.512 0.582
6.513 0.582
6.514 0.583
6.516 0.583
6.517 0.584
6.518 0.584
6.519 0.585
6.521 0.586
6.522 0.587
6.523 0.587
6.524 0.588
6.525 0.588
6.526 0.589
6.528 0.589
6.529 0.590
6.530 0.590
6.531 0.591
6.533 0.592
6.534 0.593
6.535 0.593
6.536 0.594
6.537 0.594
6.538 0.595
6.540 0.595
6.541 0.596
6.542 0.597
6.543 0.598
6.544 0.598
6.543 0.598
6.542 0.597
6.541 0.596
6.540 0.595
6.538 0.595
6.537 0.594
6.536 0.594
6.535 0.593
6.534 0.593
6.533 0.592
6.531 0.591
6.530 0.590
6.529 0.590
6.528 0.589
6.526 0.589
6.525 0.588
6.524 0.588
6.523 0.587
6.522 0.587
6.521 0.586
6.519 0.585
6.518 0.584
6.517 0.584
6.516 0.583
6.514 0.583
6.513 0.582
6.512 0.582
6.511 0.581
6.509 0.581
6.508 0.580
6.507 0.579
6.506 0.578
6.504 0.578
6.503 0.577
6.502 0.577
6.501 0.576
6.499 0.576
6.498 0.575
6.497 0.575
6.496 0.574
6.494 0.574
6.493 0.573
6.492 0.572
6.491 0.571
6.489 0.571
6.488 0.570
6.487 0.570
6.486 0.569
6.484 0.569
6.483 0.568
6.482 0.568
6.480 0.567
6.479 0.567
6.478 0.566
6.476 0.566
6.475 0.565
6.474 0.564
6.450 0.608
6.449 0.607
6.547 0.599
6.548 0.599
6.549 0.600
6.550 0.600
6.551 0.601
6.553 0.602
6.554 0.603
6.555 0.603
6.556 0.604
6.557 0.604
6.558 0.605
6.560 0.605
6.560 0.606
6.562 0.607
6.563 0.608
6.564 0.608
6.565 0.609
6.566 0.609
6.567 0.610
6.569 0.610
6.569 0.612
6.570 0.613
6.572 0.613
6.573 0.614
6.573 0.615
6.573 0.614
6.572 0.613
6.570 0.613
6.569 0.612
6.569 0.610
6.567 0.610
6.566 0.609
6.565 0.609
6.564 0.608
6.563 0.608
6.562 0.607
6.560 0.606
6.560 0.605
6.558 0.605
6.557 0.604
6.556 0.604
6.555 0.603
6.554 0.603
6.553 0.602
6.551 0.601
6.550 0.600
6.549 0.600
6.548 0.599
6.571 0.625
6.573 0.625
6.574 0.625
6.575 0.626
6.577 0.626
6.578 0.626
6.579 0.626
6.580 0.627
6.582 0.627
6.583 0.627
6.584 0.627
6.585 0.628
6.587 0.628
6.588 0.628
6.589 0.628
6.590 0.629
6.592 0.629
6.593 0.629
6.594 0.629
6.596 0.630
6.597 0.630
6.598 0.630
6.599 0.630
6.601 0.631
6.602 0.631
6.603 0.631
6.604 0.631
6.606 0.632
6.607 0.632
6.608 0.632
6.609 0.632
6.611 0.633
6.612 0.633
6.613 0.633
6.614 0.634
6.616 0.634
6.617 0.634
6.616 0.634
6.614 0.634
6.613 0.633
6.612 0.633
6.611 0.633
6.609 0.632
6.608 0.632
6.607 0.632
6.606 0.632
6.604 0.631
6.603 0.631
6.602 0.631
6.601 0.631
6.599 0.630
6.598 0.630
6.597 0.630
6.596 0.630
6.594 0.629
6.593 0.629
6.592 0.629
6.590 0.629
6.589 0.628
6.588 0.628
6.587 0.628
6.585 0.628
6.584 0.627
6.583 0.627
6.582 0.627
6.580 0.627
6.579 0.626
6.578 0.626
6.577 0.626
6.575 0.626
6.574 0.625
6.573 0.625
6.619 0.635
6.620 0.635
6.622 0.635
6.623 0.635
6.624 0.636
6.625 0.636
6.627 0.636
6.628 0.637
6.629 0.637
6.630 0.637
6.632 0.637
6.633 0.638
6.634 0.638
6.635 0.638
6.636 0.639
6.638 0.639
6.639 0.639
6.640 0.639
6.641 0.640
6.643 0.640
6.644 0.640
6.645 0.641
6.646 0.641
6.647 0.641
6.649 0.641
6.650 0.642
6.651 0.642
6.652 0.642
6.653 0.643
6.655 0.643
6.656 0.643
6.657 0.644
6.658 0.644
6.659 0.644
6.661 0.644
6.662 0.645
6.663 0.645
6.664 0.645
6.665 0.646
6.667 0.646
6.668 0.646
6.669 0.647
6.670 0.647
6.671 0.647
6.673 0.648
6.674 0.648
6.675 0.648
6.676 0.649
6.677 0.649
6.679 0.649
6.680 0.650
6.681 0.650
6.682 0.650
6.683 0.650
6.684 0.651
6.686 0.651
6.684 0.651
6.683 0.650
6.682 0.650
6.681 0.650
6.680 0.650
6.679 0.649
6.677 0.649
6.676 0.649
6.675 0.648
6.674 0.648
6.673 0.648
6.671 0.647
6.670 0.647
6.669 0.647
6.668 0.646
6.667 0.646
6.665 0.646
6.664 0.645
6.663 0.645
6.662 0.645
6.661 0.644
6.659 0.644
6.658 0.644
6.657 0.644
6.656 0.643
6.655 0.643
6.653 0.643
6.652 0.642
6.651 0.642
6.650 0.642
6.649 0.641
6.647 0.641
6.646 0.641
6.645 0.641
6.644 0.640
6.643 0.640
6.641 0.640
6.640 0.639
6.639 0.639
6.638 0.639
6.636 0.639
6.635 0.638
6.634 0.638
6.633 0.638
6.632 0.637
6.630 0.637
6.629 0.637
6.628 0.637
6.627 0.636
6.625 0.636
6.624 0.636
6.623 0.635
6.622 0.635
6.620 0.635
6.688 0.652
6.689 0.652
6.690 0.652
6.689 0.652
6.693 0.653
6.694 0.653
6.695 0.654
6.694 0.653
6.697 0.654
6.699 0.655
6.700 0.655
6.701 0.655
6.702 0.656
6.703 0.656
6.704 0.656
6.703 0.656
6.702 0.656
6.701 0.655
6.700 0.655
6.699 0.655
6.707 0.657
6.708 0.657
6.709 0.658
6.710 0.658
6.711 0.659
6.710 0.658
6.709 0.658
6.708 0.657
6.714 0.659
6.715 0.660
6.716 0.660
6.717 0.660
6.718 0.661
6.719 0.661
6.720 0.661
6.722 0.662
6.723 0.662
6.724 0.662
6.725 0.663
6.726 0.663
6.727 0.663
6.728 0.664
6.729 0.664
6.731 0.665
6.732 0.665
6.733 0.665
6.734 0.666
6.735 0.666
6.736 0.666
6.737 0.667
6.738 0.667
6.740 0.667
6.738 0.667
6.737 0.667
6.736 0.666
6.735 0.666
6.734 0.666
6.733 0.665
6.732 0.665
6.731 0.665
6.729 0.664
6.728 0.664
6.727 0.663
6.726 0.663
6.725 0.663
6.724 0.662
6.723 0.662
6.722 0.662
6.720 0.661
6.719 0.661
6.718 0.661
6.717 0.660
6.716 0.660
6.715 0.660
6.742 0.668
6.743 0.669
6.744 0.669
6.745 0.669
6.746 0.670
6.747 0.670
6.748 0.670
6.750 0.671
6.751 0.671
6.752 0.671
6.751 0.671
6.750 0.671
6.748 0.670
6.747 0.670
6.746 0.670
6.745 0.669
6.744 0.669
6.743 0.669
6.754 0.672
6.755 0.673
6.756 0.673
6.757 0.673
6.758 0.674
6.760 0.674
6.761 0.675
6.762 0.675
6.763 0.675
6.764 0.676
6.765 0.676
6.766 0.676
6.765 0.676
6.764 0.676
6.763 0.675
6.762 0.675
6.761 0.675
6.760 0.674
6.758 0.674
6.757 0.673
6.756 0.673
6.755 0.673
6.768 0.677
6.769 0.678
6.770 0.678
6.769 0.678
6.773 0.679
6.774 0.679
6.775 0.680
6.776 0.680
6.777 0.680
6.778 0.681
6.779 0.681
6.780 0.682
6.781 0.682
6.782 0.682
6.783 0.683
6.784 0.683
6.785 0.684
6.787 0.684
6.788 0.684
6.787 0.684
6.785 0.684
6.784 0.683
6.783 0.683
6.782 0.682
6.781 0.682
6.780 0.682
6.779 0.681
6.778 0.681
6.777 0.680
6.776 0.680
6.775 0.680
6.774 0.679
6.790 0.685
6.791 0.686
6.792 0.686
6.793 0.686
6.794 0.687
6.793 0.686
6.792 0.686
6.791 0.686
6.796 0.688
6.797 0.688
6.798 0.688
6.799 0.689
6.800 0.689
6.801 0.690
6.802 0.690
6.803 0.690
6.804 0.691
6.806 0.691
6.807 0.692
6.808 0.692
6.809 0.693
6.808 0.692
6.807 0.692
6.806 0.691
6.804 0.691
6.803 0.690
6.802 0.690
6.801 0.690
6.800 0.689
6.799 0.689
6.798 0.688
6.797 0.688
6.826 0.676
6.827 0.677
6.828 0.676
6.830 0.676
6.831 0.676
6.833 0.676
6.834 0.677
6.836 0.676
6.837 0.677
6.838 0.677
6.839 0.677
6.841 0.677
6.842 0.677
6.844 0.677
6.845 0.677
6.846 0.677
6.848 0.678
6.849 0.677
6.850 0.678
6.852 0.677
6.853 0.678
6.855 0.678
6.856 0.678
6.857 0.678
6.858 0.678
6.860 0.678
6.861 0.679
6.863 0.678
6.864 0.679
6.866 0.679
6.867 0.679
6.868 0.679
6.869 0.679
6.871 0.679
6.872 0.679
6.874 0.679
6.875 0.680
6.876 0.679
6.877 0.680
6.879 0.680
6.880 0.680
6.882 0.680
6.883 0.680
6.885 0.680
6.886 0.681
6.887 0.680
6.888 0.681
6.890 0.681
6.891 0.681
6.893 0.681
6.894 0.681
6.895 0.681
6.896 0.682
6.898 0.682
6.899 0.682
6.901 0.682
6.902 0.682
6.904 0.682
6.904 0.683
6.906 0.682
6.907 0.683
6.909 0.683
6.910 0.683
6.912 0.683
6.913 0.683
6.914 0.683
6.915 0.684
6.917 0.684
6.918 0.684
6.920 0.684
6.921 0.684
6.922 0.684
6.923 0.685
6.925 0.685
6.927 0.684
6.928 0.685
6.929 0.685
6.930 0.685
6.932 0.685
6.933 0.686
6.934 0.686
6.935 0.687
6.936 0.687
6.936 0.688
6.937 0.689
6.937 0.690
6.938 0.690
6.938 0.692
6.939 0.692
6.940 0.693
6.941 0.694
6.941 0.695
6.942 0.695
6.942 0.697
6.943 0.697
6.943 0.698
6.944 0.699
6.944 0.700
6.945 0.700
6.945 0.702
6.946 0.702
6.947 0.703
6.947 0.704
6.948 0.705
6.949 0.706
6.949 0.707
6.950 0.707
6.950 0.708
6.951 0.709
6.951 0.710
6.952 0.711
6.952 0.712
6.953 0.712
6.953 0.713
6.954 0.714
6.954 0.715
6.955 0.716
6.955 0.717
6.956 0.717
6.957 0.718
6.957 0.719
6.958 0.720
6.959 0.721
6.959 0.722
6.960 0.722
6.960 0.724
6.961 0.724
6.961 0.725
6.962 0.726
6.962 0.727
6.963 0.727
6.963 0.729
6.964 0.729
6.964 0.730
6.965 0.731
6.965 0.732
6.966 0.733
6.966 0.734
6.967 0.734
6.967 0.735
6.968 0.736
6.968 0.737
6.969 0.738
6.969 0.739
6.970 0.739
6.970 0.741
6.971 0.741
6.971 0.742
6.972 0.743
6.972 0.744
6.973 0.744
6.973 0.746
6.974 0.746
6.974 0.747
6.975 0.748
6.975 0.749
6.976 0.750
6.976 0.751
6.977 0.751
6.977 0.752
6.977 0.754
6.978 0.754
6.977 0.754
6.977 0.752
6.977 0.751
6.976 0.751
6.976 0.750
6.975 0.749
6.975 0.748
6.974 0.747
6.974 0.746
6.973 0.746
6.973 0.744
6.972 0.744
6.972 0.743
6.971 0.742
6.971 0.741
6.970 0.741
6.970 0.739
6.969 0.739
6.969 0.738
6.968 0.737
6.968 0.736
6.967 0.735
6.967 0.734
6.966 0.734
6.966 0.733
6.965 0.732
6.965 0.731
6.964 0.730
6.964 0.729
6.963 0.729
6.963 0.727
6.962 0.727
6.962 0.726
6.961 0.725
6.961 0.724
6.960 0.724
6.960 0.722
6.959 0.722
6.959 0.721
6.958 0.720
6.957 0.719
6.957 0.718
6.956 0.717
6.955 0.717
6.955 0.716
6.954 0.715
6.954 0.714
6.953 0.713
6.953 0.712
6.952 0.712
6.952 0.711
6.951 0.710
6.951 0.709
6.950 0.708
6.950 0.707
6.949 0.707
6.949 0.706
6.948 0.705
6.947 0.704
6.947 0.703
6.946 0.702
6.945 0.702
6.945 0.700
6.944 0.700
6.944 0.699
6.943 0.698
6.943 0.697
6.942 0.697
6.942 0.695
6.941 0.695
6.941 0.694
6.940 0.693
6.939 0.692
6.938 0.692
6.938 0.690
6.937 0.690
6.937 0.689
6.936 0.688
6.936 0.687
6.935 0.687
6.934 0.686
6.933 0.686
6.932 0.685
6.930 0.685
6.929 0.685
6.928 0.685
6.927 0.684
6.925 0.685
6.924 0.684
6.922 0.684
6.921 0.684
6.920 0.684
6.918 0.684
6.917 0.684
6.915 0.684
6.914 0.683
6.913 0.683
6.912 0.683
6.910 0.683
6.909 0.683
6.907 0.683
6.906 0.682
6.904 0.683
6.904 0.682
6.902 0.682
6.901 0.682
6.899 0.682
6.898 0.682
6.896 0.682
6.895 0.681
6.894 0.681
6.893 0.681
6.891 0.681
6.890 0.681
6.888 0.681
6.887 0.680
6.886 0.681
6.885 0.680
6.883 0.680
6.882 0.680
6.880 0.680
6.879 0.680
6.877 0.680
6.876 0.679
6.875 0.680
6.874 0.679
6.872 0.679
6.871 0.679
6.869 0.679
6.868 0.679
6.867 0.679
6.866 0.679
6.864 0.679
6.863 0.678
6.861 0.679
6.860 0.678
6.858 0.678
6.857 0.678
6.856 0.678
6.855 0.678
6.853 0.678
6.852 0.677
6.850 0.678
6.849 0.677
6.848 0.678
6.846 0.677
6.845 0.677
6.844 0.677
6.842 0.677
6.841 0.677
6.839 0.677
6.838 0.677
6.837 0.677
6.836 0.676
6.834 0.677
6.833 0.676
6.831 0.676
6.830 0.676
6.828 0.676
6.827 0.677
6.963 0.770
6.963 0.771
6.999 0.794
7.000 0.795
7.032 0.818
7.034 0.818
7.035 0.818
7.036 0.817
7.037 0.817
7.039 0.817
7.040 0.817
7.042 0.817
7.042 0.818
7.044 0.818
7.042 0.818
7.042 0.817
7.040 0.817
7.039 0.817
7.038 0.817
7.037 0.817
7.036 0.817
7.034 0.817
7.034 0.818
7.046 0.818
7.047 0.819
7.048 0.819
7.050 0.819
7.050 0.819
7.052 0.819
7.053 0.819
7.054 0.820
7.055 0.820
7.057 0.820
7.057 0.821
7.059 0.821
7.060 0.821
7.061 0.821
7.062 0.821
7.064 0.821
7.065 0.822
7.066 0.822
7.068 0.822
7.069 0.822
7.070 0.822
7.071 0.822
7.073 0.822
7.073 0.823
7.075 0.823
7.076 0.823
7.077 0.823
7.078 0.823
7.080 0.823
7.081 0.823
7.082 0.824
7.083 0.824
7.085 0.824
7.085 0.825
7.087 0.825
7.087 0.825
7.089 0.825
7.090 0.825
7.092 0.825
7.092 0.826
7.094 0.826
7.095 0.826
7.096 0.827
7.097 0.827
7.099 0.827
7.100 0.827
7.101 0.827
7.102 0.827
7.104 0.827
7.104 0.828
7.106 0.828
7.107 0.828
7.108 0.829
7.109 0.829
7.110 0.829
7.112 0.829
7.112 0.830
7.114 0.830
7.115 0.830
7.116 0.831
7.117 0.831
7.119 0.831
7.120 0.831
7.121 0.832
7.122 0.832
7.123 0.832
7.124 0.832
7.126 0.832
7.127 0.832
7.128 0.833
7.129 0.833
7.130 0.833
7.132 0.833
7.132 0.834
7.134 0.834
7.135 0.834
7.136 0.835
7.137 0.835
7.138 0.835
7.139 0.836
7.141 0.836
7.141 0.836
7.143 0.836
7.144 0.836
7.145 0.837
7.146 0.837
7.148 0.837
7.148 0.838
7.150 0.838
7.151 0.838
7.152 0.839
7.153 0.839
7.154 0.839
7.155 0.840
7.156 0.840
7.157 0.840
7.158 0.841
7.159 0.841
7.160 0.842
7.161 0.842
7.162 0.842
7.163 0.843
7.165 0.843
7.165 0.843
7.167 0.843
7.168 0.843
7.169 0.844
7.170 0.844
7.171 0.844
7.172 0.844
7.173 0.844
7.174 0.845
7.175 0.845
7.176 0.845
7.178 0.846
7.178 0.846
7.180 0.846
7.181 0.846
7.182 0.847
7.183 0.847
7.184 0.848
7.185 0.848
7.186 0.848
7.187 0.849
7.188 0.849
7.189 0.850
7.190 0.850
7.192 0.850
7.192 0.851
7.194 0.851
7.195 0.851
7.194 0.851
7.192 0.851
7.192 0.850
7.190 0.850
7.189 0.850
7.188 0.849
7.187 0.849
7.186 0.848
7.185 0.848
7.184 0.848
7.183 0.847
7.182 0.847
7.181 0.846
7.180 0.846
7.178 0.846
7.178 0.846
7.176 0.845
7.175 0.845
7.174 0.845
7.173 0.844
7.172 0.844
7.171 0.844
7.170 0.844
7.168 0.843
7.167 0.843
7.165 0.843
7.165 0.843
7.163 0.843
7.162 0.842
7.161 0.842
7.160 0.842
7.159 0.841
7.158 0.841
7.157 0.840
7.156 0.840
7.155 0.840
7.154 0.839
7.153 0.839
7.152 0.839
7.151 0.838
7.150 0.838
7.148 0.838
7.148 0.837
7.146 0.837
7.145 0.837
7.144 0.836
7.143 0.836
7.141 0.836
7.141 0.836
7.139 0.836
7.138 0.835
7.137 0.835
7.136 0.835
7.135 0.834
7.134 0.834
7.132 0.834
7.132 0.833
7.130 0.833
7.129 0.833
7.128 0.833
7.127 0.832
7.126 0.832
7.124 0.832
7.123 0.832
7.122 0.832
7.121 0.832
7.120 0.831
7.119 0.831
7.117 0.831
7.116 0.831
7.115 0.830
7.114 0.830
7.112 0.830
7.112 0.829
7.110 0.829
7.109 0.829
7.108 0.829
7.107 0.828
7.106 0.828
7.104 0.828
7.104 0.827
7.102 0.827
7.101 0.827
7.100 0.827
7.099 0.827
7.097 0.827
7.096 0.827
7.095 0.826
7.094 0.826
7.092 0.826
7.092 0.825
7.090 0.825
7.089 0.825
7.087 0.825
7.087 0.825
7.085 0.825
7.085 0.824
7.083 0.824
7.082 0.824
7.081 0.823
7.080 0.823
7.078 0.823
7.077 0.823
7.076 0.823
7.075 0.823
7.073 0.823
7.073 0.822
7.071 0.822
7.070 0.822
7.069 0.822
7.068 0.822
7.066 0.822
7.065 0.822
7.064 0.821
7.062 0.821
7.061 0.821
7.060 0.821
7.059 0.821
7.057 0.821
7.057 0.820
7.055 0.820
7.054 0.820
7.053 0.819
7.052 0.819
7.050 0.819
7.050 0.819
7.048 0.819
7.047 0.819
7.079 0.781
7.079 0.780
7.078 0.779
7.078 0.778
7.078 0.777
7.077 0.776
7.077 0.775
7.077 0.775
7.077 0.773
7.076 0.773
7.076 0.772
7.075 0.771
7.075 0.770
7.074 0.769
7.074 0.768
7.074 0.768
7.074 0.766
7.073 0.766
7.073 0.765
7.072 0.764
7.072 0.763
7.071 0.762
7.071 0.761
7.071 0.760
7.071 0.759
7.070 0.759
7.070 0.758
7.069 0.757
7.069 0.756
7.068 0.755
7.068 0.754
7.067 0.753
7.067 0.752
7.067 0.752
7.067 0.750
7.066 0.750
7.066 0.749
7.065 0.748
7.065 0.747
7.064 0.746
7.064 0.745
7.063 0.745
7.063 0.744
7.062 0.743
7.061 0.743
7.060 0.742
7.059 0.742
7.058 0.742
7.056 0.742
7.055 0.741
7.054 0.741
7.053 0.741
7.052 0.741
7.051 0.740
7.049 0.740
7.048 0.739
7.047 0.739
7.046 0.739
7.044 0.739
7.043 0.738
7.042 0.738
7.041 0.738
7.039 0.738
7.039 0.737
7.037 0.737
7.036 0.737
7.035 0.737
7.034 0.736
7.032 0.736
7.031 0.736
7.030 0.736
7.029 0.735
7.027 0.735
7.027 0.735
7.025 0.735
7.024 0.734
7.022 0.734
7.022 0.734
7.020 0.734
7.019 0.733
7.018 0.733
7.017 0.733
7.015 0.733
7.014 0.732
7.013 0.732
7.011 0.732
7.010 0.732
7.009 0.732
7.010 0.732
7.011 0.732
7.013 0.732
7.014 0.732
7.015 0.733
7.017 0.733
7.018 0.733
7.019 0.733
7.020 0.734
7.022 0.734
7.022 0.734
7.024 0.734
7.025 0.735
7.027 0.735
7.027 0.735
7.029 0.735
7.030 0.736
7.031 0.736
7.032 0.736
7.034 0.736
7.035 0.737
7.036 0.737
7.037 0.737
7.039 0.737
7.039 0.738
7.041 0.738
7.042 0.738
7.043 0.738
7.044 0.739
7.046 0.739
7.047 0.739
7.048 0.739
7.049 0.740
7.051 0.740
7.052 0.741
7.053 0.741
7.054 0.741
7.055 0.741
7.056 0.742
7.058 0.742
7.059 0.742
7.060 0.742
7.061 0.743
7.062 0.743
7.063 0.744
7.063 0.745
7.064 0.745
7.064 0.746
7.065 0.747
7.065 0.748
7.066 0.749
7.066 0.750
7.067 0.750
7.067 0.752
7.067 0.752
7.067 0.753
7.068 0.754
7.068 0.755
7.069 0.756
7.069 0.757
7.070 0.758
7.070 0.759
7.071 0.759
7.071 0.760
7.071 0.761
7.071 0.762
7.072 0.763
7.072 0.764
7.073 0.765
7.073 0.766
7.074 0.766
7.074 0.768
7.074 0.768
7.074 0.769
7.075 0.770
7.075 0.771
7.076 0.772
7.076 0.773
7.077 0.773
7.077 0.775
7.077 0.775
7.077 0.776
7.078 0.777
7.078 0.778
7.078 0.779
7.079 0.780
7.178 0.860
7.178 0.862
7.178 0.862
7.178 0.862
7.197 0.852
7.198 0.852
7.199 0.852
7.200 0.853
7.201 0.852
7.203 0.852
7.204 0.852
7.205 0.853
7.207 0.853
7.208 0.853
7.209 0.853
7.210 0.853
7.212 0.853
7.212 0.852
7.212 0.852
7.211 0.852
7.210 0.852
7.209 0.852
7.207 0.852
7.206 0.852
7.205 0.853
7.204 0.852
7.203 0.852
7.201 0.852
7.200 0.852
7.198 0.852
7.207 0.844
7.208 0.845
7.209 0.844
7.210 0.844
7.211 0.845
7.212 0.845
7.212 0.846
7.212 0.845
7.212 0.844
7.212 0.843
7.213 0.843
7.212 0.843
7.211 0.844
7.210 0.844
7.209 0.844
7.208 0.845
7.214 0.851
7.214 0.852
7.215 0.851
7.216 0.851
7.217 0.851
7.218 0.851
7.220 0.851
7.218 0.851
7.217 0.851
7.216 0.851
7.215 0.851
7.222 0.850
7.223 0.850
7.224 0.850
7.224 0.849
7.225 0.849
7.224 0.849
7.223 0.849
7.223 0.850
7.228 0.849
7.228 0.848
7.229 0.848
7.231 0.848
7.231 0.848
7.233 0.848
7.234 0.847
7.235 0.847
7.235 0.846
7.237 0.847
7.237 0.846
7.238 0.846
7.240 0.846
7.240 0.845
7.241 0.845
7.242 0.844
7.243 0.845
7.244 0.844
7.244 0.843
7.246 0.843
7.247 0.843
7.248 0.843
7.249 0.842
7.249 0.841
7.250 0.841
7.251 0.841
7.253 0.841
7.253 0.841
7.255 0.841
7.256 0.840
7.255 0.840
7.254 0.840
7.253 0.841
7.253 0.841
7.251 0.841
7.250 0.841
7.249 0.841
7.248 0.842
7.247 0.842
7.247 0.843
7.246 0.843
7.244 0.843
7.244 0.843
7.243 0.844
7.242 0.844
7.241 0.845
7.240 0.845
7.239 0.845
7.238 0.846
7.237 0.846
7.237 0.847
7.235 0.846
7.234 0.847
7.233 0.847
7.232 0.847
7.231 0.848
7.231 0.848
7.229 0.848
7.228 0.848
7.257 0.839
7.257 0.839
7.258 0.839
7.259 0.839
7.260 0.839
7.260 0.838
7.262 0.838
7.263 0.837
7.264 0.838
7.264 0.836
7.266 0.837
7.267 0.836
7.267 0.836
7.269 0.836
7.270 0.836
7.271 0.836
7.272 0.836
7.273 0.836
7.275 0.836
7.275 0.835
7.277 0.836
7.278 0.835
7.279 0.835
7.280 0.835
7.281 0.835
7.282 0.835
7.283 0.835
7.284 0.835
7.286 0.835
7.286 0.834
7.288 0.835
7.289 0.834
7.290 0.834
7.291 0.834
7.292 0.834
7.293 0.834
7.294 0.834
7.296 0.834
7.297 0.834
7.298 0.834
7.299 0.834
7.300 0.834
7.301 0.834
7.303 0.834
7.303 0.833
7.305 0.834
7.306 0.833
7.307 0.833
7.307 0.834
7.308 0.834
7.310 0.834
7.311 0.834
7.312 0.835
7.311 0.834
7.310 0.834
7.308 0.834
7.307 0.833
7.306 0.833
7.305 0.834
7.303 0.833
7.303 0.834
7.301 0.834
7.300 0.834
7.299 0.834
7.298 0.834
7.297 0.834
7.296 0.834
7.294 0.834
7.293 0.834
7.292 0.834
7.291 0.834
7.290 0.834
7.289 0.834
7.288 0.835
7.286 0.834
7.286 0.835
7.284 0.835
7.283 0.835
7.282 0.835
7.281 0.835
7.280 0.835
7.279 0.835
7.278 0.835
7.277 0.836
7.275 0.835
7.275 0.836
7.273 0.836
7.272 0.835
7.271 0.836
7.270 0.836
7.269 0.836
7.267 0.836
7.267 0.836
7.266 0.837
7.264 0.836
7.263 0.837
7.263 0.837
7.262 0.838
7.260 0.838
7.260 0.838
7.259 0.839
7.258 0.839
7.314 0.836
7.316 0.836
7.322 0.840
7.323 0.840
7.331 0.844
7.332 0.844
7.337 0.847
7.339 0.848
7.338 0.849
7.338 0.849
7.337 0.850
7.337 0.852
7.336 0.853
7.337 0.852
7.338 0.851
7.337 0.850
7.338 0.849
7.338 0.849
7.339 0.848
7.340 0.847
7.340 0.847
7.341 0.846
7.342 0.846
7.343 0.846
7.344 0.846
7.345 0.846
7.346 0.845
7.346 0.844
7.348 0.844
7.349 0.844
7.350 0.844
7.350 0.843
7.351 0.843
7.352 0.842
7.353 0.842
7.354 0.842
7.355 0.841
7.356 0.841
7.356 0.840
7.357 0.840
7.359 0.840
7.360 0.840
7.360 0.840
7.361 0.839
7.362 0.839
7.363 0.838
7.364 0.838
7.365 0.838
7.366 0.837
7.367 0.837
7.367 0.836
7.368 0.836
7.369 0.836
7.370 0.835
7.371 0.835
7.372 0.834
7.373 0.834
7.374 0.834
7.374 0.833
7.375 0.833
7.376 0.833
7.377 0.832
7.378 0.832
7.379 0.831
7.380 0.831
7.380 0.830
7.382 0.830
7.382 0.830
7.383 0.829
7.384 0.829
7.385 0.829
7.386 0.828
7.387 0.828
7.388 0.828
7.389 0.827
7.390 0.827
7.391 0.826
7.391 0.826
7.392 0.826
7.393 0.825
7.394 0.825
7.395 0.825
7.396 0.824
7.397 0.825
7.398 0.824
7.399 0.824
7.400 0.823
7.401 0.823
7.402 0.823
7.403 0.822
7.404 0.822
7.405 0.822
7.406 0.822
7.407 0.822
7.407 0.821
7.408 0.820
7.410 0.821
7.411 0.820
7.411 0.820
7.412 0.820
7.413 0.819
7.414 0.819
7.415 0.819
7.416 0.818
7.417 0.818
7.418 0.817
7.419 0.817
7.420 0.817
7.421 0.816
7.422 0.816
7.423 0.816
7.423 0.815
7.424 0.815
7.425 0.815
7.426 0.814
7.427 0.814
7.428 0.814
7.429 0.814
7.430 0.814
7.431 0.813
7.432 0.813
7.433 0.813
7.434 0.812
7.435 0.812
7.436 0.812
7.437 0.811
7.438 0.811
7.439 0.811
7.440 0.810
7.441 0.810
7.442 0.810
7.443 0.809
7.443 0.809
7.444 0.809
7.445 0.808
7.446 0.808
7.447 0.808
7.448 0.807
7.449 0.807
7.450 0.806
7.451 0.806
7.452 0.806
7.453 0.806
7.454 0.805
7.455 0.805
7.456 0.805
7.457 0.805
7.458 0.805
7.459 0.805
7.460 0.804
7.461 0.804
7.462 0.804
7.463 0.803
7.464 0.803
7.465 0.803
7.465 0.802
7.466 0.801
7.467 0.800
7.468 0.801
7.469 0.800
7.471 0.801
7.472 0.800
7.473 0.800
7.473 0.800
7.474 0.800
7.475 0.799
7.476 0.799
7.477 0.799
7.478 0.798
7.479 0.798
7.480 0.798
7.481 0.797
7.482 0.797
7.483 0.797
7.484 0.796
7.485 0.796
7.486 0.796
7.487 0.796
7.488 0.795
7.489 0.795
7.490 0.795
7.491 0.794
7.492 0.795
7.493 0.795
7.494 0.794
7.495 0.794
7.496 0.793
7.497 0.793
7.498 0.792
7.499 0.792
7.500 0.792
7.501 0.791
7.502 0.791
7.503 0.792
7.504 0.791
7.505 0.791
7.506 0.791
7.507 0.791
7.508 0.790
7.509 0.790
7.510 0.790
7.511 0.789
7.512 0.789
7.513 0.789
7.514 0.788
7.515 0.788
7.516 0.788
7.517 0.788
7.518 0.787
7.519 0.787
7.520 0.787
7.521 0.787
7.522 0.786
7.523 0.786
7.524 0.786
7.525 0.786
7.526 0.785
7.527 0.785
7.528 0.785
7.529 0.785
7.530 0.784
7.531 0.784
7.532 0.784
7.533 0.783
7.534 0.782
7.535 0.783
7.536 0.783
7.537 0.783
7.538 0.783
7.540 0.783
7.541 0.783
7.542 0.784
7.543 0.784
7.544 0.784
7.545 0.784
7.547 0.784
7.548 0.784
7.549 0.785
7.550 0.784
7.552 0.785
7.553 0.785
7.554 0.785
7.555 0.785
7.556 0.786
7.557 0.785
7.559 0.786
7.560 0.786
7.561 0.786
7.562 0.786
7.563 0.786
7.564 0.786
7.566 0.787
7.567 0.787
7.568 0.787
7.569 0.787
7.570 0.787
7.571 0.787
7.572 0.788
7.574 0.788
7.575 0.788
7.576 0.788
7.577 0.788
7.578 0.788
7.579 0.789
7.580 0.789
7.582 0.789
7.583 0.790
7.584 0.790
7.585 0.790
7.584 0.790
7.583 0.789
7.582 0.789
7.580 0.789
7.579 0.789
7.578 0.788
7.577 0.788
7.576 0.788
7.575 0.788
7.574 0.788
7.572 0.788
7.571 0.787
7.570 0.787
7.569 0.787
7.568 0.787
7.567 0.787
7.566 0.787
7.564 0.786
7.563 0.786
7.562 0.786
7.561 0.786
7.560 0.786
7.559 0.786
7.557 0.785
7.556 0.786
7.555 0.785
7.554 0.785
7.553 0.785
7.552 0.785
7.550 0.784
7.549 0.785
7.548 0.784
7.547 0.784
7.545 0.784
7.544 0.784
7.543 0.784
7.542 0.784
7.541 0.783
7.540 0.783
7.538 0.783
7.537 0.783
7.536 0.783
7.535 0.783
7.534 0.782
7.533 0.783
7.532 0.783
7.531 0.783
7.530 0.783
7.529 0.784
7.528 0.784
7.527 0.784
7.526 0.785
7.525 0.785
7.524 0.785
7.523 0.785
7.522 0.786
7.521 0.786
7.520 0.786
7.519 0.786
7.518 0.787
7.517 0.787
7.516 0.787
7.515 0.788
7.514 0.788
7.513 0.788
7.512 0.788
7.511 0.789
7.510 0.789
7.509 0.789
7.508 0.789
7.507 0.790
7.506 0.790
7.505 0.790
7.504 0.791
7.503 0.791
7.502 0.791
7.501 0.791
7.500 0.792
7.499 0.792
7.498 0.792
7.497 0.793
7.496 0.793
7.495 0.793
7.494 0.794
7.493 0.794
7.492 0.794
7.491 0.794
7.490 0.795
7.489 0.795
7.488 0.795
7.487 0.796
7.486 0.796
7.485 0.796
7.484 0.796
7.483 0.797
7.482 0.797
7.481 0.797
7.480 0.798
7.479 0.797
7.478 0.798
7.477 0.798
7.476 0.798
7.475 0.798
7.474 0.799
7.473 0.799
7.472 0.799
7.471 0.800
7.470 0.800
7.469 0.800
7.468 0.801
7.467 0.800
7.466 0.800
7.465 0.802
7.464 0.802
7.463 0.802
7.463 0.803
7.462 0.803
7.461 0.803
7.460 0.803
7.459 0.804
7.458 0.804
7.457 0.804
7.456 0.805
7.455 0.805
7.454 0.805
7.453 0.805
7.452 0.805
7.451 0.806
7.450 0.806
7.449 0.807
7.448 0.807
7.447 0.808
7.446 0.808
7.445 0.808
7.444 0.808
7.443 0.808
7.442 0.809
7.441 0.809
7.440 0.809
7.439 0.810
7.438 0.810
7.437 0.810
7.436 0.811
7.436 0.811
7.435 0.811
7.434 0.812
7.433 0.812
7.432 0.812
7.431 0.813
7.430 0.813
7.429 0.813
7.428 0.814
7.427 0.814
7.426 0.814
7.425 0.815
7.424 0.815
7.423 0.815
7.423 0.816
7.422 0.816
7.421 0.816
7.420 0.817
7.419 0.817
7.418 0.817
7.417 0.817
7.416 0.817
7.415 0.818
7.414 0.818
7.413 0.818
7.412 0.819
7.411 0.819
7.410 0.820
7.409 0.820
7.408 0.820
7.407 0.821
7.406 0.821
7.406 0.821
7.405 0.822
7.404 0.822
7.403 0.822
7.402 0.823
7.401 0.823
7.400 0.823
7.399 0.823
7.398 0.824
7.397 0.825
7.396 0.824
7.395 0.825
7.394 0.825
7.393 0.825
7.392 0.826
7.391 0.826
7.391 0.826
7.390 0.827
7.389 0.827
7.388 0.828
7.387 0.828
7.386 0.828
7.385 0.829
7.384 0.829
7.383 0.829
7.382 0.830
7.382 0.830
7.380 0.830
7.379 0.830
7.378 0.831
7.378 0.831
7.377 0.831
7.376 0.832
7.375 0.832
7.374 0.833
7.373 0.833
7.372 0.833
7.371 0.834
7.370 0.834
7.370 0.834
7.369 0.835
7.368 0.835
7.367 0.836
7.366 0.836
7.365 0.836
7.364 0.837
7.363 0.837
7.363 0.838
7.362 0.838
7.361 0.838
7.360 0.839
7.359 0.839
7.358 0.840
7.357 0.840
7.356 0.840
7.356 0.841
7.355 0.841
7.353 0.841
7.353 0.841
7.352 0.842
7.351 0.843
7.350 0.843
7.350 0.844
7.349 0.844
7.348 0.844
7.346 0.844
7.346 0.844
7.345 0.845
7.344 0.845
7.343 0.846
7.342 0.846
7.341 0.846
7.340 0.847
7.340 0.847
7.339 0.848
7.335 0.854
7.334 0.855
7.333 0.856
7.333 0.857
7.332 0.858
7.332 0.860
7.332 0.861
7.331 0.861
7.331 0.862
7.330 0.863
7.329 0.864
7.329 0.865
7.329 0.866
7.328 0.866
7.327 0.868
7.327 0.869
7.327 0.868
7.328 0.866
7.329 0.866
7.329 0.865
7.329 0.864
7.330 0.863
7.331 0.862
7.331 0.861
7.332 0.861
7.332 0.860
7.332 0.858
7.333 0.857
7.325 0.870
7.325 0.871
7.325 0.872
7.324 0.872
7.324 0.873
7.323 0.875
7.323 0.876
7.322 0.876
7.322 0.877
7.321 0.878
7.321 0.879
7.320 0.880
7.320 0.881
7.320 0.882
7.319 0.883
7.318 0.884
7.318 0.885
7.317 0.885
7.317 0.887
7.317 0.888
7.316 0.888
7.316 0.889
7.315 0.890
7.314 0.891
7.314 0.892
7.314 0.893
7.313 0.894
7.314 0.893
7.314 0.892
7.314 0.891
7.315 0.890
7.316 0.889
7.316 0.888
7.317 0.888
7.317 0.887
7.317 0.885
7.318 0.885
7.318 0.884
7.319 0.883
7.320 0.882
7.320 0.881
7.320 0.880
7.321 0.879
7.321 0.878
7.322 0.877
7.322 0.876
7.323 0.876
7.323 0.875
7.324 0.873
7.324 0.872
7.325 0.872
7.325 0.871
7.312 0.895
7.312 0.896
7.311 0.897
7.310 0.898
7.310 0.899
7.310 0.898
7.311 0.897
7.312 0.896
7.309 0.901
7.308 0.901
7.308 0.902
7.308 0.903
7.307 0.904
7.307 0.906
7.306 0.906
7.306 0.907
7.306 0.908
7.305 0.909
7.305 0.910
7.304 0.911
7.303 0.911
7.304 0.911
7.305 0.910
7.305 0.909
7.306 0.908
7.306 0.907
7.306 0.906
7.307 0.906
7.307 0.904
7.308 0.903
7.308 0.902
7.308 0.901
7.302 0.913
7.302 0.914
7.302 0.915
7.301 0.916
7.301 0.918
7.300 0.918
7.300 0.919
7.300 0.918
7.301 0.918
7.301 0.916
7.302 0.915
7.302 0.914
7.299 0.920
7.298 0.921
7.298 0.922
7.298 0.923
7.297 0.925
7.297 0.926
7.298 0.926
7.297 0.928
7.297 0.929
7.298 0.929
7.297 0.931
7.297 0.932
7.297 0.932
7.297 0.934
7.298 0.934
7.297 0.935
7.298 0.936
7.298 0.937
7.298 0.938
7.298 0.939
7.299 0.939
7.299 0.940
7.300 0.941
7.299 0.940
7.299 0.939
7.298 0.939
7.298 0.938
7.298 0.937
7.299 0.936
7.298 0.935
7.298 0.934
7.298 0.933
7.298 0.932
7.297 0.932
7.297 0.931
7.298 0.929
7.298 0.928
7.297 0.928
7.298 0.926
7.298 0.925
7.297 0.925
7.298 0.923
7.298 0.923
7.298 0.922
7.298 0.921
7.235 0.980
7.234 0.980
7.233 0.980
7.232 0.979
7.231 0.979
7.229 0.979
7.228 0.979
7.227 0.979
7.226 0.978
7.225 0.978
7.223 0.978
7.223 0.979
7.222 0.978
7.221 0.979
7.222 0.978
7.223 0.979
7.224 0.979
7.225 0.978
7.226 0.978
7.227 0.979
7.228 0.979
7.229 0.979
7.231 0.979
7.232 0.979
7.233 0.980
7.234 0.980
7.235 0.980
7.235 0.981
7.236 0.982
7.236 0.981
7.236 0.981
7.216 0.984
7.216 0.985
7.216 0.987
7.216 0.988
7.216 0.989
7.216 0.990
7.215 0.991
7.215 0.992
7.215 0.994
7.215 0.995
7.215 0.995
7.215 0.997
7.215 0.995
7.216 0.994
7.216 0.993
7.216 0.992
7.216 0.991
7.216 0.990
7.216 0.988
7.217 0.987
7.217 0.986
7.216 0.985
7.216 0.982
7.214 0.982
7.214 0.981
7.213 0.981
7.212 0.980
7.211 0.980
7.211 0.979
7.209 0.979
7.209 0.978
7.208 0.978
7.207 0.978
7.206 0.977
7.205 0.977
7.204 0.977
7.203 0.976
7.202 0.976
7.201 0.976
7.200 0.975
7.199 0.975
7.198 0.975
7.197 0.974
7.196 0.974
7.196 0.974
7.194 0.974
7.193 0.973
7.192 0.973
7.191 0.973
7.190 0.972
7.191 0.973
7.192 0.973
7.192 0.974
7.193 0.973
7.194 0.974
7.195 0.974
7.196 0.974
7.197 0.974
7.198 0.975
7.199 0.975
7.200 0.975
7.201 0.976
7.202 0.976
7.203 0.976
7.204 0.977
7.205 0.977
7.206 0.977
7.207 0.978
7.208 0.978
7.209 0.978
7.209 0.979
7.211 0.979
7.211 0.980
7.212 0.980
7.213 0.981
7.214 0.981
7.214 0.982
7.189 0.971
7.189 0.970
7.188 0.969
7.187 0.968
7.185 0.966
7.184 0.965
7.183 0.964
7.183 0.963
7.180 0.959
7.179 0.959
7.178 0.957
7.177 0.957
7.177 0.956
7.177 0.957
7.173 0.952
7.172 0.951
7.172 0.950
7.172 0.951
7.169 0.947
7.169 0.946
7.168 0.946
7.169 0.946
7.157 0.933
7.156 0.932
7.199 0.930
7.200 0.930
7.201 0.931
7.201 0.930
7.201 0.930
7.200 0.930
7.201 0.928
7.201 0.927
7.200 0.926
7.201 0.927
7.204 0.933
7.203 0.934
7.203 0.934
7.203 0.935
7.204 0.936
7.204 0.937
7.205 0.937
7.205 0.936
7.205 0.936
7.204 0.935
7.204 0.934
7.347 0.685
7.346 0.684
7.348 0.683
7.349 0.684
7.351 0.683
7.351 0.682
7.352 0.681
7.353 0.681
7.352 0.681
7.351 0.682
7.350 0.680
7.351 0.680
7.349 0.679
7.349 0.678
7.350 0.677
7.349 0.676
7.348 0.677
7.347 0.676
7.346 0.676
7.344 0.675
7.345 0.674
7.344 0.674
7.344 0.673
7.343 0.672
7.341 0.672
7.342 0.671
7.342 0.669
7.343 0.668
7.344 0.668
7.344 0.667
7.346 0.667
7.347 0.667
7.348 0.666
7.346 0.666
7.345 0.666
7.344 0.667
7.344 0.668
7.343 0.668
7.342 0.669
7.341 0.670
7.342 0.671
7.341 0.672
7.342 0.672
7.343 0.673
7.343 0.674
7.344 0.675
7.344 0.675
7.346 0.676
7.347 0.676
7.348 0.677
7.349 0.677
7.349 0.678
7.349 0.679
7.351 0.676
7.352 0.674
7.353 0.674
7.354 0.673
7.355 0.673
7.354 0.673
7.353 0.672
7.352 0.671
7.353 0.670
7.352 0.671
7.353 0.672
7.352 0.673
7.352 0.674
7.351 0.675
7.356 0.681
7.357 0.681
7.358 0.681
7.359 0.680
7.360 0.680
7.362 0.679
7.362 0.678
7.364 0.679
7.362 0.678
7.362 0.679
7.360 0.679
7.359 0.679
7.358 0.680
7.357 0.681
7.354 0.685
7.353 0.686
7.353 0.686
7.354 0.687
7.354 0.686
7.369 0.682
7.369 0.680
7.371 0.681
7.369 0.680
7.369 0.680
7.369 0.680
7.367 0.677
7.366 0.677
7.365 0.677
7.365 0.675
7.365 0.675
7.364 0.673
7.363 0.672
7.363 0.671
7.364 0.670
7.364 0.669
7.364 0.670
7.363 0.671
7.363 0.672
7.362 0.669
7.361 0.668
7.359 0.668
7.359 0.667
7.358 0.666
7.359 0.665
7.358 0.665
7.358 0.664
7.357 0.663
7.356 0.662
7.355 0.663
7.356 0.664
7.356 0.664
7.357 0.665
7.359 0.665
7.358 0.666
7.358 0.668
7.357 0.668
7.358 0.668
7.359 0.668
7.361 0.668
7.365 0.667
7.366 0.667
7.370 0.661
7.370 0.660
7.372 0.661
7.374 0.661
7.374 0.662
7.375 0.662
7.377 0.663
7.376 0.664
7.377 0.665
7.378 0.665
7.378 0.666
7.378 0.667
7.379 0.668
7.381 0.668
7.381 0.669
7.383 0.669
7.384 0.669
7.386 0.670
7.387 0.669
7.387 0.669
7.386 0.670
7.384 0.669
7.383 0.669
7.381 0.669
7.381 0.668
7.379 0.668
7.378 0.667
7.378 0.666
7.378 0.665
7.378 0.664
7.376 0.664
7.377 0.663
7.376 0.662
7.375 0.661
7.375 0.661
7.375 0.659
7.376 0.658
7.377 0.658
7.378 0.657
7.378 0.656
7.378 0.657
7.377 0.658
7.376 0.658
7.375 0.659
7.375 0.661
7.373 0.660
7.372 0.661
7.370 0.660
7.369 0.660
7.367 0.660
7.366 0.661
7.367 0.660
7.369 0.660
7.370 0.660
7.384 0.659
7.384 0.660
7.390 0.658
7.391 0.657
7.392 0.659
7.393 0.660
7.392 0.661
7.393 0.660
7.392 0.663
7.393 0.664
7.395 0.667
7.397 0.667
7.397 0.668
7.398 0.668
7.397 0.667
7.391 0.667
7.390 0.668
7.389 0.668
7.389 0.669
7.390 0.668
7.387 0.673
7.387 0.674
7.387 0.675
7.387 0.674
7.378 0.672
7.379 0.671
7.378 0.672
7.377 0.673
7.377 0.674
7.375 0.674
7.376 0.674
7.377 0.674
7.377 0.673
7.371 0.675
7.371 0.676
7.399 0.671
7.401 0.671
7.411 0.667
7.412 0.667
7.410 0.667
7.411 0.665
7.410 0.665
7.411 0.664
7.411 0.663
7.411 0.662
7.411 0.663
7.411 0.664
7.410 0.665
7.411 0.665
7.410 0.667
7.411 0.660
7.412 0.659
7.413 0.659
7.412 0.659
7.412 0.658
7.412 0.657
7.410 0.657
7.408 0.656
7.408 0.655
7.407 0.656
7.405 0.655
7.407 0.656
7.408 0.656
7.410 0.657
7.410 0.657
7.411 0.658
7.412 0.659
7.418 0.659
7.419 0.659
7.420 0.659
7.422 0.659
7.423 0.659
7.424 0.659
7.426 0.659
7.427 0.659
7.429 0.660
7.431 0.660
7.431 0.661
7.431 0.660
7.429 0.660
7.427 0.659
7.427 0.659
7.426 0.658
7.427 0.657
7.428 0.656
7.428 0.655
7.428 0.656
7.427 0.657
7.426 0.658
7.425 0.658
7.424 0.659
7.423 0.659
7.422 0.659
7.420 0.659
7.417 0.654
7.417 0.653
7.419 0.653
7.418 0.652
7.417 0.653
7.416 0.654
7.420 0.652
7.421 0.651
7.423 0.652
7.424 0.652
7.423 0.652
7.421 0.651
7.421 0.650
7.420 0.650
7.420 0.649
7.419 0.648
7.420 0.647
7.419 0.647
7.417 0.647
7.415 0.647
7.414 0.646
7.412 0.647
7.411 0.647
7.411 0.648
7.411 0.649
7.411 0.650
7.410 0.650
7.409 0.651
7.408 0.652
7.409 0.653
7.408 0.652
7.409 0.651
7.410 0.651
7.411 0.650
7.411 0.649
7.411 0.648
7.411 0.647
7.413 0.647
7.414 0.647
7.416 0.647
7.418 0.648
7.419 0.648
7.420 0.649
7.420 0.650
7.420 0.651
7.423 0.645
7.424 0.644
7.425 0.644
7.426 0.643
7.425 0.643
7.424 0.643
7.424 0.644
7.428 0.643
7.429 0.642
7.434 0.641
7.436 0.641
7.438 0.642
7.439 0.642
7.441 0.643
7.442 0.643
7.443 0.644
7.445 0.644
7.445 0.645
7.446 0.646
7.445 0.647
7.446 0.648
7.445 0.649
7.446 0.650
7.446 0.650
7.447 0.651
7.447 0.652
7.446 0.653
7.446 0.654
7.445 0.655
7.445 0.656
7.444 0.657
7.445 0.656
7.445 0.655
7.446 0.654
7.446 0.653
7.447 0.652
7.448 0.652
7.450 0.651
7.451 0.652
7.452 0.651
7.451 0.652
7.450 0.651
7.448 0.651
7.447 0.650
7.447 0.649
7.445 0.649
7.446 0.648
7.445 0.647
7.446 0.646
7.447 0.645
7.447 0.644
7.448 0.643
7.449 0.642
7.449 0.642
7.448 0.643
7.447 0.644
7.447 0.645
7.445 0.644
7.443 0.644
7.442 0.643
7.441 0.643
7.439 0.642
7.439 0.642
7.437 0.641
7.436 0.641
7.447 0.637
7.447 0.637
7.447 0.636
7.447 0.635
7.447 0.636
7.447 0.637
7.455 0.639
7.456 0.638
7.457 0.637
7.457 0.637
7.457 0.636
7.457 0.637
7.456 0.638
7.455 0.639
7.456 0.640
7.454 0.641
7.454 0.642
7.456 0.642
7.458 0.643
7.460 0.643
7.461 0.644
7.460 0.643
7.458 0.643
7.456 0.642
7.454 0.642
7.461 0.645
7.462 0.646
7.465 0.643
7.464 0.642
7.472 0.643
7.473 0.641
7.474 0.642
7.475 0.642
7.477 0.642
7.475 0.642
7.474 0.641
7.472 0.641
7.473 0.640
7.472 0.639
7.472 0.638
7.473 0.637
7.474 0.637
7.473 0.636
7.474 0.635
7.473 0.636
7.473 0.637
7.472 0.638
7.471 0.639
7.473 0.640
7.472 0.641
7.473 0.641
7.478 0.644
7.479 0.644
7.479 0.646
7.479 0.647
7.478 0.648
7.479 0.647
7.479 0.646
7.481 0.646
7.482 0.646
7.484 0.646
7.485 0.646
7.486 0.645
7.487 0.645
7.488 0.645
7.489 0.644
7.490 0.643
7.491 0.642
7.491 0.641
7.489 0.642
7.488 0.641
7.487 0.640
7.486 0.640
7.485 0.639
7.485 0.638
7.484 0.638
7.484 0.637
7.484 0.638
7.485 0.638
7.484 0.639
7.483 0.641
7.481 0.640
7.481 0.641
7.479 0.641
7.481 0.641
7.481 0.640
7.483 0.641
7.484 0.639
7.486 0.640
7.487 0.640
7.488 0.641
7.489 0.642
7.490 0.642
7.489 0.644
7.488 0.645
7.487 0.645
7.486 0.645
7.485 0.646
7.484 0.646
7.482 0.646
7.481 0.646
7.493 0.642
7.495 0.641
7.496 0.642
7.496 0.641
7.497 0.640
7.496 0.639
7.497 0.638
7.498 0.637
7.496 0.637
7.498 0.637
7.497 0.638
7.496 0.639
7.495 0.640
7.495 0.641
7.495 0.635
7.495 0.634
7.495 0.633
7.495 0.634
7.493 0.632
7.492 0.631
7.490 0.631
7.488 0.630
7.488 0.630
7.486 0.630
7.485 0.630
7.484 0.631
7.484 0.631
7.485 0.630
7.486 0.630
7.488 0.630
7.490 0.631
7.492 0.631
7.492 0.628
7.493 0.627
7.494 0.626
7.493 0.627
7.500 0.625
7.501 0.624
7.503 0.624
7.505 0.625
7.504 0.626
7.505 0.626
7.506 0.625
7.508 0.626
7.509 0.627
7.508 0.626
7.506 0.625
7.505 0.625
7.503 0.624
7.501 0.624
7.500 0.624
7.511 0.626
7.513 0.626
7.512 0.628
7.511 0.629
7.512 0.629
7.511 0.630
7.510 0.632
7.508 0.631
7.510 0.632
7.510 0.632
7.512 0.633
7.510 0.632
7.511 0.631
7.511 0.630
7.512 0.629
7.511 0.629
7.512 0.628
7.513 0.626
7.519 0.624
7.520 0.625
7.522 0.625
7.522 0.626
7.524 0.627
7.524 0.626
7.522 0.625
7.520 0.625
7.520 0.624
7.521 0.623
7.521 0.622
7.521 0.623
7.519 0.623
7.518 0.624
7.516 0.621
7.514 0.621
7.526 0.620
7.527 0.619
7.526 0.618
7.527 0.617
7.529 0.617
7.527 0.617
7.526 0.618
7.527 0.619
7.531 0.624
7.530 0.625
7.525 0.629
7.524 0.629
7.525 0.629
7.525 0.630
7.525 0.631
7.524 0.632
7.523 0.633
7.522 0.634
7.522 0.635
7.520 0.635
7.519 0.636
7.518 0.635
7.517 0.634
7.516 0.635
7.515 0.635
7.513 0.635
7.513 0.636
7.511 0.637
7.511 0.638
7.510 0.639
7.509 0.640
7.510 0.639
7.511 0.638
7.511 0.637
7.513 0.636
7.513 0.635
7.515 0.635
7.516 0.635
7.518 0.635
7.519 0.636
7.520 0.635
7.522 0.635
7.522 0.634
7.523 0.633
7.525 0.633
7.524 0.632
7.525 0.631
7.525 0.630
7.527 0.632
7.529 0.633
7.530 0.632
7.532 0.633
7.533 0.633
7.535 0.633
7.536 0.633
7.537 0.633
7.538 0.632
7.537 0.633
7.535 0.632
7.535 0.633
7.533 0.633
7.532 0.633
7.530 0.632
7.529 0.633
7.525 0.639
7.524 0.639
7.545 0.631
7.546 0.631
7.547 0.631
7.549 0.631
7.550 0.631
7.551 0.630
7.552 0.630
7.553 0.629
7.554 0.628
7.555 0.628
7.557 0.628
7.558 0.628
7.560 0.628
7.561 0.628
7.563 0.629
7.564 0.628
7.565 0.628
7.566 0.628
7.567 0.627
7.569 0.627
7.571 0.628
7.569 0.627
7.567 0.627
7.568 0.626
7.569 0.625
7.569 0.624
7.570 0.623
7.569 0.622
7.569 0.621
7.567 0.621
7.567 0.620
7.566 0.619
7.566 0.620
7.564 0.620
7.566 0.620
7.567 0.621
7.569 0.621
7.568 0.622
7.570 0.623
7.569 0.624
7.569 0.625
7.568 0.626
7.567 0.627
7.566 0.628
7.565 0.627
7.563 0.627
7.563 0.629
7.561 0.628
7.560 0.628
7.558 0.628
7.557 0.628
7.555 0.627
7.554 0.628
7.553 0.629
7.552 0.630
7.551 0.630
7.550 0.631
7.549 0.631
7.547 0.631
7.546 0.631
7.543 0.629
7.542 0.628
7.543 0.627
7.541 0.627
7.542 0.626
7.541 0.625
7.542 0.624
7.543 0.623
7.543 0.622
7.543 0.621
7.543 0.622
7.543 0.623
7.542 0.624
7.541 0.625
7.542 0.626
7.541 0.627
7.541 0.627
7.542 0.628
7.549 0.621
7.549 0.621
7.547 0.620
7.546 0.620
7.546 0.619
7.547 0.618
7.549 0.617
7.550 0.616
7.551 0.616
7.552 0.615
7.553 0.615
7.554 0.614
7.555 0.613
7.557 0.614
7.558 0.614
7.559 0.613
7.561 0.613
7.562 0.614
7.564 0.614
7.565 0.615
7.564 0.614
7.562 0.614
7.561 0.613
7.562 0.612
7.563 0.611
7.562 0.610
7.563 0.609
7.562 0.610
7.563 0.611
7.562 0.612
7.561 0.613
7.559 0.613
7.558 0.613
7.556 0.613
7.555 0.613
7.554 0.614
7.553 0.615
7.552 0.615
7.551 0.616
7.550 0.616
7.549 0.617
7.547 0.618
7.546 0.619
7.545 0.619
7.544 0.618
7.542 0.618
7.541 0.618
7.542 0.618
7.544 0.618
7.545 0.619
7.546 0.620
7.547 0.620
7.549 0.621
7.549 0.621
7.551 0.622
7.553 0.623
7.551 0.622
7.560 0.621
7.562 0.621
7.567 0.617
7.567 0.616
7.569 0.616
7.570 0.617
7.573 0.616
7.573 0.615
7.576 0.615
7.576 0.616
7.580 0.615
7.582 0.616
7.583 0.616
7.582 0.616
7.581 0.615
7.582 0.614
7.581 0.615
7.580 0.614
7.577 0.612
7.578 0.611
7.578 0.610
7.577 0.609
7.577 0.609
7.577 0.608
7.576 0.607
7.575 0.607
7.575 0.608
7.576 0.609
7.576 0.610
7.576 0.610
7.577 0.611
7.585 0.613
7.586 0.612
7.587 0.613
7.588 0.612
7.590 0.612
7.591 0.612
7.590 0.612
7.588 0.612
7.587 0.612
7.586 0.612
7.592 0.616
7.592 0.617
7.595 0.617
7.596 0.616
7.597 0.616
7.599 0.617
7.601 0.618
7.599 0.617
7.597 0.616
7.597 0.616
7.597 0.615
7.598 0.614
7.599 0.613
7.598 0.612
7.598 0.611
7.597 0.612
7.597 0.613
7.598 0.614
7.597 0.615
7.596 0.616
7.600 0.620
7.601 0.621
7.602 0.622
7.601 0.623
7.600 0.624
7.599 0.623
7.598 0.624
7.596 0.623
7.595 0.624
7.593 0.623
7.592 0.622
7.590 0.622
7.589 0.622
7.589 0.623
7.590 0.623
7.592 0.623
7.593 0.623
7.595 0.624
7.596 0.623
7.598 0.624
7.599 0.624
7.600 0.624
7.601 0.623
7.603 0.622
7.604 0.622
7.606 0.623
7.607 0.622
7.606 0.623
7.604 0.622
7.602 0.622
7.601 0.621
7.602 0.620
7.615 0.618
7.616 0.619
7.618 0.618
7.619 0.618
7.620 0.618
7.622 0.618
7.623 0.617
7.624 0.617
7.623 0.617
7.622 0.618
7.620 0.617
7.619 0.617
7.617 0.618
7.616 0.618
7.622 0.611
7.621 0.610
7.620 0.610
7.618 0.610
7.617 0.609
7.616 0.608
7.616 0.607
7.617 0.606
7.618 0.605
7.620 0.606
7.618 0.605
7.617 0.606
7.616 0.607
7.615 0.608
7.613 0.608
7.612 0.607
7.610 0.607
7.609 0.608
7.610 0.607
7.612 0.607
7.613 0.608
7.615 0.608
7.617 0.609
7.618 0.610
7.620 0.610
7.627 0.611
7.629 0.611
7.629 0.612
7.628 0.613
7.628 0.613
7.630 0.613
7.630 0.615
7.629 0.615
7.630 0.619
7.631 0.620
7.632 0.619
7.636 0.615
7.637 0.615
7.639 0.615
7.640 0.615
7.641 0.615
7.643 0.615
7.644 0.615
7.645 0.615
7.645 0.614
7.644 0.614
7.642 0.614
7.641 0.614
7.640 0.614
7.639 0.615
7.637 0.615
7.634 0.609
7.633 0.608
7.634 0.607
7.636 0.607
7.635 0.606
7.637 0.605
7.638 0.604
7.639 0.603
7.640 0.602
7.641 0.602
7.641 0.601
7.640 0.602
7.639 0.603
7.638 0.604
7.636 0.605
7.635 0.604
7.633 0.603
7.632 0.604
7.632 0.604
7.633 0.604
7.635 0.604
7.636 0.605
7.637 0.605
7.635 0.606
7.634 0.607
7.633 0.608
7.627 0.607
7.626 0.607
7.625 0.604
7.626 0.604
7.625 0.602
7.625 0.601
7.623 0.600
7.623 0.600
7.623 0.600
7.624 0.601
7.624 0.602
7.604 0.608
7.603 0.609
7.603 0.609
7.597 0.608
7.596 0.607
7.596 0.606
7.596 0.605
7.595 0.605
7.595 0.604
7.594 0.605
7.594 0.606
7.595 0.607
7.595 0.607
7.595 0.608
7.596 0.609
7.581 0.617
7.581 0.618
7.580 0.619
7.581 0.620
7.581 0.621
7.582 0.622
7.583 0.622
7.584 0.623
7.584 0.624
7.583 0.625
7.583 0.626
7.584 0.626
7.584 0.627
7.585 0.626
7.585 0.625
7.583 0.625
7.584 0.624
7.585 0.623
7.586 0.623
7.585 0.623
7.583 0.622
7.582 0.622
7.582 0.621
7.582 0.620
7.580 0.619
7.581 0.618
7.538 0.617
7.537 0.616
7.536 0.615
7.535 0.616
7.537 0.616
7.482 0.631
7.481 0.632
7.480 0.633
7.481 0.632
7.472 0.633
7.471 0.632
7.468 0.632
7.466 0.631
7.464 0.631
7.464 0.632
7.464 0.631
7.466 0.631
7.460 0.633
7.458 0.633
7.458 0.634
7.458 0.633
7.464 0.651
7.464 0.652
7.464 0.653
7.465 0.652
7.464 0.652
7.432 0.654
7.432 0.654
7.404 0.654
7.402 0.653
7.401 0.653
7.401 0.652
7.400 0.651
7.401 0.650
7.402 0.649
7.402 0.648
7.404 0.648
7.403 0.648
7.402 0.648
7.402 0.649
7.400 0.649
7.400 0.650
7.400 0.651
7.401 0.652
7.400 0.653
7.402 0.653
7.400 0.657
7.401 0.658
7.399 0.658
7.398 0.658
7.388 0.655
7.387 0.655
7.388 0.653
7.388 0.652
7.389 0.652
7.388 0.652
7.387 0.653
7.386 0.653
7.388 0.653
7.387 0.655
7.651 0.615
7.652 0.615
7.654 0.615
7.655 0.614
7.656 0.614
7.657 0.613
7.658 0.612
7.659 0.611
7.658 0.612
7.657 0.613
7.656 0.614
7.655 0.614
7.654 0.615
7.652 0.614
7.662 0.609
7.663 0.608
7.664 0.609
7.666 0.609
7.667 0.608
7.666 0.609
7.664 0.609
7.663 0.608
7.661 0.608
7.661 0.607
7.659 0.606
7.658 0.605
7.657 0.605
7.656 0.604
7.655 0.603
7.654 0.602
7.653 0.602
7.653 0.601
7.653 0.600
7.653 0.599
7.652 0.598
7.653 0.597
7.655 0.596
7.656 0.596
7.657 0.596
7.656 0.596
7.655 0.596
7.653 0.597
7.652 0.598
7.653 0.599
7.653 0.600
7.653 0.601
7.653 0.602
7.654 0.602
7.655 0.603
7.656 0.604
7.657 0.605
7.658 0.605
7.659 0.606
7.668 0.607
7.669 0.606
7.670 0.605
7.670 0.604
7.671 0.603
7.672 0.602
7.672 0.601
7.673 0.600
7.673 0.599
7.672 0.599
7.673 0.598
7.673 0.597
7.674 0.596
7.673 0.595
7.673 0.596
7.673 0.597
7.673 0.598
7.672 0.599
7.673 0.599
7.673 0.600
7.672 0.601
7.672 0.602
7.671 0.603
7.670 0.604
7.670 0.605
7.669 0.606
7.673 0.610
7.675 0.611
7.676 0.612
7.678 0.612
7.679 0.612
7.680 0.612
7.682 0.612
7.680 0.612
7.679 0.612
7.678 0.612
7.676 0.612
7.675 0.611
7.688 0.610
7.689 0.609
7.691 0.608
7.692 0.608
7.691 0.608
7.689 0.609
7.694 0.607
7.695 0.606
7.697 0.607
7.699 0.608
7.698 0.607
7.697 0.606
7.695 0.605
7.694 0.605
7.695 0.604
7.695 0.603
7.693 0.603
7.693 0.604
7.694 0.605
7.695 0.605
7.695 0.606
7.701 0.607
7.702 0.606
7.704 0.607
7.704 0.608
7.706 0.608
7.707 0.607
7.707 0.606
7.705 0.607
7.704 0.607
7.702 0.606
7.709 0.607
7.711 0.606
7.712 0.606
7.712 0.607
7.714 0.608
7.712 0.607
7.712 0.606
7.711 0.606
7.712 0.605
7.713 0.604
7.712 0.605
7.711 0.606
7.711 0.602
7.713 0.602
7.712 0.601
7.711 0.600
7.712 0.599
7.712 0.598
7.710 0.597
7.711 0.596
7.711 0.596
7.710 0.597
7.710 0.597
7.712 0.598
7.712 0.599
7.711 0.600
7.711 0.601
7.719 0.598
7.718 0.598
7.724 0.599
7.725 0.600
7.728 0.596
7.726 0.595
7.733 0.592
7.733 0.591
7.733 0.591
7.734 0.590
7.735 0.590
7.736 0.589
7.738 0.589
7.736 0.589
7.735 0.589
7.734 0.590
7.732 0.590
7.733 0.591
7.733 0.591
7.734 0.598
7.733 0.599
7.732 0.601
7.732 0.601
7.731 0.604
7.731 0.605
7.733 0.605
7.733 0.606
7.732 0.607
7.730 0.607
7.729 0.608
7.728 0.608
7.726 0.609
7.728 0.609
7.729 0.608
7.730 0.607
7.732 0.607
7.733 0.607
7.735 0.608
7.736 0.608
7.738 0.609
7.739 0.608
7.740 0.607
7.741 0.607
7.741 0.606
7.740 0.607
7.739 0.607
7.737 0.608
7.736 0.607
7.734 0.607
7.744 0.606
7.745 0.605
7.746 0.604
7.745 0.605
7.749 0.604
7.750 0.604
7.752 0.604
7.750 0.604
7.749 0.603
7.747 0.602
7.746 0.601
7.744 0.601
7.744 0.600
7.744 0.599
7.745 0.598
7.744 0.599
7.743 0.599
7.743 0.600
7.744 0.601
7.746 0.601
7.747 0.602
7.749 0.603
7.755 0.597
7.756 0.597
7.755 0.597
7.746 0.595
7.746 0.594
7.747 0.592
7.747 0.591
7.745 0.591
7.745 0.591
7.738 0.599
7.737 0.599
7.738 0.599
7.740 0.599
7.718 0.603
7.719 0.604
7.714 0.610
7.713 0.611
7.700 0.612
7.698 0.611
7.698 0.612
7.694 0.601
7.694 0.601
7.693 0.601
7.693 0.601
7.692 0.599
7.694 0.599
7.693 0.598
7.693 0.597
7.693 0.596
7.693 0.596
7.694 0.595
7.695 0.594
7.696 0.594
7.697 0.593
7.699 0.592
7.699 0.592
7.697 0.593
7.696 0.593
7.695 0.594
7.694 0.595
7.693 0.596
7.691 0.596
7.690 0.595
7.688 0.594
7.686 0.594
7.685 0.593
7.685 0.594
7.687 0.595
7.688 0.594
7.690 0.595
7.691 0.596
7.691 0.597
7.692 0.597
7.692 0.598
7.709 0.593
7.710 0.592
7.710 0.591
7.711 0.591
7.713 0.590
7.711 0.591
7.710 0.591
7.710 0.591
7.709 0.592
7.764 0.589
7.765 0.589
7.766 0.589
7.765 0.589
7.766 0.588
7.765 0.589
7.764 0.589
7.764 0.590
7.764 0.591
7.764 0.592
7.764 0.593
7.764 0.594
7.764 0.594
7.764 0.595
7.765 0.596
7.766 0.595
7.767 0.596
7.766 0.595
7.764 0.594
7.764 0.594
7.764 0.593
7.764 0.592
7.764 0.591
7.764 0.590
7.772 0.590
7.773 0.589
7.772 0.589
7.772 0.590
7.772 0.591
7.772 0.592
7.772 0.592
7.774 0.593
7.772 0.592
7.772 0.592
7.772 0.591
7.774 0.596
7.776 0.597
7.777 0.598
7.777 0.599
7.777 0.598
7.776 0.597
7.782 0.598
7.783 0.597
7.784 0.596
7.785 0.595
7.787 0.594
7.788 0.593
7.789 0.592
7.791 0.592
7.791 0.591
7.792 0.590
7.793 0.589
7.793 0.588
7.793 0.587
7.793 0.586
7.793 0.587
7.793 0.588
7.793 0.589
7.792 0.590
7.791 0.591
7.791 0.592
7.789 0.592
7.788 0.593
7.787 0.594
7.785 0.595
7.784 0.596
7.783 0.596
7.783 0.597
7.780 0.599
7.780 0.600
7.782 0.601
7.780 0.600
7.775 0.602
7.774 0.603
7.773 0.604
7.771 0.604
7.770 0.605
7.769 0.605
7.767 0.606
7.766 0.605
7.766 0.606
7.767 0.606
7.769 0.605
7.770 0.605
7.771 0.604
7.773 0.604
7.774 0.603
7.788 0.603
7.789 0.603
7.791 0.604
7.792 0.604
7.793 0.605
7.795 0.605
7.796 0.605
7.795 0.605
7.793 0.605
7.792 0.604
7.791 0.604
7.789 0.603
7.806 0.605
7.807 0.604
7.809 0.604
7.810 0.603
7.811 0.603
7.813 0.603
7.814 0.602
7.815 0.602
7.817 0.603
7.818 0.604
7.820 0.604
7.821 0.605
7.822 0.605
7.824 0.605
7.822 0.605
7.821 0.605
7.820 0.604
7.818 0.604
7.817 0.603
7.815 0.602
7.814 0.602
7.813 0.603
7.811 0.603
7.810 0.603
7.809 0.604
7.807 0.604
7.814 0.598
7.815 0.598
7.816 0.597
7.815 0.597
7.814 0.597
7.812 0.596
7.811 0.595
7.811 0.594
7.809 0.593
7.809 0.593
7.808 0.592
7.808 0.591
7.808 0.592
7.809 0.593
7.809 0.593
7.811 0.594
7.811 0.595
7.812 0.596
7.814 0.597
7.814 0.598
7.819 0.597
7.820 0.597
7.822 0.596
7.823 0.595
7.825 0.594
7.826 0.595
7.825 0.594
7.826 0.593
7.826 0.592
7.827 0.591
7.827 0.591
7.827 0.590
7.827 0.589
7.826 0.588
7.824 0.587
7.823 0.586
7.821 0.586
7.820 0.586
7.818 0.586
7.817 0.586
7.816 0.586
7.814 0.586
7.813 0.586
7.811 0.586
7.810 0.586
7.809 0.587
7.807 0.587
7.806 0.587
7.804 0.586
7.803 0.586
7.801 0.586
7.803 0.586
7.804 0.586
7.806 0.587
7.806 0.588
7.806 0.589
7.806 0.589
7.807 0.589
7.807 0.588
7.809 0.587
7.810 0.586
7.811 0.587
7.813 0.586
7.814 0.586
7.816 0.586
7.817 0.586
7.818 0.586
7.820 0.587
7.821 0.587
7.823 0.586
7.824 0.587
7.826 0.588
7.827 0.589
7.827 0.590
7.827 0.591
7.827 0.591
7.826 0.592
7.826 0.593
7.825 0.594
7.823 0.595
7.822 0.596
7.820 0.596
7.829 0.596
7.830 0.596
7.830 0.597
7.832 0.598
7.833 0.598
7.834 0.598
7.833 0.598
7.832 0.598
7.830 0.597
7.830 0.596
7.831 0.603
7.832 0.604
7.832 0.605
7.833 0.605
7.832 0.604
7.832 0.603
7.844 0.603
7.846 0.604
7.848 0.603
7.850 0.602
7.851 0.603
7.853 0.604
7.851 0.603
7.850 0.602
7.851 0.601
7.851 0.600
7.851 0.600
7.850 0.600
7.850 0.600
7.850 0.601
7.850 0.602
7.855 0.604
7.857 0.603
7.858 0.604
7.860 0.603
7.861 0.604
7.860 0.603
7.858 0.604
7.857 0.603
7.865 0.603
7.865 0.604
7.866 0.603
7.866 0.602
7.866 0.601
7.866 0.600
7.866 0.600
7.866 0.599
7.866 0.600
7.866 0.600
7.866 0.601
7.866 0.602
7.872 0.604
7.873 0.604
7.867 0.597
7.865 0.596
7.864 0.595
7.862 0.595
7.864 0.595
7.864 0.596
7.865 0.597
7.862 0.593
7.861 0.592
7.862 0.591
7.864 0.590
7.865 0.590
7.867 0.589
7.868 0.588
7.867 0.589
7.865 0.590
7.864 0.590
7.862 0.591
7.861 0.592
7.860 0.592
7.858 0.591
7.857 0.592
7.855 0.591
7.854 0.590
7.853 0.590
7.851 0.589
7.850 0.588
7.848 0.587
7.848 0.586
7.847 0.585
7.848 0.586
7.848 0.587
7.850 0.588
7.851 0.589
7.853 0.590
7.854 0.590
7.855 0.591
7.857 0.592
7.855 0.593
7.854 0.594
7.854 0.595
7.853 0.595
7.851 0.596
7.850 0.597
7.851 0.597
7.853 0.596
7.853 0.595
7.854 0.595
7.854 0.594
7.855 0.593
7.857 0.592
7.858 0.591
7.860 0.592
7.861 0.592
7.870 0.586
7.870 0.585
7.834 0.586
7.833 0.587
7.831 0.587
7.830 0.588
7.831 0.587
7.833 0.587
7.834 0.587
7.786 0.590
7.785 0.589
7.891 0.607
7.892 0.607
7.894 0.607
7.892 0.606
7.892 0.607
7.897 0.606
7.898 0.607
7.899 0.607
7.901 0.608
7.899 0.607
7.899 0.606
7.898 0.606
7.899 0.604
7.899 0.603
7.909 0.605
7.910 0.605
7.912 0.606
7.913 0.606
7.914 0.606
7.916 0.606
7.917 0.607
7.918 0.607
7.920 0.607
7.921 0.607
7.923 0.607
7.924 0.606
7.925 0.606
7.927 0.606
7.928 0.606
7.930 0.606
7.931 0.606
7.932 0.607
7.934 0.607
7.935 0.607
7.936 0.607
7.938 0.607
7.938 0.607
7.936 0.607
7.935 0.607
7.934 0.606
7.932 0.607
7.931 0.606
7.930 0.606
7.928 0.605
7.927 0.605
7.925 0.606
7.924 0.606
7.923 0.607
7.921 0.606
7.920 0.606
7.919 0.606
7.917 0.606
7.916 0.606
7.914 0.606
7.913 0.606
7.912 0.606
7.910 0.605
7.914 0.599
7.915 0.598
7.917 0.598
7.918 0.598
7.919 0.599
7.921 0.599
7.922 0.599
7.923 0.599
7.925 0.599
7.926 0.599
7.928 0.599
7.929 0.600
7.930 0.600
7.930 0.599
7.929 0.600
7.928 0.599
7.926 0.599
7.925 0.599
7.924 0.598
7.922 0.598
7.921 0.598
7.919 0.599
7.918 0.598
7.917 0.598
7.915 0.597
7.914 0.596
7.915 0.596
7.916 0.595
7.916 0.594
7.916 0.593
7.916 0.592
7.916 0.591
7.916 0.591
7.915 0.590
7.916 0.589
7.918 0.588
7.919 0.589
7.921 0.588
7.922 0.588
7.923 0.588
7.925 0.589
7.926 0.589
7.928 0.589
7.929 0.589
7.930 0.590
7.932 0.589
7.933 0.590
7.934 0.590
7.936 0.589
7.937 0.590
7.939 0.589
7.940 0.589
7.942 0.589
7.940 0.589
7.939 0.589
7.937 0.589
7.936 0.589
7.934 0.590
7.933 0.590
7.932 0.589
7.930 0.589
7.929 0.589
7.928 0.589
7.926 0.589
7.925 0.589
7.923 0.588
7.922 0.588
7.921 0.588
7.919 0.588
7.918 0.588
7.916 0.589
7.915 0.588
7.913 0.588
7.912 0.588
7.913 0.588
7.915 0.588
7.916 0.589
7.915 0.590
7.915 0.591
7.915 0.591
7.914 0.592
7.914 0.593
7.914 0.594
7.914 0.595
7.914 0.596
7.914 0.596
7.915 0.597
7.915 0.598
7.929 0.602
7.929 0.603
7.928 0.604
7.929 0.603
7.930 0.602
7.933 0.600
7.935 0.599
7.936 0.600
7.937 0.600
7.939 0.600
7.937 0.600
7.936 0.600
7.935 0.599
7.932 0.597
7.932 0.596
7.932 0.596
7.932 0.595
7.933 0.594
7.933 0.593
7.933 0.592
7.933 0.591
7.933 0.592
7.931 0.593
7.931 0.594
7.931 0.595
7.931 0.595
7.931 0.596
7.950 0.591
7.951 0.591
7.953 0.592
7.954 0.592
7.955 0.592
7.957 0.592
7.958 0.592
7.960 0.592
7.961 0.592
7.962 0.592
7.964 0.592
7.965 0.592
7.967 0.592
7.968 0.593
7.969 0.593
7.971 0.593
7.972 0.593
7.974 0.593
7.975 0.593
7.976 0.593
7.978 0.593
7.979 0.593
7.981 0.593
7.982 0.594
7.981 0.593
7.979 0.593
7.978 0.592
7.977 0.592
7.975 0.592
7.974 0.592
7.972 0.592
7.971 0.592
7.970 0.592
7.968 0.592
7.967 0.592
7.965 0.592
7.964 0.591
7.963 0.591
7.961 0.591
7.960 0.591
7.958 0.591
7.957 0.591
7.956 0.591
7.954 0.591
7.953 0.591
7.951 0.591
7.950 0.606
7.952 0.607
7.953 0.607
7.954 0.607
7.956 0.607
7.957 0.607
7.958 0.607
7.960 0.607
7.961 0.607
7.962 0.607
7.964 0.607
7.965 0.607
7.967 0.608
7.968 0.608
7.969 0.608
7.971 0.608
7.972 0.608
7.973 0.608
7.975 0.608
7.973 0.608
7.972 0.608
7.971 0.608
7.969 0.608
7.968 0.608
7.967 0.608
7.965 0.607
7.964 0.607
7.962 0.607
7.961 0.607
7.960 0.607
7.958 0.607
7.957 0.607
7.956 0.607
7.954 0.607
7.953 0.607
7.952 0.607
7.983 0.603
7.984 0.603
7.985 0.603
7.987 0.603
7.988 0.603
7.990 0.603
7.991 0.604
7.992 0.604
7.991 0.604
7.990 0.603
7.988 0.603
7.987 0.603
7.985 0.603
7.984 0.603
7.998 0.604
7.999 0.604
8.000 0.602
8.000 0.601
8.000 0.600
8.000 0.599
8.000 0.598
8.001 0.598
8.001 0.597
8.001 0.596
8.001 0.595
8.002 0.594
8.002 0.594
8.002 0.593
8.001 0.592
8.001 0.593
8.000 0.593
8.000 0.594
8.000 0.595
8.000 0.596
8.000 0.597
7.999 0.597
7.999 0.598
7.999 0.599
7.999 0.600
7.999 0.601
7.998 0.602
8.005 0.605
8.006 0.605
8.007 0.605
8.009 0.605
8.010 0.605
8.011 0.605
8.013 0.605
8.014 0.606
8.013 0.605
8.011 0.605
8.010 0.605
8.009 0.605
8.007 0.605
8.006 0.605
7.998 0.607
7.997 0.607
7.997 0.607
7.997 0.608
7.997 0.609
7.996 0.610
7.996 0.611
7.996 0.611
7.996 0.612
7.996 0.613
7.997 0.613
7.997 0.612
7.997 0.612
7.998 0.611
7.998 0.610
7.998 0.609
7.998 0.608
7.998 0.607
8.020 0.610
8.021 0.611
8.022 0.612
8.023 0.613
8.021 0.614
8.020 0.615
8.018 0.615
8.020 0.615
8.020 0.615
8.021 0.614
8.023 0.613
8.025 0.613
8.026 0.614
8.027 0.614
8.027 0.615
8.027 0.614
8.026 0.614
8.026 0.613
8.026 0.612
8.028 0.611
8.026 0.612
8.025 0.613
8.023 0.613
8.022 0.612
8.021 0.611
8.103 0.607
8.105 0.607
8.106 0.607
8.106 0.606
8.105 0.606
8.104 0.606
8.126 0.609
8.126 0.610
8.127 0.611
8.126 0.610
8.128 0.610
8.128 0.609
8.128 0.608
8.130 0.608
8.132 0.607
8.130 0.608
8.128 0.608
8.128 0.609
8.126 0.613
8.126 0.614
8.125 0.615
8.124 0.615
8.123 0.616
8.123 0.617
8.123 0.618
8.122 0.618
8.123 0.619
8.123 0.620
8.123 0.621
8.121 0.622
8.121 0.622
8.120 0.623
8.121 0.624
8.121 0.625
8.122 0.626
8.121 0.625
8.121 0.624
8.121 0.623
8.122 0.623
8.121 0.622
8.123 0.621
8.124 0.620
8.123 0.619
8.122 0.618
8.123 0.618
8.123 0.617
8.123 0.616
8.124 0.615
8.125 0.615
8.127 0.614
8.127 0.613
8.131 0.605
8.133 0.605
8.133 0.604
8.134 0.603
8.135 0.602
8.137 0.602
8.137 0.601
8.139 0.600
8.140 0.600
8.141 0.599
8.143 0.599
8.143 0.598
8.145 0.597
8.147 0.597
8.149 0.596
8.150 0.597
8.151 0.597
8.153 0.597
8.154 0.597
8.156 0.597
8.157 0.597
8.158 0.597
8.160 0.597
8.161 0.597
8.162 0.598
8.164 0.598
8.165 0.598
8.166 0.599
8.168 0.599
8.169 0.599
8.170 0.599
8.172 0.600
8.173 0.600
8.174 0.600
8.175 0.601
8.176 0.601
8.178 0.602
8.179 0.602
8.180 0.603
8.181 0.603
8.182 0.604
8.183 0.605
8.184 0.606
8.186 0.606
8.186 0.607
8.188 0.607
8.188 0.608
8.189 0.609
8.189 0.610
8.189 0.609
8.188 0.608
8.188 0.607
8.187 0.606
8.186 0.606
8.185 0.605
8.183 0.605
8.182 0.603
8.182 0.602
8.180 0.602
8.179 0.602
8.178 0.602
8.177 0.601
8.176 0.600
8.175 0.599
8.173 0.599
8.172 0.599
8.171 0.598
8.169 0.598
8.168 0.598
8.167 0.598
8.165 0.597
8.164 0.597
8.163 0.597
8.161 0.597
8.160 0.596
8.159 0.596
8.157 0.597
8.156 0.597
8.154 0.596
8.153 0.596
8.152 0.596
8.150 0.596
8.149 0.596
8.147 0.597
8.145 0.597
8.143 0.598
8.143 0.599
8.141 0.599
8.140 0.600
8.139 0.600
8.137 0.601
8.137 0.602
8.135 0.602
8.134 0.603
8.133 0.604
8.133 0.605
8.144 0.609
8.144 0.610
8.146 0.610
8.147 0.610
8.149 0.609
8.150 0.609
8.152 0.610
8.153 0.610
8.152 0.610
8.150 0.609
8.149 0.609
8.147 0.610
8.147 0.609
8.146 0.610
8.144 0.610
8.143 0.615
8.143 0.616
8.141 0.616
8.140 0.615
8.141 0.616
8.143 0.616
8.144 0.616
8.146 0.616
8.147 0.616
8.149 0.616
8.150 0.616
8.151 0.617
8.152 0.617
8.154 0.617
8.155 0.617
8.156 0.618
8.158 0.618
8.159 0.618
8.160 0.618
8.161 0.619
8.163 0.619
8.164 0.620
8.165 0.620
8.166 0.620
8.167 0.621
8.168 0.622
8.170 0.621
8.168 0.622
8.167 0.621
8.166 0.620
8.165 0.619
8.164 0.619
8.163 0.619
8.162 0.618
8.161 0.618
8.159 0.617
8.158 0.617
8.157 0.617
8.155 0.617
8.154 0.616
8.153 0.616
8.152 0.616
8.150 0.616
8.149 0.616
8.147 0.616
8.146 0.616
8.145 0.615
8.144 0.622
8.143 0.623
8.141 0.623
8.143 0.623
8.144 0.622
8.146 0.622
8.147 0.623
8.148 0.623
8.149 0.624
8.150 0.624
8.152 0.624
8.153 0.624
8.154 0.624
8.156 0.624
8.157 0.625
8.158 0.625
8.160 0.625
8.158 0.625
8.157 0.625
8.156 0.624
8.154 0.624
8.153 0.624
8.152 0.624
8.151 0.623
8.149 0.623
8.148 0.623
8.147 0.623
8.146 0.622
8.138 0.623
8.137 0.622
8.142 0.630
8.143 0.631
8.145 0.630
8.146 0.630
8.147 0.631
8.148 0.630
8.146 0.630
8.145 0.630
8.143 0.631
8.142 0.630
8.140 0.631
8.138 0.632
8.137 0.632
8.136 0.633
8.137 0.632
8.138 0.632
8.140 0.631
8.134 0.633
8.132 0.633
8.131 0.632
8.130 0.632
8.129 0.631
8.128 0.630
8.127 0.629
8.126 0.628
8.126 0.628
8.127 0.629
8.128 0.630
8.129 0.631
8.130 0.632
8.131 0.633
8.132 0.633
8.133 0.634
8.134 0.635
8.135 0.636
8.136 0.637
8.136 0.638
8.136 0.639
8.137 0.640
8.138 0.641
8.139 0.642
8.138 0.641
8.137 0.640
8.136 0.639
8.136 0.638
8.136 0.637
8.135 0.636
8.134 0.635
8.133 0.634
8.119 0.628
8.120 0.627
8.117 0.630
8.117 0.630
8.114 0.634
8.115 0.635
8.115 0.636
8.116 0.637
8.117 0.638
8.117 0.639
8.118 0.640
8.119 0.641
8.120 0.642
8.121 0.642
8.122 0.643
8.124 0.644
8.124 0.645
8.126 0.645
8.127 0.646
8.128 0.646
8.129 0.646
8.130 0.647
8.131 0.648
8.132 0.648
8.134 0.648
8.135 0.649
8.135 0.650
8.137 0.650
8.138 0.651
8.139 0.652
8.140 0.652
8.141 0.652
8.143 0.651
8.144 0.652
8.145 0.652
8.147 0.651
8.148 0.651
8.149 0.652
8.151 0.651
8.152 0.652
8.151 0.651
8.149 0.652
8.148 0.651
8.147 0.651
8.145 0.652
8.144 0.652
8.143 0.651
8.141 0.652
8.140 0.651
8.139 0.652
8.138 0.651
8.137 0.650
8.136 0.649
8.135 0.649
8.134 0.648
8.135 0.647
8.134 0.648
8.132 0.648
8.131 0.648
8.130 0.647
8.129 0.646
8.128 0.646
8.127 0.645
8.126 0.645
8.124 0.645
8.124 0.644
8.122 0.643
8.121 0.642
8.121 0.641
8.119 0.641
8.118 0.640
8.117 0.639
8.117 0.638
8.116 0.637
8.115 0.636
8.115 0.635
8.126 0.654
8.127 0.655
8.149 0.643
8.151 0.643
8.151 0.642
8.153 0.641
8.155 0.641
8.155 0.640
8.157 0.639
8.158 0.639
8.159 0.638
8.159 0.637
8.158 0.636
8.159 0.635
8.158 0.634
8.157 0.633
8.156 0.633
8.155 0.632
8.153 0.632
8.152 0.632
8.151 0.631
8.150 0.630
8.150 0.631
8.151 0.631
8.152 0.632
8.153 0.632
8.155 0.632
8.156 0.633
8.156 0.634
8.158 0.634
8.159 0.635
8.158 0.636
8.159 0.637
8.159 0.638
8.158 0.639
8.157 0.639
8.155 0.640
8.155 0.641
8.153 0.641
8.151 0.642
8.151 0.643
8.161 0.639
8.161 0.638
8.170 0.640
8.170 0.640
8.171 0.641
8.171 0.640
8.172 0.639
8.173 0.638
8.175 0.638
8.177 0.637
8.177 0.637
8.179 0.636
8.179 0.635
8.180 0.635
8.179 0.635
8.179 0.636
8.177 0.637
8.176 0.637
8.175 0.638
8.173 0.638
8.172 0.639
8.169 0.646
8.168 0.647
8.166 0.647
8.166 0.648
8.164 0.649
8.164 0.650
8.162 0.650
8.161 0.651
8.159 0.651
8.158 0.651
8.156 0.651
8.155 0.651
8.156 0.651
8.158 0.651
8.159 0.651
8.161 0.651
8.162 0.650
8.164 0.650
8.164 0.649
8.166 0.648
8.166 0.647
8.168 0.647
8.182 0.653
8.182 0.654
8.181 0.633
8.181 0.632
8.180 0.631
8.182 0.631
8.182 0.630
8.184 0.629
8.184 0.629
8.185 0.628
8.184 0.627
8.183 0.626
8.184 0.625
8.184 0.624
8.186 0.624
8.184 0.624
8.182 0.625
8.183 0.626
8.184 0.627
8.183 0.627
8.183 0.628
8.184 0.629
8.182 0.630
8.182 0.631
8.180 0.631
8.181 0.632
8.167 0.627
8.165 0.628
8.163 0.627
8.162 0.626
8.172 0.615
8.172 0.615
8.170 0.614
8.169 0.613
8.167 0.614
8.166 0.612
8.165 0.611
8.166 0.612
8.164 0.613
8.166 0.612
8.167 0.614
8.169 0.613
8.174 0.609
8.176 0.608
8.176 0.609
8.177 0.610
8.178 0.611
8.179 0.612
8.180 0.613
8.180 0.613
8.180 0.613
8.179 0.612
8.179 0.611
8.177 0.610
8.176 0.609
8.176 0.608
8.174 0.608
8.173 0.607
8.172 0.607
8.171 0.606
8.169 0.606
8.169 0.605
8.169 0.606
8.168 0.607
8.169 0.607
8.170 0.607
8.172 0.607
8.173 0.608
8.158 0.604
8.156 0.604
8.155 0.604
8.156 0.604
8.184 0.618
8.186 0.617
8.184 0.618
8.185 0.619
8.186 0.620
8.186 0.621
8.185 0.622
8.187 0.622
8.187 0.621
8.186 0.620
8.185 0.619
8.243 0.814
8.244 0.815
8.245 0.814
8.246 0.814
8.247 0.814
8.249 0.814
8.250 0.814
8.251 0.813
8.252 0.814
8.253 0.813
8.254 0.814
8.256 0.813
8.257 0.813
8.258 0.813
8.259 0.813
8.260 0.813
8.261 0.813
8.262 0.813
8.263 0.813
8.265 0.813
8.266 0.813
8.267 0.813
8.268 0.813
8.269 0.813
8.270 0.813
8.272 0.812
8.273 0.813
8.274 0.812
8.275 0.813
8.276 0.812
8.277 0.813
8.278 0.812
8.279 0.813
8.281 0.812
8.282 0.812
8.283 0.812
8.284 0.812
8.285 0.812
8.286 0.812
8.288 0.812
8.289 0.812
8.290 0.812
8.291 0.812
8.292 0.812
8.293 0.812
8.294 0.812
8.295 0.812
8.297 0.812
8.298 0.812
8.299 0.812
8.300 0.812
8.301 0.812
8.302 0.812
8.304 0.812
8.305 0.811
8.306 0.812
8.307 0.811
8.308 0.812
8.310 0.811
8.311 0.812
8.312 0.811
8.313 0.812
8.314 0.811
8.315 0.812
8.316 0.811
8.317 0.812
8.319 0.811
8.320 0.812
8.321 0.811
8.322 0.812
8.323 0.811
8.324 0.812
8.325 0.812
8.327 0.812
8.327 0.813
8.328 0.812
8.330 0.812
8.331 0.812
8.332 0.812
8.333 0.812
8.334 0.812
8.335 0.812
8.337 0.812
8.338 0.812
8.339 0.812
8.339 0.813
8.341 0.813
8.342 0.813
8.343 0.813
8.344 0.813
8.345 0.813
8.346 0.813
8.348 0.813
8.349 0.813
8.350 0.813
8.351 0.814
8.352 0.813
8.353 0.814
8.354 0.813
8.355 0.814
8.356 0.814
8.358 0.814
8.358 0.815
8.359 0.815
8.360 0.815
8.362 0.815
8.363 0.814
8.364 0.815
8.365 0.814
8.366 0.815
8.368 0.814
8.369 0.815
8.370 0.815
8.371 0.815
8.372 0.815
8.373 0.815
8.374 0.816
8.375 0.816
8.375 0.817
8.377 0.817
8.377 0.818
8.377 0.819
8.378 0.819
8.379 0.821
8.380 0.821
8.380 0.822
8.380 0.821
8.379 0.821
8.378 0.819
8.377 0.819
8.377 0.818
8.377 0.817
8.376 0.816
8.375 0.816
8.374 0.815
8.373 0.815
8.372 0.815
8.371 0.815
8.370 0.815
8.369 0.815
8.368 0.814
8.366 0.815
8.365 0.814
8.364 0.815
8.363 0.814
8.362 0.815
8.361 0.814
8.359 0.815
8.359 0.814
8.358 0.814
8.356 0.814
8.355 0.814
8.354 0.813
8.353 0.814
8.352 0.813
8.351 0.814
8.350 0.813
8.349 0.813
8.348 0.813
8.347 0.813
8.345 0.813
8.344 0.813
8.343 0.813
8.342 0.813
8.341 0.813
8.340 0.813
8.339 0.812
8.338 0.812
8.337 0.812
8.335 0.812
8.334 0.812
8.333 0.812
8.332 0.812
8.331 0.812
8.330 0.812
8.328 0.812
8.327 0.812
8.327 0.812
8.325 0.812
8.324 0.812
8.323 0.811
8.322 0.812
8.321 0.811
8.320 0.812
8.319 0.811
8.317 0.812
8.316 0.811
8.315 0.812
8.314 0.811
8.313 0.812
8.312 0.811
8.311 0.812
8.310 0.811
8.308 0.812
8.307 0.811
8.306 0.812
8.305 0.811
8.304 0.812
8.302 0.812
8.301 0.812
8.300 0.812
8.299 0.812
8.298 0.812
8.297 0.812
8.295 0.812
8.294 0.812
8.293 0.812
8.292 0.812
8.291 0.812
8.290 0.812
8.289 0.812
8.288 0.812
8.286 0.812
8.285 0.812
8.284 0.812
8.283 0.812
8.282 0.812
8.281 0.812
8.279 0.813
8.278 0.812
8.277 0.813
8.276 0.812
8.275 0.813
8.274 0.812
8.273 0.813
8.272 0.812
8.270 0.813
8.269 0.813
8.268 0.813
8.267 0.813
8.266 0.813
8.265 0.813
8.263 0.813
8.262 0.813
8.261 0.813
8.260 0.813
8.259 0.813
8.258 0.813
8.257 0.813
8.256 0.813
8.254 0.814
8.253 0.813
8.252 0.814
8.251 0.813
8.250 0.814
8.249 0.814
8.247 0.814
8.246 0.814
8.245 0.814
8.244 0.815
8.243 0.814
8.242 0.815
8.240 0.815
8.239 0.816
8.240 0.815
8.242 0.815
8.219 0.856
8.218 0.856
8.217 0.856
8.216 0.855
8.215 0.855
8.214 0.855
8.213 0.855
8.214 0.855
8.215 0.855
8.216 0.855
8.217 0.856
8.218 0.856
8.211 0.854
8.210 0.854
8.210 0.853
8.209 0.853
8.208 0.853
8.207 0.853
8.206 0.852
8.205 0.852
8.204 0.852
8.203 0.851
8.202 0.851
8.201 0.851
8.200 0.851
8.199 0.850
8.198 0.850
8.198 0.850
8.197 0.849
8.196 0.849
8.195 0.849
8.194 0.849
8.193 0.848
8.192 0.848
8.191 0.848
8.190 0.847
8.189 0.847
8.188 0.847
8.187 0.847
8.186 0.846
8.186 0.846
8.185 0.846
8.184 0.846
8.183 0.845
8.182 0.845
8.181 0.845
8.180 0.845
8.179 0.844
8.178 0.844
8.177 0.844
8.176 0.843
8.175 0.843
8.174 0.843
8.173 0.843
8.172 0.842
8.172 0.842
8.171 0.842
8.170 0.842
8.169 0.841
8.168 0.841
8.167 0.841
8.166 0.841
8.165 0.840
8.164 0.840
8.163 0.840
8.162 0.840
8.161 0.839
8.160 0.839
8.159 0.839
8.158 0.839
8.157 0.838
8.156 0.838
8.155 0.838
8.156 0.838
8.157 0.838
8.158 0.839
8.159 0.839
8.160 0.839
8.161 0.839
8.162 0.840
8.163 0.840
8.164 0.840
8.165 0.840
8.166 0.841
8.167 0.841
8.168 0.841
8.169 0.841
8.170 0.842
8.171 0.842
8.172 0.842
8.172 0.842
8.173 0.843
8.174 0.843
8.175 0.843
8.176 0.843
8.177 0.844
8.178 0.844
8.179 0.844
8.180 0.845
8.181 0.845
8.182 0.845
8.183 0.845
8.184 0.846
8.185 0.846
8.186 0.846
8.186 0.846
8.187 0.847
8.188 0.847
8.189 0.847
8.190 0.847
8.191 0.848
8.192 0.848
8.193 0.848
8.194 0.849
8.195 0.849
8.196 0.849
8.197 0.849
8.198 0.850
8.198 0.850
8.199 0.850
8.200 0.851
8.201 0.851
8.202 0.851
8.203 0.851
8.204 0.852
8.205 0.852
8.206 0.852
8.207 0.853
8.208 0.853
8.209 0.853
8.210 0.853
8.210 0.854
8.154 0.837
8.153 0.837
8.152 0.837
8.151 0.837
8.150 0.836
8.151 0.837
8.152 0.837
8.153 0.837
8.148 0.836
8.147 0.836
8.146 0.835
8.145 0.835
8.144 0.835
8.143 0.835
8.142 0.834
8.141 0.834
8.140 0.834
8.139 0.834
8.138 0.834
8.137 0.833
8.136 0.833
8.135 0.833
8.134 0.833
8.134 0.832
8.133 0.832
8.132 0.832
8.131 0.832
8.130 0.831
8.129 0.831
8.128 0.831
8.127 0.831
8.126 0.831
8.125 0.830
8.124 0.830
8.123 0.830
8.122 0.830
8.121 0.829
8.120 0.829
8.119 0.829
8.118 0.829
8.117 0.829
8.116 0.828
8.115 0.828
8.114 0.828
8.113 0.828
8.112 0.827
8.111 0.827
8.110 0.827
8.109 0.827
8.108 0.827
8.107 0.826
8.106 0.826
8.105 0.826
8.104 0.826
8.103 0.826
8.103 0.825
8.102 0.825
8.101 0.825
8.100 0.825
8.099 0.825
8.098 0.824
8.097 0.824
8.096 0.824
8.095 0.824
8.094 0.824
8.093 0.823
8.092 0.823
8.091 0.823
8.090 0.823
8.089 0.823
8.090 0.823
8.091 0.823
8.092 0.823
8.093 0.823
8.094 0.824
8.095 0.824
8.096 0.824
8.097 0.824
8.098 0.824
8.099 0.825
8.100 0.825
8.101 0.825
8.102 0.825
8.103 0.825
8.103 0.826
8.104 0.826
8.105 0.826
8.106 0.826
8.107 0.826
8.108 0.827
8.109 0.827
8.110 0.827
8.111 0.827
8.112 0.827
8.113 0.828
8.114 0.828
8.115 0.828
8.116 0.828
8.117 0.829
8.118 0.829
8.119 0.829
8.120 0.829
8.121 0.829
8.122 0.830
8.123 0.830
8.124 0.830
8.125 0.830
8.126 0.831
8.127 0.831
8.128 0.831
8.129 0.831
8.130 0.831
8.131 0.832
8.132 0.832
8.133 0.832
8.134 0.832
8.134 0.833
8.135 0.833
8.136 0.833
8.137 0.833
8.138 0.834
8.139 0.834
8.140 0.834
8.141 0.834
8.142 0.834
8.143 0.835
8.144 0.835
8.145 0.835
8.146 0.835
8.147 0.836
8.087 0.822
8.086 0.822
8.084 0.822
8.083 0.821
8.082 0.821
8.081 0.821
8.080 0.821
8.081 0.821
8.082 0.821
8.083 0.821
8.076 0.820
8.075 0.820
8.074 0.820
8.073 0.820
8.072 0.819
8.071 0.819
8.070 0.819
8.069 0.819
8.068 0.819
8.069 0.819
8.070 0.819
8.071 0.819
8.072 0.819
8.073 0.820
8.074 0.820
8.075 0.820
8.066 0.818
8.065 0.818
8.064 0.818
8.063 0.818
8.062 0.818
8.061 0.818
8.060 0.817
8.059 0.817
8.058 0.817
8.057 0.817
8.056 0.817
8.055 0.817
8.054 0.816
8.053 0.816
8.052 0.816
8.051 0.816
8.050 0.816
8.049 0.816
8.048 0.815
8.047 0.815
8.046 0.815
8.045 0.815
8.044 0.815
8.043 0.815
8.042 0.814
8.041 0.814
8.040 0.814
8.039 0.814
8.038 0.814
8.037 0.814
8.036 0.813
8.035 0.813
8.034 0.813
8.033 0.813
8.032 0.813
8.031 0.813
8.032 0.813
8.033 0.813
8.034 0.813
8.035 0.813
8.036 0.813
8.037 0.814
8.038 0.814
8.039 0.814
8.040 0.814
8.041 0.814
8.042 0.814
8.043 0.815
8.044 0.815
8.045 0.815
8.046 0.815
8.047 0.815
8.048 0.815
8.049 0.816
8.050 0.816
8.051 0.816
8.052 0.816
8.053 0.816
8.054 0.816
8.055 0.817
8.056 0.817
8.057 0.817
8.058 0.817
8.059 0.817
8.060 0.817
8.061 0.818
8.062 0.818
8.063 0.818
8.064 0.818
8.065 0.818
8.029 0.812
8.028 0.812
8.027 0.812
8.026 0.812
8.025 0.812
8.024 0.812
8.023 0.812
8.022 0.811
8.021 0.811
8.020 0.811
8.019 0.811
8.018 0.811
8.017 0.811
8.016 0.811
8.015 0.811
8.014 0.810
8.013 0.810
8.012 0.810
8.011 0.810
8.010 0.810
8.009 0.810
8.008 0.810
8.007 0.809
8.006 0.809
8.005 0.809
8.004 0.809
8.003 0.809
8.002 0.809
8.001 0.809
8.000 0.809
7.999 0.808
7.998 0.808
7.997 0.808
7.996 0.808
7.994 0.808
7.993 0.808
7.992 0.808
7.991 0.808
7.990 0.808
7.989 0.807
7.988 0.807
7.987 0.807
7.986 0.807
7.985 0.807
7.986 0.807
7.987 0.807
7.988 0.807
7.989 0.807
7.990 0.808
7.991 0.808
7.992 0.808
7.993 0.808
7.994 0.808
7.996 0.808
7.997 0.808
7.998 0.808
7.999 0.808
8.000 0.809
8.001 0.809
8.002 0.809
8.003 0.809
8.004 0.809
8.005 0.809
8.006 0.809
8.007 0.809
8.008 0.810
8.009 0.810
8.010 0.810
8.011 0.810
8.012 0.810
8.013 0.810
8.014 0.810
8.015 0.811
8.016 0.811
8.017 0.811
8.018 0.811
8.019 0.811
8.020 0.811
8.021 0.811
8.022 0.811
8.023 0.812
8.024 0.812
8.025 0.812
8.026 0.812
8.027 0.812
8.028 0.812
7.983 0.807
7.982 0.807
7.981 0.807
7.980 0.806
7.979 0.806
7.978 0.806
7.977 0.806
7.976 0.806
7.975 0.806
7.974 0.806
7.973 0.806
7.972 0.806
7.971 0.806
7.970 0.805
7.969 0.805
7.968 0.805
7.967 0.805
7.966 0.805
7.965 0.805
7.964 0.805
7.963 0.805
7.962 0.805
7.961 0.805
7.960 0.805
7.959 0.804
7.958 0.804
7.957 0.804
7.958 0.804
7.959 0.804
7.960 0.805
7.961 0.805
7.962 0.805
7.963 0.805
7.964 0.805
7.965 0.805
7.966 0.805
7.967 0.805
7.968 0.805
7.969 0.805
7.970 0.805
7.971 0.806
7.972 0.806
7.973 0.806
7.974 0.806
7.975 0.806
7.976 0.806
7.977 0.806
7.978 0.806
7.979 0.806
7.980 0.806
7.981 0.807
7.982 0.807
7.955 0.804
7.953 0.804
7.952 0.804
7.951 0.804
7.950 0.804
7.949 0.804
7.948 0.804
7.947 0.804
7.946 0.803
7.945 0.803
7.944 0.803
7.943 0.803
7.942 0.803
7.941 0.803
7.940 0.803
7.939 0.803
7.938 0.803
7.937 0.803
7.936 0.803
7.935 0.803
7.934 0.803
7.933 0.803
7.932 0.802
7.931 0.802
7.930 0.802
7.929 0.802
7.928 0.802
7.927 0.802
7.926 0.802
7.925 0.802
7.924 0.802
7.923 0.802
7.924 0.802
7.925 0.802
7.926 0.802
7.927 0.802
7.928 0.802
7.929 0.802
7.930 0.802
7.931 0.802
7.932 0.802
7.933 0.803
7.934 0.803
7.935 0.803
7.936 0.803
7.937 0.803
7.938 0.803
7.939 0.803
7.940 0.803
7.941 0.803
7.942 0.803
7.943 0.803
7.944 0.803
7.945 0.803
7.946 0.803
7.947 0.804
7.948 0.804
7.949 0.804
7.950 0.804
7.951 0.804
7.952 0.804
7.953 0.804
7.920 0.802
7.919 0.802
7.918 0.802
7.917 0.802
7.916 0.802
7.915 0.802
7.914 0.802
7.913 0.801
7.912 0.801
7.911 0.801
7.910 0.801
7.909 0.801
7.908 0.801
7.907 0.801
7.906 0.801
7.905 0.801
7.904 0.801
7.903 0.801
7.902 0.801
7.903 0.801
7.904 0.801
7.905 0.801
7.906 0.801
7.907 0.801
7.908 0.801
7.909 0.801
7.910 0.801
7.911 0.801
7.912 0.801
7.913 0.801
7.914 0.802
7.915 0.802
7.916 0.802
7.917 0.802
7.918 0.802
7.919 0.802
7.900 0.801
7.899 0.801
7.898 0.801
7.897 0.801
7.896 0.801
7.895 0.801
7.893 0.801
7.892 0.801
7.891 0.801
7.890 0.801
7.889 0.801
7.888 0.801
7.887 0.800
7.886 0.800
7.885 0.800
7.884 0.800
7.883 0.800
7.882 0.800
7.881 0.800
7.880 0.800
7.879 0.800
7.878 0.800
7.877 0.800
7.876 0.800
7.875 0.800
7.874 0.800
7.873 0.800
7.872 0.800
7.871 0.800
7.870 0.800
7.869 0.800
7.868 0.800
7.866 0.800
7.865 0.800
7.864 0.800
7.863 0.800
7.862 0.800
7.861 0.800
7.860 0.800
7.859 0.800
7.858 0.800
7.857 0.800
7.856 0.800
7.855 0.800
7.854 0.800
7.853 0.800
7.852 0.800
7.851 0.800
7.850 0.800
7.849 0.800
7.848 0.800
7.847 0.800
7.846 0.800
7.845 0.800
7.844 0.800
7.843 0.800
7.842 0.800
7.840 0.800
7.839 0.800
7.838 0.800
7.837 0.800
7.838 0.800
7.839 0.800
7.840 0.800
7.842 0.800
7.843 0.800
7.844 0.800
7.845 0.800
7.846 0.800
7.847 0.800
7.848 0.800
7.849 0.800
7.850 0.800
7.851 0.800
7.852 0.800
7.853 0.800
7.854 0.800
7.855 0.800
7.856 0.800
7.857 0.800
7.858 0.800
7.859 0.800
7.860 0.800
7.861 0.800
7.862 0.800
7.863 0.800
7.864 0.800
7.865 0.800
7.866 0.800
7.868 0.800
7.869 0.800
7.870 0.800
7.871 0.800
7.872 0.800
7.873 0.800
7.874 0.800
7.875 0.800
7.876 0.800
7.877 0.800
7.878 0.800
7.879 0.800
7.880 0.800
7.881 0.800
7.882 0.800
7.883 0.800
7.884 0.800
7.885 0.800
7.886 0.800
7.887 0.800
7.888 0.801
7.889 0.801
7.890 0.801
7.891 0.801
7.892 0.801
7.893 0.801
7.895 0.801
7.896 0.801
7.897 0.801
7.898 0.801
7.899 0.801
7.835 0.800
7.834 0.800
7.833 0.800
7.832 0.800
7.831 0.800
7.830 0.800
7.829 0.800
7.828 0.800
7.827 0.800
7.826 0.800
7.825 0.800
7.824 0.800
7.823 0.800
7.822 0.800
7.821 0.800
7.820 0.801
7.819 0.801
7.818 0.801
7.817 0.801
7.816 0.801
7.814 0.801
7.813 0.801
7.812 0.801
7.811 0.801
7.810 0.801
7.809 0.801
7.808 0.801
7.807 0.801
7.806 0.801
7.805 0.801
7.804 0.801
7.803 0.801
7.804 0.801
7.805 0.801
7.806 0.801
7.807 0.801
7.808 0.801
7.809 0.801
7.810 0.801
7.811 0.801
7.812 0.801
7.813 0.801
7.814 0.801
7.816 0.801
7.817 0.801
7.818 0.801
7.819 0.801
7.820 0.801
7.821 0.800
7.822 0.800
7.823 0.800
7.824 0.800
7.825 0.800
7.826 0.800
7.827 0.800
7.828 0.800
7.829 0.800
7.830 0.800
7.831 0.800
7.832 0.800
7.833 0.800
7.834 0.800
7.801 0.801
7.800 0.801
7.799 0.801
7.798 0.801
7.797 0.801
7.796 0.801
7.795 0.801
7.794 0.802
7.793 0.802
7.792 0.802
7.791 0.802
7.790 0.802
7.789 0.802
7.788 0.802
7.786 0.802
7.785 0.802
7.784 0.802
7.783 0.802
7.782 0.802
7.781 0.802
7.780 0.802
7.779 0.802
7.778 0.802
7.777 0.802
7.776 0.802
7.775 0.803
7.774 0.803
7.773 0.803
7.772 0.803
7.771 0.803
7.770 0.803
7.769 0.803
7.768 0.803
7.767 0.803
7.766 0.803
7.767 0.803
7.768 0.803
7.769 0.803
7.770 0.803
7.771 0.803
7.772 0.803
7.773 0.803
7.774 0.803
7.775 0.803
7.776 0.802
7.777 0.802
7.778 0.802
7.779 0.802
7.780 0.802
7.781 0.802
7.782 0.802
7.783 0.802
7.784 0.802
7.785 0.802
7.786 0.802
7.788 0.802
7.789 0.802
7.790 0.802
7.791 0.802
7.792 0.802
7.793 0.802
7.794 0.802
7.795 0.801
7.796 0.801
7.797 0.801
7.798 0.801
7.799 0.801
7.800 0.801
7.764 0.803
7.763 0.803
7.762 0.803
7.761 0.804
7.760 0.804
7.759 0.804
7.758 0.804
7.757 0.804
7.755 0.804
7.754 0.804
7.753 0.804
7.752 0.804
7.751 0.804
7.750 0.804
7.749 0.804
7.748 0.805
7.747 0.805
7.746 0.805
7.745 0.805
7.744 0.805
7.743 0.805
7.742 0.805
7.741 0.805
7.740 0.805
7.739 0.805
7.738 0.805
7.737 0.806
7.736 0.806
7.735 0.806
7.734 0.806
7.733 0.806
7.732 0.806
7.733 0.806
7.734 0.806
7.735 0.806
7.736 0.806
7.737 0.806
7.738 0.805
7.739 0.805
7.740 0.805
7.741 0.805
7.742 0.805
7.743 0.805
7.744 0.805
7.745 0.805
7.746 0.805
7.747 0.805
7.748 0.805
7.749 0.804
7.750 0.804
7.751 0.804
7.752 0.804
7.753 0.804
7.754 0.804
7.755 0.804
7.757 0.804
7.758 0.804
7.759 0.804
7.760 0.804
7.761 0.804
7.762 0.803
7.763 0.803
7.730 0.806
7.729 0.806
7.728 0.806
7.727 0.807
7.726 0.807
7.725 0.807
7.724 0.807
7.723 0.807
7.722 0.807
7.721 0.807
7.720 0.807
7.719 0.807
7.718 0.808
7.717 0.808
7.716 0.808
7.714 0.808
7.713 0.808
7.712 0.808
7.711 0.808
7.710 0.808
7.709 0.808
7.708 0.809
7.707 0.809
7.706 0.809
7.705 0.809
7.704 0.809
7.703 0.809
7.702 0.809
7.701 0.809
7.700 0.810
7.699 0.810
7.698 0.810
7.697 0.810
7.696 0.810
7.695 0.810
7.694 0.810
7.693 0.811
7.692 0.811
7.691 0.811
7.690 0.811
7.689 0.811
7.690 0.811
7.691 0.811
7.692 0.811
7.693 0.811
7.694 0.810
7.695 0.810
7.696 0.810
7.697 0.810
7.698 0.810
7.699 0.810
7.700 0.810
7.701 0.809
7.702 0.809
7.703 0.809
7.704 0.809
7.705 0.809
7.706 0.809
7.707 0.809
7.708 0.809
7.709 0.808
7.710 0.808
7.711 0.808
7.712 0.808
7.713 0.808
7.714 0.808
7.716 0.808
7.717 0.808
7.718 0.808
7.719 0.807
7.720 0.807
7.721 0.807
7.722 0.807
7.723 0.807
7.724 0.807
7.725 0.807
7.726 0.807
7.727 0.807
7.728 0.806
7.729 0.806
7.687 0.811
7.686 0.811
7.685 0.810
7.684 0.810
7.682 0.809
7.681 0.810
7.680 0.809
7.679 0.809
7.678 0.808
7.677 0.809
7.676 0.808
7.675 0.808
7.674 0.807
7.673 0.807
7.671 0.807
7.670 0.807
7.669 0.806
7.668 0.806
7.667 0.806
7.666 0.806
7.665 0.805
7.664 0.805
7.663 0.805
7.662 0.805
7.660 0.804
7.659 0.804
7.658 0.804
7.657 0.804
7.656 0.803
7.655 0.803
7.654 0.803
7.653 0.803
7.651 0.802
7.650 0.802
7.649 0.802
7.648 0.802
7.647 0.801
7.646 0.802
7.645 0.801
7.644 0.801
7.642 0.800
7.641 0.801
7.640 0.800
7.639 0.799
7.638 0.800
7.639 0.800
7.640 0.800
7.641 0.801
7.642 0.800
7.644 0.801
7.645 0.801
7.646 0.802
7.647 0.801
7.648 0.802
7.649 0.802
7.650 0.802
7.651 0.802
7.653 0.803
7.654 0.803
7.655 0.803
7.656 0.803
7.657 0.804
7.658 0.804
7.659 0.804
7.660 0.804
7.662 0.805
7.663 0.805
7.664 0.805
7.665 0.805
7.666 0.806
7.667 0.806
7.668 0.806
7.669 0.806
7.670 0.807
7.671 0.807
7.673 0.807
7.674 0.807
7.675 0.808
7.676 0.808
7.677 0.809
7.678 0.808
7.679 0.809
7.680 0.809
7.681 0.810
7.682 0.809
7.684 0.810
7.685 0.810
7.686 0.811
7.636 0.799
7.635 0.799
7.633 0.799
7.632 0.798
7.631 0.798
7.630 0.798
7.629 0.798
7.628 0.797
7.627 0.797
7.625 0.797
7.624 0.797
7.623 0.796
7.622 0.796
7.621 0.796
7.620 0.796
7.619 0.795
7.618 0.796
7.616 0.795
7.615 0.795
7.614 0.795
7.613 0.795
7.612 0.794
7.611 0.794
7.609 0.794
7.608 0.794
7.607 0.793
7.606 0.794
7.605 0.793
7.604 0.793
7.603 0.793
7.601 0.793
7.600 0.792
7.599 0.792
7.598 0.792
7.597 0.792
7.596 0.791
7.595 0.792
7.593 0.791
7.592 0.791
7.591 0.791
7.590 0.790
7.589 0.790
7.587 0.790
7.589 0.790
7.590 0.791
7.591 0.791
7.592 0.791
7.593 0.791
7.595 0.792
7.596 0.791
7.597 0.792
7.598 0.792
7.599 0.792
7.600 0.792
7.601 0.793
7.603 0.793
7.604 0.793
7.605 0.793
7.606 0.794
7.607 0.793
7.608 0.794
7.609 0.794
7.611 0.794
7.612 0.794
7.613 0.795
7.614 0.795
7.615 0.795
7.616 0.795
7.618 0.796
7.619 0.795
7.620 0.796
7.621 0.796
7.622 0.796
7.623 0.796
7.624 0.797
7.625 0.797
7.627 0.797
7.628 0.797
7.629 0.798
7.630 0.798
7.631 0.798
7.632 0.798
7.633 0.799
7.635 0.799
8.345 0.835
8.345 0.836
8.356 0.834
8.356 0.833
8.356 0.832
8.355 0.831
8.355 0.830
8.355 0.829
8.354 0.827
8.355 0.827
8.354 0.826
8.355 0.827
8.354 0.827
8.355 0.829
8.355 0.830
8.355 0.831
8.356 0.832
8.356 0.833
8.382 0.824
8.382 0.823
8.382 0.824
8.383 0.825
8.383 0.826
8.384 0.826
8.384 0.827
8.385 0.828
8.386 0.829
8.387 0.829
8.387 0.830
8.388 0.831
8.387 0.830
8.387 0.829
8.386 0.829
8.385 0.828
8.384 0.827
8.384 0.826
8.383 0.826
8.383 0.825
8.389 0.832
8.390 0.833
8.390 0.834
8.391 0.835
8.391 0.835
8.392 0.837
8.393 0.837
8.393 0.838
8.394 0.839
8.394 0.840
8.394 0.841
8.395 0.842
8.394 0.841
8.394 0.840
8.394 0.839
8.393 0.838
8.393 0.837
8.392 0.837
8.391 0.835
8.391 0.834
8.390 0.834
8.390 0.833
8.483 0.854
8.483 0.854
8.583 0.901
8.583 0.900
8.585 0.899
8.585 0.898
8.586 0.898
8.587 0.897
8.587 0.896
8.588 0.896
8.588 0.895
8.589 0.895
8.590 0.894
8.590 0.893
8.591 0.893
8.592 0.892
8.592 0.891
8.593 0.891
8.593 0.890
8.594 0.890
8.595 0.889
8.595 0.888
8.596 0.888
8.597 0.887
8.597 0.887
8.598 0.886
8.598 0.885
8.599 0.885
8.600 0.884
8.600 0.884
8.601 0.883
8.602 0.882
8.602 0.882
8.602 0.881
8.603 0.880
8.603 0.879
8.603 0.880
8.602 0.881
8.602 0.882
8.602 0.882
8.601 0.883
8.600 0.884
8.600 0.884
8.599 0.885
8.598 0.885
8.598 0.886
8.597 0.887
8.597 0.887
8.596 0.888
8.595 0.888
8.595 0.889
8.594 0.890
8.593 0.890
8.593 0.891
8.592 0.891
8.592 0.892
8.591 0.893
8.590 0.893
8.590 0.894
8.589 0.895
8.588 0.895
8.588 0.896
8.587 0.896
8.587 0.897
8.586 0.898
8.585 0.898
8.603 0.877
8.604 0.876
8.604 0.875
8.605 0.875
8.605 0.873
8.605 0.873
8.605 0.872
8.606 0.871
8.606 0.870
8.607 0.869
8.606 0.868
8.607 0.867
8.607 0.866
8.608 0.866
8.608 0.864
8.608 0.864
8.608 0.863
8.609 0.862
8.609 0.861
8.610 0.860
8.610 0.859
8.610 0.859
8.610 0.857
8.611 0.857
8.611 0.856
8.612 0.855
8.611 0.854
8.612 0.853
8.612 0.852
8.612 0.853
8.611 0.854
8.612 0.855
8.611 0.856
8.611 0.857
8.610 0.857
8.610 0.859
8.610 0.859
8.610 0.860
8.609 0.861
8.609 0.862
8.608 0.863
8.608 0.864
8.608 0.864
8.608 0.866
8.607 0.866
8.607 0.867
8.606 0.868
8.607 0.869
8.606 0.870
8.606 0.871
8.605 0.872
8.605 0.873
8.605 0.873
8.605 0.875
8.604 0.875
8.604 0.876
8.613 0.851
8.613 0.850
8.614 0.849
8.614 0.848
8.615 0.847
8.615 0.846
8.615 0.845
8.615 0.844
8.616 0.844
8.616 0.842
8.617 0.842
8.617 0.841
8.617 0.840
8.617 0.839
8.618 0.838
8.618 0.837
8.619 0.837
8.619 0.835
8.619 0.835
8.619 0.834
8.620 0.833
8.620 0.832
8.621 0.831
8.621 0.830
8.621 0.829
8.621 0.828
8.622 0.828
8.622 0.826
8.623 0.826
8.622 0.826
8.622 0.828
8.621 0.828
8.621 0.829
8.621 0.830
8.621 0.831
8.620 0.832
8.620 0.833
8.619 0.834
8.619 0.835
8.619 0.835
8.619 0.837
8.618 0.837
8.618 0.838
8.617 0.839
8.617 0.840
8.617 0.841
8.617 0.842
8.616 0.842
8.616 0.844
8.615 0.844
8.615 0.845
8.615 0.846
8.615 0.847
8.614 0.848
8.614 0.849
8.613 0.850
8.623 0.824
8.624 0.824
8.624 0.822
8.625 0.822
8.625 0.821
8.625 0.820
8.625 0.819
8.625 0.818
8.625 0.819
8.625 0.820
8.625 0.821
8.625 0.822
8.624 0.822
8.624 0.824
8.627 0.816
8.627 0.815
8.627 0.815
8.627 0.813
8.628 0.813
8.628 0.812
8.629 0.811
8.629 0.810
8.630 0.809
8.630 0.808
8.630 0.808
8.630 0.806
8.631 0.806
8.631 0.805
8.632 0.804
8.632 0.803
8.632 0.802
8.632 0.801
8.633 0.800
8.633 0.799
8.634 0.799
8.634 0.798
8.635 0.797
8.635 0.796
8.635 0.795
8.635 0.794
8.636 0.793
8.636 0.792
8.637 0.792
8.637 0.790
8.638 0.790
8.638 0.789
8.638 0.788
8.638 0.787
8.639 0.786
8.639 0.785
8.640 0.785
8.640 0.783
8.641 0.783
8.641 0.782
8.641 0.781
8.641 0.780
8.642 0.779
8.641 0.780
8.641 0.781
8.641 0.782
8.641 0.783
8.640 0.783
8.640 0.785
8.639 0.785
8.639 0.786
8.638 0.787
8.638 0.788
8.638 0.789
8.638 0.790
8.637 0.790
8.637 0.792
8.636 0.792
8.636 0.793
8.635 0.794
8.635 0.795
8.635 0.796
8.635 0.797
8.634 0.798
8.634 0.799
8.633 0.799
8.633 0.800
8.632 0.801
8.632 0.802
8.632 0.803
8.632 0.804
8.631 0.805
8.631 0.806
8.630 0.806
8.630 0.808
8.630 0.808
8.630 0.809
8.629 0.810
8.629 0.811
8.628 0.812
8.628 0.813
8.627 0.813
8.627 0.815
8.627 0.815
8.643 0.778
8.644 0.777
8.644 0.776
8.644 0.775
8.645 0.775
8.645 0.773
8.646 0.773
8.647 0.772
8.647 0.771
8.648 0.771
8.648 0.770
8.650 0.770
8.650 0.769
8.650 0.768
8.652 0.768
8.653 0.768
8.652 0.767
8.651 0.768
8.650 0.768
8.650 0.769
8.650 0.770
8.648 0.770
8.647 0.770
8.647 0.771
8.647 0.772
8.646 0.773
8.645 0.773
8.644 0.774
8.644 0.775
8.644 0.776
8.644 0.777
8.654 0.766
8.654 0.765
8.656 0.765
8.657 0.765
8.658 0.765
8.659 0.764
8.661 0.764
8.661 0.764
8.663 0.764
8.664 0.763
8.665 0.763
8.666 0.763
8.668 0.763
8.668 0.762
8.670 0.762
8.671 0.761
8.672 0.761
8.673 0.761
8.675 0.761
8.675 0.760
8.677 0.760
8.678 0.760
8.679 0.759
8.679 0.758
8.679 0.758
8.679 0.756
8.680 0.756
8.680 0.755
8.681 0.754
8.681 0.753
8.682 0.752
8.682 0.751
8.683 0.751
8.683 0.749
8.684 0.749
8.684 0.748
8.685 0.747
8.685 0.746
8.686 0.745
8.686 0.745
8.687 0.744
8.688 0.744
8.690 0.744
8.690 0.743
8.691 0.742
8.691 0.741
8.692 0.741
8.692 0.740
8.694 0.740
8.695 0.739
8.696 0.739
8.697 0.739
8.699 0.739
8.700 0.738
8.701 0.738
8.702 0.738
8.704 0.738
8.704 0.737
8.706 0.737
8.707 0.737
8.708 0.737
8.709 0.736
8.711 0.736
8.712 0.736
8.713 0.736
8.714 0.735
8.716 0.736
8.717 0.735
8.718 0.735
8.719 0.735
8.721 0.735
8.722 0.734
8.723 0.734
8.724 0.734
8.726 0.734
8.727 0.733
8.728 0.733
8.729 0.733
8.731 0.733
8.731 0.732
8.733 0.733
8.734 0.732
8.736 0.732
8.736 0.732
8.738 0.732
8.739 0.731
8.741 0.731
8.742 0.731
8.743 0.731
8.745 0.731
8.746 0.730
8.747 0.731
8.748 0.730
8.750 0.730
8.750 0.730
8.752 0.730
8.753 0.729
8.755 0.729
8.755 0.729
8.757 0.729
8.758 0.729
8.760 0.729
8.760 0.728
8.762 0.728
8.763 0.728
8.765 0.728
8.765 0.727
8.767 0.728
8.768 0.727
8.770 0.727
8.771 0.727
8.772 0.727
8.773 0.726
8.775 0.727
8.776 0.726
8.777 0.726
8.778 0.726
8.780 0.726
8.781 0.725
8.782 0.725
8.783 0.725
8.785 0.725
8.786 0.725
8.787 0.725
8.788 0.724
8.790 0.725
8.791 0.724
8.792 0.724
8.793 0.724
8.795 0.724
8.796 0.723
8.797 0.724
8.798 0.723
8.800 0.723
8.801 0.723
8.802 0.723
8.803 0.723
8.805 0.723
8.806 0.722
8.808 0.722
8.808 0.722
8.810 0.722
8.811 0.722
8.813 0.722
8.814 0.721
8.815 0.722
8.816 0.721
8.818 0.721
8.819 0.721
8.820 0.721
8.821 0.721
8.823 0.721
8.824 0.720
8.825 0.721
8.826 0.720
8.828 0.720
8.829 0.720
8.831 0.720
8.831 0.720
8.833 0.720
8.835 0.720
8.836 0.720
8.837 0.720
8.839 0.720
8.840 0.720
8.841 0.719
8.842 0.719
8.843 0.718
8.844 0.718
8.845 0.717
8.846 0.717
8.847 0.716
8.848 0.716
8.849 0.715
8.850 0.715
8.851 0.715
8.850 0.715
8.849 0.715
8.848 0.716
8.847 0.716
8.846 0.717
8.845 0.717
8.844 0.718
8.843 0.718
8.842 0.719
8.841 0.719
8.840 0.720
8.839 0.720
8.837 0.720
8.836 0.720
8.835 0.720
8.833 0.720
8.831 0.720
8.831 0.720
8.829 0.720
8.828 0.720
8.826 0.720
8.825 0.721
8.824 0.720
8.823 0.721
8.821 0.721
8.820 0.721
8.819 0.721
8.818 0.721
8.816 0.721
8.815 0.722
8.814 0.721
8.813 0.722
8.811 0.722
8.810 0.722
8.808 0.722
8.808 0.722
8.806 0.722
8.805 0.723
8.803 0.723
8.802 0.723
8.801 0.723
8.800 0.723
8.798 0.723
8.797 0.724
8.796 0.723
8.795 0.724
8.793 0.724
8.792 0.724
8.791 0.724
8.790 0.725
8.788 0.724
8.787 0.725
8.786 0.725
8.785 0.725
8.783 0.725
8.782 0.725
8.781 0.725
8.780 0.726
8.778 0.726
8.777 0.726
8.776 0.726
8.775 0.727
8.773 0.726
8.772 0.727
8.771 0.727
8.770 0.727
8.768 0.727
8.767 0.728
8.765 0.727
8.765 0.728
8.763 0.728
8.762 0.728
8.760 0.728
8.760 0.729
8.758 0.729
8.757 0.729
8.755 0.729
8.755 0.729
8.753 0.729
8.752 0.730
8.750 0.730
8.750 0.730
8.748 0.730
8.747 0.731
8.746 0.730
8.745 0.731
8.743 0.731
8.741 0.731
8.741 0.731
8.739 0.731
8.738 0.732
8.736 0.732
8.736 0.732
8.734 0.732
8.733 0.733
8.731 0.732
8.731 0.733
8.729 0.733
8.728 0.733
8.727 0.733
8.726 0.734
8.724 0.734
8.723 0.734
8.722 0.734
8.721 0.735
8.719 0.735
8.718 0.735
8.717 0.735
8.716 0.736
8.714 0.735
8.713 0.736
8.712 0.736
8.711 0.736
8.709 0.736
8.708 0.737
8.707 0.737
8.706 0.737
8.704 0.737
8.704 0.738
8.702 0.738
8.701 0.738
8.700 0.738
8.699 0.739
8.697 0.739
8.696 0.739
8.695 0.739
8.694 0.740
8.692 0.740
8.691 0.740
8.691 0.741
8.691 0.742
8.690 0.743
8.689 0.743
8.688 0.744
8.687 0.744
8.686 0.745
8.686 0.745
8.685 0.746
8.685 0.747
8.684 0.748
8.684 0.749
8.683 0.749
8.683 0.751
8.682 0.751
8.682 0.752
8.681 0.753
8.681 0.754
8.680 0.755
8.680 0.756
8.679 0.756
8.679 0.758
8.679 0.758
8.679 0.759
8.678 0.760
8.677 0.760
8.675 0.760
8.675 0.761
8.673 0.761
8.672 0.761
8.671 0.761
8.670 0.762
8.668 0.762
8.668 0.763
8.666 0.763
8.665 0.763
8.664 0.763
8.663 0.764
8.661 0.764
8.661 0.764
8.659 0.764
8.658 0.765
8.657 0.765
8.656 0.765
8.654 0.765
8.654 0.766
8.712 0.791
8.713 0.791
8.713 0.792
8.713 0.791
8.852 0.714
8.853 0.713
8.854 0.713
8.853 0.713
8.856 0.712
8.857 0.711
8.858 0.711
8.859 0.711
8.858 0.711
8.857 0.711
8.861 0.710
8.862 0.709
8.863 0.709
8.864 0.708
8.865 0.708
8.866 0.707
8.867 0.707
8.868 0.707
8.869 0.706
8.870 0.706
8.871 0.705
8.872 0.705
8.873 0.704
8.874 0.704
8.875 0.703
8.876 0.703
8.877 0.703
8.878 0.702
8.879 0.702
8.880 0.701
8.881 0.701
8.882 0.700
8.883 0.700
8.884 0.700
8.885 0.699
8.887 0.699
8.888 0.698
8.889 0.698
8.890 0.697
8.891 0.697
8.892 0.697
8.893 0.696
8.894 0.696
8.895 0.695
8.896 0.695
8.897 0.695
8.898 0.694
8.899 0.694
8.900 0.693
8.901 0.693
8.902 0.692
8.903 0.692
8.904 0.692
8.905 0.691
8.906 0.691
8.907 0.690
8.908 0.690
8.909 0.690
8.910 0.689
8.911 0.689
8.912 0.688
8.914 0.688
8.915 0.687
8.916 0.687
8.917 0.687
8.918 0.686
8.919 0.686
8.920 0.685
8.921 0.685
8.922 0.685
8.923 0.684
8.922 0.685
8.921 0.685
8.920 0.685
8.919 0.686
8.918 0.686
8.917 0.687
8.916 0.687
8.915 0.687
8.914 0.688
8.912 0.688
8.911 0.689
8.910 0.689
8.909 0.690
8.908 0.690
8.907 0.690
8.906 0.691
8.905 0.691
8.904 0.692
8.903 0.692
8.902 0.692
8.901 0.693
8.900 0.693
8.899 0.694
8.898 0.694
8.897 0.695
8.896 0.695
8.895 0.695
8.894 0.696
8.893 0.696
8.892 0.697
8.891 0.697
8.890 0.697
8.889 0.698
8.888 0.698
8.887 0.699
8.885 0.699
8.884 0.700
8.883 0.700
8.882 0.700
8.881 0.701
8.880 0.701
8.879 0.702
8.878 0.702
8.877 0.703
8.876 0.703
8.875 0.703
8.874 0.704
8.873 0.704
8.872 0.705
8.871 0.705
8.870 0.706
8.869 0.706
8.868 0.707
8.867 0.707
8.866 0.707
8.865 0.708
8.864 0.708
8.863 0.709
8.862 0.709
8.909 0.664
8.910 0.663
8.911 0.662
8.911 0.661
8.911 0.662
8.910 0.663
8.913 0.660
8.914 0.659
8.915 0.659
8.915 0.658
8.916 0.657
8.917 0.656
8.918 0.656
8.918 0.655
8.919 0.653
8.920 0.653
8.921 0.652
8.921 0.651
8.922 0.650
8.923 0.649
8.924 0.649
8.924 0.648
8.925 0.647
8.926 0.646
8.927 0.646
8.928 0.645
8.929 0.644
8.929 0.643
8.930 0.643
8.931 0.642
8.932 0.641
8.933 0.640
8.934 0.640
8.934 0.639
8.935 0.638
8.936 0.637
8.937 0.637
8.938 0.636
8.939 0.635
8.939 0.634
8.941 0.634
8.941 0.633
8.942 0.632
8.943 0.631
8.944 0.631
8.945 0.630
8.946 0.629
8.946 0.628
8.947 0.628
8.948 0.627
8.949 0.626
8.950 0.625
8.951 0.625
8.952 0.624
8.953 0.623
8.953 0.622
8.955 0.622
8.955 0.621
8.956 0.620
8.957 0.619
8.958 0.619
8.959 0.618
8.960 0.617
8.961 0.616
8.962 0.616
8.962 0.615
8.964 0.614
8.964 0.613
8.965 0.613
8.966 0.612
8.967 0.611
8.968 0.610
8.969 0.610
8.970 0.609
8.971 0.608
8.972 0.607
8.973 0.607
8.973 0.606
8.975 0.605
8.975 0.604
8.977 0.604
8.977 0.603
8.978 0.602
8.979 0.601
8.980 0.601
8.981 0.600
8.982 0.599
8.983 0.598
8.984 0.598
8.985 0.597
8.986 0.597
8.987 0.595
8.988 0.595
8.989 0.594
8.990 0.594
8.991 0.593
8.992 0.592
8.993 0.592
8.994 0.591
8.995 0.590
8.996 0.589
8.998 0.590
8.999 0.589
9.000 0.589
9.002 0.589
9.003 0.588
9.004 0.588
9.005 0.588
9.007 0.587
9.008 0.587
9.009 0.586
9.010 0.585
9.011 0.585
9.013 0.585
9.015 0.585
9.016 0.585
9.018 0.585
9.019 0.585
9.020 0.584
9.021 0.584
9.022 0.583
9.023 0.582
9.024 0.582
9.026 0.582
9.027 0.581
9.028 0.581
9.030 0.581
9.031 0.580
9.033 0.581
9.034 0.580
9.036 0.581
9.038 0.581
9.040 0.582
9.041 0.581
9.041 0.580
9.043 0.579
9.044 0.578
9.045 0.578
9.046 0.578
9.048 0.577
9.049 0.577
9.050 0.577
9.052 0.576
9.052 0.575
9.054 0.576
9.056 0.575
9.058 0.576
9.059 0.576
9.061 0.577
9.063 0.577
9.063 0.576
9.064 0.574
9.066 0.574
9.067 0.573
9.068 0.573
9.069 0.572
9.071 0.572
9.072 0.572
9.073 0.572
9.075 0.571
9.076 0.571
9.078 0.572
9.079 0.571
9.081 0.572
9.083 0.572
9.084 0.572
9.086 0.572
9.088 0.572
9.089 0.573
9.090 0.572
9.091 0.571
9.093 0.570
9.094 0.569
9.095 0.569
9.096 0.568
9.097 0.568
9.098 0.567
9.100 0.566
9.101 0.566
9.102 0.566
9.104 0.566
9.105 0.565
9.107 0.565
9.108 0.565
9.110 0.565
9.111 0.565
9.113 0.566
9.114 0.565
9.116 0.566
9.118 0.566
9.120 0.566
9.121 0.566
9.123 0.566
9.125 0.567
9.126 0.566
9.127 0.565
9.128 0.565
9.129 0.564
9.130 0.563
9.131 0.562
9.133 0.562
9.134 0.561
9.135 0.561
9.136 0.560
9.138 0.560
9.139 0.559
9.140 0.559
9.142 0.559
9.143 0.559
9.145 0.558
9.147 0.559
9.148 0.559
9.149 0.558
9.151 0.558
9.153 0.559
9.154 0.558
9.156 0.558
9.157 0.559
9.158 0.558
9.160 0.557
9.161 0.557
9.162 0.556
9.164 0.556
9.165 0.556
9.167 0.556
9.168 0.556
9.169 0.555
9.171 0.555
9.173 0.555
9.174 0.556
9.176 0.555
9.178 0.556
9.179 0.556
9.181 0.556
9.182 0.556
9.184 0.557
9.186 0.557
9.187 0.557
9.189 0.557
9.190 0.556
9.191 0.556
9.193 0.555
9.194 0.555
9.195 0.554
9.197 0.554
9.198 0.553
9.199 0.552
9.200 0.551
9.202 0.551
9.203 0.550
9.204 0.550
9.206 0.550
9.207 0.550
9.209 0.549
9.210 0.549
9.212 0.549
9.213 0.549
9.215 0.550
9.217 0.549
9.218 0.550
9.220 0.550
9.221 0.549
9.222 0.549
9.224 0.548
9.225 0.548
9.227 0.547
9.228 0.547
9.230 0.547
9.231 0.547
9.233 0.547
9.234 0.547
9.236 0.547
9.237 0.547
9.239 0.548
9.241 0.548
9.242 0.548
9.244 0.547
9.245 0.547
9.247 0.547
9.248 0.547
9.250 0.548
9.251 0.547
9.253 0.546
9.254 0.546
9.256 0.546
9.257 0.545
9.258 0.545
9.260 0.545
9.261 0.544
9.263 0.545
9.264 0.545
9.266 0.544
9.267 0.544
9.269 0.544
9.271 0.545
9.272 0.545
9.274 0.545
9.276 0.546
9.277 0.546
9.278 0.545
9.280 0.544
9.281 0.544
9.283 0.543
9.284 0.543
9.286 0.543
9.287 0.543
9.288 0.542
9.290 0.542
9.292 0.542
9.293 0.541
9.295 0.542
9.296 0.542
9.298 0.543
9.299 0.542
9.301 0.543
9.303 0.542
9.304 0.541
9.306 0.542
9.307 0.542
9.309 0.543
9.310 0.543
9.312 0.543
9.314 0.543
9.315 0.544
9.317 0.544
9.318 0.545
9.320 0.545
9.322 0.545
9.323 0.545
9.325 0.546
9.326 0.546
9.328 0.547
9.330 0.547
9.331 0.547
9.333 0.547
9.334 0.548
9.336 0.548
9.337 0.549
9.339 0.549
9.341 0.549
9.342 0.549
9.344 0.550
9.345 0.550
9.347 0.551
9.349 0.552
9.350 0.552
9.352 0.551
9.353 0.551
9.355 0.551
9.356 0.551
9.358 0.551
9.359 0.551
9.360 0.550
9.362 0.550
9.363 0.550
9.365 0.550
9.367 0.550
9.368 0.550
9.370 0.550
9.371 0.550
9.373 0.550
9.374 0.550
9.376 0.550
9.377 0.550
9.379 0.550
9.380 0.550
9.382 0.550
9.383 0.550
9.385 0.550
9.386 0.550
9.388 0.550
9.389 0.550
9.391 0.549
9.392 0.549
9.394 0.549
9.395 0.549
9.397 0.549
9.398 0.549
9.400 0.549
9.401 0.549
9.403 0.549
9.404 0.549
9.406 0.549
9.407 0.549
9.409 0.549
9.410 0.548
9.412 0.549
9.413 0.549
9.415 0.549
9.416 0.548
9.418 0.549
9.419 0.548
9.421 0.549
9.423 0.549
9.424 0.549
9.426 0.549
9.427 0.549
9.429 0.549
9.430 0.549
9.432 0.549
9.433 0.549
9.435 0.549
9.436 0.549
9.438 0.549
9.439 0.549
9.441 0.549
9.442 0.549
9.442 0.548
9.441 0.548
9.439 0.548
9.438 0.548
9.436 0.548
9.435 0.548
9.433 0.548
9.432 0.548
9.430 0.548
9.429 0.548
9.427 0.548
9.426 0.548
9.424 0.548
9.423 0.548
9.421 0.548
9.419 0.548
9.418 0.549
9.416 0.548
9.415 0.548
9.413 0.548
9.412 0.548
9.410 0.548
9.409 0.549
9.407 0.549
9.406 0.549
9.404 0.549
9.403 0.549
9.401 0.549
9.400 0.549
9.398 0.549
9.397 0.549
9.395 0.549
9.394 0.549
9.392 0.549
9.391 0.549
9.389 0.550
9.388 0.550
9.386 0.550
9.385 0.550
9.383 0.550
9.382 0.550
9.380 0.550
9.379 0.550
9.377 0.550
9.376 0.550
9.374 0.550
9.373 0.550
9.371 0.550
9.370 0.550
9.368 0.550
9.367 0.550
9.365 0.550
9.363 0.550
9.362 0.550
9.360 0.550
9.359 0.550
9.357 0.550
9.356 0.550
9.354 0.551
9.353 0.551
9.351 0.551
9.350 0.551
9.348 0.551
9.347 0.551
9.345 0.550
9.344 0.550
9.342 0.549
9.341 0.549
9.339 0.549
9.337 0.549
9.336 0.548
9.334 0.548
9.333 0.547
9.331 0.547
9.330 0.547
9.328 0.547
9.326 0.546
9.325 0.546
9.323 0.545
9.322 0.545
9.320 0.545
9.318 0.545
9.317 0.544
9.315 0.544
9.314 0.543
9.312 0.543
9.310 0.543
9.309 0.543
9.307 0.542
9.306 0.542
9.304 0.541
9.302 0.542
9.301 0.542
9.299 0.542
9.298 0.543
9.296 0.542
9.295 0.542
9.293 0.541
9.291 0.541
9.290 0.542
9.288 0.542
9.287 0.543
9.286 0.543
9.284 0.543
9.283 0.543
9.281 0.544
9.280 0.544
9.278 0.545
9.277 0.545
9.275 0.545
9.274 0.545
9.272 0.545
9.271 0.545
9.269 0.544
9.267 0.544
9.266 0.544
9.264 0.544
9.263 0.544
9.261 0.544
9.260 0.545
9.258 0.545
9.257 0.545
9.256 0.546
9.254 0.546
9.253 0.546
9.251 0.547
9.250 0.547
9.248 0.547
9.247 0.547
9.245 0.547
9.244 0.547
9.242 0.548
9.241 0.548
9.239 0.548
9.237 0.547
9.236 0.547
9.234 0.547
9.233 0.547
9.231 0.547
9.230 0.547
9.228 0.547
9.227 0.547
9.225 0.548
9.224 0.548
9.222 0.549
9.221 0.549
9.220 0.550
9.218 0.550
9.217 0.549
9.215 0.550
9.213 0.549
9.212 0.549
9.210 0.549
9.209 0.549
9.207 0.550
9.206 0.550
9.204 0.550
9.203 0.550
9.202 0.551
9.200 0.551
9.199 0.552
9.198 0.553
9.197 0.554
9.195 0.554
9.194 0.555
9.193 0.555
9.191 0.556
9.190 0.556
9.189 0.557
9.187 0.557
9.186 0.557
9.184 0.557
9.182 0.556
9.181 0.556
9.179 0.556
9.178 0.556
9.176 0.555
9.174 0.556
9.173 0.555
9.171 0.555
9.169 0.555
9.168 0.555
9.166 0.555
9.165 0.555
9.163 0.556
9.162 0.556
9.161 0.557
9.160 0.557
9.158 0.558
9.157 0.558
9.156 0.558
9.154 0.558
9.152 0.558
9.151 0.558
9.149 0.558
9.148 0.558
9.146 0.558
9.145 0.558
9.143 0.559
9.142 0.559
9.140 0.559
9.139 0.559
9.138 0.560
9.136 0.560
9.135 0.561
9.134 0.561
9.133 0.562
9.131 0.562
9.130 0.563
9.129 0.564
9.128 0.565
9.127 0.565
9.126 0.566
9.124 0.566
9.123 0.566
9.121 0.566
9.120 0.566
9.118 0.566
9.116 0.566
9.114 0.565
9.113 0.566
9.111 0.565
9.110 0.565
9.108 0.565
9.107 0.565
9.105 0.565
9.104 0.566
9.102 0.566
9.101 0.566
9.100 0.566
9.098 0.567
9.097 0.568
9.096 0.568
9.095 0.569
9.094 0.569
9.093 0.570
9.091 0.571
9.090 0.572
9.089 0.572
9.088 0.572
9.086 0.572
9.084 0.572
9.083 0.572
9.081 0.572
9.079 0.571
9.078 0.572
9.076 0.571
9.075 0.571
9.073 0.572
9.072 0.572
9.071 0.572
9.069 0.572
9.068 0.573
9.067 0.573
9.066 0.574
9.064 0.574
9.063 0.576
9.062 0.576
9.061 0.576
9.059 0.576
9.058 0.576
9.056 0.575
9.054 0.576
9.052 0.575
9.051 0.576
9.050 0.576
9.048 0.576
9.047 0.576
9.046 0.577
9.044 0.577
9.044 0.578
9.043 0.579
9.041 0.580
9.041 0.581
9.039 0.581
9.037 0.581
9.036 0.581
9.034 0.580
9.033 0.581
9.031 0.580
9.030 0.581
9.028 0.581
9.027 0.581
9.026 0.582
9.024 0.582
9.023 0.582
9.022 0.583
9.021 0.584
9.020 0.584
9.019 0.585
9.018 0.585
9.016 0.585
9.015 0.585
9.013 0.585
9.011 0.585
9.010 0.585
9.009 0.586
9.008 0.587
9.006 0.586
9.005 0.587
9.004 0.587
9.002 0.588
9.001 0.588
9.000 0.588
8.998 0.589
8.997 0.589
8.996 0.589
8.995 0.590
8.994 0.591
8.993 0.592
8.992 0.592
8.991 0.593
8.990 0.594
8.989 0.594
8.988 0.595
8.987 0.595
8.986 0.597
8.985 0.597
8.984 0.598
8.983 0.598
8.982 0.599
8.981 0.600
8.980 0.601
8.979 0.601
8.978 0.602
8.977 0.603
8.977 0.604
8.975 0.604
8.975 0.605
8.973 0.606
8.973 0.607
8.972 0.607
8.971 0.608
8.970 0.609
8.969 0.610
8.968 0.610
8.967 0.611
8.966 0.612
8.965 0.613
8.964 0.613
8.964 0.614
8.962 0.615
8.962 0.616
8.961 0.616
8.960 0.617
8.959 0.618
8.958 0.619
8.957 0.619
8.956 0.620
8.955 0.621
8.955 0.622
8.953 0.622
8.953 0.623
8.952 0.624
8.951 0.625
8.950 0.625
8.949 0.626
8.948 0.627
8.947 0.628
8.946 0.628
8.946 0.629
8.945 0.630
8.944 0.631
8.943 0.631
8.942 0.632
8.941 0.633
8.941 0.634
8.939 0.634
8.939 0.635
8.938 0.636
8.937 0.637
8.936 0.637
8.935 0.638
8.934 0.639
8.934 0.640
8.933 0.640
8.932 0.641
8.931 0.642
8.930 0.643
8.929 0.643
8.929 0.644
8.928 0.645
8.927 0.646
8.926 0.646
8.925 0.647
8.924 0.648
8.924 0.649
8.923 0.649
8.922 0.650
8.921 0.651
8.921 0.652
8.920 0.653
8.919 0.653
8.918 0.655
8.918 0.656
8.917 0.656
8.916 0.657
8.915 0.658
8.915 0.659
8.914 0.659
9.009 0.627
9.010 0.627
9.013 0.627
9.015 0.627
9.016 0.627
9.017 0.626
9.018 0.626
9.019 0.626
9.018 0.626
9.017 0.626
9.016 0.627
9.015 0.627
9.017 0.623
9.018 0.622
9.016 0.621
9.015 0.621
9.016 0.621
9.018 0.622
9.023 0.620
9.024 0.620
9.025 0.620
9.027 0.619
9.028 0.619
9.029 0.619
9.028 0.619
9.027 0.619
9.025 0.620
9.024 0.620
9.030 0.624
9.031 0.624
9.033 0.623
9.035 0.623
9.037 0.624
9.038 0.623
9.038 0.623
9.038 0.622
9.039 0.621
9.039 0.620
9.039 0.619
9.039 0.618
9.038 0.617
9.039 0.616
9.039 0.615
9.039 0.614
9.038 0.615
9.037 0.616
9.038 0.616
9.038 0.617
9.039 0.618
9.038 0.619
9.039 0.620
9.039 0.621
9.038 0.622
9.038 0.623
9.037 0.624
9.035 0.623
9.037 0.613
9.038 0.613
9.057 0.612
9.058 0.611
9.057 0.612
9.057 0.613
9.058 0.613
9.057 0.614
9.057 0.615
9.058 0.616
9.057 0.617
9.058 0.618
9.057 0.619
9.058 0.619
9.058 0.618
9.057 0.617
9.058 0.616
9.057 0.615
9.058 0.614
9.058 0.613
9.059 0.612
9.058 0.609
9.056 0.608
9.074 0.611
9.074 0.612
9.076 0.612
9.077 0.611
9.078 0.611
9.080 0.611
9.081 0.611
9.082 0.610
9.083 0.610
9.082 0.610
9.082 0.609
9.082 0.608
9.083 0.607
9.081 0.606
9.083 0.607
9.082 0.608
9.081 0.608
9.082 0.609
9.082 0.610
9.081 0.611
9.080 0.611
9.078 0.611
9.077 0.611
9.075 0.611
9.098 0.609
9.099 0.610
9.100 0.609
9.100 0.608
9.099 0.608
9.100 0.607
9.101 0.606
9.101 0.605
9.102 0.604
9.102 0.603
9.103 0.602
9.103 0.601
9.103 0.602
9.102 0.603
9.101 0.603
9.102 0.604
9.101 0.605
9.100 0.606
9.100 0.607
9.099 0.608
9.104 0.619
9.106 0.620
9.107 0.619
9.109 0.620
9.110 0.620
9.111 0.619
9.113 0.619
9.114 0.619
9.115 0.618
9.116 0.618
9.117 0.617
9.119 0.617
9.120 0.617
9.121 0.616
9.122 0.615
9.123 0.615
9.124 0.614
9.126 0.614
9.127 0.614
9.128 0.613
9.127 0.614
9.126 0.614
9.124 0.614
9.123 0.615
9.122 0.615
9.121 0.616
9.119 0.616
9.119 0.617
9.117 0.617
9.116 0.618
9.115 0.618
9.114 0.619
9.113 0.619
9.111 0.619
9.110 0.620
9.109 0.620
9.107 0.619
9.106 0.620
9.104 0.619
9.103 0.620
9.102 0.620
9.101 0.621
9.100 0.622
9.099 0.622
9.097 0.622
9.096 0.622
9.095 0.623
9.094 0.623
9.092 0.623
9.091 0.624
9.090 0.624
9.088 0.624
9.087 0.624
9.086 0.625
9.085 0.625
9.083 0.625
9.082 0.625
9.081 0.626
9.080 0.626
9.078 0.626
9.077 0.627
9.076 0.627
9.075 0.628
9.074 0.628
9.072 0.628
9.071 0.628
9.070 0.628
9.068 0.628
9.067 0.628
9.065 0.628
9.064 0.628
9.062 0.627
9.061 0.629
9.060 0.629
9.059 0.630
9.058 0.630
9.059 0.630
9.060 0.629
9.061 0.629
9.062 0.627
9.064 0.628
9.065 0.628
9.067 0.628
9.068 0.628
9.070 0.628
9.071 0.628
9.072 0.628
9.074 0.628
9.075 0.628
9.076 0.627
9.077 0.627
9.078 0.626
9.080 0.626
9.081 0.626
9.082 0.625
9.083 0.625
9.085 0.625
9.086 0.625
9.087 0.624
9.088 0.624
9.090 0.624
9.091 0.624
9.092 0.623
9.094 0.623
9.095 0.623
9.096 0.622
9.097 0.622
9.099 0.622
9.100 0.622
9.101 0.621
9.102 0.620
9.103 0.620
9.131 0.614
9.132 0.613
9.134 0.614
9.135 0.614
9.137 0.614
9.138 0.613
9.139 0.613
9.141 0.613
9.142 0.613
9.143 0.612
9.145 0.612
9.145 0.611
9.147 0.611
9.148 0.610
9.149 0.610
9.150 0.609
9.152 0.609
9.153 0.609
9.155 0.610
9.156 0.609
9.158 0.610
9.159 0.610
9.160 0.609
9.162 0.609
9.163 0.609
9.164 0.609
9.166 0.609
9.167 0.608
9.168 0.608
9.170 0.608
9.171 0.608
9.172 0.607
9.173 0.606
9.174 0.606
9.175 0.605
9.177 0.606
9.178 0.606
9.180 0.606
9.181 0.606
9.183 0.606
9.184 0.606
9.185 0.606
9.187 0.605
9.188 0.605
9.186 0.605
9.185 0.605
9.184 0.605
9.182 0.605
9.181 0.605
9.180 0.606
9.178 0.606
9.177 0.606
9.175 0.605
9.174 0.605
9.173 0.606
9.172 0.607
9.171 0.608
9.169 0.607
9.168 0.607
9.167 0.608
9.166 0.609
9.164 0.609
9.163 0.609
9.162 0.609
9.160 0.609
9.159 0.610
9.158 0.610
9.156 0.609
9.155 0.610
9.153 0.609
9.152 0.609
9.150 0.609
9.149 0.610
9.148 0.610
9.147 0.611
9.145 0.611
9.145 0.612
9.143 0.612
9.142 0.613
9.141 0.613
9.139 0.613
9.138 0.613
9.137 0.614
9.135 0.614
9.134 0.614
9.132 0.613
9.144 0.597
9.144 0.596
9.142 0.595
9.140 0.595
9.140 0.594
9.139 0.594
9.139 0.595
9.141 0.595
9.143 0.596
9.154 0.595
9.155 0.596
9.156 0.595
9.158 0.594
9.156 0.595
9.155 0.596
9.172 0.595
9.173 0.595
9.173 0.596
9.174 0.595
9.174 0.594
9.173 0.594
9.174 0.593
9.174 0.592
9.174 0.591
9.172 0.591
9.173 0.592
9.173 0.593
9.173 0.594
9.172 0.590
9.173 0.589
9.199 0.590
9.200 0.589
9.200 0.588
9.201 0.587
9.201 0.586
9.199 0.586
9.200 0.585
9.198 0.584
9.200 0.583
9.198 0.584
9.200 0.585
9.199 0.586
9.199 0.586
9.201 0.587
9.200 0.588
9.200 0.589
9.199 0.590
9.200 0.591
9.201 0.591
9.200 0.592
9.201 0.591
9.201 0.591
9.202 0.597
9.201 0.598
9.200 0.599
9.199 0.599
9.198 0.600
9.196 0.601
9.195 0.602
9.194 0.602
9.193 0.603
9.192 0.603
9.190 0.604
9.192 0.603
9.193 0.603
9.194 0.602
9.195 0.602
9.196 0.601
9.198 0.600
9.199 0.599
9.200 0.599
9.201 0.598
9.202 0.598
9.204 0.598
9.205 0.598
9.207 0.598
9.208 0.599
9.210 0.599
9.211 0.599
9.213 0.599
9.211 0.599
9.210 0.599
9.208 0.599
9.207 0.598
9.205 0.598
9.204 0.598
9.216 0.600
9.217 0.599
9.219 0.600
9.220 0.600
9.222 0.600
9.223 0.600
9.224 0.599
9.226 0.599
9.227 0.599
9.228 0.599
9.229 0.598
9.231 0.598
9.232 0.597
9.233 0.597
9.234 0.596
9.236 0.596
9.237 0.595
9.238 0.595
9.237 0.595
9.236 0.596
9.234 0.596
9.233 0.597
9.232 0.597
9.231 0.598
9.229 0.598
9.228 0.599
9.227 0.599
9.226 0.599
9.224 0.599
9.223 0.600
9.222 0.600
9.220 0.600
9.219 0.600
9.217 0.599
9.241 0.595
9.243 0.596
9.244 0.595
9.246 0.596
9.247 0.596
9.249 0.597
9.250 0.596
9.252 0.596
9.253 0.596
9.254 0.596
9.256 0.596
9.257 0.596
9.258 0.596
9.260 0.595
9.261 0.595
9.262 0.594
9.264 0.594
9.265 0.595
9.267 0.595
9.268 0.595
9.269 0.594
9.271 0.594
9.272 0.593
9.273 0.593
9.274 0.592
9.276 0.592
9.277 0.592
9.279 0.593
9.280 0.593
9.282 0.593
9.283 0.593
9.285 0.593
9.286 0.593
9.288 0.593
9.289 0.593
9.290 0.593
9.292 0.593
9.293 0.593
9.294 0.592
9.296 0.592
9.297 0.591
9.298 0.590
9.300 0.590
9.301 0.589
9.302 0.589
9.304 0.589
9.305 0.589
9.307 0.590
9.308 0.590
9.310 0.591
9.311 0.590
9.312 0.590
9.314 0.591
9.315 0.591
9.317 0.591
9.318 0.591
9.320 0.591
9.321 0.591
9.322 0.590
9.324 0.590
9.325 0.589
9.326 0.589
9.328 0.588
9.329 0.588
9.330 0.587
9.332 0.586
9.333 0.586
9.334 0.585
9.336 0.585
9.337 0.584
9.338 0.584
9.340 0.583
9.341 0.582
9.342 0.582
9.344 0.581
9.345 0.580
9.344 0.581
9.342 0.582
9.341 0.582
9.340 0.583
9.338 0.584
9.337 0.584
9.336 0.585
9.334 0.585
9.333 0.586
9.332 0.586
9.330 0.587
9.329 0.587
9.328 0.588
9.326 0.589
9.325 0.589
9.324 0.590
9.322 0.590
9.321 0.591
9.319 0.590
9.318 0.591
9.317 0.591
9.315 0.591
9.314 0.591
9.312 0.590
9.311 0.590
9.310 0.591
9.308 0.590
9.307 0.590
9.305 0.589
9.304 0.589
9.302 0.589
9.301 0.589
9.300 0.590
9.298 0.590
9.297 0.591
9.296 0.591
9.294 0.592
9.293 0.593
9.292 0.593
9.290 0.593
9.289 0.593
9.288 0.593
9.286 0.593
9.285 0.593
9.283 0.593
9.282 0.593
9.280 0.593
9.279 0.593
9.277 0.592
9.276 0.592
9.274 0.592
9.273 0.593
9.272 0.593
9.271 0.594
9.269 0.594
9.268 0.595
9.267 0.594
9.265 0.595
9.264 0.594
9.262 0.594
9.261 0.594
9.260 0.595
9.258 0.596
9.257 0.595
9.255 0.595
9.254 0.595
9.253 0.595
9.251 0.596
9.250 0.596
9.249 0.597
9.247 0.596
9.246 0.596
9.244 0.595
9.243 0.596
9.235 0.588
9.233 0.587
9.233 0.586
9.234 0.586
9.232 0.585
9.232 0.584
9.230 0.583
9.231 0.582
9.230 0.583
9.230 0.583
9.232 0.584
9.232 0.585
9.231 0.581
9.229 0.581
9.229 0.579
9.230 0.579
9.251 0.580
9.252 0.579
9.253 0.581
9.254 0.582
9.255 0.583
9.255 0.583
9.257 0.584
9.257 0.585
9.258 0.586
9.260 0.586
9.259 0.587
9.260 0.586
9.258 0.586
9.258 0.585
9.258 0.584
9.256 0.583
9.256 0.582
9.254 0.582
9.273 0.586
9.275 0.587
9.273 0.586
9.274 0.585
9.275 0.584
9.275 0.583
9.276 0.582
9.278 0.581
9.279 0.580
9.280 0.579
9.281 0.578
9.282 0.577
9.282 0.577
9.282 0.576
9.281 0.577
9.281 0.578
9.280 0.579
9.280 0.579
9.279 0.580
9.278 0.581
9.276 0.582
9.275 0.583
9.274 0.584
9.274 0.585
9.299 0.582
9.301 0.583
9.299 0.582
9.301 0.581
9.302 0.579
9.301 0.579
9.303 0.577
9.302 0.576
9.304 0.575
9.305 0.574
9.303 0.574
9.304 0.575
9.302 0.576
9.445 0.549
9.447 0.549
9.448 0.548
9.450 0.549
9.451 0.549
9.453 0.549
9.454 0.549
9.456 0.549
9.457 0.549
9.459 0.549
9.460 0.550
9.462 0.550
9.463 0.550
9.465 0.550
9.466 0.550
9.468 0.550
9.469 0.550
9.471 0.550
9.472 0.550
9.474 0.550
9.475 0.550
9.477 0.550
9.479 0.550
9.480 0.550
9.482 0.550
9.483 0.550
9.485 0.550
9.486 0.550
9.488 0.550
9.489 0.550
9.491 0.550
9.492 0.550
9.494 0.550
9.495 0.551
9.497 0.551
9.498 0.551
9.500 0.551
9.501 0.551
9.503 0.551
9.504 0.551
9.506 0.550
9.507 0.551
9.509 0.550
9.510 0.551
9.512 0.550
9.513 0.550
9.515 0.551
9.516 0.551
9.518 0.551
9.519 0.551
9.521 0.550
9.523 0.549
9.524 0.549
9.526 0.549
9.527 0.549
9.529 0.548
9.530 0.548
9.532 0.547
9.534 0.547
9.535 0.547
9.537 0.547
9.539 0.546
9.540 0.546
9.542 0.545
9.543 0.546
9.545 0.545
9.546 0.545
9.548 0.544
9.550 0.544
9.551 0.544
9.553 0.544
9.555 0.543
9.556 0.544
9.557 0.544
9.559 0.544
9.561 0.543
9.562 0.544
9.564 0.544
9.565 0.545
9.567 0.545
9.568 0.545
9.569 0.546
9.571 0.546
9.572 0.546
9.574 0.547
9.575 0.547
9.576 0.548
9.578 0.549
9.579 0.548
9.581 0.549
9.582 0.549
9.584 0.549
9.585 0.550
9.586 0.551
9.588 0.550
9.589 0.551
9.591 0.551
9.592 0.552
9.594 0.552
9.595 0.552
9.596 0.553
9.598 0.554
9.599 0.553
9.601 0.554
9.602 0.555
9.603 0.556
9.605 0.556
9.606 0.557
9.607 0.557
9.609 0.558
9.610 0.558
9.611 0.559
9.613 0.559
9.614 0.560
9.615 0.561
9.616 0.562
9.617 0.561
9.618 0.560
9.620 0.560
9.621 0.560
9.623 0.559
9.625 0.559
9.626 0.559
9.628 0.559
9.630 0.558
9.631 0.559
9.633 0.558
9.634 0.558
9.636 0.557
9.638 0.558
9.639 0.557
9.641 0.557
9.643 0.556
9.644 0.557
9.643 0.556
9.641 0.557
9.639 0.557
9.638 0.558
9.636 0.557
9.634 0.558
9.633 0.558
9.631 0.559
9.630 0.558
9.628 0.559
9.626 0.559
9.625 0.559
9.623 0.559
9.621 0.560
9.620 0.560
9.618 0.560
9.617 0.560
9.615 0.560
9.614 0.560
9.613 0.559
9.611 0.559
9.610 0.558
9.609 0.558
9.607 0.557
9.606 0.557
9.605 0.556
9.603 0.556
9.602 0.555
9.601 0.554
9.599 0.553
9.598 0.553
9.596 0.553
9.595 0.552
9.594 0.552
9.592 0.552
9.591 0.551
9.589 0.551
9.588 0.550
9.587 0.550
9.585 0.550
9.584 0.549
9.582 0.549
9.581 0.549
9.579 0.548
9.578 0.548
9.576 0.548
9.575 0.547
9.574 0.547
9.572 0.546
9.571 0.546
9.569 0.546
9.568 0.545
9.567 0.545
9.565 0.545
9.564 0.544
9.562 0.544
9.561 0.543
9.559 0.543
9.558 0.543
9.556 0.543
9.555 0.543
9.553 0.544
9.551 0.544
9.550 0.544
9.548 0.544
9.546 0.545
9.545 0.545
9.543 0.546
9.542 0.545
9.540 0.546
9.539 0.546
9.537 0.547
9.535 0.547
9.534 0.547
9.532 0.547
9.530 0.548
9.529 0.548
9.527 0.549
9.526 0.549
9.524 0.549
9.523 0.549
9.521 0.550
9.519 0.550
9.518 0.550
9.516 0.550
9.515 0.550
9.513 0.550
9.512 0.550
9.510 0.550
9.509 0.550
9.507 0.551
9.506 0.550
9.504 0.550
9.503 0.550
9.501 0.550
9.500 0.550
9.498 0.550
9.497 0.550
9.495 0.550
9.494 0.550
9.492 0.550
9.491 0.550
9.489 0.549
9.488 0.549
9.486 0.549
9.485 0.549
9.483 0.549
9.482 0.549
9.480 0.549
9.479 0.549
9.477 0.549
9.476 0.549
9.474 0.549
9.473 0.549
9.471 0.549
9.470 0.549
9.468 0.549
9.466 0.549
9.465 0.549
9.463 0.549
9.462 0.549
9.460 0.549
9.459 0.549
9.457 0.549
9.456 0.549
9.454 0.549
9.453 0.549
9.451 0.549
9.450 0.549
9.448 0.548
9.447 0.549
9.445 0.548
9.528 0.577
9.529 0.577
9.534 0.578
9.535 0.579
9.536 0.579
9.535 0.579
9.538 0.584
9.540 0.584
9.541 0.585
9.540 0.584
9.618 0.566
9.619 0.567
9.620 0.567
9.621 0.568
9.623 0.569
9.624 0.570
9.625 0.571
9.626 0.572
9.627 0.573
9.628 0.574
9.629 0.575
9.631 0.576
9.632 0.577
9.633 0.578
9.634 0.579
9.635 0.580
9.636 0.581
9.637 0.582
9.638 0.583
9.639 0.584
9.640 0.585
9.642 0.586
9.643 0.587
9.644 0.588
9.645 0.589
9.646 0.590
9.647 0.591
9.648 0.592
9.649 0.593
9.650 0.594
9.651 0.595
9.652 0.596
9.653 0.597
9.654 0.598
9.655 0.599
9.656 0.600
9.657 0.601
9.658 0.602
9.659 0.603
9.660 0.604
9.661 0.605
9.662 0.606
9.663 0.607
9.664 0.608
9.665 0.609
9.666 0.610
9.667 0.611
9.668 0.612
9.669 0.613
9.670 0.614
9.671 0.615
9.671 0.616
9.672 0.617
9.673 0.618
9.673 0.619
9.674 0.619
9.675 0.619
9.674 0.619
9.673 0.618
9.672 0.617
9.672 0.616
9.671 0.615
9.670 0.614
9.669 0.613
9.668 0.612
9.667 0.611
9.666 0.610
9.665 0.609
9.664 0.608
9.665 0.607
9.664 0.606
9.663 0.605
9.662 0.604
9.661 0.603
9.660 0.602
9.659 0.601
9.658 0.600
9.657 0.599
9.656 0.598
9.655 0.597
9.654 0.596
9.652 0.595
9.651 0.594
9.650 0.593
9.649 0.592
9.648 0.591
9.647 0.590
9.646 0.589
9.645 0.588
9.644 0.587
9.643 0.586
9.642 0.585
9.641 0.584
9.640 0.583
9.639 0.582
9.637 0.581
9.636 0.580
9.635 0.579
9.634 0.578
9.633 0.577
9.632 0.576
9.631 0.575
9.630 0.575
9.629 0.574
9.627 0.573
9.626 0.572
9.625 0.571
9.624 0.570
9.623 0.569
9.622 0.568
9.621 0.567
9.619 0.566
9.618 0.565
9.617 0.564
9.618 0.565
9.647 0.556
9.649 0.556
9.651 0.556
9.652 0.556
9.654 0.555
9.652 0.556
9.651 0.556
9.649 0.556
9.657 0.556
9.658 0.555
9.660 0.555
9.662 0.555
9.664 0.554
9.665 0.554
9.667 0.554
9.668 0.554
9.670 0.553
9.672 0.553
9.673 0.553
9.672 0.553
9.670 0.553
9.668 0.554
9.667 0.554
9.665 0.554
9.664 0.554
9.662 0.555
9.660 0.555
9.658 0.555
9.676 0.553
9.678 0.553
9.680 0.553
9.681 0.552
9.683 0.553
9.685 0.552
9.686 0.552
9.688 0.552
9.690 0.552
9.691 0.551
9.693 0.551
9.695 0.551
9.693 0.551
9.691 0.551
9.690 0.551
9.688 0.552
9.686 0.552
9.685 0.552
9.683 0.553
9.681 0.552
9.680 0.553
9.678 0.553
9.698 0.550
9.699 0.551
9.701 0.551
9.703 0.550
9.704 0.551
9.706 0.551
9.707 0.551
9.709 0.551
9.710 0.551
9.711 0.553
9.712 0.553
9.714 0.553
9.715 0.554
9.716 0.554
9.718 0.555
9.720 0.554
9.721 0.555
9.722 0.555
9.724 0.555
9.725 0.557
9.726 0.558
9.727 0.558
9.728 0.558
9.730 0.558
9.731 0.559
9.733 0.559
9.734 0.560
9.735 0.560
9.736 0.561
9.736 0.560
9.735 0.560
9.734 0.560
9.733 0.559
9.731 0.559
9.730 0.558
9.729 0.557
9.727 0.557
9.726 0.557
9.725 0.557
9.724 0.555
9.722 0.555
9.721 0.555
9.720 0.554
9.718 0.554
9.717 0.553
9.715 0.553
9.714 0.553
9.712 0.553
9.711 0.552
9.710 0.551
9.709 0.551
9.707 0.551
9.706 0.551
9.704 0.551
9.703 0.550
9.701 0.550
9.699 0.551
9.739 0.561
9.739 0.562
9.741 0.561
9.742 0.562
9.743 0.563
9.744 0.563
9.745 0.565
9.746 0.565
9.748 0.564
9.749 0.565
9.750 0.566
9.752 0.566
9.753 0.567
9.754 0.567
9.756 0.567
9.756 0.569
9.758 0.569
9.759 0.570
9.761 0.569
9.762 0.570
9.763 0.571
9.764 0.572
9.765 0.572
9.766 0.573
9.768 0.573
9.769 0.574
9.770 0.574
9.771 0.575
9.773 0.574
9.774 0.576
9.775 0.576
9.776 0.577
9.777 0.577
9.779 0.577
9.780 0.578
9.781 0.578
9.782 0.579
9.784 0.579
9.785 0.580
9.786 0.581
9.787 0.581
9.788 0.581
9.789 0.582
9.791 0.583
9.791 0.584
9.793 0.583
9.794 0.584
9.795 0.585
9.797 0.585
9.798 0.586
9.799 0.586
9.800 0.587
9.801 0.587
9.802 0.588
9.804 0.588
9.804 0.589
9.806 0.589
9.807 0.590
9.808 0.591
9.810 0.591
9.810 0.592
9.811 0.593
9.813 0.592
9.814 0.594
9.815 0.594
9.816 0.594
9.818 0.594
9.818 0.596
9.819 0.597
9.820 0.597
9.822 0.597
9.823 0.598
9.824 0.598
9.826 0.598
9.826 0.599
9.828 0.600
9.829 0.600
9.830 0.601
9.831 0.601
9.832 0.602
9.833 0.602
9.834 0.603
9.836 0.603
9.837 0.604
9.837 0.605
9.839 0.605
9.840 0.605
9.841 0.606
9.842 0.606
9.843 0.607
9.844 0.608
9.845 0.609
9.846 0.609
9.847 0.610
9.848 0.611
9.849 0.612
9.850 0.612
9.851 0.613
9.852 0.613
9.853 0.615
9.854 0.615
9.855 0.616
9.856 0.616
9.856 0.617
9.858 0.618
9.858 0.619
9.860 0.619
9.860 0.620
9.861 0.621
9.862 0.622
9.863 0.622
9.864 0.623
9.865 0.624
9.866 0.625
9.867 0.625
9.868 0.626
9.869 0.627
9.869 0.628
9.871 0.628
9.871 0.629
9.872 0.630
9.873 0.631
9.874 0.631
9.875 0.632
9.876 0.632
9.877 0.634
9.878 0.634
9.878 0.635
9.880 0.635
9.880 0.637
9.881 0.637
9.882 0.638
9.883 0.638
9.884 0.639
9.885 0.640
9.886 0.641
9.887 0.641
9.887 0.642
9.888 0.643
9.889 0.644
9.890 0.644
9.891 0.645
9.892 0.646
9.892 0.647
9.894 0.647
9.894 0.648
9.895 0.649
9.896 0.650
9.897 0.650
9.898 0.651
9.899 0.652
9.899 0.653
9.900 0.653
9.901 0.654
9.902 0.655
9.903 0.656
9.904 0.656
9.904 0.657
9.905 0.658
9.906 0.659
9.907 0.659
9.908 0.660
9.909 0.661
9.909 0.662
9.910 0.662
9.911 0.663
9.912 0.664
9.912 0.665
9.914 0.665
9.914 0.667
9.915 0.667
9.916 0.668
9.917 0.668
9.917 0.670
9.918 0.670
9.919 0.671
9.920 0.671
9.921 0.673
9.922 0.673
9.922 0.674
9.923 0.675
9.924 0.676
9.925 0.676
9.925 0.677
9.926 0.678
9.927 0.679
9.928 0.679
9.928 0.680
9.929 0.681
9.930 0.682
9.931 0.682
9.931 0.683
9.933 0.684
9.933 0.685
9.933 0.686
9.935 0.686
9.935 0.687
9.936 0.688
9.937 0.688
9.938 0.689
9.939 0.689
9.940 0.690
9.941 0.690
9.942 0.690
9.943 0.691
9.944 0.691
9.945 0.692
9.947 0.692
9.948 0.692
9.949 0.693
9.950 0.693
9.951 0.694
9.952 0.694
9.953 0.695
9.954 0.695
9.955 0.695
9.956 0.696
9.957 0.696
9.958 0.697
9.959 0.697
9.960 0.697
9.961 0.698
9.962 0.698
9.963 0.699
9.964 0.699
9.965 0.700
9.966 0.700
9.967 0.700
9.968 0.701
9.969 0.701
9.970 0.702
9.971 0.702
9.972 0.703
9.973 0.703
9.974 0.703
9.975 0.704
9.976 0.704
9.977 0.705
9.978 0.705
9.979 0.706
9.980 0.706
9.981 0.707
9.982 0.707
9.983 0.707
9.984 0.708
9.985 0.708
9.986 0.709
9.987 0.709
9.988 0.710
9.989 0.710
9.990 0.711
9.991 0.711
9.992 0.711
9.993 0.712
9.994 0.712
9.995 0.713
9.996 0.713
9.997 0.714
9.998 0.714
9.999 0.715
10.000 0.715
10.001 0.715
10.002 0.716
10.003 0.716
10.004 0.717
10.005 0.717
10.006 0.718
10.007 0.718
10.008 0.719
10.009 0.719
10.010 0.720
10.011 0.720
10.012 0.720
10.013 0.721
10.014 0.721
10.015 0.722
10.015 0.722
10.016 0.723
10.017 0.723
10.018 0.724
10.019 0.724
10.020 0.725
10.021 0.725
10.022 0.726
10.023 0.726
10.024 0.727
10.025 0.727
10.026 0.727
10.027 0.728
10.028 0.728
10.029 0.729
10.030 0.729
10.031 0.730
10.032 0.730
10.033 0.731
10.033 0.731
10.034 0.732
10.035 0.732
10.036 0.733
10.037 0.733
10.038 0.734
10.037 0.733
10.036 0.733
10.035 0.732
10.034 0.732
10.033 0.731
10.033 0.731
10.032 0.730
10.031 0.730
10.030 0.729
10.029 0.729
10.028 0.728
10.027 0.728
10.026 0.727
10.025 0.727
10.024 0.727
10.023 0.726
10.022 0.726
10.021 0.725
10.020 0.725
10.019 0.724
10.018 0.724
10.017 0.723
10.016 0.723
10.015 0.722
10.015 0.722
10.014 0.721
10.013 0.721
10.012 0.720
10.011 0.720
10.010 0.720
10.009 0.719
10.008 0.719
10.007 0.718
10.006 0.718
10.005 0.717
10.004 0.717
10.003 0.716
10.002 0.716
10.001 0.715
10.000 0.715
9.999 0.715
9.998 0.714
9.997 0.714
9.996 0.713
9.995 0.713
9.994 0.712
9.993 0.712
9.992 0.711
9.991 0.711
9.990 0.711
9.989 0.710
9.988 0.710
9.987 0.709
9.986 0.709
9.985 0.708
9.984 0.708
9.983 0.707
9.982 0.707
9.981 0.707
9.980 0.706
9.979 0.706
9.978 0.705
9.977 0.705
9.976 0.704
9.975 0.704
9.974 0.703
9.973 0.703
9.972 0.703
9.971 0.702
9.970 0.702
9.969 0.701
9.968 0.701
9.967 0.700
9.966 0.700
9.965 0.700
9.964 0.699
9.963 0.699
9.962 0.698
9.961 0.698
9.960 0.697
9.959 0.697
9.958 0.697
9.957 0.696
9.956 0.696
9.955 0.695
9.954 0.695
9.953 0.695
9.952 0.694
9.951 0.694
9.950 0.693
9.949 0.693
9.948 0.692
9.947 0.692
9.945 0.692
9.944 0.691
9.943 0.691
9.942 0.690
9.941 0.690
9.940 0.690
9.939 0.689
9.938 0.689
9.937 0.688
9.936 0.688
9.935 0.687
9.935 0.686
9.933 0.686
9.933 0.685
9.933 0.684
9.931 0.683
9.931 0.682
9.930 0.682
9.929 0.681
9.928 0.680
9.928 0.679
9.927 0.679
9.926 0.678
9.925 0.677
9.925 0.676
9.924 0.676
9.923 0.675
9.922 0.674
9.922 0.673
9.921 0.673
9.920 0.671
9.919 0.671
9.918 0.670
9.917 0.670
9.917 0.668
9.916 0.668
9.915 0.667
9.914 0.667
9.914 0.665
9.912 0.665
9.912 0.664
9.911 0.663
9.910 0.662
9.909 0.662
9.909 0.661
9.908 0.660
9.907 0.659
9.906 0.659
9.905 0.658
9.904 0.657
9.904 0.656
9.903 0.656
9.902 0.655
9.901 0.654
9.900 0.653
9.899 0.653
9.899 0.652
9.898 0.651
9.897 0.650
9.896 0.650
9.895 0.649
9.894 0.648
9.894 0.647
9.892 0.647
9.892 0.646
9.891 0.645
9.890 0.644
9.889 0.644
9.888 0.643
9.887 0.642
9.887 0.641
9.886 0.641
9.885 0.640
9.884 0.639
9.883 0.638
9.882 0.638
9.881 0.637
9.880 0.637
9.880 0.635
9.878 0.635
9.878 0.634
9.877 0.634
9.876 0.632
9.875 0.632
9.874 0.631
9.873 0.631
9.872 0.630
9.871 0.629
9.871 0.628
9.869 0.628
9.869 0.627
9.868 0.626
9.867 0.625
9.866 0.625
9.865 0.624
9.864 0.623
9.863 0.622
9.862 0.622
9.861 0.621
9.860 0.620
9.860 0.619
9.858 0.619
9.858 0.618
9.856 0.617
9.856 0.616
9.855 0.616
9.854 0.615
9.853 0.615
9.852 0.613
9.851 0.613
9.850 0.612
9.849 0.612
9.848 0.611
9.847 0.610
9.846 0.609
9.845 0.609
9.844 0.608
9.843 0.607
9.842 0.606
9.841 0.606
9.840 0.605
9.839 0.604
9.838 0.604
9.837 0.604
9.836 0.603
9.835 0.602
9.833 0.602
9.832 0.602
9.831 0.601
9.830 0.600
9.829 0.600
9.828 0.600
9.826 0.599
9.826 0.598
9.824 0.598
9.823 0.598
9.822 0.597
9.821 0.596
9.820 0.596
9.818 0.596
9.818 0.594
9.816 0.594
9.815 0.594
9.814 0.594
9.813 0.592
9.812 0.592
9.810 0.592
9.810 0.591
9.808 0.590
9.807 0.590
9.806 0.589
9.805 0.589
9.804 0.588
9.802 0.588
9.801 0.587
9.800 0.587
9.799 0.586
9.798 0.586
9.797 0.585
9.795 0.585
9.794 0.584
9.793 0.583
9.792 0.583
9.791 0.583
9.789 0.582
9.788 0.581
9.787 0.581
9.786 0.581
9.785 0.580
9.784 0.579
9.782 0.579
9.781 0.578
9.780 0.578
9.779 0.577
9.778 0.576
9.776 0.576
9.775 0.576
9.774 0.576
9.773 0.574
9.772 0.574
9.770 0.574
9.769 0.574
9.768 0.573
9.767 0.572
9.765 0.572
9.764 0.572
9.763 0.571
9.762 0.570
9.761 0.569
9.759 0.569
9.758 0.569
9.756 0.569
9.756 0.567
9.754 0.567
9.753 0.566
9.752 0.566
9.750 0.566
9.749 0.565
9.748 0.564
9.747 0.564
9.745 0.564
9.744 0.563
9.743 0.562
9.742 0.562
9.741 0.561
9.759 0.635
9.760 0.635
10.040 0.735
10.041 0.735
10.042 0.736
10.041 0.735
10.044 0.737
10.045 0.737
10.045 0.738
10.046 0.738
10.047 0.738
10.048 0.739
10.049 0.739
10.048 0.739
10.047 0.738
10.046 0.738
10.045 0.738
10.045 0.737
10.055 0.742
10.056 0.743
10.056 0.743
10.057 0.744
10.058 0.744
10.059 0.745
10.060 0.745
10.061 0.746
10.062 0.746
10.063 0.747
10.064 0.747
10.064 0.748
10.065 0.748
10.066 0.749
10.067 0.749
10.068 0.750
10.069 0.750
10.070 0.751
10.071 0.751
10.072 0.752
10.072 0.752
10.073 0.753
10.074 0.753
10.075 0.754
10.076 0.754
10.077 0.755
10.078 0.755
10.079 0.756
10.080 0.756
10.080 0.757
10.081 0.757
10.082 0.758
10.083 0.758
10.084 0.759
10.085 0.759
10.086 0.760
10.086 0.760
10.087 0.761
10.088 0.761
10.089 0.762
10.090 0.762
10.091 0.763
10.092 0.763
10.092 0.764
10.093 0.765
10.094 0.765
10.095 0.766
10.096 0.766
10.097 0.767
10.098 0.767
10.098 0.768
10.099 0.768
10.100 0.769
10.101 0.769
10.102 0.770
10.103 0.770
10.103 0.771
10.104 0.771
10.105 0.772
10.106 0.772
10.107 0.773
10.108 0.773
10.109 0.774
10.109 0.774
10.110 0.775
10.111 0.775
10.112 0.776
10.113 0.777
10.113 0.777
10.114 0.778
10.115 0.778
10.116 0.779
10.117 0.779
10.118 0.780
10.118 0.780
10.119 0.781
10.120 0.781
10.121 0.782
10.122 0.782
10.123 0.783
10.123 0.783
10.124 0.784
10.125 0.785
10.126 0.785
10.127 0.786
10.127 0.786
10.128 0.787
10.129 0.787
10.130 0.788
10.131 0.788
10.131 0.789
10.132 0.789
10.133 0.790
10.134 0.790
10.135 0.791
10.135 0.792
10.136 0.792
10.137 0.793
10.138 0.793
10.139 0.794
10.139 0.794
10.140 0.795
10.141 0.795
10.142 0.796
10.143 0.796
10.143 0.797
10.144 0.798
10.145 0.798
10.146 0.799
10.146 0.799
10.147 0.800
10.148 0.800
10.149 0.801
10.150 0.801
10.150 0.802
10.151 0.802
10.152 0.803
10.153 0.804
10.153 0.804
10.154 0.805
10.155 0.805
10.156 0.806
10.157 0.806
10.157 0.807
10.158 0.807
10.159 0.808
10.160 0.809
10.160 0.809
10.161 0.810
10.162 0.810
10.163 0.811
10.163 0.811
10.164 0.812
10.165 0.812
10.166 0.813
10.166 0.814
10.167 0.814
10.168 0.815
10.169 0.815
10.169 0.816
10.170 0.816
10.171 0.817
10.172 0.818
10.172 0.818
10.173 0.819
10.174 0.819
10.175 0.820
10.175 0.820
10.176 0.821
10.177 0.822
10.178 0.822
10.178 0.823
10.179 0.823
10.180 0.824
10.181 0.824
10.181 0.825
10.182 0.826
10.183 0.826
10.183 0.827
10.184 0.827
10.185 0.828
10.186 0.828
10.186 0.829
10.187 0.830
10.188 0.830
10.189 0.831
10.189 0.831
10.190 0.832
10.191 0.832
10.191 0.833
10.192 0.834
10.193 0.834
10.194 0.835
10.194 0.835
10.195 0.836
10.196 0.836
10.196 0.837
10.197 0.838
10.198 0.838
10.199 0.839
10.199 0.839
10.199 0.839
10.198 0.838
10.197 0.838
10.196 0.837
10.196 0.836
10.195 0.836
10.194 0.835
10.194 0.835
10.193 0.834
10.192 0.834
10.191 0.833
10.191 0.832
10.190 0.832
10.189 0.831
10.189 0.831
10.188 0.830
10.187 0.830
10.186 0.829
10.186 0.828
10.185 0.828
10.184 0.827
10.183 0.827
10.183 0.826
10.182 0.826
10.181 0.825
10.181 0.824
10.180 0.824
10.179 0.823
10.178 0.823
10.178 0.822
10.177 0.822
10.176 0.821
10.175 0.820
10.175 0.820
10.174 0.819
10.173 0.819
10.172 0.818
10.172 0.818
10.171 0.817
10.170 0.816
10.169 0.816
10.169 0.815
10.168 0.815
10.167 0.814
10.166 0.814
10.166 0.813
10.165 0.812
10.164 0.812
10.163 0.811
10.163 0.811
10.162 0.810
10.161 0.810
10.160 0.809
10.160 0.809
10.159 0.808
10.158 0.807
10.157 0.807
10.157 0.806
10.156 0.806
10.155 0.805
10.154 0.805
10.153 0.804
10.153 0.804
10.152 0.803
10.151 0.802
10.150 0.802
10.150 0.801
10.149 0.801
10.148 0.800
10.147 0.800
10.146 0.799
10.146 0.799
10.145 0.798
10.144 0.798
10.143 0.797
10.143 0.796
10.142 0.796
10.141 0.795
10.140 0.795
10.139 0.794
10.139 0.794
10.138 0.793
10.137 0.793
10.136 0.792
10.135 0.792
10.135 0.791
10.134 0.790
10.133 0.790
10.132 0.789
10.131 0.789
10.131 0.788
10.130 0.788
10.129 0.787
10.128 0.787
10.127 0.786
10.127 0.786
10.126 0.785
10.125 0.785
10.124 0.784
10.123 0.783
10.123 0.783
10.122 0.782
10.121 0.782
10.120 0.781
10.119 0.781
10.118 0.780
10.118 0.780
10.117 0.779
10.116 0.779
10.115 0.778
10.114 0.778
10.113 0.777
10.113 0.777
10.112 0.776
10.111 0.775
10.110 0.775
10.109 0.774
10.109 0.774
10.108 0.773
10.107 0.773
10.106 0.772
10.105 0.772
10.104 0.771
10.103 0.771
10.103 0.770
10.102 0.770
10.101 0.769
10.100 0.769
10.099 0.768
10.098 0.768
10.098 0.767
10.097 0.767
10.096 0.766
10.095 0.766
10.094 0.765
10.093 0.765
10.092 0.764
10.092 0.763
10.091 0.763
10.090 0.762
10.089 0.762
10.088 0.761
10.087 0.761
10.086 0.760
10.086 0.760
10.085 0.759
10.084 0.759
10.083 0.758
10.082 0.758
10.081 0.757
10.080 0.757
10.080 0.756
10.079 0.756
10.078 0.755
10.077 0.755
10.076 0.754
10.075 0.754
10.074 0.753
10.073 0.753
10.072 0.752
10.072 0.752
10.071 0.751
10.070 0.751
10.069 0.750
10.068 0.750
10.067 0.749
10.066 0.749
10.065 0.748
10.064 0.748
10.064 0.747
10.063 0.747
10.062 0.746
10.061 0.746
10.060 0.745
10.059 0.745
10.058 0.744
10.057 0.744
10.056 0.743
10.056 0.743
10.201 0.841
10.201 0.841
10.202 0.842
10.203 0.842
10.204 0.843
10.204 0.843
10.205 0.844
10.206 0.845
10.206 0.845
10.207 0.846
10.208 0.846
10.208 0.847
10.209 0.848
10.210 0.848
10.211 0.849
10.211 0.849
10.212 0.850
10.213 0.850
10.213 0.851
10.214 0.852
10.215 0.852
10.215 0.853
10.216 0.853
10.217 0.854
10.217 0.855
10.218 0.855
10.219 0.856
10.219 0.856
10.220 0.857
10.221 0.858
10.221 0.858
10.222 0.859
10.223 0.859
10.224 0.860
10.224 0.861
10.225 0.861
10.226 0.862
10.226 0.862
10.227 0.863
10.228 0.864
10.228 0.864
10.229 0.865
10.230 0.865
10.230 0.866
10.231 0.867
10.232 0.867
10.232 0.868
10.233 0.868
10.234 0.869
10.234 0.870
10.235 0.870
10.236 0.871
10.236 0.871
10.237 0.872
10.237 0.873
10.238 0.873
10.239 0.874
10.239 0.874
10.240 0.875
10.241 0.876
10.241 0.876
10.242 0.877
10.243 0.877
10.243 0.878
10.244 0.879
10.245 0.879
10.245 0.880
10.246 0.880
10.247 0.881
10.247 0.882
10.248 0.882
10.249 0.883
10.249 0.884
10.250 0.884
10.250 0.885
10.250 0.884
10.249 0.884
10.249 0.883
10.248 0.882
10.247 0.882
10.247 0.881
10.246 0.880
10.245 0.880
10.245 0.879
10.244 0.879
10.243 0.878
10.243 0.877
10.242 0.877
10.241 0.876
10.241 0.876
10.240 0.875
10.239 0.874
10.239 0.874
10.238 0.873
10.237 0.873
10.237 0.872
10.236 0.871
10.236 0.871
10.235 0.870
10.234 0.870
10.234 0.869
10.233 0.868
10.232 0.868
10.232 0.867
10.231 0.867
10.230 0.866
10.230 0.865
10.229 0.865
10.228 0.864
10.228 0.864
10.227 0.863
10.226 0.862
10.226 0.862
10.225 0.861
10.224 0.861
10.224 0.860
10.223 0.859
10.222 0.859
10.221 0.858
10.221 0.858
10.220 0.857
10.219 0.856
10.219 0.856
10.218 0.855
10.217 0.855
10.217 0.854
10.216 0.853
10.215 0.853
10.215 0.852
10.214 0.852
10.213 0.851
10.213 0.850
10.212 0.850
10.211 0.849
10.211 0.849
10.210 0.848
10.209 0.848
10.208 0.847
10.208 0.846
10.207 0.846
10.206 0.845
10.206 0.845
10.205 0.844
10.204 0.843
10.204 0.843
10.203 0.842
10.202 0.842
10.201 0.841
10.252 0.886
10.252 0.887
10.254 0.888
10.254 0.888
10.255 0.890
10.256 0.890
10.257 0.891
10.257 0.891
10.258 0.892
10.259 0.893
10.259 0.893
10.260 0.894
10.261 0.895
10.261 0.895
10.262 0.896
10.262 0.896
10.263 0.897
10.264 0.898
10.264 0.898
10.265 0.899
10.265 0.900
10.266 0.900
10.267 0.901
10.267 0.901
10.268 0.902
10.269 0.903
10.269 0.903
10.270 0.904
10.270 0.904
10.271 0.905
10.272 0.906
10.272 0.906
10.273 0.907
10.273 0.908
10.274 0.908
10.275 0.909
10.275 0.909
10.276 0.910
10.276 0.911
10.277 0.911
10.278 0.912
10.278 0.913
10.279 0.913
10.279 0.914
10.280 0.915
10.281 0.915
10.281 0.916
10.282 0.916
10.282 0.917
10.283 0.918
10.284 0.918
10.284 0.919
10.285 0.920
10.285 0.920
10.286 0.921
10.285 0.920
10.285 0.920
10.284 0.919
10.284 0.918
10.283 0.918
10.282 0.917
10.282 0.916
10.281 0.916
10.281 0.915
10.280 0.915
10.279 0.914
10.279 0.913
10.278 0.913
10.278 0.912
10.277 0.911
10.276 0.911
10.276 0.910
10.275 0.909
10.275 0.909
10.274 0.908
10.273 0.908
10.273 0.907
10.272 0.906
10.272 0.906
10.271 0.905
10.270 0.904
10.270 0.904
10.269 0.903
10.269 0.903
10.268 0.902
10.267 0.901
10.267 0.901
10.266 0.900
10.265 0.900
10.265 0.899
10.264 0.898
10.264 0.898
10.263 0.897
10.262 0.896
10.262 0.896
10.261 0.895
10.261 0.895
10.260 0.894
10.259 0.893
10.259 0.893
10.258 0.892
10.257 0.891
10.257 0.891
10.256 0.890
10.437 0.942
10.438 0.942
10.439 0.941
10.438 0.942
10.440 0.941
10.441 0.940
10.442 0.939
10.443 0.939
10.444 0.938
10.445 0.938
10.445 0.938
10.446 0.937
10.447 0.937
10.448 0.936
10.447 0.937
10.446 0.937
10.445 0.938
10.445 0.938
10.444 0.938
10.443 0.939
10.449 0.935
10.450 0.935
10.451 0.934
10.452 0.934
10.452 0.934
10.452 0.934
10.451 0.934
10.450 0.935
10.454 0.933
10.455 0.932
10.455 0.932
10.456 0.931
10.457 0.931
10.458 0.931
10.458 0.930
10.459 0.930
10.460 0.929
10.461 0.929
10.462 0.929
10.462 0.928
10.463 0.928
10.464 0.927
10.465 0.927
10.465 0.926
10.466 0.926
10.467 0.926
10.466 0.926
10.465 0.926
10.465 0.927
10.464 0.927
10.463 0.928
10.462 0.928
10.462 0.929
10.461 0.929
10.460 0.929
10.459 0.930
10.458 0.930
10.458 0.931
10.457 0.931
10.456 0.931
10.455 0.932
10.455 0.932
10.469 0.925
10.469 0.924
10.470 0.924
10.471 0.923
10.472 0.923
10.472 0.923
10.473 0.922
10.474 0.922
10.475 0.921
10.476 0.921
10.476 0.921
10.477 0.920
10.478 0.920
10.479 0.919
10.478 0.920
10.477 0.920
10.476 0.921
10.476 0.921
10.475 0.921
10.474 0.922
10.473 0.922
10.472 0.923
10.472 0.923
10.471 0.923
10.470 0.924
10.469 0.924
10.480 0.919
10.481 0.918
10.482 0.918
10.483 0.917
10.483 0.917
10.483 0.917
10.482 0.918
10.481 0.918
10.485 0.916
10.486 0.916
10.487 0.915
10.487 0.915
10.488 0.914
10.489 0.914
10.490 0.914
10.491 0.913
10.491 0.913
10.492 0.912
10.493 0.912
10.494 0.912
10.495 0.911
10.495 0.911
10.496 0.910
10.497 0.910
10.498 0.910
10.499 0.909
10.499 0.909
10.500 0.908
10.501 0.908
10.502 0.908
10.503 0.907
10.503 0.907
10.504 0.906
10.505 0.906
10.506 0.906
10.507 0.905
10.507 0.905
10.508 0.905
10.507 0.905
10.507 0.905
10.506 0.906
10.505 0.906
10.504 0.906
10.503 0.907
10.503 0.907
10.502 0.908
10.501 0.908
10.500 0.908
10.499 0.909
10.499 0.909
10.498 0.910
10.497 0.910
10.496 0.910
10.495 0.911
10.495 0.911
10.494 0.912
10.493 0.912
10.492 0.912
10.491 0.913
10.491 0.913
10.490 0.914
10.489 0.914
10.488 0.914
10.487 0.915
10.487 0.915
10.486 0.916
10.510 0.904
10.511 0.903
10.512 0.903
10.512 0.903
10.513 0.902
10.514 0.902
10.515 0.901
10.514 0.902
10.513 0.902
10.512 0.903
10.512 0.903
10.511 0.903
10.516 0.901
10.517 0.900
10.519 0.899
10.520 0.899
10.521 0.899
10.521 0.898
10.522 0.898
10.523 0.898
10.524 0.897
10.525 0.897
10.525 0.896
10.526 0.896
10.527 0.896
10.528 0.895
10.529 0.895
10.530 0.895
10.530 0.894
10.531 0.894
10.532 0.893
10.533 0.893
10.534 0.893
10.535 0.892
10.535 0.892
10.536 0.892
10.537 0.891
10.538 0.891
10.539 0.891
10.540 0.890
10.541 0.890
10.541 0.889
10.542 0.889
10.543 0.889
10.544 0.888
10.545 0.888
10.546 0.888
10.546 0.887
10.547 0.887
10.548 0.887
10.549 0.886
10.550 0.886
10.551 0.885
10.551 0.885
10.552 0.885
10.553 0.884
10.554 0.884
10.555 0.884
10.556 0.883
10.557 0.883
10.557 0.883
10.558 0.882
10.559 0.882
10.560 0.882
10.561 0.881
10.562 0.881
10.563 0.880
10.562 0.881
10.561 0.881
10.560 0.882
10.559 0.882
10.558 0.882
10.557 0.883
10.557 0.883
10.556 0.883
10.555 0.884
10.554 0.884
10.553 0.884
10.552 0.885
10.551 0.885
10.551 0.885
10.550 0.886
10.549 0.886
10.548 0.887
10.547 0.887
10.546 0.887
10.546 0.888
10.545 0.888
10.544 0.888
10.543 0.889
10.542 0.889
10.541 0.889
10.541 0.890
10.540 0.890
10.539 0.891
10.538 0.891
10.537 0.891
10.536 0.892
10.535 0.892
10.535 0.892
10.534 0.893
10.533 0.893
10.532 0.893
10.531 0.894
10.530 0.894
10.530 0.895
10.529 0.895
10.528 0.895
10.527 0.896
10.526 0.896
10.525 0.896
10.525 0.897
10.524 0.897
10.523 0.898
10.522 0.898
10.521 0.898
10.521 0.899
10.520 0.899
10.566 0.879
10.567 0.879
10.568 0.878
10.569 0.878
10.569 0.878
10.570 0.877
10.571 0.877
10.572 0.877
10.573 0.876
10.572 0.877
10.571 0.877
10.570 0.877
10.569 0.878
10.569 0.878
10.568 0.878
10.567 0.879
10.576 0.875
10.576 0.875
10.577 0.875
10.578 0.874
10.577 0.875
10.576 0.875
10.581 0.873
10.582 0.873
10.582 0.873
10.583 0.872
10.584 0.872
10.585 0.872
10.586 0.871
10.587 0.871
10.588 0.871
10.589 0.870
10.589 0.870
10.590 0.870
10.591 0.869
10.592 0.869
10.593 0.869
10.594 0.868
10.593 0.869
10.592 0.869
10.591 0.869
10.590 0.870
10.589 0.870
10.589 0.870
10.588 0.871
10.587 0.871
10.586 0.871
10.585 0.872
10.584 0.872
10.583 0.872
10.582 0.873
10.582 0.873
10.597 0.867
10.598 0.867
10.599 0.866
10.600 0.866
10.601 0.866
10.602 0.865
10.603 0.865
10.604 0.865
10.605 0.864
10.605 0.864
10.606 0.864
10.607 0.864
10.608 0.863
10.609 0.863
10.610 0.863
10.611 0.862
10.612 0.862
10.611 0.862
10.610 0.863
10.609 0.863
10.608 0.863
10.607 0.864
10.606 0.864
10.605 0.864
10.605 0.864
10.604 0.865
10.603 0.865
10.602 0.865
10.601 0.866
10.600 0.866
10.599 0.866
10.598 0.867
10.613 0.861
10.614 0.861
10.615 0.861
10.616 0.860
10.617 0.860
10.618 0.860
10.619 0.859
10.620 0.859
10.621 0.859
10.622 0.859
10.622 0.858
10.623 0.858
10.624 0.858
10.625 0.857
10.626 0.857
10.627 0.857
10.628 0.856
10.629 0.856
10.630 0.856
10.631 0.856
10.632 0.855
10.632 0.855
10.633 0.855
10.634 0.854
10.635 0.854
10.636 0.854
10.637 0.854
10.638 0.853
10.639 0.853
10.638 0.853
10.637 0.854
10.636 0.854
10.635 0.854
10.634 0.854
10.633 0.855
10.632 0.855
10.632 0.855
10.631 0.856
10.630 0.856
10.629 0.856
10.628 0.856
10.627 0.857
10.626 0.857
10.625 0.857
10.624 0.858
10.623 0.858
10.622 0.858
10.622 0.859
10.621 0.859
10.620 0.859
10.619 0.859
10.618 0.860
10.617 0.860
10.616 0.860
10.615 0.861
10.614 0.861
10.641 0.852
10.642 0.852
10.642 0.852
10.643 0.851
10.644 0.851
10.645 0.851
10.646 0.851
10.647 0.850
10.648 0.850
10.649 0.850
10.648 0.850
10.647 0.850
10.646 0.851
10.645 0.851
10.644 0.851
10.643 0.851
10.642 0.852
10.642 0.852
10.651 0.849
10.652 0.849
10.653 0.849
10.652 0.849
10.654 0.848
10.655 0.848
10.656 0.848
10.657 0.847
10.658 0.847
10.659 0.847
10.660 0.846
10.661 0.846
10.662 0.846
10.663 0.846
10.664 0.845
10.663 0.846
10.662 0.846
10.661 0.846
10.660 0.846
10.659 0.847
10.658 0.847
10.657 0.847
10.656 0.848
10.655 0.848
10.666 0.845
10.667 0.845
10.667 0.844
10.668 0.844
10.669 0.844
10.670 0.843
10.671 0.843
10.672 0.843
10.673 0.843
10.674 0.842
10.675 0.842
10.676 0.842
10.677 0.842
10.678 0.841
10.679 0.841
10.680 0.841
10.681 0.841
10.681 0.840
10.682 0.840
10.683 0.840
10.684 0.840
10.685 0.839
10.686 0.839
10.687 0.839
10.688 0.839
10.689 0.838
10.690 0.838
10.691 0.838
10.692 0.838
10.693 0.837
10.694 0.837
10.695 0.837
10.696 0.837
10.697 0.836
10.698 0.836
10.697 0.836
10.696 0.837
10.695 0.837
10.694 0.837
10.693 0.837
10.692 0.838
10.691 0.838
10.690 0.838
10.689 0.838
10.688 0.839
10.687 0.839
10.686 0.839
10.685 0.839
10.684 0.840
10.683 0.840
10.682 0.840
10.681 0.840
10.681 0.841
10.680 0.841
10.679 0.841
10.678 0.841
10.677 0.842
10.676 0.842
10.675 0.842
10.674 0.842
10.673 0.843
10.672 0.843
10.671 0.843
10.670 0.843
10.669 0.844
10.668 0.844
10.667 0.844
10.667 0.845
10.699 0.836
10.700 0.835
10.701 0.835
10.700 0.835
10.758 0.822
10.759 0.822
10.760 0.822
10.761 0.822
10.762 0.822
10.763 0.821
10.763 0.821
10.764 0.821
10.765 0.821
10.766 0.821
10.767 0.820
10.768 0.820
10.769 0.820
10.770 0.820
10.769 0.820
10.768 0.820
10.767 0.820
10.766 0.821
10.765 0.821
10.764 0.821
10.763 0.821
10.763 0.821
10.762 0.822
10.761 0.822
10.760 0.822
10.759 0.822
10.772 0.820
10.773 0.819
10.774 0.819
10.775 0.819
10.774 0.819
10.773 0.819
10.777 0.819
10.778 0.818
10.779 0.818
10.780 0.818
10.781 0.818
10.780 0.818
10.779 0.818
10.778 0.818
10.787 0.817
10.788 0.817
10.789 0.817
10.790 0.816
10.791 0.816
10.792 0.816
10.793 0.816
10.794 0.816
10.795 0.816
10.794 0.816
10.793 0.816
10.792 0.816
10.791 0.816
10.790 0.816
10.789 0.817
10.788 0.817
10.797 0.815
10.798 0.815
10.799 0.815
10.800 0.815
10.801 0.815
10.802 0.814
10.803 0.814
10.804 0.814
10.805 0.814
10.806 0.814
10.807 0.814
10.808 0.813
10.809 0.813
10.810 0.813
10.811 0.813
10.812 0.813
10.811 0.813
10.810 0.813
10.809 0.813
10.808 0.813
10.807 0.814
10.806 0.814
10.805 0.814
10.804 0.814
10.803 0.814
10.802 0.814
10.801 0.815
10.800 0.815
10.799 0.815
10.798 0.815
10.814 0.813
10.815 0.812
10.816 0.812
10.817 0.812
10.816 0.812
10.815 0.812
10.821 0.811
10.822 0.811
10.823 0.811
10.824 0.811
10.825 0.811
10.824 0.811
10.823 0.811
10.822 0.811
10.832 0.810
10.833 0.810
10.834 0.810
10.835 0.810
10.836 0.810
10.837 0.809
10.838 0.809
10.839 0.809
10.840 0.809
10.841 0.809
10.840 0.809
10.839 0.809
10.838 0.809
10.837 0.809
10.836 0.810
10.835 0.810
10.834 0.810
10.833 0.810
10.845 0.808
10.846 0.808
10.847 0.808
10.848 0.808
10.849 0.808
10.850 0.808
10.851 0.808
10.852 0.808
10.853 0.807
10.854 0.807
10.855 0.807
10.856 0.807
10.857 0.807
10.858 0.807
10.859 0.807
10.860 0.807
10.861 0.807
10.862 0.806
10.863 0.806
10.864 0.806
10.865 0.806
10.866 0.806
10.867 0.806
10.868 0.806
10.869 0.806
10.870 0.806
10.871 0.805
10.872 0.805
10.873 0.805
10.874 0.805
10.875 0.805
10.876 0.805
10.877 0.805
10.878 0.805
10.879 0.805
10.881 0.805
10.882 0.804
10.883 0.804
10.884 0.804
10.885 0.804
10.886 0.804
10.887 0.804
10.886 0.804
10.885 0.804
10.884 0.804
10.883 0.804
10.882 0.804
10.881 0.805
10.879 0.805
10.878 0.805
10.877 0.805
10.876 0.805
10.875 0.805
10.874 0.805
10.873 0.805
10.872 0.805
10.871 0.805
10.870 0.806
10.869 0.806
10.868 0.806
10.867 0.806
10.866 0.806
10.865 0.806
10.864 0.806
10.863 0.806
10.862 0.806
10.861 0.807
10.860 0.807
10.859 0.807
10.858 0.807
10.857 0.807
10.856 0.807
10.855 0.807
10.854 0.807
10.853 0.807
10.852 0.808
10.851 0.808
10.850 0.808
10.849 0.808
10.848 0.808
10.847 0.808
10.846 0.808
10.889 0.804
10.890 0.804
10.891 0.804
10.890 0.804
10.895 0.803
10.896 0.803
10.900 0.803
10.901 0.803
10.910 0.802
10.911 0.802
10.912 0.802
10.911 0.802
10.915 0.802
10.916 0.802
10.918 0.802
10.919 0.802
10.920 0.802
10.919 0.802
10.922 0.801
10.923 0.801
10.924 0.801
10.925 0.801
10.926 0.801
10.925 0.801
10.924 0.801
10.923 0.801
10.928 0.801
10.929 0.801
10.930 0.801
10.931 0.801
10.932 0.801
10.931 0.801
10.930 0.801
10.929 0.801
10.934 0.801
10.935 0.801
10.939 0.800
10.940 0.800
10.943 0.800
10.944 0.800
10.946 0.800
10.947 0.800
10.948 0.800
10.949 0.800
10.950 0.800
10.951 0.800
10.952 0.800
10.953 0.800
10.954 0.800
10.953 0.800
10.952 0.800
10.951 0.800
10.950 0.800
10.949 0.800
10.948 0.800
10.947 0.800
10.956 0.800
10.957 0.800
10.958 0.800
10.959 0.800
10.960 0.800
10.961 0.800
10.962 0.800
10.963 0.800
10.964 0.800
10.965 0.800
10.966 0.800
10.967 0.800
10.969 0.800
10.970 0.799
10.971 0.799
10.972 0.799
10.973 0.799
10.974 0.799
10.975 0.799
10.976 0.799
10.977 0.799
10.978 0.799
10.979 0.799
10.980 0.799
10.979 0.799
10.978 0.799
10.977 0.799
10.976 0.799
10.975 0.799
10.974 0.799
10.973 0.799
10.972 0.799
10.971 0.799
10.970 0.799
10.969 0.800
10.967 0.800
10.966 0.800
10.965 0.800
10.964 0.800
10.963 0.800
10.962 0.800
10.961 0.800
10.960 0.800
10.959 0.800
10.958 0.800
10.957 0.800
10.982 0.799
10.983 0.799
10.989 0.799
10.990 0.799
10.991 0.799
10.992 0.799
10.993 0.799
10.995 0.799
10.996 0.799
10.997 0.799
10.998 0.799
10.999 0.799
11.000 0.799
11.001 0.799
11.000 0.799
10.999 0.799
10.998 0.799
10.997 0.799
10.996 0.799
10.995 0.799
10.993 0.799
10.992 0.799
10.991 0.799
10.990 0.799
11.003 0.799
11.004 0.799
11.005 0.799
11.006 0.799
11.007 0.799
11.008 0.799
11.009 0.799
11.010 0.799
11.011 0.799
11.012 0.799
11.013 0.799
11.014 0.799
11.015 0.799
11.016 0.799
11.015 0.799
11.014 0.799
11.013 0.799
11.012 0.799
11.011 0.799
11.010 0.799
11.009 0.799
11.008 0.799
11.007 0.799
11.006 0.799
11.005 0.799
11.004 0.799
11.018 0.799
11.020 0.799
11.021 0.799
11.022 0.799
11.021 0.799
11.020 0.799
11.024 0.800
11.025 0.800
11.026 0.800
11.025 0.800
11.028 0.800
11.029 0.800
11.030 0.800
11.031 0.800
11.032 0.800
11.031 0.800
11.030 0.800
11.029 0.800
11.034 0.799
11.035 0.798
11.036 0.798
11.037 0.797
11.038 0.797
11.039 0.797
11.041 0.796
11.042 0.796
11.043 0.795
11.044 0.795
11.045 0.794
11.046 0.794
11.045 0.794
11.044 0.795
11.043 0.795
11.042 0.796
11.041 0.796
11.039 0.797
11.038 0.797
11.037 0.797
11.036 0.798
11.035 0.798
11.048 0.794
11.049 0.794
11.050 0.793
11.051 0.792
11.052 0.792
11.053 0.791
11.054 0.791
11.056 0.791
11.057 0.791
11.058 0.790
11.059 0.790
11.060 0.789
11.061 0.789
11.062 0.788
11.063 0.789
11.062 0.788
11.061 0.789
11.060 0.789
11.059 0.790
11.058 0.790
11.057 0.791
11.056 0.791
11.054 0.791
11.053 0.791
11.052 0.792
11.051 0.792
11.050 0.793
11.049 0.793
11.067 0.788
11.069 0.787
11.070 0.786
11.071 0.786
11.072 0.786
11.073 0.785
11.074 0.785
11.075 0.784
11.076 0.783
11.075 0.784
11.074 0.784
11.073 0.785
11.072 0.786
11.071 0.786
11.070 0.786
11.069 0.787
11.078 0.784
11.080 0.783
11.081 0.783
11.082 0.782
11.083 0.782
11.084 0.781
11.085 0.782
11.084 0.781
11.083 0.782
11.082 0.782
11.081 0.783
11.080 0.783
11.087 0.781
11.088 0.781
11.090 0.780
11.091 0.780
11.092 0.780
11.093 0.779
11.094 0.779
11.095 0.778
11.096 0.778
11.097 0.777
11.098 0.778
11.100 0.777
11.101 0.777
11.102 0.776
11.103 0.776
11.104 0.775
11.105 0.776
11.106 0.775
11.107 0.775
11.109 0.774
11.110 0.774
11.111 0.774
11.112 0.774
11.113 0.773
11.114 0.773
11.115 0.772
11.117 0.772
11.118 0.772
11.119 0.772
11.120 0.771
11.121 0.771
11.122 0.770
11.121 0.771
11.120 0.771
11.119 0.772
11.118 0.772
11.117 0.772
11.115 0.772
11.114 0.773
11.113 0.773
11.112 0.774
11.111 0.774
11.110 0.774
11.109 0.774
11.107 0.775
11.106 0.775
11.105 0.776
11.104 0.775
11.103 0.776
11.102 0.776
11.101 0.777
11.100 0.777
11.098 0.778
11.097 0.777
11.096 0.778
11.095 0.778
11.094 0.779
11.093 0.779
11.092 0.780
11.091 0.779
11.090 0.780
11.088 0.781
11.124 0.771
11.126 0.770
11.127 0.770
11.127 0.769
11.126 0.770
11.129 0.769
11.130 0.769
11.131 0.768
11.132 0.768
11.134 0.767
11.135 0.768
11.136 0.767
11.137 0.766
11.138 0.766
11.140 0.766
11.141 0.766
11.142 0.765
11.143 0.765
11.142 0.765
11.141 0.766
11.140 0.766
11.138 0.766
11.137 0.766
11.136 0.767
11.135 0.768
11.134 0.767
11.132 0.768
11.131 0.768
11.130 0.769
11.145 0.764
11.146 0.765
11.148 0.764
11.149 0.763
11.150 0.763
11.151 0.763
11.152 0.763
11.153 0.762
11.152 0.763
11.151 0.763
11.150 0.763
11.149 0.763
11.148 0.764
11.146 0.765
11.156 0.762
11.157 0.762
11.158 0.761
11.159 0.761
11.160 0.760
11.162 0.761
11.163 0.760
11.164 0.761
11.165 0.760
11.166 0.760
11.167 0.761
11.167 0.760
11.166 0.760
11.165 0.760
11.164 0.760
11.163 0.760
11.162 0.761
11.160 0.760
11.159 0.761
11.158 0.761
11.157 0.762
11.169 0.761
11.170 0.762
11.171 0.762
11.172 0.763
11.173 0.763
11.174 0.764
11.175 0.765
11.174 0.764
11.173 0.763
11.172 0.763
11.171 0.762
11.170 0.762
11.177 0.765
11.178 0.766
11.179 0.766
11.180 0.767
11.181 0.768
11.182 0.768
11.183 0.769
11.182 0.768
11.181 0.767
11.180 0.767
11.179 0.766
11.178 0.766
11.185 0.770
11.186 0.771
11.187 0.771
11.188 0.772
11.189 0.772
11.189 0.773
11.190 0.774
11.191 0.774
11.191 0.773
11.189 0.773
11.189 0.772
11.188 0.772
11.187 0.771
11.186 0.771
11.193 0.775
11.194 0.775
11.195 0.776
11.196 0.777
11.197 0.778
11.198 0.778
11.199 0.779
11.198 0.778
11.197 0.778
11.196 0.777
11.195 0.776
11.194 0.775
11.203 0.781
11.204 0.782
11.204 0.783
11.205 0.783
11.205 0.782
11.204 0.782
11.207 0.784
11.208 0.784
11.210 0.786
11.211 0.787
11.212 0.787
11.213 0.788
11.214 0.788
11.213 0.788
11.212 0.787
11.211 0.786
11.216 0.789
11.217 0.789
11.217 0.790
11.218 0.790
11.219 0.791
11.220 0.792
11.221 0.793
11.222 0.793
11.223 0.794
11.224 0.794
11.225 0.795
11.225 0.796
11.226 0.796
11.227 0.797
11.228 0.797
11.227 0.797
11.226 0.796
11.226 0.795
11.225 0.795
11.224 0.794
11.223 0.794
11.222 0.793
11.221 0.793
11.220 0.792
11.219 0.791
11.218 0.790
11.217 0.790
11.217 0.789
11.230 0.799
11.231 0.799
11.232 0.800
11.233 0.800
11.234 0.801
11.235 0.801
11.235 0.802
11.236 0.803
11.237 0.803
11.238 0.804
11.239 0.805
11.240 0.806
11.239 0.805
11.238 0.804
11.237 0.803
11.236 0.802
11.235 0.802
11.235 0.801
11.234 0.801
11.233 0.800
11.232 0.800
11.231 0.799
11.242 0.806
11.242 0.807
11.243 0.807
11.242 0.807
11.245 0.808
11.246 0.809
11.247 0.810
11.248 0.811
11.249 0.811
11.248 0.810
11.247 0.810
11.246 0.809
11.250 0.812
11.251 0.812
11.252 0.813
11.253 0.814
11.254 0.815
11.255 0.815
11.256 0.816
11.256 0.817
11.257 0.817
11.257 0.816
11.256 0.816
11.255 0.815
11.254 0.815
11.253 0.814
11.252 0.813
11.251 0.812
11.259 0.818
11.260 0.819
11.261 0.820
11.261 0.821
11.262 0.821
11.264 0.820
11.265 0.820
11.265 0.820
11.264 0.820
11.262 0.821
11.261 0.821
11.261 0.820
11.260 0.819
11.267 0.820
11.268 0.819
11.269 0.820
11.270 0.819
11.272 0.819
11.272 0.819
11.273 0.818
11.272 0.819
11.270 0.819
11.269 0.820
11.268 0.819
11.275 0.818
11.276 0.818
11.277 0.818
11.278 0.818
11.279 0.818
11.280 0.817
11.281 0.817
11.283 0.817
11.284 0.817
11.285 0.817
11.286 0.817
11.287 0.816
11.288 0.816
11.289 0.816
11.290 0.816
11.292 0.816
11.293 0.816
11.294 0.815
11.295 0.816
11.296 0.815
11.297 0.815
11.298 0.815
11.299 0.815
11.301 0.814
11.299 0.815
11.298 0.815
11.297 0.815
11.296 0.815
11.295 0.816
11.294 0.815
11.293 0.816
11.292 0.816
11.290 0.816
11.289 0.816
11.288 0.816
11.287 0.816
11.286 0.817
11.285 0.817
11.284 0.817
11.283 0.817
11.281 0.817
11.280 0.817
11.279 0.818
11.278 0.818
11.277 0.818
11.276 0.818
11.260 0.826
11.261 0.827
11.260 0.828
11.261 0.828
11.261 0.827
11.303 0.815
11.304 0.814
11.305 0.815
11.306 0.814
11.307 0.814
11.308 0.814
11.310 0.813
11.311 0.813
11.310 0.813
11.308 0.814
11.307 0.814
11.306 0.814
11.305 0.815
11.304 0.814
11.313 0.813
11.314 0.813
11.315 0.813
11.317 0.812
11.318 0.812
11.319 0.812
11.320 0.812
11.321 0.812
11.322 0.811
11.323 0.812
11.322 0.811
11.321 0.812
11.320 0.812
11.319 0.812
11.318 0.812
11.317 0.812
11.316 0.812
11.314 0.813
11.326 0.811
11.327 0.812
11.328 0.811
11.329 0.811
11.330 0.811
11.331 0.810
11.332 0.811
11.334 0.810
11.335 0.810
11.336 0.810
11.337 0.810
11.338 0.810
11.339 0.810
11.341 0.809
11.342 0.810
11.343 0.809
11.344 0.810
11.345 0.809
11.344 0.810
11.343 0.809
11.342 0.810
11.341 0.809
11.339 0.810
11.338 0.810
11.337 0.810
11.336 0.810
11.335 0.810
11.334 0.810
11.332 0.811
11.331 0.810
11.330 0.811
11.329 0.811
11.328 0.811
11.327 0.812
11.347 0.810
11.348 0.809
11.349 0.809
11.351 0.809
11.352 0.808
11.353 0.809
11.354 0.808
11.355 0.809
11.357 0.808
11.358 0.808
11.359 0.808
11.360 0.808
11.361 0.808
11.360 0.807
11.359 0.808
11.358 0.808
11.357 0.808
11.355 0.809
11.354 0.808
11.353 0.809
11.352 0.808
11.351 0.809
11.349 0.809
11.348 0.809
11.363 0.807
11.364 0.808
11.366 0.807
11.367 0.808
11.368 0.807
11.369 0.807
11.370 0.807
11.371 0.807
11.373 0.807
11.374 0.807
11.375 0.807
11.376 0.807
11.377 0.806
11.379 0.806
11.380 0.806
11.381 0.806
11.380 0.806
11.379 0.806
11.377 0.806
11.376 0.806
11.375 0.807
11.374 0.807
11.373 0.807
11.371 0.807
11.370 0.807
11.369 0.807
11.368 0.807
11.367 0.808
11.366 0.807
11.364 0.808
11.382 0.807
11.384 0.807
11.385 0.806
11.386 0.807
11.387 0.808
11.388 0.808
11.388 0.809
11.389 0.809
11.390 0.811
11.391 0.811
11.391 0.812
11.392 0.813
11.393 0.813
11.393 0.814
11.394 0.815
11.395 0.816
11.396 0.816
11.395 0.816
11.394 0.815
11.393 0.814
11.393 0.813
11.392 0.813
11.391 0.812
11.391 0.811
11.390 0.811
11.389 0.809
11.388 0.809
11.388 0.808
11.387 0.808
11.386 0.807
11.385 0.806
11.384 0.806
11.383 0.807
11.397 0.818
11.398 0.818
11.399 0.819
11.399 0.819
11.400 0.820
11.401 0.821
11.401 0.822
11.402 0.822
11.403 0.823
11.404 0.824
11.404 0.825
11.405 0.825
11.406 0.826
11.407 0.826
11.407 0.828
11.408 0.829
11.409 0.829
11.409 0.830
11.410 0.831
11.411 0.832
11.410 0.830
11.409 0.830
11.409 0.829
11.408 0.829
11.407 0.828
11.407 0.826
11.406 0.826
11.405 0.825
11.404 0.825
11.404 0.824
11.403 0.823
11.402 0.822
11.401 0.822
11.401 0.821
11.400 0.820
11.399 0.819
11.399 0.819
11.398 0.818
11.412 0.833
11.413 0.833
11.413 0.834
11.414 0.835
11.415 0.836
11.416 0.836
11.416 0.837
11.417 0.838
11.418 0.839
11.417 0.838
11.416 0.837
11.416 0.836
11.415 0.836
11.414 0.835
11.413 0.834
11.413 0.833
11.420 0.839
11.420 0.841
11.421 0.841
11.421 0.842
11.422 0.843
11.423 0.843
11.423 0.845
11.424 0.845
11.423 0.845
11.423 0.843
11.422 0.843
11.421 0.842
11.421 0.841
11.420 0.841
11.426 0.846
11.426 0.847
11.427 0.848
11.428 0.848
11.427 0.848
11.426 0.847
11.431 0.850
11.431 0.851
11.432 0.852
11.432 0.854
11.433 0.853
11.432 0.852
11.431 0.851
11.436 0.856
11.436 0.857
11.436 0.858
11.437 0.858
11.438 0.859
11.439 0.860
11.439 0.861
11.440 0.861
11.440 0.862
11.441 0.863
11.442 0.864
11.443 0.864
11.443 0.865
11.443 0.864
11.442 0.864
11.441 0.863
11.440 0.862
11.440 0.861
11.439 0.861
11.439 0.860
11.438 0.859
11.437 0.858
11.437 0.857
11.436 0.857
11.446 0.867
11.447 0.869
11.447 0.869
11.448 0.870
11.449 0.870
11.449 0.872
11.450 0.872
11.450 0.873
11.451 0.873
11.452 0.875
11.453 0.875
11.453 0.876
11.454 0.876
11.454 0.877
11.455 0.878
11.456 0.879
11.456 0.879
11.457 0.880
11.458 0.881
11.458 0.882
11.459 0.882
11.459 0.883
11.460 0.884
11.461 0.885
11.462 0.885
11.462 0.886
11.463 0.887
11.463 0.888
11.464 0.888
11.464 0.889
11.465 0.890
11.466 0.891
11.467 0.891
11.467 0.892
11.468 0.893
11.468 0.894
11.469 0.895
11.469 0.896
11.469 0.897
11.470 0.898
11.471 0.899
11.471 0.899
11.472 0.899
11.473 0.900
11.474 0.900
11.475 0.901
11.476 0.901
11.476 0.901
11.477 0.902
11.478 0.902
11.479 0.903
11.480 0.903
11.480 0.903
11.481 0.904
11.480 0.903
11.480 0.903
11.479 0.903
11.478 0.902
11.477 0.902
11.476 0.901
11.476 0.901
11.475 0.901
11.474 0.900
11.473 0.900
11.472 0.899
11.471 0.899
11.471 0.899
11.470 0.898
11.469 0.897
11.469 0.896
11.469 0.895
11.468 0.894
11.468 0.893
11.467 0.892
11.467 0.891
11.466 0.891
11.465 0.890
11.464 0.889
11.464 0.888
11.463 0.888
11.463 0.887
11.462 0.886
11.462 0.885
11.461 0.885
11.460 0.884
11.459 0.883
11.459 0.882
11.458 0.882
11.458 0.881
11.457 0.880
11.456 0.879
11.456 0.879
11.455 0.878
11.454 0.877
11.454 0.876
11.453 0.876
11.453 0.875
11.452 0.875
11.451 0.873
11.450 0.873
11.450 0.872
11.449 0.872
11.449 0.870
11.448 0.870
11.447 0.869
11.447 0.869
11.499 0.876
11.501 0.875
11.502 0.875
11.503 0.875
11.504 0.875
11.505 0.875
11.506 0.875
11.505 0.875
11.504 0.875
11.503 0.875
11.502 0.875
11.501 0.875
11.508 0.876
11.509 0.876
11.510 0.875
11.511 0.876
11.513 0.875
11.513 0.876
11.515 0.875
11.516 0.876
11.517 0.876
11.518 0.876
11.519 0.876
11.520 0.876
11.521 0.876
11.522 0.876
11.523 0.876
11.525 0.876
11.523 0.876
11.522 0.876
11.521 0.876
11.520 0.876
11.519 0.876
11.518 0.876
11.517 0.876
11.516 0.876
11.515 0.875
11.513 0.876
11.513 0.875
11.511 0.876
11.510 0.875
11.509 0.876
11.526 0.876
11.527 0.876
11.528 0.877
11.530 0.876
11.531 0.876
11.532 0.876
11.533 0.876
11.534 0.877
11.535 0.876
11.536 0.877
11.537 0.876
11.538 0.877
11.539 0.877
11.540 0.877
11.541 0.877
11.540 0.877
11.539 0.877
11.538 0.877
11.537 0.876
11.536 0.877
11.535 0.876
11.534 0.877
11.533 0.876
11.532 0.876
11.531 0.876
11.530 0.876
11.528 0.877
11.527 0.876
11.543 0.878
11.544 0.877
11.545 0.878
11.546 0.877
11.548 0.877
11.549 0.878
11.550 0.877
11.551 0.878
11.552 0.878
11.553 0.878
11.554 0.878
11.555 0.878
11.556 0.878
11.557 0.878
11.558 0.878
11.559 0.878
11.560 0.878
11.559 0.878
11.558 0.878
11.557 0.878
11.556 0.878
11.555 0.878
11.554 0.878
11.553 0.878
11.552 0.878
11.551 0.878
11.550 0.877
11.549 0.878
11.548 0.877
11.546 0.877
11.545 0.878
11.544 0.877
11.562 0.879
11.563 0.879
11.564 0.879
11.565 0.879
11.567 0.879
11.568 0.879
11.569 0.879
11.570 0.879
11.569 0.879
11.568 0.879
11.567 0.879
11.565 0.879
11.565 0.879
11.563 0.879
11.572 0.880
11.573 0.880
11.574 0.880
11.575 0.880
11.576 0.880
11.577 0.881
11.578 0.880
11.579 0.880
11.580 0.881
11.581 0.880
11.582 0.881
11.581 0.880
11.580 0.881
11.579 0.880
11.578 0.880
11.577 0.881
11.576 0.880
11.575 0.880
11.574 0.880
11.573 0.880
11.584 0.881
11.585 0.881
11.586 0.881
11.588 0.881
11.589 0.881
11.589 0.882
11.591 0.882
11.591 0.883
11.592 0.883
11.592 0.884
11.593 0.885
11.593 0.885
11.594 0.887
11.595 0.887
11.595 0.888
11.596 0.889
11.596 0.890
11.597 0.890
11.596 0.890
11.596 0.889
11.595 0.888
11.595 0.887
11.594 0.887
11.593 0.885
11.593 0.885
11.592 0.884
11.592 0.883
11.591 0.883
11.591 0.882
11.589 0.882
11.589 0.881
11.588 0.881
11.586 0.881
11.585 0.881
11.598 0.892
11.598 0.892
11.599 0.894
11.599 0.894
11.600 0.895
11.600 0.896
11.601 0.897
11.601 0.897
11.602 0.898
11.602 0.899
11.603 0.900
11.603 0.901
11.604 0.902
11.604 0.902
11.605 0.903
11.605 0.904
11.606 0.905
11.606 0.905
11.606 0.905
11.605 0.904
11.605 0.903
11.604 0.902
11.604 0.902
11.603 0.901
11.603 0.900
11.602 0.899
11.602 0.898
11.601 0.897
11.601 0.897
11.600 0.896
11.600 0.895
11.599 0.894
11.599 0.894
11.598 0.892
11.607 0.907
11.608 0.908
11.608 0.909
11.609 0.909
11.609 0.910
11.609 0.912
11.611 0.911
11.611 0.912
11.612 0.912
11.613 0.913
11.614 0.913
11.614 0.914
11.616 0.914
11.616 0.914
11.617 0.915
11.618 0.915
11.619 0.915
11.620 0.915
11.621 0.915
11.622 0.916
11.623 0.916
11.624 0.916
11.624 0.917
11.625 0.917
11.626 0.918
11.626 0.919
11.626 0.920
11.627 0.921
11.627 0.920
11.626 0.920
11.626 0.919
11.626 0.918
11.625 0.917
11.624 0.917
11.624 0.916
11.623 0.916
11.622 0.916
11.621 0.915
11.620 0.915
11.619 0.915
11.618 0.915
11.617 0.915
11.616 0.914
11.616 0.914
11.615 0.913
11.614 0.913
11.613 0.913
11.612 0.912
11.611 0.912
11.611 0.911
11.610 0.911
11.609 0.910
11.609 0.909
11.608 0.909
11.608 0.908
11.629 0.921
11.628 0.922
11.630 0.923
11.630 0.923
11.632 0.923
11.633 0.923
11.632 0.923
11.631 0.923
11.630 0.922
11.634 0.924
11.635 0.924
11.636 0.924
11.638 0.924
11.638 0.925
11.640 0.924
11.641 0.924
11.640 0.924
11.638 0.925
11.638 0.924
11.636 0.924
11.635 0.924
11.646 0.927
11.648 0.927
11.649 0.927
11.650 0.927
11.651 0.927
11.653 0.926
11.653 0.927
11.655 0.927
11.654 0.926
11.653 0.926
11.651 0.927
11.650 0.927
11.649 0.927
11.648 0.927
11.659 0.929
11.660 0.928
11.661 0.928
11.662 0.928
11.664 0.928
11.665 0.928
11.666 0.928
11.668 0.928
11.669 0.928
11.670 0.927
11.671 0.927
11.673 0.927
11.671 0.927
11.671 0.927
11.669 0.927
11.668 0.927
11.667 0.927
11.666 0.927
11.664 0.927
11.663 0.928
11.662 0.928
11.661 0.928
11.659 0.928
11.681 0.932
11.682 0.932
11.683 0.932
11.685 0.932
11.686 0.932
11.687 0.932
11.688 0.932
11.690 0.931
11.691 0.931
11.692 0.932
11.692 0.931
11.691 0.931
11.690 0.931
11.688 0.932
11.687 0.932
11.686 0.932
11.685 0.932
11.683 0.932
11.682 0.932
11.693 0.932
11.694 0.932
11.712 0.913
11.712 0.912
11.714 0.910
11.715 0.910
11.716 0.908
11.716 0.908
11.717 0.907
11.718 0.906
11.717 0.907
11.716 0.908
11.720 0.904
11.721 0.903
11.721 0.903
11.722 0.902
11.723 0.901
11.723 0.901
11.724 0.900
11.724 0.900
11.725 0.899
11.726 0.898
11.726 0.898
11.727 0.897
11.727 0.896
11.728 0.896
11.727 0.896
11.727 0.897
11.726 0.898
11.726 0.898
11.725 0.899
11.724 0.900
11.724 0.900
11.723 0.901
11.723 0.901
11.722 0.902
11.721 0.903
11.721 0.903
11.729 0.895
11.730 0.894
11.731 0.893
11.731 0.893
11.732 0.892
11.732 0.892
11.732 0.892
11.731 0.893
11.731 0.893
11.730 0.894
11.734 0.890
11.734 0.890
11.735 0.889
11.736 0.888
11.736 0.888
11.737 0.887
11.737 0.887
11.738 0.886
11.737 0.887
11.737 0.887
11.736 0.888
11.736 0.888
11.735 0.889
11.734 0.890
11.742 0.882
11.743 0.882
11.743 0.881
11.744 0.881
11.745 0.880
11.745 0.879
11.746 0.879
11.746 0.878
11.747 0.877
11.748 0.877
11.748 0.876
11.749 0.876
11.748 0.876
11.748 0.877
11.747 0.877
11.746 0.878
11.746 0.879
11.745 0.879
11.745 0.880
11.744 0.881
11.743 0.881
11.743 0.882
11.750 0.874
11.751 0.874
11.752 0.873
11.752 0.873
11.753 0.872
11.754 0.871
11.754 0.871
11.755 0.870
11.756 0.870
11.756 0.869
11.757 0.868
11.758 0.868
11.758 0.867
11.759 0.867
11.760 0.866
11.760 0.865
11.760 0.866
11.759 0.867
11.758 0.867
11.758 0.868
11.757 0.868
11.756 0.869
11.756 0.870
11.755 0.870
11.754 0.871
11.754 0.871
11.753 0.872
11.752 0.873
11.752 0.873
11.751 0.874
11.762 0.864
11.762 0.864
11.763 0.863
11.764 0.862
11.764 0.862
11.765 0.861
11.766 0.861
11.766 0.860
11.767 0.859
11.768 0.859
11.768 0.858
11.768 0.859
11.767 0.859
11.766 0.860
11.766 0.861
11.765 0.861
11.764 0.862
11.764 0.862
11.763 0.863
11.762 0.864
11.770 0.857
11.770 0.856
11.771 0.856
11.772 0.855
11.772 0.855
11.773 0.854
11.774 0.853
11.773 0.854
11.772 0.855
11.772 0.855
11.771 0.856
11.770 0.856
11.775 0.852
11.776 0.852
11.777 0.850
11.778 0.850
11.779 0.849
11.779 0.849
11.780 0.848
11.781 0.848
11.780 0.848
11.779 0.849
11.779 0.849
11.778 0.850
11.782 0.846
11.783 0.846
11.783 0.845
11.784 0.845
11.785 0.844
11.786 0.843
11.786 0.843
11.787 0.842
11.786 0.843
11.786 0.843
11.785 0.844
11.784 0.845
11.783 0.845
11.783 0.846
11.788 0.841
11.789 0.841
11.790 0.840
11.790 0.839
11.791 0.839
11.792 0.838
11.793 0.838
11.793 0.837
11.794 0.836
11.795 0.836
11.795 0.835
11.795 0.836
11.794 0.836
11.793 0.837
11.793 0.838
11.792 0.838
11.791 0.839
11.790 0.839
11.790 0.840
11.789 0.841
11.797 0.834
11.798 0.834
11.798 0.833
11.799 0.832
11.800 0.832
11.800 0.831
11.801 0.831
11.802 0.830
11.803 0.830
11.803 0.829
11.804 0.828
11.805 0.828
11.806 0.827
11.806 0.827
11.807 0.826
11.806 0.827
11.806 0.827
11.805 0.828
11.804 0.828
11.803 0.829
11.803 0.830
11.802 0.830
11.801 0.831
11.800 0.831
11.800 0.832
11.799 0.832
11.798 0.833
11.798 0.834
11.808 0.825
11.809 0.824
11.810 0.824
11.811 0.823
11.811 0.823
11.812 0.822
11.813 0.821
11.814 0.821
11.814 0.820
11.814 0.821
11.813 0.821
11.812 0.822
11.811 0.823
11.811 0.823
11.810 0.824
11.809 0.824
11.816 0.819
11.817 0.819
11.817 0.818
11.818 0.818
11.819 0.817
11.820 0.816
11.820 0.816
11.821 0.815
11.822 0.815
11.823 0.814
11.822 0.815
11.821 0.815
11.820 0.816
11.820 0.816
11.819 0.817
11.818 0.818
11.817 0.818
11.817 0.819
11.824 0.813
11.825 0.812
11.826 0.812
11.826 0.811
11.827 0.811
11.828 0.810
11.829 0.810
11.829 0.809
11.830 0.809
11.831 0.808
11.832 0.807
11.831 0.808
11.830 0.809
11.829 0.809
11.829 0.810
11.828 0.810
11.827 0.811
11.826 0.811
11.826 0.812
11.825 0.812
11.833 0.806
11.834 0.806
11.835 0.805
11.835 0.805
11.836 0.804
11.837 0.804
11.838 0.803
11.839 0.802
11.839 0.802
11.840 0.801
11.841 0.801
11.842 0.800
11.842 0.800
11.843 0.799
11.844 0.799
11.845 0.798
11.846 0.797
11.846 0.797
11.847 0.796
11.846 0.797
11.846 0.797
11.845 0.798
11.844 0.799
11.843 0.799
11.842 0.800
11.842 0.800
11.841 0.801
11.840 0.801
11.839 0.802
11.839 0.802
11.838 0.803
11.837 0.804
11.836 0.804
11.835 0.805
11.835 0.805
11.834 0.806
11.849 0.795
11.850 0.795
11.850 0.794
11.851 0.794
11.852 0.793
11.853 0.793
11.853 0.792
11.854 0.791
11.855 0.791
11.856 0.790
11.857 0.790
11.857 0.789
11.858 0.789
11.859 0.788
11.860 0.788
11.861 0.787
11.861 0.787
11.862 0.786
11.863 0.785
11.864 0.785
11.865 0.784
11.866 0.784
11.866 0.783
11.867 0.783
11.868 0.782
11.869 0.782
11.870 0.781
11.870 0.781
11.871 0.780
11.872 0.780
11.873 0.779
11.874 0.779
11.875 0.778
11.875 0.777
11.876 0.777
11.877 0.776
11.878 0.776
11.877 0.776
11.876 0.777
11.875 0.777
11.875 0.778
11.874 0.779
11.873 0.779
11.872 0.780
11.871 0.780
11.870 0.781
11.870 0.781
11.869 0.782
11.868 0.782
11.867 0.783
11.866 0.783
11.866 0.784
11.865 0.784
11.864 0.785
11.863 0.785
11.862 0.786
11.861 0.787
11.861 0.787
11.860 0.788
11.859 0.788
11.858 0.789
11.857 0.789
11.857 0.790
11.856 0.790
11.855 0.791
11.854 0.791
11.853 0.792
11.853 0.793
11.852 0.793
11.851 0.794
11.850 0.794
11.850 0.795
11.879 0.775
11.880 0.774
11.881 0.774
11.882 0.773
11.883 0.773
11.884 0.772
11.884 0.772
11.885 0.771
11.886 0.771
11.887 0.770
11.888 0.770
11.889 0.769
11.890 0.769
11.890 0.768
11.891 0.767
11.892 0.767
11.891 0.767
11.890 0.768
11.890 0.769
11.889 0.769
11.888 0.770
11.887 0.770
11.886 0.771
11.885 0.771
11.884 0.772
11.884 0.772
11.883 0.773
11.882 0.773
11.881 0.774
11.880 0.774
11.894 0.766
11.895 0.765
11.895 0.765
11.896 0.764
11.897 0.764
11.898 0.763
11.899 0.763
11.900 0.762
11.901 0.762
11.901 0.761
11.902 0.761
11.903 0.760
11.904 0.760
11.905 0.759
11.906 0.759
11.907 0.758
11.907 0.758
11.908 0.757
11.907 0.758
11.907 0.758
11.906 0.759
11.905 0.759
11.904 0.760
11.903 0.760
11.902 0.761
11.901 0.761
11.901 0.762
11.900 0.762
11.899 0.763
11.898 0.763
11.897 0.764
11.896 0.764
11.895 0.765
11.895 0.765
11.910 0.756
11.911 0.756
11.912 0.755
11.913 0.755
11.914 0.754
11.914 0.754
11.915 0.753
11.916 0.753
11.917 0.752
11.918 0.752
11.919 0.751
11.918 0.752
11.917 0.752
11.916 0.753
11.915 0.753
11.914 0.754
11.914 0.754
11.913 0.755
11.912 0.755
11.911 0.756
11.921 0.750
11.922 0.750
11.922 0.749
11.923 0.749
11.924 0.748
11.925 0.748
11.926 0.747
11.927 0.747
11.928 0.746
11.929 0.746
11.930 0.745
11.930 0.745
11.931 0.744
11.932 0.744
11.933 0.743
11.934 0.743
11.935 0.742
11.936 0.742
11.937 0.741
11.938 0.741
11.937 0.741
11.936 0.742
11.935 0.742
11.934 0.743
11.933 0.743
11.932 0.744
11.931 0.744
11.930 0.745
11.930 0.745
11.929 0.746
11.928 0.746
11.927 0.747
11.926 0.747
11.925 0.748
11.924 0.748
11.923 0.749
11.922 0.749
11.922 0.750
11.940 0.740
11.940 0.739
11.941 0.739
11.942 0.738
11.943 0.738
11.944 0.737
11.945 0.737
11.946 0.736
11.947 0.736
11.948 0.735
11.949 0.735
11.950 0.734
11.951 0.734
11.951 0.733
11.951 0.734
11.950 0.734
11.949 0.735
11.948 0.735
11.947 0.736
11.946 0.736
11.945 0.737
11.944 0.737
11.943 0.738
11.942 0.738
11.941 0.739
11.940 0.739
11.953 0.732
11.954 0.732
11.955 0.732
11.956 0.731
11.957 0.731
11.958 0.730
11.959 0.730
11.960 0.729
11.961 0.729
11.962 0.728
11.963 0.728
11.964 0.727
11.965 0.727
11.965 0.726
11.966 0.726
11.967 0.725
11.968 0.725
11.969 0.724
11.970 0.724
11.971 0.724
11.972 0.723
11.973 0.723
11.974 0.722
11.975 0.722
11.976 0.721
11.975 0.722
11.974 0.722
11.973 0.723
11.972 0.723
11.971 0.724
11.970 0.724
11.969 0.724
11.968 0.725
11.967 0.725
11.966 0.726
11.965 0.726
11.965 0.727
11.964 0.727
11.963 0.728
11.962 0.728
11.961 0.729
11.960 0.729
11.959 0.730
11.958 0.730
11.957 0.731
11.956 0.731
11.955 0.732
11.954 0.732
11.978 0.720
11.979 0.720
11.980 0.719
11.981 0.719
11.982 0.718
11.983 0.718
11.984 0.718
11.985 0.717
11.986 0.717
11.987 0.716
11.988 0.716
11.987 0.716
11.986 0.717
11.985 0.717
11.984 0.718
11.983 0.718
11.982 0.718
11.981 0.719
11.980 0.719
11.979 0.720
11.990 0.715
11.990 0.714
11.992 0.713
11.993 0.713
11.995 0.712
11.996 0.712
11.997 0.711
11.998 0.711
11.999 0.710
12.000 0.710
12.001 0.709
12.002 0.709
12.003 0.708
12.004 0.708
12.005 0.708
12.006 0.707
12.007 0.707
12.008 0.706
12.007 0.707
12.006 0.707
12.005 0.708
12.004 0.708
12.003 0.708
12.002 0.709
12.001 0.709
12.000 0.710
11.999 0.710
11.998 0.711
11.997 0.711
11.996 0.712
12.010 0.705
12.011 0.705
12.012 0.705
12.013 0.704
12.014 0.704
12.015 0.703
12.016 0.703
12.017 0.702
12.018 0.702
12.019 0.701
12.018 0.702
12.017 0.702
12.016 0.703
12.015 0.703
12.014 0.704
12.013 0.704
12.012 0.705
12.011 0.705
12.021 0.701
12.022 0.700
12.023 0.700
12.022 0.700
12.025 0.699
12.026 0.698
12.027 0.698
12.029 0.698
12.030 0.697
12.031 0.697
12.032 0.696
12.033 0.696
12.034 0.695
12.035 0.695
12.034 0.695
12.033 0.696
12.032 0.696
12.031 0.697
12.030 0.697
12.029 0.698
12.027 0.698
12.026 0.698
12.037 0.694
12.038 0.694
12.039 0.693
12.040 0.693
12.041 0.693
12.042 0.692
12.043 0.692
12.044 0.691
12.045 0.691
12.046 0.690
12.047 0.690
12.048 0.690
12.049 0.689
12.048 0.690
12.047 0.690
12.046 0.690
12.045 0.691
12.044 0.691
12.043 0.692
12.042 0.692
12.041 0.693
12.040 0.693
12.039 0.693
12.038 0.694
12.051 0.688
12.052 0.688
12.053 0.688
12.055 0.687
12.056 0.687
12.057 0.686
12.058 0.686
12.059 0.686
12.060 0.685
12.061 0.685
12.062 0.684
12.063 0.684
12.064 0.684
12.065 0.683
12.066 0.683
12.067 0.682
12.068 0.682
12.067 0.682
12.066 0.683
12.065 0.683
12.064 0.684
12.063 0.684
12.062 0.684
12.061 0.685
12.060 0.685
12.059 0.686
12.058 0.686
12.057 0.686
12.056 0.687
12.055 0.687
12.053 0.688
12.052 0.688
12.070 0.681
12.072 0.681
12.073 0.680
12.074 0.680
12.075 0.680
12.076 0.679
12.077 0.679
12.078 0.678
12.079 0.678
12.080 0.678
12.081 0.677
12.082 0.677
12.083 0.676
12.085 0.676
12.086 0.676
12.087 0.675
12.088 0.675
12.089 0.675
12.090 0.674
12.091 0.674
12.092 0.673
12.093 0.673
12.094 0.673
12.096 0.672
12.097 0.672
12.098 0.671
12.099 0.671
12.100 0.671
12.101 0.670
12.100 0.671
12.099 0.671
12.098 0.671
12.097 0.672
12.096 0.672
12.094 0.673
12.093 0.673
12.092 0.673
12.091 0.674
12.090 0.674
12.089 0.675
12.088 0.675
12.087 0.675
12.086 0.676
12.085 0.676
12.083 0.676
12.082 0.677
12.081 0.677
12.080 0.678
12.079 0.678
12.078 0.678
12.077 0.679
12.076 0.679
12.075 0.680
12.074 0.680
12.073 0.680
12.072 0.681
12.103 0.670
12.104 0.669
12.106 0.669
12.107 0.669
12.108 0.668
12.109 0.668
12.110 0.667
12.111 0.667
12.112 0.667
12.113 0.666
12.114 0.666
12.116 0.666
12.117 0.665
12.118 0.665
12.119 0.665
12.120 0.664
12.121 0.664
12.120 0.664
12.119 0.665
12.118 0.665
12.117 0.665
12.116 0.666
12.114 0.666
12.113 0.666
12.112 0.667
12.111 0.667
12.110 0.667
12.109 0.668
12.108 0.668
12.107 0.669
12.106 0.669
12.104 0.669
12.123 0.663
12.125 0.663
12.126 0.662
12.127 0.662
12.128 0.662
12.129 0.661
12.130 0.661
12.131 0.661
12.133 0.660
12.134 0.660
12.135 0.660
12.136 0.659
12.137 0.659
12.138 0.659
12.139 0.658
12.141 0.658
12.142 0.657
12.141 0.658
12.139 0.658
12.138 0.659
12.137 0.659
12.136 0.659
12.135 0.660
12.134 0.660
12.133 0.660
12.131 0.661
12.130 0.661
12.129 0.661
12.128 0.662
12.127 0.662
12.126 0.662
12.125 0.663
12.144 0.657
12.145 0.656
12.146 0.656
12.148 0.656
12.149 0.655
12.150 0.655
12.151 0.655
12.152 0.654
12.153 0.654
12.155 0.654
12.156 0.653
12.157 0.653
12.158 0.653
12.159 0.652
12.160 0.652
12.159 0.652
12.158 0.653
12.157 0.653
12.156 0.653
12.155 0.654
12.153 0.654
12.152 0.654
12.151 0.655
12.150 0.655
12.149 0.655
12.148 0.656
12.146 0.656
12.145 0.656
12.163 0.651
12.164 0.651
12.165 0.651
12.166 0.650
12.167 0.650
12.169 0.650
12.170 0.650
12.171 0.649
12.172 0.649
12.173 0.649
12.175 0.648
12.173 0.649
12.172 0.649
12.171 0.649
12.170 0.650
12.169 0.650
12.167 0.650
12.166 0.650
12.165 0.651
12.164 0.651
12.182 0.646
12.183 0.646
12.184 0.646
12.185 0.645
12.186 0.645
12.188 0.645
12.189 0.644
12.190 0.644
12.189 0.644
12.188 0.645
12.186 0.645
12.185 0.645
12.184 0.646
12.183 0.646
12.192 0.644
12.194 0.643
12.196 0.643
12.197 0.642
12.198 0.642
12.200 0.642
12.201 0.641
12.202 0.641
12.203 0.641
12.205 0.641
12.206 0.640
12.207 0.640
12.208 0.640
12.209 0.639
12.208 0.640
12.207 0.640
12.206 0.640
12.205 0.641
12.203 0.641
12.202 0.641
12.201 0.641
12.200 0.642
12.198 0.642
12.197 0.642
12.212 0.639
12.213 0.639
12.214 0.638
12.216 0.638
12.217 0.638
12.218 0.637
12.219 0.637
12.220 0.637
12.222 0.637
12.223 0.636
12.224 0.636
12.225 0.636
12.224 0.636
12.223 0.636
12.222 0.637
12.220 0.637
12.219 0.637
12.218 0.637
12.217 0.638
12.216 0.638
12.214 0.638
12.213 0.639
12.228 0.635
12.229 0.635
12.230 0.635
12.232 0.634
12.233 0.634
12.234 0.634
12.235 0.634
12.237 0.633
12.238 0.633
12.239 0.633
12.240 0.632
12.241 0.632
12.243 0.632
12.244 0.632
12.245 0.631
12.246 0.631
12.248 0.631
12.249 0.631
12.250 0.630
12.252 0.630
12.253 0.630
12.254 0.630
12.255 0.629
12.257 0.629
12.258 0.629
12.257 0.629
12.255 0.629
12.254 0.630
12.253 0.630
12.252 0.630
12.250 0.630
12.249 0.631
12.248 0.631
12.246 0.631
12.245 0.631
12.244 0.632
12.243 0.632
12.241 0.632
12.240 0.632
12.239 0.633
12.238 0.633
12.237 0.633
12.235 0.634
12.234 0.634
12.233 0.634
12.232 0.634
12.230 0.635
12.229 0.635
12.260 0.628
12.262 0.628
12.263 0.628
12.264 0.628
12.265 0.627
12.267 0.627
12.268 0.627
12.269 0.627
12.270 0.626
12.272 0.626
12.273 0.626
12.274 0.626
12.276 0.625
12.277 0.625
12.278 0.625
12.279 0.625
12.281 0.624
12.282 0.624
12.283 0.624
12.284 0.624
12.286 0.623
12.287 0.623
12.288 0.623
12.290 0.623
12.291 0.623
12.292 0.622
12.291 0.623
12.290 0.623
12.288 0.623
12.287 0.623
12.286 0.623
12.284 0.624
12.283 0.624
12.282 0.624
12.281 0.624
12.279 0.625
12.278 0.625
12.277 0.625
12.276 0.625
12.274 0.626
12.273 0.626
12.272 0.626
12.270 0.626
12.269 0.627
12.268 0.627
12.267 0.627
12.265 0.627
12.264 0.628
12.263 0.628
12.262 0.628
12.295 0.622
12.296 0.622
12.297 0.621
12.299 0.621
12.300 0.621
12.301 0.621
12.303 0.621
12.301 0.621
12.300 0.621
12.299 0.621
12.297 0.621
12.296 0.622
12.305 0.620
12.306 0.620
12.308 0.620
12.309 0.620
12.310 0.619
12.312 0.619
12.313 0.619
12.314 0.619
12.316 0.618
12.317 0.618
12.318 0.618
12.319 0.618
12.321 0.618
12.322 0.617
12.323 0.617
12.325 0.617
12.326 0.617
12.327 0.617
12.329 0.616
12.330 0.616
12.331 0.616
12.330 0.616
12.329 0.616
12.327 0.617
12.326 0.617
12.325 0.617
12.323 0.617
12.322 0.617
12.321 0.618
12.319 0.618
12.318 0.618
12.317 0.618
12.316 0.618
12.314 0.619
12.313 0.619
12.312 0.619
12.310 0.619
12.309 0.620
12.308 0.620
12.306 0.620
12.334 0.616
12.335 0.615
12.336 0.615
12.338 0.615
12.339 0.615
12.340 0.615
12.342 0.615
12.343 0.614
12.344 0.614
12.346 0.614
12.347 0.614
12.348 0.614
12.350 0.613
12.351 0.613
12.352 0.613
12.354 0.613
12.355 0.613
12.356 0.613
12.358 0.612
12.359 0.612
12.360 0.612
12.362 0.612
12.363 0.612
12.364 0.612
12.366 0.611
12.367 0.611
12.368 0.611
12.370 0.611
12.371 0.611
12.372 0.611
12.374 0.610
12.375 0.610
12.374 0.610
12.372 0.611
12.371 0.611
12.370 0.611
12.368 0.611
12.367 0.611
12.366 0.611
12.364 0.612
12.363 0.612
12.362 0.612
12.360 0.612
12.359 0.612
12.358 0.612
12.356 0.613
12.355 0.613
12.354 0.613
12.352 0.613
12.351 0.613
12.350 0.613
12.348 0.614
12.347 0.614
12.346 0.614
12.344 0.614
12.343 0.614
12.342 0.615
12.340 0.615
12.339 0.615
12.338 0.615
12.336 0.615
12.335 0.615
12.378 0.610
12.379 0.610
12.380 0.610
12.382 0.609
12.383 0.609
12.384 0.609
12.386 0.609
12.387 0.609
12.388 0.609
12.390 0.609
12.391 0.608
12.392 0.608
12.394 0.608
12.395 0.608
12.396 0.608
12.398 0.608
12.399 0.608
12.401 0.607
12.402 0.607
12.403 0.607
12.405 0.607
12.406 0.607
12.407 0.607
12.409 0.607
12.410 0.606
12.411 0.606
12.413 0.606
12.414 0.606
12.415 0.606
12.417 0.606
12.418 0.606
12.420 0.606
12.421 0.605
12.420 0.606
12.418 0.606
12.417 0.606
12.415 0.606
12.414 0.606
12.413 0.606
12.411 0.606
12.410 0.606
12.409 0.607
12.407 0.607
12.406 0.607
12.405 0.607
12.403 0.607
12.402 0.607
12.401 0.607
12.399 0.608
12.398 0.608
12.396 0.608
12.395 0.608
12.394 0.608
12.392 0.608
12.391 0.608
12.390 0.609
12.388 0.609
12.387 0.609
12.386 0.609
12.384 0.609
12.383 0.609
12.382 0.609
12.380 0.610
12.379 0.610
12.424 0.605
12.425 0.605
12.426 0.605
12.428 0.605
12.429 0.605
12.430 0.605
12.432 0.605
12.433 0.604
12.432 0.605
12.430 0.605
12.429 0.605
12.428 0.605
12.426 0.605
12.425 0.605
12.436 0.604
12.437 0.604
12.440 0.604
12.441 0.604
12.443 0.604
12.444 0.604
12.445 0.604
12.447 0.603
12.448 0.603
12.450 0.603
12.451 0.603
12.452 0.603
12.454 0.603
12.455 0.603
12.456 0.603
12.458 0.603
12.459 0.603
12.461 0.602
12.462 0.602
12.463 0.602
12.465 0.602
12.466 0.602
12.465 0.602
12.463 0.602
12.462 0.602
12.461 0.602
12.459 0.603
12.458 0.603
12.456 0.603
12.455 0.603
12.454 0.603
12.452 0.603
12.451 0.603
12.450 0.603
12.448 0.603
12.447 0.603
12.445 0.604
12.444 0.604
12.443 0.604
12.441 0.604
12.469 0.602
12.470 0.602
12.472 0.602
12.473 0.602
12.474 0.602
12.476 0.602
12.477 0.602
12.478 0.601
12.480 0.601
12.481 0.601
12.483 0.601
12.484 0.601
12.485 0.601
12.487 0.601
12.488 0.601
12.489 0.601
12.491 0.601
12.492 0.601
12.494 0.601
12.495 0.601
12.496 0.601
12.498 0.601
12.499 0.600
12.500 0.600
12.502 0.600
12.503 0.600
12.505 0.600
12.506 0.600
12.507 0.600
12.509 0.600
12.510 0.600
12.512 0.600
12.510 0.600
12.509 0.600
12.507 0.600
12.506 0.600
12.505 0.600
12.503 0.600
12.502 0.600
12.500 0.600
12.499 0.600
12.498 0.601
12.496 0.601
12.495 0.601
12.494 0.601
12.492 0.601
12.491 0.601
12.489 0.601
12.488 0.601
12.487 0.601
12.485 0.601
12.484 0.601
12.483 0.601
12.481 0.601
12.480 0.601
12.478 0.601
12.477 0.602
12.476 0.602
12.474 0.602
12.473 0.602
12.472 0.602
12.470 0.602
12.514 0.600
12.516 0.600
12.517 0.600
12.518 0.600
12.520 0.600
12.521 0.600
12.523 0.600
12.524 0.600
12.525 0.600
12.527 0.600
12.528 0.600
12.530 0.600
12.531 0.599
12.532 0.599
12.534 0.599
12.535 0.599
12.537 0.599
12.538 0.599
12.539 0.599
12.541 0.599
12.542 0.599
12.543 0.599
12.545 0.599
12.546 0.599
12.548 0.599
12.549 0.599
12.550 0.599
12.552 0.599
12.553 0.599
12.552 0.599
12.550 0.599
12.549 0.599
12.548 0.599
12.546 0.599
12.545 0.599
12.543 0.599
12.542 0.599
12.541 0.599
12.539 0.599
12.538 0.599
12.537 0.599
12.535 0.599
12.534 0.599
12.532 0.599
12.531 0.599
12.530 0.600
12.528 0.600
12.527 0.600
12.525 0.600
12.524 0.600
12.523 0.600
12.521 0.600
12.520 0.600
12.518 0.600
12.517 0.600
12.516 0.600
12.556 0.599
12.557 0.599
12.559 0.599
12.560 0.599
12.562 0.599
12.563 0.599
12.564 0.599
12.566 0.599
12.567 0.599
12.568 0.599
12.570 0.599
12.571 0.599
12.573 0.599
12.574 0.599
12.575 0.599
12.577 0.599
12.578 0.599
12.580 0.599
12.581 0.599
12.582 0.599
12.584 0.599
12.585 0.599
12.587 0.599
12.588 0.599
12.589 0.599
12.591 0.599
12.592 0.599
12.591 0.599
12.589 0.599
12.588 0.599
12.587 0.599
12.585 0.599
12.584 0.599
12.582 0.599
12.581 0.599
12.580 0.599
12.578 0.599
12.577 0.599
12.575 0.599
12.574 0.599
12.573 0.599
12.571 0.599
12.570 0.599
12.568 0.599
12.567 0.599
12.566 0.599
12.564 0.599
12.563 0.599
12.562 0.599
12.560 0.599
12.559 0.599
12.557 0.599
11.479 0.272
11.476 0.272
11.474 0.271
11.471 0.271
11.468 0.271
11.465 0.270
11.468 0.271
11.471 0.271
11.474 0.271
11.476 0.272
11.314 0.593
11.315 0.594
11.313 0.594
11.315 0.594
11.316 0.595
11.315 0.596
11.316 0.597
11.316 0.597
11.315 0.598
11.314 0.599
11.312 0.599
11.311 0.599
11.309 0.600
11.307 0.599
11.309 0.600
11.311 0.599
11.311 0.600
11.313 0.600
11.314 0.601
11.313 0.602
11.313 0.603
11.314 0.602
11.315 0.602
11.314 0.601
11.313 0.600
11.313 0.600
11.314 0.599
11.315 0.598
11.317 0.598
11.318 0.598
11.319 0.597
11.318 0.597
11.317 0.596
11.316 0.595
11.315 0.594
11.308 0.606
11.310 0.606
11.302 0.609
11.301 0.609
11.301 0.609
11.300 0.610
11.300 0.611
11.301 0.612
11.301 0.611
11.302 0.610
11.302 0.610
11.306 0.615
11.307 0.616
11.307 0.617
11.306 0.617
11.306 0.618
11.306 0.617
11.307 0.617
11.307 0.616
11.308 0.615
11.315 0.617
11.315 0.618
11.314 0.619
11.314 0.620
11.312 0.620
11.312 0.621
11.311 0.622
11.310 0.622
11.308 0.623
11.307 0.624
11.309 0.623
11.310 0.622
11.311 0.622
11.312 0.621
11.313 0.621
11.314 0.620
11.314 0.619
11.315 0.618
11.316 0.618
11.317 0.617
11.318 0.616
11.319 0.616
11.318 0.615
11.318 0.614
11.318 0.613
11.317 0.613
11.318 0.615
11.319 0.616
11.318 0.616
11.317 0.617
11.293 0.617
11.292 0.617
11.291 0.618
11.290 0.619
11.291 0.618
11.292 0.617
11.292 0.603
11.294 0.603
11.294 0.602
11.296 0.602
11.294 0.602
11.293 0.603
11.348 0.608
11.350 0.607
11.350 0.608
11.350 0.609
11.351 0.609
11.352 0.610
11.353 0.612
11.351 0.612
11.352 0.613
11.350 0.614
11.350 0.614
11.349 0.615
11.349 0.616
11.347 0.616
11.349 0.616
11.350 0.617
11.350 0.618
11.349 0.619
11.348 0.619
11.349 0.619
11.350 0.618
11.350 0.617
11.349 0.616
11.349 0.615
11.350 0.614
11.350 0.614
11.352 0.613
11.351 0.612
11.353 0.612
11.353 0.611
11.352 0.610
11.351 0.609
11.350 0.608
11.350 0.607
11.352 0.606
11.354 0.605
11.354 0.605
11.353 0.604
11.352 0.603
11.352 0.604
11.352 0.605
11.360 0.605
11.361 0.605
11.363 0.605
11.362 0.605
11.361 0.607
11.361 0.608
11.367 0.606
11.366 0.605
11.356 0.611
11.355 0.612
11.344 0.624
11.343 0.623
11.342 0.623
11.343 0.623
11.342 0.629
11.342 0.630
11.341 0.631
11.341 0.632
11.342 0.632
11.343 0.631
11.342 0.630
11.371 0.634
11.372 0.633
11.374 0.633
11.374 0.635
11.376 0.634
11.377 0.635
11.378 0.635
11.379 0.637
11.378 0.635
11.379 0.635
11.380 0.634
11.381 0.633
11.379 0.634
11.377 0.634
11.376 0.634
11.374 0.635
11.374 0.633
11.373 0.632
11.372 0.633
11.382 0.632
11.382 0.631
11.383 0.630
11.383 0.630
11.382 0.628
11.383 0.628
11.383 0.627
11.383 0.626
11.383 0.625
11.383 0.626
11.383 0.627
11.382 0.627
11.382 0.628
11.382 0.629
11.383 0.630
11.382 0.631
11.384 0.634
11.384 0.635
11.386 0.636
11.387 0.636
11.389 0.636
11.391 0.635
11.393 0.635
11.393 0.636
11.393 0.635
11.392 0.634
11.392 0.633
11.393 0.632
11.393 0.631
11.392 0.632
11.391 0.631
11.389 0.631
11.391 0.631
11.392 0.632
11.392 0.633
11.392 0.634
11.391 0.634
11.391 0.635
11.389 0.636
11.388 0.635
11.387 0.635
11.395 0.637
11.396 0.638
11.394 0.639
11.396 0.638
11.397 0.639
11.398 0.640
11.398 0.639
11.397 0.639
11.396 0.638
11.396 0.630
11.396 0.629
11.396 0.628
11.397 0.627
11.397 0.626
11.399 0.626
11.401 0.625
11.402 0.625
11.401 0.625
11.399 0.626
11.398 0.625
11.396 0.625
11.396 0.626
11.395 0.626
11.394 0.627
11.395 0.626
11.385 0.623
11.384 0.622
11.386 0.621
11.384 0.622
11.384 0.622
11.383 0.623
11.380 0.624
11.379 0.625
11.377 0.624
11.376 0.623
11.375 0.624
11.387 0.620
11.388 0.620
11.390 0.620
11.392 0.619
11.392 0.618
11.391 0.617
11.392 0.617
11.392 0.616
11.394 0.615
11.392 0.616
11.392 0.615
11.392 0.614
11.391 0.613
11.393 0.612
11.391 0.613
11.392 0.614
11.392 0.615
11.392 0.616
11.392 0.617
11.391 0.617
11.391 0.618
11.390 0.619
11.389 0.619
11.397 0.616
11.397 0.615
11.403 0.619
11.402 0.620
11.404 0.620
11.406 0.619
11.407 0.619
11.405 0.618
11.405 0.619
11.420 0.630
11.421 0.631
11.422 0.631
11.424 0.632
11.425 0.631
11.427 0.631
11.428 0.631
11.430 0.631
11.428 0.631
11.427 0.631
11.425 0.631
11.424 0.631
11.422 0.631
11.421 0.631
11.437 0.634
11.437 0.635
11.437 0.635
11.436 0.636
11.437 0.637
11.435 0.638
11.436 0.639
11.435 0.639
11.436 0.641
11.434 0.641
11.433 0.642
11.433 0.643
11.432 0.643
11.432 0.644
11.432 0.645
11.431 0.646
11.430 0.646
11.430 0.647
11.428 0.647
11.426 0.648
11.426 0.649
11.424 0.649
11.426 0.649
11.426 0.648
11.428 0.647
11.430 0.647
11.430 0.648
11.431 0.649
11.431 0.650
11.432 0.651
11.431 0.650
11.431 0.649
11.430 0.648
11.430 0.647
11.430 0.646
11.431 0.646
11.432 0.645
11.433 0.644
11.433 0.644
11.434 0.643
11.435 0.642
11.435 0.641
11.436 0.641
11.435 0.639
11.436 0.639
11.435 0.638
11.437 0.637
11.437 0.636
11.438 0.636
11.438 0.635
11.438 0.634
11.437 0.633
11.439 0.632
11.441 0.632
11.442 0.632
11.441 0.631
11.441 0.632
11.439 0.632
11.437 0.633
11.445 0.632
11.447 0.631
11.448 0.632
11.448 0.632
11.447 0.631
11.443 0.626
11.444 0.626
11.445 0.625
11.443 0.624
11.442 0.624
11.443 0.625
11.442 0.626
11.465 0.645
11.465 0.646
11.465 0.647
11.464 0.647
11.462 0.648
11.461 0.649
11.460 0.649
11.461 0.649
11.462 0.648
11.464 0.647
11.465 0.647
11.466 0.648
11.465 0.649
11.466 0.650
11.466 0.651
11.466 0.652
11.465 0.653
11.465 0.653
11.465 0.655
11.466 0.656
11.464 0.656
11.462 0.656
11.461 0.657
11.460 0.656
11.458 0.657
11.457 0.658
11.458 0.657
11.460 0.656
11.461 0.657
11.462 0.656
11.464 0.656
11.466 0.656
11.466 0.657
11.467 0.656
11.466 0.656
11.465 0.655
11.465 0.653
11.466 0.653
11.467 0.652
11.466 0.651
11.466 0.650
11.465 0.649
11.466 0.648
11.465 0.647
11.467 0.647
11.468 0.647
11.469 0.646
11.470 0.646
11.472 0.646
11.473 0.646
11.475 0.646
11.476 0.646
11.477 0.645
11.476 0.645
11.475 0.644
11.475 0.643
11.476 0.642
11.477 0.642
11.476 0.641
11.475 0.642
11.475 0.643
11.475 0.644
11.475 0.645
11.474 0.645
11.472 0.646
11.470 0.646
11.469 0.646
11.467 0.647
11.465 0.647
11.465 0.646
11.478 0.647
11.480 0.647
11.480 0.647
11.481 0.646
11.479 0.646
11.471 0.656
11.469 0.657
11.469 0.658
11.469 0.659
11.469 0.658
11.469 0.657
11.458 0.654
11.458 0.655
11.486 0.664
11.485 0.665
11.485 0.666
11.484 0.667
11.485 0.667
11.486 0.666
11.486 0.666
11.487 0.665
11.488 0.664
11.488 0.663
11.490 0.663
11.492 0.663
11.492 0.662
11.492 0.663
11.490 0.663
11.488 0.663
11.486 0.664
11.495 0.662
11.496 0.662
11.497 0.664
11.498 0.663
11.499 0.664
11.498 0.663
11.497 0.664
11.496 0.662
11.496 0.661
11.496 0.659
11.496 0.659
11.498 0.658
11.499 0.658
11.500 0.657
11.501 0.658
11.503 0.657
11.504 0.657
11.503 0.656
11.505 0.655
11.506 0.655
11.506 0.654
11.507 0.653
11.505 0.653
11.505 0.652
11.503 0.652
11.502 0.651
11.502 0.650
11.504 0.650
11.502 0.650
11.502 0.651
11.501 0.652
11.502 0.651
11.503 0.653
11.504 0.653
11.504 0.654
11.504 0.655
11.503 0.656
11.504 0.657
11.503 0.657
11.501 0.658
11.500 0.657
11.499 0.658
11.498 0.658
11.496 0.659
11.496 0.659
11.496 0.657
11.497 0.656
11.505 0.658
11.506 0.659
11.507 0.660
11.507 0.661
11.508 0.662
11.507 0.663
11.507 0.663
11.505 0.664
11.504 0.665
11.503 0.665
11.502 0.664
11.503 0.665
11.503 0.666
11.503 0.665
11.504 0.665
11.505 0.664
11.507 0.663
11.508 0.663
11.510 0.663
11.508 0.663
11.508 0.662
11.507 0.661
11.508 0.660
11.509 0.659
11.507 0.660
11.506 0.659
11.505 0.668
11.505 0.669
11.506 0.670
11.507 0.670
11.507 0.671
11.508 0.672
11.509 0.672
11.508 0.672
11.508 0.671
11.507 0.670
11.506 0.669
11.505 0.669
11.521 0.677
11.520 0.678
11.521 0.677
11.522 0.677
11.524 0.677
11.525 0.677
11.526 0.677
11.524 0.677
11.522 0.677
11.528 0.677
11.529 0.677
11.530 0.678
11.529 0.679
11.530 0.680
11.528 0.680
11.527 0.681
11.528 0.682
11.528 0.681
11.529 0.681
11.530 0.680
11.529 0.679
11.530 0.678
11.529 0.677
11.530 0.676
11.532 0.676
11.532 0.675
11.534 0.675
11.536 0.675
11.536 0.674
11.536 0.673
11.537 0.672
11.537 0.671
11.537 0.670
11.538 0.670
11.540 0.670
11.541 0.669
11.543 0.669
11.544 0.669
11.543 0.669
11.541 0.669
11.540 0.670
11.538 0.670
11.537 0.670
11.537 0.670
11.537 0.671
11.537 0.672
11.536 0.673
11.536 0.674
11.536 0.675
11.534 0.675
11.532 0.675
11.532 0.676
11.530 0.676
11.529 0.677
11.539 0.682
11.541 0.682
11.542 0.682
11.543 0.681
11.541 0.682
11.545 0.682
11.545 0.683
11.546 0.684
11.545 0.683
11.546 0.677
11.548 0.677
11.550 0.677
11.550 0.676
11.550 0.675
11.550 0.674
11.551 0.673
11.552 0.673
11.553 0.672
11.553 0.671
11.552 0.671
11.552 0.672
11.551 0.672
11.550 0.673
11.550 0.674
11.550 0.675
11.549 0.676
11.549 0.676
11.547 0.677
11.534 0.669
11.534 0.668
11.544 0.664
11.545 0.665
11.545 0.664
11.544 0.664
11.446 0.768
11.445 0.767
11.444 0.767
11.443 0.767
11.442 0.767
11.441 0.766
11.441 0.766
11.440 0.765
11.438 0.766
11.437 0.765
11.437 0.764
11.436 0.764
11.435 0.763
11.434 0.763
11.433 0.763
11.432 0.762
11.431 0.762
11.430 0.762
11.429 0.761
11.428 0.761
11.427 0.761
11.426 0.760
11.425 0.760
11.424 0.760
11.423 0.759
11.422 0.759
11.421 0.759
11.420 0.758
11.419 0.758
11.418 0.758
11.417 0.757
11.416 0.757
11.415 0.757
11.414 0.755
11.413 0.755
11.412 0.755
11.411 0.755
11.410 0.755
11.409 0.755
11.408 0.754
11.406 0.755
11.406 0.754
11.405 0.753
11.404 0.753
11.403 0.753
11.402 0.752
11.401 0.751
11.400 0.751
11.399 0.751
11.398 0.750
11.397 0.750
11.395 0.750
11.394 0.751
11.393 0.750
11.392 0.749
11.391 0.749
11.390 0.749
11.389 0.748
11.388 0.748
11.387 0.748
11.386 0.748
11.385 0.748
11.384 0.747
11.383 0.746
11.382 0.747
11.381 0.747
11.380 0.746
11.379 0.746
11.378 0.746
11.376 0.745
11.375 0.745
11.374 0.745
11.373 0.744
11.374 0.745
11.375 0.745
11.376 0.745
11.378 0.746
11.379 0.746
11.380 0.746
11.381 0.747
11.382 0.747
11.383 0.747
11.384 0.747
11.385 0.748
11.386 0.748
11.387 0.748
11.388 0.748
11.389 0.749
11.390 0.749
11.391 0.750
11.392 0.750
11.393 0.750
11.394 0.751
11.395 0.750
11.397 0.750
11.398 0.750
11.399 0.751
11.400 0.751
11.401 0.751
11.402 0.752
11.403 0.753
11.404 0.753
11.405 0.753
11.405 0.754
11.406 0.755
11.408 0.754
11.409 0.755
11.410 0.755
11.411 0.755
11.412 0.755
11.413 0.756
11.414 0.756
11.414 0.757
11.415 0.758
11.416 0.758
11.417 0.758
11.418 0.759
11.419 0.759
11.420 0.759
11.421 0.760
11.422 0.760
11.424 0.760
11.425 0.760
11.426 0.760
11.427 0.761
11.428 0.761
11.429 0.761
11.430 0.762
11.431 0.762
11.432 0.762
11.433 0.763
11.434 0.763
11.435 0.763
11.436 0.764
11.437 0.764
11.437 0.765
11.438 0.766
11.440 0.765
11.441 0.766
11.441 0.766
11.442 0.767
11.443 0.767
11.444 0.768
11.445 0.768
11.446 0.768
11.447 0.769
11.448 0.769
11.448 0.770
11.449 0.771
11.450 0.771
11.452 0.771
11.451 0.770
11.450 0.770
11.449 0.770
11.448 0.769
11.447 0.769
11.462 0.777
11.463 0.777
11.464 0.777
11.465 0.778
11.464 0.777
11.463 0.777
11.470 0.781
11.471 0.781
11.472 0.782
11.471 0.783
11.472 0.783
11.473 0.783
11.474 0.782
11.475 0.783
11.477 0.782
11.477 0.783
11.478 0.784
11.478 0.785
11.478 0.786
11.478 0.785
11.479 0.784
11.480 0.784
11.481 0.784
11.480 0.784
11.479 0.783
11.478 0.783
11.478 0.783
11.477 0.782
11.475 0.783
11.474 0.782
11.473 0.782
11.472 0.782
11.471 0.781
11.488 0.787
11.489 0.787
11.490 0.788
11.491 0.788
11.492 0.788
11.492 0.789
11.494 0.789
11.494 0.790
11.496 0.789
11.497 0.790
11.498 0.790
11.499 0.791
11.499 0.791
11.499 0.791
11.498 0.790
11.497 0.790
11.496 0.789
11.495 0.789
11.494 0.789
11.492 0.789
11.492 0.788
11.491 0.787
11.490 0.787
11.489 0.787
11.488 0.786
11.508 0.794
11.509 0.794
11.510 0.795
11.511 0.795
11.512 0.796
11.511 0.795
11.510 0.795
11.509 0.794
11.369 0.744
11.368 0.744
11.366 0.742
11.365 0.742
11.364 0.742
11.363 0.741
11.362 0.741
11.361 0.741
11.360 0.740
11.359 0.740
11.358 0.740
11.356 0.740
11.355 0.740
11.356 0.740
11.357 0.741
11.358 0.741
11.360 0.740
11.361 0.741
11.362 0.741
11.363 0.741
11.364 0.742
11.365 0.742
11.337 0.735
11.336 0.735
11.335 0.735
11.334 0.735
11.333 0.735
11.334 0.735
11.335 0.735
11.336 0.735
11.211 0.712
11.210 0.712
10.918 0.697
10.917 0.697
10.916 0.697
10.914 0.698
10.916 0.697
10.917 0.697
10.901 0.697
10.900 0.698
10.899 0.698
10.898 0.699
10.897 0.699
10.895 0.699
10.894 0.699
10.893 0.699
10.892 0.699
10.893 0.699
10.894 0.699
10.895 0.699
10.897 0.699
10.898 0.699
10.899 0.698
10.900 0.699
10.899 0.698
10.900 0.698
10.889 0.699
10.888 0.699
10.887 0.699
10.888 0.699
10.844 0.707
10.843 0.706
10.843 0.705
10.842 0.706
10.841 0.706
10.839 0.706
10.838 0.706
10.837 0.707
10.838 0.706
10.839 0.706
10.841 0.707
10.842 0.707
10.843 0.707
10.825 0.709
10.823 0.709
10.822 0.709
10.821 0.709
10.820 0.709
10.819 0.710
10.820 0.709
10.821 0.709
10.822 0.709
10.823 0.709
10.732 0.749
10.730 0.749
10.729 0.748
10.730 0.749
10.724 0.748
10.723 0.748
10.723 0.747
10.722 0.747
10.720 0.747
10.719 0.747
10.718 0.746
10.716 0.746
10.715 0.746
10.714 0.745
10.713 0.746
10.714 0.745
10.715 0.746
10.716 0.746
10.718 0.746
10.719 0.747
10.720 0.747
10.722 0.747
10.723 0.748
10.710 0.745
10.709 0.746
10.708 0.745
10.707 0.744
10.705 0.745
10.704 0.744
10.703 0.744
10.702 0.745
10.703 0.744
10.704 0.744
10.705 0.745
10.707 0.745
10.708 0.745
10.709 0.746
10.700 0.745
10.699 0.745
10.698 0.746
10.699 0.745
10.694 0.747
10.693 0.748
10.692 0.749
10.691 0.749
10.690 0.750
10.689 0.751
10.688 0.751
10.688 0.752
10.687 0.752
10.686 0.754
10.687 0.752
10.688 0.752
10.688 0.751
10.689 0.751
10.690 0.750
10.691 0.750
10.692 0.749
10.693 0.748
10.684 0.754
10.683 0.755
10.682 0.755
10.681 0.756
10.680 0.757
10.681 0.756
10.682 0.755
10.683 0.755
10.679 0.758
10.678 0.759
10.677 0.760
10.676 0.761
10.677 0.762
10.676 0.763
10.677 0.762
10.676 0.761
10.677 0.760
10.678 0.759
10.674 0.764
10.674 0.765
10.657 0.743
10.656 0.744
10.655 0.744
10.653 0.744
10.652 0.744
10.653 0.744
10.655 0.744
10.656 0.744
11.553 0.937
11.552 0.937
11.553 0.937
11.554 0.936
11.555 0.937
11.556 0.937
11.557 0.936
11.558 0.936
11.559 0.936
11.561 0.935
11.562 0.935
11.563 0.935
11.564 0.935
11.566 0.934
11.567 0.934
11.568 0.934
11.569 0.934
11.570 0.933
11.572 0.933
11.573 0.933
11.574 0.933
11.575 0.932
11.577 0.932
11.578 0.932
11.579 0.932
11.580 0.932
11.582 0.931
11.583 0.931
11.584 0.931
11.585 0.931
11.587 0.930
11.588 0.930
11.589 0.930
11.590 0.930
11.592 0.929
11.593 0.929
11.594 0.929
11.595 0.928
11.594 0.929
11.593 0.929
11.592 0.929
11.591 0.929
11.590 0.929
11.588 0.929
11.587 0.930
11.586 0.930
11.585 0.930
11.583 0.930
11.582 0.931
11.581 0.931
11.580 0.931
11.578 0.931
11.577 0.932
11.576 0.932
11.575 0.932
11.573 0.932
11.572 0.933
11.571 0.933
11.570 0.933
11.568 0.933
11.567 0.934
11.566 0.934
11.565 0.934
11.564 0.934
11.562 0.935
11.561 0.935
11.560 0.935
11.559 0.935
11.557 0.936
11.556 0.936
11.555 0.936
11.554 0.936
11.577 0.956
11.577 0.956
11.577 0.956
11.579 0.955
11.579 0.956
11.580 0.955
11.581 0.955
11.581 0.954
11.580 0.954
11.580 0.955
11.579 0.955
11.587 0.961
11.588 0.961
11.591 0.960
11.592 0.961
11.592 0.962
11.592 0.961
11.592 0.960
11.593 0.960
11.594 0.960
11.596 0.959
11.596 0.959
11.597 0.958
11.596 0.959
11.595 0.959
11.594 0.960
11.593 0.960
11.592 0.960
11.591 0.960
11.591 0.959
11.590 0.959
11.590 0.957
11.590 0.957
11.590 0.956
11.590 0.954
11.589 0.953
11.590 0.954
11.589 0.955
11.589 0.956
11.590 0.957
11.590 0.959
11.591 0.959
11.591 0.963
11.591 0.964
11.590 0.965
11.591 0.965
11.591 0.964
11.597 0.965
11.597 0.966
11.598 0.967
11.598 0.968
11.598 0.967
11.598 0.966
11.598 0.965
11.614 0.972
11.614 0.971
11.615 0.973
11.615 0.974
11.621 0.978
11.621 0.980
11.621 0.978
11.621 0.978
11.626 0.975
11.626 0.974
11.626 0.973
11.626 0.972
11.626 0.971
11.626 0.972
11.626 0.973
11.625 0.973
11.626 0.974
11.628 0.976
11.628 0.977
11.628 0.978
11.629 0.979
11.629 0.980
11.629 0.981
11.630 0.982
11.631 0.982
11.630 0.982
11.629 0.981
11.629 0.980
11.629 0.979
11.628 0.978
11.628 0.977
11.627 0.984
11.627 0.985
11.627 0.986
11.626 0.986
11.626 0.988
11.628 0.987
11.628 0.989
11.628 0.987
11.627 0.987
11.627 0.986
11.627 0.985
11.630 0.991
11.630 0.991
11.630 0.992
11.630 0.991
11.630 0.991
11.632 0.990
11.632 0.990
11.633 0.989
11.634 0.989
11.633 0.989
11.632 0.990
11.632 0.990
11.635 0.996
11.635 0.996
11.637 0.996
11.638 0.996
11.637 0.996
11.635 0.996
11.642 0.990
11.642 0.989
11.644 0.992
11.644 0.992
11.639 0.985
11.638 0.984
11.637 0.984
11.638 0.984
11.640 0.982
11.641 0.981
11.620 0.985
11.619 0.985
11.619 0.983
11.619 0.985
11.670 0.872
11.671 0.872
11.670 0.872
11.670 0.871
11.669 0.870
11.668 0.870
11.667 0.869
11.666 0.869
11.665 0.869
11.664 0.869
11.663 0.868
11.662 0.868
11.662 0.867
11.661 0.867
11.660 0.867
11.659 0.866
11.658 0.866
11.658 0.865
11.656 0.865
11.658 0.865
11.658 0.866
11.659 0.866
11.660 0.867
11.660 0.867
11.662 0.867
11.662 0.868
11.663 0.868
11.664 0.869
11.665 0.869
11.666 0.869
11.667 0.870
11.667 0.870
11.668 0.871
11.669 0.871
9.056 0.632
9.055 0.632
9.054 0.633
9.053 0.634
9.054 0.633
9.055 0.633
9.046 0.636
9.045 0.637
9.045 0.638
9.044 0.639
9.043 0.640
9.042 0.641
9.042 0.642
9.041 0.643
9.040 0.644
9.039 0.644
9.038 0.645
9.037 0.645
9.036 0.647
9.035 0.648
9.034 0.648
9.033 0.649
9.032 0.649
9.031 0.650
9.030 0.650
9.029 0.650
9.028 0.651
9.026 0.651
9.025 0.651
9.026 0.651
9.028 0.651
9.029 0.650
9.030 0.650
9.031 0.650
9.032 0.649
9.033 0.649
9.034 0.648
9.035 0.648
9.036 0.647
9.037 0.645
9.038 0.645
9.039 0.644
9.040 0.644
9.041 0.643
9.042 0.642
9.042 0.641
9.044 0.641
9.044 0.640
9.045 0.639
9.046 0.638
9.047 0.637
9.079 0.637
9.080 0.637
8.404 0.938
8.403 0.938
8.401 0.937
8.401 0.936
8.400 0.936
8.401 0.936
8.398 0.935
8.398 0.935
8.397 0.934
8.396 0.934
8.395 0.933
8.394 0.933
8.394 0.933
8.393 0.932
8.392 0.932
8.391 0.931
8.391 0.931
8.390 0.930
8.389 0.930
8.388 0.930
8.388 0.929
8.387 0.929
8.386 0.928
8.385 0.928
8.384 0.928
8.385 0.928
8.386 0.928
8.387 0.929
8.388 0.929
8.388 0.930
8.389 0.930
8.390 0.930
8.391 0.931
8.391 0.931
8.392 0.932
8.393 0.932
8.394 0.933
8.394 0.933
8.395 0.933
8.396 0.934
8.397 0.934
8.398 0.935
8.383 0.927
8.382 0.926
8.379 0.925
8.378 0.924
8.377 0.924
8.377 0.923
8.376 0.923
8.375 0.923
8.376 0.923
8.377 0.923
8.377 0.924
8.378 0.924
8.374 0.922
8.373 0.921
8.372 0.921
8.371 0.920
8.370 0.920
8.370 0.920
8.369 0.919
8.368 0.919
8.367 0.918
8.366 0.918
8.366 0.918
8.365 0.917
8.366 0.918
8.366 0.918
8.367 0.918
8.368 0.919
8.369 0.919
8.370 0.920
8.370 0.920
8.371 0.920
8.372 0.921
8.373 0.921
8.363 0.916
8.363 0.916
8.362 0.916
8.361 0.915
8.360 0.915
8.359 0.914
8.360 0.915
8.361 0.915
8.362 0.916
8.363 0.916
8.358 0.914
8.357 0.913
8.356 0.913
8.355 0.912
8.355 0.912
8.354 0.912
8.353 0.911
8.352 0.911
8.353 0.911
8.354 0.912
8.355 0.912
8.355 0.912
8.356 0.913
8.357 0.913