450.0,281.5
449.0,280.5
448.0,279.5
447.0,278.5
446.0,277.5
445.0,276.5
444.0,275.5
443.0,274.5
442.0,273.5
441.0,272.5
440.0,271.5
439.0,270.5
438.0,269.5
437.0,268.5
436.0,267.5
435.0,266.5
434.0,265.5
433.0,264.5
432.0,263.5
431.0,262.5
430.0,261.5
429.0,260.5
428.0,259.5
427.0,258.5
426.0,257.5
425.0,256.5
424.0,255.5
423.0,254.5
422.0,253.5
421.0,252.5
420.0,251.5
419.0,250.5
418.0,249.5
417.0,250.5
416.0,250.5
415.0,251.5
414.0,251.5
413.0,252.5
412.0,252.5
411.0,253.5
410.0,253.5
409.0,254.5
408.0,254.5
407.0,255.5
406.0,255.5
405.0,256.5
404.0,256.5
403.0,257.5
402.0,257.5
401.0,258.5
400.0,258.5
399.0,259.5
398.0,259.5
397.0,260.5
396.0,260.5
395.0,261.5
394.0,261.5
393.0,261.5
392.0,261.5
391.0,261.5
390.0,260.5
389.0,260.5
388.0,261.5
387.0,261.5
386.0,261.5
385.0,262.5
384.0,262.5
383.0,262.5
382.0,262.5
381.0,262.5
380.0,263.5
379.0,263.5
378.0,263.5
377.0,264.5
376.0,264.5
375.0,263.5
374.0,263.5
373.0,263.5
372.0,263.5
371.0,262.5
370.0,262.5
369.0,261.5
368.0,261.5
367.0,260.5
366.0,260.5
365.0,259.5
364.0,259.5
363.0,258.5
362.0,258.5
361.0,257.5
360.0,257.5
359.0,257.5
358.0,257.5
357.0,258.5
356.0,258.5
355.0,259.5
354.0,259.5
353.0,260.5
352.0,260.5
351.0,261.5
350.0,261.5
349.0,260.5
348.0,261.5
347.0,261.5
346.0,261.5
345.0,262.5
344.0,262.5
343.0,263.5
342.0,263.5
341.0,263.5
340.0,264.5
339.0,264.5
338.0,264.5
337.0,264.5
336.0,264.5
335.0,264.5
334.0,263.5
333.0,263.5
332.0,263.5
331.0,262.5
330.0,262.5
329.0,261.5
328.0,261.5
327.0,260.5
326.0,260.5
325.0,259.5
324.0,260.5
323.0,260.5
322.0,261.5
321.0,261.5
320.0,261.5
319.0,262.5
318.0,262.5
317.0,262.5
316.0,262.5
315.0,262.5
314.0,261.5
313.0,261.5
312.0,262.5
311.0,262.5
310.0,262.5
309.0,261.5
308.0,261.5
307.0,261.5
306.0,260.5
305.0,260.5
304.0,259.5
303.0,259.5
302.0,258.5
301.0,258.5
300.0,257.5
299.0,257.5
298.0,256.5
297.0,256.5
296.0,255.5
295.0,255.5
294.0,254.5
293.0,254.5
292.0,253.5
291.0,253.5
290.0,252.5
289.0,252.5
288.0,251.5
287.0,251.5
286.0,250.5
285.0,250.5
284.0,251.5
283.0,251.5
282.0,252.5
281.0,252.5
280.0,253.5
279.0,253.5
278.0,254.5
277.0,254.5
276.0,255.5
275.0,255.5
274.0,256.5
273.0,256.5
272.0,257.5
271.0,257.5
270.0,258.5
269.0,258.5
268.0,259.5
267.0,259.5
266.0,260.5
265.0,260.5
264.0,261.5
263.0,261.5
262.0,261.5
261.0,262.5
260.0,262.5
259.0,261.5
258.0,262.5
257.0,263.5
256.0,263.5
255.0,262.5
254.0,263.5
253.0,263.5
252.0,263.5
251.0,263.5
250.0,263.5
249.0,263.5
248.0,263.5
247.0,263.5
246.0,263.5
245.0,262.5
244.0,262.5
243.0,261.5
242.0,261.5
241.0,260.5
240.0,260.5
239.0,259.5
238.0,259.5
237.0,259.5
236.0,260.5
235.0,260.5
234.0,260.5
233.0,261.5
232.0,261.5
231.0,261.5
230.0,261.5
229.0,261.5
228.0,261.5
227.0,262.5
226.0,262.5
225.0,262.5
224.0,262.5
223.0,262.5
222.0,261.5
221.0,261.5
220.0,261.5
219.0,261.5
218.0,262.5
217.0,262.5
216.0,262.5
215.0,263.5
214.0,263.5
213.0,263.5
212.0,263.5
211.0,264.5
210.0,263.5
209.0,263.5
208.0,264.5
207.0,264.5
206.0,264.5
205.0,264.5
204.0,264.5
203.0,263.5
202.0,263.5
201.0,263.5
200.0,262.5
199.0,262.5
198.0,261.5
197.0,261.5
196.0,260.5
195.0,260.5
194.0,259.5
193.0,259.5
192.0,260.5
191.0,260.5
190.0,260.5
189.0,261.5
188.0,260.5
187.0,260.5
186.0,261.5
185.0,260.5
184.0,260.5
183.0,260.5
182.0,259.5
181.0,259.5
180.0,258.5
179.0,258.5
178.0,257.5
177.0,257.5
176.0,257.5
175.0,257.5
174.0,258.5
173.0,258.5
172.0,259.5
171.0,259.5
170.0,260.5
169.0,260.5
168.0,261.5
167.0,261.5
166.0,262.5
165.0,262.5
164.0,263.5
163.0,263.5
162.0,263.5
161.0,263.5
160.0,263.5
159.0,263.5
158.0,263.5
157.0,262.5
156.0,263.5
155.0,263.5
154.0,264.5
153.0,264.5
152.0,265.5
151.0,265.5
150.0,266.5
149.0,266.5
148.0,267.5
147.0,267.5
146.0,268.5
145.0,268.5
144.0,269.5
143.0,269.5
142.0,270.5
141.0,270.5
140.0,271.5
139.0,271.5
138.0,271.5
137.0,272.5
136.0,272.5
135.0,271.5
134.0,271.5
133.0,271.5
132.0,271.5
131.0,270.5
130.0,270.5
129.0,270.5
128.0,269.5
127.0,269.5
126.0,270.5
125.0,270.5
124.0,270.5
123.0,271.5
122.0,271.5
121.0,271.5
120.0,271.5
119.0,271.5
118.0,270.5
117.0,270.5
116.0,269.5
115.0,269.5
114.0,268.5
113.0,269.5
112.0,269.5
111.0,270.5
110.0,270.5
109.0,271.5
108.0,271.5
107.0,271.5
106.0,272.5
105.0,272.5
104.0,272.5
103.0,273.5
102.0,273.5
101.0,273.5
100.0,273.5
99.0,273.5
98.0,273.5
97.0,274.5
96.0,274.5
95.0,274.5
94.0,274.5
93.0,274.5
92.0,274.5
91.0,274.5
90.0,274.5
89.0,274.5
88.0,274.5
87.0,274.5
86.0,274.5
85.0,275.5
84.0,275.5
83.0,275.5
82.0,275.5
81.0,275.5
80.0,275.5
79.0,275.5
78.0,274.5
77.0,274.5
76.0,275.5
75.0,275.5
74.0,275.5
73.0,274.5
72.0,274.5
71.0,274.5
70.0,274.5
69.0,273.5
68.0,273.5
67.0,273.5
66.0,272.5
65.0,272.5
64.0,272.5
63.0,273.5
62.0,273.5
61.0,273.5
60.0,273.5
59.0,273.5
58.0,273.5
57.0,274.5
56.0,274.5
55.0,274.5
54.0,275.5
53.0,274.5
52.0,274.5
51.0,274.5
50.0,274.5
49.0,274.5
48.0,274.5
47.0,274.5
46.0,274.5
45.0,275.5
44.0,274.5
43.0,274.5
42.0,274.5
41.0,274.5
40.0,274.5
39.0,274.5
38.0,274.5
37.0,273.5
36.0,274.5
35.0,274.5
34.0,274.5
33.0,274.5
32.0,274.5
31.0,274.5
30.0,274.5
29.0,274.5
28.0,274.5
27.0,274.5
26.0,274.5
25.0,274.5
24.0,274.5
23.0,275.5
22.0,275.5
21.0,275.5
20.0,275.5
19.0,275.5
18.0,274.5
17.0,274.5
16.0,274.5
15.0,273.5
14.0,273.5
13.0,274.5
12.0,274.5
11.0,274.5
10.0,274.5
9.0,274.5
8.0,274.5
7.0,274.5
6.0,275.5
5.0,275.5
4.0,275.5
3.0,275.5
2.0,275.5
1.0,275.5
0.0,275.5
-1.0,276.5
-2.0,276.5
-3.0,276.5
-4.0,276.5
-5.0,277.5
-6.0,277.5
-7.0,276.5
-8.0,276.5
-9.0,276.5
-10.0,275.5
-11.0,275.5
-12.0,274.5
-13.0,274.5
-14.0,275.5
-15.0,275.5
-16.0,274.5
-17.0,275.5
-18.0,275.5
-19.0,275.5
-20.0,275.5
-21.0,276.5
-22.0,276.5
-23.0,275.5
-24.0,275.5
-25.0,275.5
-26.0,275.5
-27.0,275.5
-28.0,275.5
-29.0,275.5
-30.0,275.5
-31.0,274.5
-32.0,274.5
-33.0,273.5
-34.0,274.5
-35.0,274.5
-36.0,274.5
-37.0,275.5
-38.0,275.5
-39.0,275.5
-40.0,275.5
-41.0,275.5
-42.0,275.5
-43.0,275.5
-44.0,275.5
-45.0,275.5
-46.0,274.5
-47.0,274.5
-48.0,274.5
-49.0,274.5
-50.0,274.5
-51.0,274.5
-52.0,274.5
-53.0,274.5
-54.0,274.5
-55.0,274.5
-56.0,274.5
-57.0,273.5
-58.0,273.5
-59.0,273.5
-60.0,272.5
-61.0,272.5
-62.0,273.5
-63.0,273.5
-64.0,273.5
-65.0,274.5
-66.0,274.5
-67.0,275.5
-68.0,275.5
-69.0,275.5
-70.0,274.5
-71.0,274.5
-72.0,274.5
-73.0,274.5
-74.0,274.5
-75.0,275.5
-76.0,275.5
-77.0,275.5
-78.0,275.5
-79.0,275.5
-80.0,275.5
-81.0,274.5
-82.0,275.5
-83.0,275.5
-84.0,275.5
-85.0,275.5
-86.0,275.5
-87.0,275.5
-88.0,275.5
-89.0,275.5
-90.0,275.5
-91.0,275.5
-92.0,275.5
-93.0,275.5
-94.0,275.5
-95.0,275.5
-96.0,274.5
-97.0,275.5
-98.0,275.5
-99.0,275.5
-100.0,275.5
-101.0,275.5
-102.0,275.5
-103.0,274.5
-104.0,274.5
-105.0,274.5
-106.0,274.5
-107.0,274.5
-108.0,275.5
-109.0,275.5
-110.0,274.5
-111.0,274.5
-112.0,274.5
-113.0,274.5
-114.0,274.5
-115.0,274.5
-116.0,275.5
-117.0,274.5
-118.0,274.5
-119.0,274.5
-120.0,274.5
-121.0,275.5
-122.0,275.5
-122.0,274.5
-121.0,275.5
-120.0,274.5
-119.0,274.5
-118.0,274.5
-117.0,274.5
-116.0,275.5
-115.0,274.5
-114.0,274.5
-113.0,273.5
-112.0,273.5
-111.0,274.5
-110.0,274.5
-109.0,275.5
-108.0,275.5
-107.0,274.5
-106.0,274.5
-105.0,273.5
-104.0,274.5
-103.0,274.5
-102.0,275.5
-101.0,274.5
-100.0,275.5
-99.0,275.5
-98.0,274.5
-97.0,275.5
-96.0,274.5
-95.0,275.5
-94.0,274.5
-93.0,274.5
-92.0,274.5
-91.0,274.5
-90.0,274.5
-89.0,274.5
-88.0,275.5
-87.0,275.5
-86.0,274.5
-85.0,274.5
-84.0,275.5
-83.0,274.5
-82.0,275.5
-81.0,274.5
-80.0,275.5
-79.0,274.5
-78.0,275.5
-77.0,274.5
-76.0,274.5
-75.0,275.5
-74.0,274.5
-73.0,274.5
-72.0,273.5
-71.0,274.5
-70.0,274.5
-69.0,275.5
-68.0,274.5
-67.0,274.5
-66.0,273.5
-65.0,274.5
-64.0,273.5
-63.0,272.5
-62.0,273.5
-61.0,272.5
-60.0,272.5
-59.0,273.5
-58.0,273.5
-57.0,273.5
-56.0,274.5
-55.0,273.5
-54.0,273.5
-53.0,273.5
-52.0,273.5
-51.0,274.5
-50.0,274.5
-49.0,273.5
-48.0,274.5
-47.0,274.5
-46.0,274.5
-45.0,275.5
-44.0,274.5
-43.0,275.5
-42.0,274.5
-41.0,274.5
-40.0,274.5
-39.0,274.5
-38.0,274.5
-37.0,275.5
-36.0,274.5
-35.0,274.5
-34.0,274.5
-33.0,273.5
-32.0,274.5
-31.0,274.5
-30.0,275.5
-29.0,274.5
-28.0,275.5
-27.0,274.5
-26.0,274.5
-25.0,274.5
-24.0,275.5
-23.0,275.5
-22.0,276.5
-21.0,276.5
-20.0,275.5
-19.0,275.5
-18.0,274.5
-17.0,275.5
-16.0,274.5
-15.0,275.5
-14.0,275.5
-13.0,274.5
-12.0,274.5
-11.0,275.5
-10.0,275.5
-9.0,276.5
-8.0,276.5
-7.0,276.5
-6.0,277.5
-5.0,277.5
-4.0,276.5
-3.0,276.5
-2.0,275.5
-1.0,276.5
0.0,275.5
1.0,275.5
2.0,275.5
3.0,275.5
4.0,275.5
5.0,274.5
6.0,275.5
7.0,274.5
8.0,274.5
9.0,274.5
10.0,274.5
11.0,273.5
12.0,273.5
13.0,274.5
14.0,273.5
15.0,273.5
16.0,274.5
17.0,274.5
18.0,274.5
19.0,275.5
20.0,274.5
21.0,274.5
22.0,274.5
23.0,275.5
24.0,274.5
25.0,274.5
26.0,273.5
27.0,273.5
28.0,274.5
29.0,274.5
30.0,274.5
31.0,274.5
32.0,273.5
33.0,274.5
34.0,274.5
35.0,273.5
36.0,274.5
37.0,273.5
38.0,274.5
39.0,273.5
40.0,274.5
41.0,274.5
42.0,273.5
43.0,274.5
44.0,274.5
45.0,275.5
46.0,274.5
47.0,274.5
48.0,273.5
49.0,274.5
50.0,274.5
51.0,274.5
52.0,274.5
53.0,274.5
54.0,275.5
55.0,274.5
56.0,274.5
57.0,274.5
58.0,273.5
59.0,272.5
60.0,273.5
61.0,273.5
62.0,272.5
63.0,273.5
64.0,272.5
65.0,271.5
66.0,272.5
67.0,273.5
68.0,273.5
69.0,273.5
70.0,274.5
71.0,273.5
72.0,274.5
73.0,274.5
74.0,275.5
75.0,274.5
76.0,275.5
77.0,274.5
78.0,274.5
79.0,275.5
80.0,274.5
81.0,274.5
82.0,275.5
83.0,275.5
84.0,274.5
85.0,275.5
86.0,274.5
87.0,273.5
88.0,273.5
89.0,274.5
90.0,274.5
91.0,274.5
92.0,273.5
93.0,273.5
94.0,274.5
95.0,274.5
96.0,273.5
97.0,274.5
98.0,273.5
99.0,272.5
100.0,272.5
101.0,272.5
102.0,272.5
103.0,273.5
104.0,272.5
105.0,272.5
106.0,272.5
107.0,271.5
108.0,271.5
109.0,271.5
110.0,270.5
111.0,270.5
112.0,269.5
113.0,269.5
114.0,268.5
115.0,269.5
116.0,269.5
117.0,270.5
118.0,270.5
119.0,271.5
120.0,270.5
121.0,271.5
122.0,270.5
123.0,271.5
124.0,270.5
125.0,270.5
126.0,270.5
127.0,269.5
128.0,269.5
129.0,270.5
130.0,269.5
131.0,270.5
132.0,271.5
133.0,270.5
134.0,271.5
135.0,271.5
136.0,272.5
137.0,272.5
138.0,271.5
139.0,271.5
140.0,271.5
141.0,270.5
142.0,270.5
143.0,269.5
144.0,269.5
145.0,268.5
146.0,268.5
147.0,267.5
148.0,267.5
149.0,266.5
150.0,266.5
151.0,265.5
152.0,265.5
153.0,264.5
154.0,264.5
155.0,263.5
156.0,263.5
157.0,262.5
158.0,263.5
159.0,262.5
160.0,263.5
161.0,263.5
162.0,263.5
163.0,262.5
164.0,263.5
165.0,262.5
166.0,262.5
167.0,261.5
168.0,261.5
169.0,260.5
170.0,260.5
171.0,259.5
172.0,259.5
173.0,258.5
174.0,258.5
175.0,257.5
176.0,256.5
177.0,256.5
178.0,257.5
179.0,258.5
180.0,258.5
181.0,259.5
182.0,259.5
183.0,260.5
184.0,260.5
185.0,260.5
186.0,261.5
187.0,260.5
188.0,260.5
189.0,261.5
190.0,260.5
191.0,260.5
192.0,260.5
193.0,259.5
194.0,259.5
195.0,260.5
196.0,260.5
197.0,261.5
198.0,261.5
199.0,262.5
200.0,262.5
201.0,263.5
202.0,263.5
203.0,263.5
204.0,264.5
205.0,263.5
206.0,263.5
207.0,263.5
208.0,264.5
209.0,263.5
210.0,263.5
211.0,264.5
212.0,263.5
213.0,263.5
214.0,262.5
215.0,263.5
216.0,262.5
217.0,262.5
218.0,262.5
219.0,261.5
220.0,260.5
221.0,261.5
222.0,261.5
223.0,262.5
224.0,261.5
225.0,261.5
226.0,261.5
227.0,262.5
228.0,261.5
229.0,261.5
230.0,261.5
231.0,260.5
232.0,260.5
233.0,261.5
234.0,260.5
235.0,260.5
236.0,260.5
237.0,259.5
238.0,258.5
239.0,259.5
240.0,260.5
241.0,260.5
242.0,261.5
243.0,261.5
244.0,262.5
245.0,262.5
246.0,263.5
247.0,262.5
248.0,263.5
249.0,263.5
250.0,263.5
251.0,262.5
252.0,262.5
253.0,262.5
254.0,263.5
255.0,262.5
256.0,262.5
257.0,263.5
258.0,262.5
259.0,261.5
260.0,261.5
261.0,262.5
262.0,261.5
263.0,261.5
264.0,261.5
265.0,260.5
266.0,260.5
267.0,259.5
268.0,259.5
269.0,258.5
270.0,258.5
271.0,257.5
272.0,257.5
273.0,256.5
274.0,256.5
275.0,255.5
276.0,255.5
277.0,254.5
278.0,254.5
279.0,253.5
280.0,253.5
281.0,252.5
282.0,252.5
283.0,251.5
284.0,251.5
285.0,250.5
286.0,250.5
287.0,251.5
288.0,251.5
289.0,252.5
290.0,252.5
291.0,253.5
292.0,253.5
293.0,254.5
294.0,254.5
295.0,255.5
296.0,255.5
297.0,256.5
298.0,256.5
299.0,257.5
300.0,257.5
301.0,258.5
302.0,258.5
303.0,259.5
304.0,259.5
305.0,260.5
306.0,260.5
307.0,261.5
308.0,261.5
309.0,261.5
310.0,262.5
311.0,261.5
312.0,262.5
313.0,261.5
314.0,261.5
315.0,262.5
316.0,261.5
317.0,261.5
318.0,261.5
319.0,262.5
320.0,261.5
321.0,261.5
322.0,261.5
323.0,260.5
324.0,260.5
325.0,259.5
326.0,260.5
327.0,260.5
328.0,261.5
329.0,261.5
330.0,262.5
331.0,262.5
332.0,263.5
333.0,263.5
334.0,263.5
335.0,264.5
336.0,263.5
337.0,263.5
338.0,263.5
339.0,263.5
340.0,264.5
341.0,263.5
342.0,263.5
343.0,263.5
344.0,262.5
345.0,262.5
346.0,261.5
347.0,261.5
348.0,261.5
349.0,260.5
350.0,261.5
351.0,261.5
352.0,260.5
353.0,260.5
354.0,259.5
355.0,259.5
356.0,258.5
357.0,258.5
358.0,257.5
359.0,256.5
360.0,256.5
361.0,257.5
362.0,258.5
363.0,258.5
364.0,259.5
365.0,259.5
366.0,260.5
367.0,260.5
368.0,261.5
369.0,261.5
370.0,262.5
371.0,262.5
372.0,263.5
373.0,262.5
374.0,263.5
375.0,263.5
376.0,264.5
377.0,264.5
378.0,263.5
379.0,263.5
380.0,263.5
381.0,262.5
382.0,262.5
383.0,262.5
384.0,261.5
385.0,262.5
386.0,261.5
387.0,261.5
388.0,261.5
389.0,260.5
390.0,260.5
391.0,261.5
392.0,260.5
393.0,261.5
394.0,260.5
395.0,261.5
396.0,260.5
397.0,260.5
398.0,259.5
399.0,259.5
400.0,258.5
401.0,258.5
402.0,257.5
403.0,257.5
404.0,256.5
405.0,256.5
406.0,255.5
407.0,255.5
408.0,254.5
409.0,254.5
410.0,253.5
411.0,253.5
412.0,252.5
413.0,252.5
414.0,251.5
415.0,251.5
416.0,250.5
417.0,250.5
418.0,249.5
419.0,248.5
419.0,247.5
420.0,246.5
420.0,245.5
420.0,246.5
419.0,247.5
419.0,248.5
418.0,249.5
419.0,250.5
420.0,251.5
421.0,252.5
422.0,253.5
423.0,254.5
424.0,255.5
425.0,256.5
426.0,257.5
427.0,258.5
428.0,259.5
429.0,260.5
430.0,261.5
431.0,262.5
432.0,263.5
433.0,264.5
434.0,265.5
435.0,266.5
436.0,267.5
437.0,268.5
438.0,269.5
439.0,270.5
440.0,271.5
441.0,272.5
442.0,273.5
443.0,274.5
444.0,275.5
445.0,276.5
446.0,277.5
447.0,278.5
448.0,279.5
449.0,280.5
450.0,281.5
451.0,281.5
432.0,244.5
433.0,243.5
434.0,242.5
433.0,243.5
434.0,240.5
435.0,239.5
436.0,238.5
436.0,237.5
437.0,236.5
437.0,235.5
438.0,234.5
438.0,233.5
439.0,232.5
439.0,231.5
440.0,230.5
440.0,229.5
441.0,228.5
441.0,227.5
442.0,226.5
442.0,225.5
443.0,224.5
443.0,223.5
443.0,222.5
443.0,221.5
443.0,220.5
443.0,219.5
444.0,218.5
444.0,217.5
445.0,216.5
445.0,215.5
446.0,214.5
446.0,213.5
446.0,212.5
446.0,211.5
446.0,210.5
447.0,209.5
446.0,210.5
447.0,211.5
446.0,212.5
446.0,213.5
446.0,214.5
445.0,215.5
445.0,216.5
444.0,217.5
444.0,218.5
443.0,219.5
443.0,220.5
443.0,221.5
443.0,222.5
443.0,223.5
443.0,224.5
442.0,225.5
442.0,226.5
441.0,227.5
441.0,228.5
440.0,229.5
440.0,230.5
439.0,231.5
439.0,232.5
438.0,233.5
438.0,234.5
437.0,235.5
437.0,236.5
436.0,237.5
436.0,238.5
435.0,239.5
419.0,238.5
419.0,237.5
418.0,236.5
417.0,235.5
416.0,234.5
415.0,233.5
414.0,232.5
413.0,231.5
412.0,230.5
411.0,229.5
411.0,228.5
412.0,229.5
413.0,230.5
414.0,231.5
415.0,232.5
416.0,233.5
417.0,234.5
418.0,235.5
418.0,236.5
419.0,237.5
411.0,221.5
412.0,220.5
412.0,219.5
413.0,218.5
414.0,217.5
415.0,216.5
416.0,215.5
417.0,214.5
418.0,214.5
417.0,215.5
416.0,216.5
415.0,217.5
414.0,218.5
413.0,219.5
412.0,220.5
403.0,220.5
403.0,221.5
401.0,220.5
401.0,219.5
390.0,230.5
389.0,229.5
388.0,230.5
387.0,229.5
386.0,229.5
385.0,228.5
384.0,227.5
383.0,226.5
383.0,225.5
383.0,226.5
384.0,227.5
385.0,228.5
386.0,229.5
387.0,229.5
388.0,230.5
389.0,229.5
382.0,223.5
381.0,223.5
381.0,222.5
380.0,221.5
380.0,220.5
379.0,219.5
380.0,220.5
380.0,221.5
381.0,222.5
377.0,218.5
376.0,218.5
375.0,218.5
374.0,217.5
375.0,218.5
376.0,218.5
372.0,216.5
371.0,216.5
370.0,215.5
369.0,214.5
369.0,213.5
369.0,214.5
370.0,215.5
371.0,215.5
369.0,207.5
370.0,206.5
371.0,206.5
372.0,205.5
371.0,206.5
370.0,206.5
369.0,207.5
368.0,206.5
367.0,207.5
366.0,206.5
365.0,206.5
364.0,206.5
363.0,205.5
362.0,205.5
361.0,204.5
360.0,203.5
359.0,204.5
358.0,204.5
357.0,205.5
356.0,205.5
355.0,206.5
354.0,207.5
353.0,206.5
352.0,205.5
351.0,204.5
350.0,204.5
349.0,203.5
348.0,204.5
347.0,203.5
346.0,203.5
345.0,203.5
344.0,203.5
343.0,203.5
342.0,203.5
341.0,204.5
340.0,204.5
339.0,203.5
338.0,203.5
337.0,203.5
336.0,203.5
335.0,203.5
334.0,203.5
333.0,203.5
332.0,203.5
331.0,204.5
330.0,204.5
329.0,204.5
328.0,205.5
327.0,204.5
326.0,204.5
325.0,204.5
324.0,205.5
323.0,205.5
322.0,205.5
321.0,205.5
321.0,204.5
322.0,205.5
323.0,204.5
324.0,205.5
325.0,204.5
326.0,204.5
327.0,204.5
328.0,205.5
329.0,204.5
330.0,204.5
331.0,204.5
332.0,203.5
333.0,203.5
334.0,203.5
335.0,203.5
336.0,203.5
337.0,203.5
338.0,203.5
339.0,203.5
340.0,204.5
341.0,204.5
342.0,203.5
343.0,203.5
344.0,203.5
345.0,202.5
346.0,202.5
347.0,203.5
348.0,203.5
349.0,203.5
350.0,204.5
351.0,204.5
352.0,205.5
353.0,205.5
354.0,206.5
355.0,206.5
356.0,205.5
357.0,205.5
358.0,204.5
359.0,204.5
360.0,203.5
361.0,204.5
362.0,205.5
363.0,205.5
364.0,206.5
365.0,205.5
366.0,206.5
367.0,206.5
368.0,206.5
374.0,205.5
374.0,204.5
375.0,203.5
374.0,204.5
376.0,206.5
377.0,206.5
378.0,207.5
379.0,208.5
378.0,207.5
377.0,206.5
376.0,200.5
376.0,199.5
372.0,187.5
373.0,186.5
372.0,187.5
371.0,186.5
370.0,186.5
369.0,187.5
368.0,186.5
367.0,186.5
366.0,185.5
365.0,185.5
364.0,184.5
363.0,183.5
362.0,184.5
363.0,183.5
364.0,184.5
365.0,185.5
366.0,185.5
367.0,185.5
368.0,186.5
369.0,187.5
370.0,186.5
371.0,186.5
375.0,186.5
376.0,186.5
377.0,185.5
378.0,185.5
377.0,185.5
376.0,186.5
380.0,184.5
381.0,183.5
381.0,182.5
380.0,181.5
380.0,180.5
379.0,179.5
379.0,178.5
378.0,177.5
377.0,176.5
376.0,176.5
375.0,175.5
374.0,174.5
375.0,175.5
376.0,176.5
377.0,176.5
378.0,177.5
379.0,178.5
380.0,178.5
379.0,179.5
380.0,180.5
380.0,181.5
381.0,182.5
381.0,183.5
382.0,184.5
383.0,185.5
384.0,186.5
385.0,187.5
386.0,188.5
387.0,189.5
388.0,189.5
389.0,190.5
390.0,191.5
391.0,190.5
392.0,190.5
393.0,189.5
394.0,188.5
395.0,187.5
396.0,186.5
396.0,187.5
395.0,187.5
394.0,188.5
393.0,189.5
392.0,190.5
391.0,190.5
390.0,191.5
389.0,190.5
388.0,190.5
387.0,189.5
386.0,188.5
385.0,187.5
384.0,186.5
383.0,185.5
382.0,184.5
381.0,183.5
391.0,193.5
390.0,194.5
390.0,195.5
390.0,196.5
391.0,197.5
392.0,198.5
393.0,199.5
394.0,199.5
395.0,200.5
396.0,200.5
397.0,201.5
398.0,200.5
399.0,201.5
400.0,201.5
400.0,202.5
399.0,201.5
398.0,201.5
397.0,201.5
396.0,200.5
395.0,200.5
394.0,199.5
393.0,199.5
392.0,198.5
391.0,198.5
391.0,197.5
390.0,196.5
389.0,196.5
390.0,195.5
390.0,194.5
397.0,183.5
397.0,182.5
398.0,181.5
397.0,180.5
396.0,179.5
397.0,180.5
398.0,179.5
399.0,178.5
398.0,179.5
398.0,180.5
398.0,181.5
397.0,182.5
401.0,186.5
401.0,187.5
403.0,187.5
403.0,186.5
404.0,186.5
405.0,185.5
406.0,186.5
407.0,186.5
407.0,187.5
408.0,188.5
409.0,187.5
410.0,186.5
411.0,185.5
412.0,184.5
412.0,183.5
413.0,182.5
414.0,183.5
413.0,182.5
412.0,183.5
412.0,184.5
411.0,185.5
411.0,186.5
410.0,186.5
409.0,187.5
408.0,188.5
409.0,189.5
410.0,190.5
411.0,191.5
410.0,191.5
410.0,190.5
409.0,189.5
408.0,190.5
409.0,189.5
408.0,188.5
407.0,187.5
406.0,187.5
405.0,186.5
404.0,187.5
404.0,193.5
405.0,193.5
405.0,194.5
405.0,195.5
405.0,194.5
407.0,199.5
408.0,200.5
407.0,200.5
405.0,200.5
405.0,201.5
404.0,201.5
403.0,202.5
402.0,202.5
403.0,202.5
404.0,201.5
412.0,201.5
413.0,202.5
414.0,203.5
415.0,204.5
416.0,204.5
416.0,205.5
415.0,204.5
414.0,203.5
413.0,202.5
418.0,206.5
419.0,206.5
419.0,207.5
418.0,208.5
419.0,207.5
420.0,204.5
420.0,203.5
421.0,202.5
421.0,201.5
421.0,202.5
420.0,203.5
422.0,197.5
422.0,196.5
422.0,195.5
422.0,194.5
422.0,195.5
422.0,196.5
423.0,192.5
424.0,191.5
425.0,190.5
426.0,189.5
427.0,188.5
427.0,187.5
427.0,188.5
427.0,189.5
428.0,190.5
427.0,189.5
426.0,190.5
425.0,190.5
424.0,191.5
419.0,190.5
418.0,189.5
419.0,189.5
419.0,183.5
418.0,183.5
416.0,183.5
416.0,182.5
414.0,180.5
414.0,179.5
415.0,178.5
416.0,177.5
416.0,176.5
416.0,177.5
415.0,178.5
414.0,179.5
418.0,174.5
417.0,173.5
416.0,172.5
415.0,171.5
415.0,170.5
414.0,169.5
415.0,168.5
415.0,167.5
415.0,168.5
414.0,169.5
415.0,170.5
416.0,171.5
417.0,172.5
418.0,173.5
419.0,174.5
420.0,174.5
420.0,175.5
419.0,174.5
424.0,176.5
425.0,175.5
426.0,174.5
426.0,173.5
426.0,174.5
425.0,175.5
425.0,176.5
426.0,177.5
427.0,178.5
427.0,179.5
427.0,180.5
428.0,181.5
427.0,182.5
428.0,181.5
427.0,180.5
427.0,179.5
426.0,178.5
425.0,177.5
427.0,170.5
427.0,169.5
427.0,168.5
427.0,167.5
428.0,166.5
427.0,165.5
427.0,164.5
427.0,165.5
428.0,166.5
428.0,167.5
428.0,168.5
427.0,169.5
425.0,164.5
424.0,163.5
422.0,163.5
422.0,162.5
420.0,162.5
419.0,162.5
418.0,162.5
417.0,163.5
416.0,163.5
415.0,162.5
414.0,162.5
413.0,161.5
414.0,162.5
415.0,162.5
416.0,163.5
417.0,163.5
418.0,162.5
419.0,162.5
413.0,159.5
412.0,158.5
411.0,157.5
410.0,157.5
411.0,157.5
412.0,158.5
410.0,161.5
411.0,162.5
410.0,161.5
409.0,162.5
408.0,156.5
407.0,155.5
406.0,155.5
405.0,156.5
406.0,155.5
406.0,154.5
405.0,153.5
406.0,154.5
407.0,154.5
407.0,155.5
409.0,153.5
410.0,153.5
411.0,152.5
412.0,152.5
413.0,152.5
414.0,151.5
413.0,152.5
412.0,152.5
411.0,153.5
410.0,153.5
405.0,151.5
405.0,150.5
405.0,149.5
405.0,150.5
407.0,144.5
408.0,144.5
409.0,144.5
410.0,143.5
409.0,144.5
408.0,144.5
408.0,134.5
408.0,133.5
409.0,129.5
409.0,128.5
409.0,127.5
408.0,126.5
408.0,125.5
409.0,125.5
409.0,126.5
409.0,127.5
409.0,128.5
417.0,125.5
417.0,124.5
417.0,123.5
417.0,122.5
416.0,121.5
416.0,120.5
417.0,120.5
417.0,121.5
417.0,122.5
418.0,123.5
418.0,124.5
418.0,125.5
424.0,125.5
424.0,124.5
424.0,123.5
424.0,122.5
423.0,121.5
423.0,120.5
423.0,119.5
423.0,118.5
423.0,119.5
423.0,120.5
424.0,121.5
425.0,121.5
424.0,122.5
424.0,123.5
424.0,124.5
424.0,125.5
424.0,126.5
425.0,127.5
426.0,127.5
426.0,128.5
426.0,129.5
426.0,130.5
427.0,131.5
428.0,131.5
429.0,132.5
430.0,133.5
430.0,134.5
430.0,133.5
429.0,132.5
428.0,132.5
427.0,132.5
426.0,131.5
426.0,130.5
426.0,129.5
425.0,128.5
424.0,127.5
424.0,126.5
432.0,122.5
432.0,121.5
432.0,120.5
432.0,119.5
432.0,118.5
432.0,119.5
432.0,120.5
432.0,121.5
436.0,128.5
437.0,129.5
438.0,128.5
439.0,127.5
438.0,128.5
438.0,129.5
438.0,130.5
438.0,131.5
437.0,130.5
437.0,129.5
437.0,138.5
438.0,139.5
437.0,139.5
436.0,140.5
436.0,139.5
434.0,139.5
433.0,140.5
432.0,139.5
431.0,139.5
432.0,138.5
432.0,139.5
433.0,140.5
428.0,140.5
427.0,139.5
426.0,140.5
427.0,139.5
424.0,140.5
423.0,140.5
422.0,141.5
421.0,142.5
420.0,143.5
419.0,144.5
419.0,145.5
419.0,146.5
419.0,147.5
418.0,148.5
418.0,149.5
417.0,150.5
416.0,150.5
417.0,150.5
418.0,149.5
418.0,148.5
419.0,147.5
419.0,146.5
418.0,145.5
419.0,144.5
420.0,143.5
421.0,142.5
422.0,141.5
423.0,140.5
422.0,137.5
421.0,136.5
421.0,135.5
420.0,134.5
421.0,135.5
421.0,136.5
424.0,148.5
425.0,148.5
426.0,148.5
427.0,149.5
428.0,148.5
429.0,147.5
430.0,146.5
431.0,145.5
430.0,146.5
429.0,147.5
428.0,148.5
428.0,149.5
428.0,150.5
428.0,151.5
429.0,152.5
430.0,153.5
431.0,153.5
431.0,154.5
432.0,155.5
433.0,156.5
434.0,156.5
435.0,155.5
436.0,155.5
437.0,154.5
436.0,155.5
435.0,156.5
434.0,157.5
434.0,158.5
433.0,159.5
432.0,160.5
431.0,161.5
431.0,162.5
430.0,162.5
429.0,163.5
430.0,162.5
431.0,161.5
432.0,160.5
433.0,159.5
433.0,158.5
433.0,157.5
433.0,156.5
432.0,155.5
431.0,154.5
430.0,153.5
429.0,152.5
428.0,151.5
427.0,150.5
426.0,149.5
425.0,149.5
420.0,152.5
420.0,153.5
422.0,155.5
423.0,155.5
403.0,157.5
402.0,158.5
401.0,159.5
401.0,160.5
401.0,159.5
401.0,158.5
401.0,157.5
402.0,158.5
397.0,161.5
396.0,161.5
396.0,167.5
397.0,167.5
398.0,167.5
399.0,168.5
400.0,168.5
401.0,168.5
402.0,168.5
403.0,168.5
404.0,169.5
405.0,169.5
406.0,169.5
405.0,169.5
404.0,170.5
403.0,169.5
402.0,169.5
401.0,168.5
400.0,168.5
399.0,168.5
398.0,168.5
397.0,168.5
396.0,168.5
395.0,168.5
394.0,168.5
393.0,168.5
392.0,167.5
391.0,167.5
390.0,166.5
389.0,166.5
388.0,165.5
387.0,165.5
386.0,166.5
385.0,166.5
384.0,166.5
383.0,166.5
382.0,166.5
381.0,166.5
380.0,166.5
379.0,166.5
378.0,166.5
377.0,165.5
376.0,165.5
375.0,165.5
374.0,166.5
373.0,166.5
372.0,167.5
371.0,167.5
370.0,167.5
369.0,167.5
368.0,167.5
367.0,167.5
366.0,167.5
365.0,166.5
364.0,166.5
363.0,167.5
362.0,167.5
361.0,168.5
360.0,167.5
359.0,168.5
358.0,168.5
359.0,168.5
360.0,167.5
361.0,168.5
362.0,167.5
363.0,167.5
364.0,166.5
365.0,166.5
366.0,166.5
367.0,166.5
368.0,167.5
369.0,167.5
370.0,167.5
371.0,166.5
372.0,167.5
373.0,166.5
374.0,166.5
375.0,165.5
376.0,165.5
377.0,165.5
378.0,166.5
379.0,165.5
380.0,165.5
381.0,165.5
382.0,165.5
383.0,166.5
384.0,166.5
385.0,165.5
386.0,166.5
387.0,165.5
388.0,165.5
389.0,166.5
390.0,166.5
391.0,167.5
392.0,167.5
393.0,168.5
394.0,167.5
395.0,168.5
375.0,161.5
375.0,160.5
360.0,149.5
359.0,148.5
358.0,149.5
359.0,148.5
358.0,147.5
358.0,146.5
358.0,145.5
359.0,146.5
359.0,147.5
359.0,148.5
357.0,143.5
357.0,142.5
356.0,141.5
357.0,142.5
354.0,139.5
353.0,138.5
352.0,137.5
351.0,136.5
352.0,137.5
353.0,138.5
349.0,135.5
348.0,134.5
347.0,134.5
346.0,133.5
345.0,133.5
344.0,133.5
343.0,132.5
342.0,132.5
341.0,132.5
340.0,133.5
339.0,134.5
338.0,134.5
337.0,135.5
336.0,136.5
336.0,137.5
336.0,138.5
335.0,139.5
334.0,140.5
333.0,141.5
332.0,141.5
331.0,142.5
330.0,143.5
329.0,144.5
328.0,145.5
327.0,145.5
326.0,146.5
325.0,146.5
324.0,146.5
324.0,145.5
324.0,144.5
325.0,145.5
326.0,145.5
327.0,144.5
328.0,144.5
329.0,144.5
330.0,143.5
329.0,142.5
330.0,143.5
331.0,142.5
332.0,141.5
333.0,140.5
334.0,139.5
335.0,138.5
336.0,137.5
336.0,136.5
337.0,135.5
337.0,134.5
338.0,134.5
339.0,133.5
340.0,133.5
341.0,132.5
341.0,131.5
340.0,130.5
341.0,131.5
342.0,132.5
343.0,132.5
344.0,131.5
344.0,130.5
344.0,131.5
343.0,132.5
344.0,133.5
345.0,133.5
346.0,133.5
347.0,134.5
348.0,134.5
339.0,153.5
338.0,154.5
337.0,155.5
338.0,156.5
338.0,157.5
339.0,158.5
339.0,159.5
339.0,160.5
339.0,161.5
338.0,162.5
338.0,163.5
338.0,164.5
337.0,165.5
336.0,166.5
335.0,166.5
334.0,165.5
333.0,166.5
332.0,166.5
331.0,166.5
330.0,165.5
329.0,165.5
328.0,166.5
327.0,166.5
326.0,166.5
325.0,166.5
324.0,166.5
323.0,166.5
322.0,165.5
321.0,165.5
320.0,165.5
319.0,164.5
318.0,164.5
317.0,165.5
316.0,165.5
315.0,165.5
314.0,165.5
313.0,165.5
312.0,165.5
311.0,165.5
310.0,164.5
309.0,164.5
308.0,164.5
307.0,164.5
306.0,165.5
305.0,165.5
304.0,165.5
303.0,165.5
302.0,165.5
301.0,164.5
300.0,164.5
299.0,163.5
298.0,164.5
297.0,164.5
296.0,164.5
295.0,165.5
296.0,164.5
297.0,164.5
298.0,164.5
299.0,163.5
300.0,164.5
301.0,164.5
302.0,165.5
303.0,164.5
304.0,165.5
305.0,164.5
306.0,165.5
307.0,164.5
308.0,164.5
309.0,163.5
310.0,164.5
311.0,165.5
312.0,164.5
313.0,165.5
314.0,165.5
315.0,165.5
316.0,164.5
317.0,165.5
318.0,164.5
319.0,164.5
320.0,165.5
321.0,164.5
322.0,165.5
323.0,166.5
324.0,165.5
325.0,166.5
326.0,166.5
327.0,165.5
328.0,166.5
329.0,165.5
330.0,165.5
331.0,166.5
332.0,165.5
333.0,166.5
334.0,165.5
335.0,166.5
336.0,166.5
337.0,165.5
338.0,164.5
338.0,163.5
338.0,162.5
339.0,161.5
338.0,160.5
338.0,159.5
339.0,158.5
338.0,157.5
338.0,156.5
337.0,155.5
336.0,154.5
335.0,155.5
335.0,154.5
334.0,153.5
333.0,152.5
332.0,152.5
331.0,152.5
332.0,152.5
333.0,152.5
334.0,153.5
335.0,154.5
336.0,154.5
337.0,155.5
338.0,154.5
333.0,156.5
332.0,156.5
330.0,161.5
330.0,162.5
326.0,153.5
325.0,153.5
324.0,152.5
325.0,152.5
312.0,155.5
312.0,156.5
312.0,157.5
311.0,156.5
310.0,157.5
309.0,158.5
310.0,159.5
310.0,160.5
309.0,159.5
309.0,158.5
310.0,157.5
311.0,156.5
300.0,158.5
299.0,157.5
298.0,156.5
297.0,156.5
296.0,157.5
295.0,156.5
295.0,155.5
295.0,156.5
296.0,157.5
297.0,156.5
298.0,156.5
299.0,157.5
300.0,158.5
299.0,159.5
300.0,160.5
299.0,159.5
289.0,155.5
288.0,156.5
287.0,157.5
286.0,158.5
286.0,159.5
286.0,158.5
287.0,157.5
288.0,156.5
290.0,153.5
290.0,152.5
291.0,151.5
291.0,150.5
291.0,149.5
290.0,148.5
290.0,147.5
290.0,148.5
291.0,149.5
292.0,150.5
291.0,151.5
290.0,152.5
289.0,144.5
288.0,143.5
288.0,142.5
287.0,141.5
287.0,140.5
286.0,139.5
286.0,138.5
285.0,137.5
285.0,136.5
285.0,137.5
286.0,138.5
286.0,139.5
287.0,140.5
287.0,141.5
288.0,142.5
288.0,143.5
284.0,134.5
283.0,133.5
283.0,132.5
282.0,131.5
282.0,130.5
283.0,129.5
284.0,128.5
285.0,127.5
286.0,126.5
287.0,125.5
287.0,124.5
288.0,123.5
288.0,122.5
289.0,121.5
289.0,120.5
290.0,119.5
290.0,118.5
290.0,117.5
290.0,116.5
291.0,115.5
291.0,114.5
292.0,113.5
291.0,112.5
291.0,111.5
292.0,110.5
293.0,109.5
294.0,108.5
295.0,108.5
296.0,107.5
297.0,106.5
297.0,105.5
297.0,106.5
296.0,107.5
295.0,108.5
294.0,109.5
293.0,109.5
292.0,110.5
292.0,111.5
292.0,112.5
292.0,113.5
291.0,114.5
291.0,115.5
290.0,116.5
290.0,117.5
291.0,118.5
290.0,119.5
289.0,120.5
289.0,121.5
288.0,122.5
288.0,123.5
287.0,124.5
287.0,125.5
286.0,126.5
285.0,127.5
284.0,128.5
283.0,129.5
282.0,130.5
282.0,131.5
283.0,132.5
283.0,133.5
277.0,129.5
276.0,129.5
275.0,129.5
275.0,128.5
276.0,128.5
273.0,129.5
273.0,130.5
272.0,130.5
271.0,131.5
270.0,132.5
269.0,132.5
268.0,133.5
267.0,134.5
266.0,135.5
265.0,136.5
264.0,137.5
263.0,138.5
262.0,139.5
262.0,138.5
263.0,138.5
264.0,137.5
265.0,136.5
266.0,135.5
267.0,134.5
268.0,133.5
269.0,132.5
270.0,131.5
271.0,131.5
272.0,130.5
272.0,121.5
271.0,120.5
263.0,119.5
263.0,118.5
282.0,110.5
282.0,109.5
283.0,109.5
284.0,110.5
283.0,109.5
287.0,94.5
287.0,93.5
288.0,93.5
284.0,93.5
283.0,93.5
282.0,93.5
281.0,93.5
280.0,93.5
279.0,93.5
278.0,93.5
277.0,92.5
276.0,93.5
275.0,94.5
274.0,94.5
275.0,94.5
276.0,93.5
276.0,92.5
275.0,91.5
276.0,92.5
277.0,92.5
278.0,93.5
279.0,92.5
280.0,93.5
281.0,93.5
282.0,93.5
283.0,93.5
277.0,90.5
277.0,89.5
277.0,88.5
277.0,87.5
278.0,86.5
279.0,85.5
278.0,84.5
277.0,83.5
278.0,83.5
278.0,84.5
279.0,85.5
280.0,85.5
279.0,85.5
278.0,86.5
278.0,87.5
277.0,88.5
277.0,89.5
282.0,85.5
283.0,85.5
284.0,85.5
285.0,85.5
286.0,85.5
287.0,85.5
288.0,85.5
289.0,86.5
290.0,85.5
291.0,86.5
292.0,85.5
293.0,86.5
294.0,85.5
295.0,85.5
296.0,84.5
297.0,84.5
298.0,85.5
299.0,84.5
300.0,84.5
301.0,83.5
301.0,82.5
302.0,81.5
301.0,80.5
301.0,79.5
302.0,78.5
301.0,77.5
300.0,76.5
299.0,77.5
300.0,76.5
300.0,75.5
301.0,74.5
300.0,73.5
300.0,72.5
299.0,71.5
299.0,70.5
300.0,69.5
300.0,68.5
300.0,67.5
299.0,66.5
300.0,66.5
301.0,65.5
301.0,64.5
302.0,63.5
302.0,62.5
302.0,61.5
302.0,60.5
302.0,59.5
302.0,58.5
301.0,57.5
300.0,56.5
301.0,56.5
302.0,55.5
302.0,54.5
302.0,53.5
302.0,52.5
302.0,51.5
301.0,50.5
300.0,51.5
301.0,50.5
300.0,49.5
301.0,50.5
302.0,49.5
302.0,48.5
302.0,47.5
302.0,46.5
302.0,45.5
302.0,44.5
302.0,43.5
302.0,42.5
302.0,41.5
301.0,40.5
302.0,40.5
302.0,41.5
302.0,42.5
302.0,43.5
302.0,44.5
302.0,45.5
302.0,46.5
302.0,47.5
302.0,48.5
302.0,49.5
301.0,50.5
302.0,51.5
302.0,52.5
302.0,53.5
302.0,54.5
302.0,55.5
302.0,56.5
302.0,57.5
302.0,58.5
302.0,59.5
302.0,60.5
302.0,61.5
302.0,62.5
302.0,63.5
301.0,64.5
301.0,65.5
300.0,66.5
300.0,67.5
300.0,68.5
300.0,69.5
300.0,70.5
300.0,71.5
300.0,72.5
300.0,73.5
301.0,74.5
301.0,75.5
301.0,76.5
301.0,77.5
302.0,78.5
302.0,79.5
302.0,80.5
302.0,81.5
301.0,82.5
301.0,83.5
300.0,84.5
301.0,85.5
300.0,84.5
299.0,84.5
298.0,85.5
297.0,85.5
296.0,85.5
295.0,85.5
294.0,85.5
293.0,86.5
292.0,86.5
291.0,86.5
290.0,85.5
289.0,86.5
288.0,86.5
287.0,86.5
286.0,86.5
285.0,86.5
284.0,86.5
283.0,85.5
293.0,94.5
294.0,94.5
296.0,95.5
297.0,95.5
298.0,96.5
299.0,96.5
300.0,95.5
301.0,95.5
302.0,94.5
301.0,95.5
300.0,95.5
299.0,96.5
298.0,96.5
297.0,95.5
298.0,98.5
299.0,98.5
298.0,99.5
297.0,100.5
298.0,101.5
297.0,100.5
298.0,99.5
304.0,94.5
305.0,94.5
310.0,94.5
311.0,94.5
312.0,94.5
313.0,94.5
314.0,94.5
315.0,94.5
316.0,94.5
317.0,94.5
318.0,94.5
319.0,94.5
318.0,94.5
317.0,94.5
316.0,94.5
315.0,94.5
314.0,94.5
313.0,94.5
312.0,94.5
311.0,94.5
311.0,85.5
312.0,84.5
311.0,83.5
312.0,84.5
313.0,84.5
313.0,85.5
312.0,85.5
315.0,84.5
316.0,85.5
317.0,85.5
318.0,85.5
319.0,85.5
320.0,85.5
321.0,84.5
322.0,85.5
323.0,85.5
324.0,85.5
325.0,86.5
326.0,85.5
327.0,86.5
328.0,86.5
329.0,86.5
330.0,86.5
331.0,86.5
332.0,86.5
333.0,86.5
334.0,86.5
335.0,86.5
336.0,86.5
337.0,86.5
336.0,86.5
335.0,86.5
334.0,86.5
333.0,86.5
332.0,86.5
331.0,86.5
330.0,86.5
329.0,86.5
328.0,86.5
327.0,86.5
326.0,86.5
325.0,86.5
324.0,85.5
323.0,85.5
322.0,85.5
321.0,85.5
320.0,85.5
319.0,85.5
318.0,85.5
317.0,85.5
316.0,85.5
311.0,79.5
311.0,78.5
311.0,77.5
312.0,77.5
311.0,78.5
311.0,68.5
312.0,67.5
311.0,66.5
310.0,65.5
311.0,64.5
311.0,63.5
311.0,62.5
311.0,61.5
311.0,60.5
311.0,59.5
311.0,58.5
311.0,57.5
312.0,57.5
313.0,57.5
312.0,57.5
311.0,58.5
311.0,59.5
311.0,60.5
311.0,61.5
311.0,62.5
311.0,63.5
311.0,64.5
311.0,65.5
311.0,66.5
312.0,67.5
313.0,66.5
312.0,67.5
319.0,64.5
320.0,63.5
321.0,62.5
322.0,62.5
323.0,61.5
322.0,60.5
323.0,61.5
324.0,60.5
323.0,61.5
322.0,62.5
321.0,63.5
320.0,63.5
326.0,59.5
327.0,58.5
328.0,58.5
327.0,58.5
333.0,57.5
334.0,57.5
335.0,57.5
336.0,57.5
337.0,57.5
336.0,57.5
335.0,58.5
334.0,58.5
339.0,62.5
340.0,61.5
340.0,62.5
339.0,63.5
339.0,64.5
339.0,65.5
339.0,64.5
339.0,63.5
337.0,66.5
337.0,67.5
337.0,68.5
337.0,69.5
337.0,70.5
336.0,70.5
336.0,69.5
335.0,68.5
336.0,68.5
337.0,67.5
344.0,66.5
345.0,66.5
346.0,66.5
347.0,65.5
348.0,64.5
347.0,63.5
348.0,62.5
348.0,61.5
348.0,60.5
348.0,59.5
348.0,58.5
348.0,57.5
348.0,56.5
348.0,55.5
348.0,54.5
347.0,53.5
348.0,54.5
348.0,55.5
348.0,56.5
348.0,57.5
348.0,58.5
348.0,59.5
348.0,60.5
348.0,61.5
348.0,62.5
348.0,63.5
348.0,64.5
347.0,65.5
348.0,66.5
347.0,65.5
346.0,66.5
345.0,66.5
345.0,74.5
344.0,74.5
343.0,75.5
343.0,74.5
344.0,74.5
345.0,74.5
346.0,74.5
347.0,74.5
348.0,74.5
348.0,75.5
348.0,76.5
348.0,77.5
348.0,78.5
348.0,79.5
348.0,78.5
348.0,77.5
348.0,76.5
347.0,75.5
346.0,75.5
356.0,66.5
357.0,66.5
358.0,66.5
359.0,65.5
360.0,66.5
361.0,65.5
362.0,64.5
361.0,63.5
362.0,64.5
363.0,63.5
362.0,64.5
362.0,65.5
363.0,66.5
362.0,65.5
361.0,65.5
360.0,66.5
359.0,66.5
358.0,66.5
357.0,66.5
357.0,59.5
357.0,58.5
357.0,57.5
357.0,58.5
363.0,55.5
363.0,54.5
363.0,53.5
363.0,52.5
364.0,51.5
363.0,50.5
363.0,49.5
362.0,48.5
361.0,47.5
360.0,48.5
360.0,47.5
361.0,47.5
362.0,48.5
363.0,47.5
362.0,48.5
363.0,49.5
363.0,50.5
364.0,51.5
364.0,52.5
364.0,53.5
364.0,54.5
364.0,55.5
358.0,48.5
357.0,47.5
356.0,47.5
355.0,48.5
355.0,47.5
355.0,46.5
356.0,46.5
357.0,47.5
358.0,47.5
354.0,43.5
354.0,42.5
354.0,41.5
355.0,41.5
356.0,41.5
357.0,40.5
356.0,41.5
355.0,42.5
359.0,39.5
359.0,38.5
360.0,38.5
361.0,38.5
362.0,38.5
363.0,38.5
364.0,38.5
365.0,38.5
365.0,39.5
364.0,39.5
363.0,38.5
362.0,38.5
361.0,38.5
360.0,38.5
351.0,34.5
350.0,35.5
350.0,36.5
349.0,36.5
348.0,36.5
347.0,36.5
346.0,36.5
345.0,37.5
345.0,36.5
346.0,36.5
347.0,36.5
348.0,36.5
349.0,35.5
350.0,35.5
344.0,43.5
344.0,44.5
345.0,45.5
346.0,46.5
346.0,47.5
346.0,48.5
346.0,47.5
345.0,46.5
345.0,45.5
344.0,44.5
373.0,47.5
374.0,48.5
373.0,49.5
374.0,50.5
374.0,51.5
374.0,52.5
374.0,53.5
375.0,54.5
375.0,55.5
375.0,56.5
375.0,57.5
375.0,58.5
376.0,59.5
376.0,60.5
376.0,61.5
376.0,62.5
376.0,63.5
376.0,64.5
376.0,65.5
376.0,66.5
375.0,66.5
374.0,66.5
373.0,66.5
372.0,65.5
373.0,66.5
374.0,65.5
375.0,65.5
376.0,64.5
376.0,63.5
376.0,62.5
376.0,61.5
376.0,60.5
375.0,59.5
375.0,58.5
375.0,57.5
374.0,56.5
374.0,55.5
374.0,54.5
374.0,53.5
373.0,52.5
373.0,51.5
374.0,50.5
373.0,49.5
374.0,48.5
374.0,37.5
373.0,37.5
374.0,36.5
375.0,36.5
376.0,36.5
377.0,36.5
378.0,36.5
379.0,36.5
380.0,35.5
381.0,36.5
380.0,35.5
379.0,36.5
378.0,37.5
377.0,36.5
376.0,36.5
375.0,36.5
385.0,36.5
386.0,37.5
387.0,36.5
388.0,37.5
389.0,37.5
390.0,37.5
389.0,37.5
388.0,37.5
387.0,37.5
386.0,37.5
386.0,44.5
385.0,44.5
386.0,44.5
387.0,44.5
388.0,44.5
389.0,44.5
390.0,45.5
391.0,45.5
390.0,45.5
389.0,44.5
388.0,45.5
387.0,44.5
390.0,47.5
391.0,47.5
390.0,48.5
391.0,49.5
391.0,50.5
391.0,51.5
391.0,52.5
392.0,53.5
392.0,54.5
392.0,55.5
391.0,56.5
391.0,57.5
391.0,58.5
391.0,59.5
391.0,60.5
391.0,61.5
391.0,60.5
391.0,59.5
391.0,58.5
391.0,57.5
391.0,56.5
391.0,55.5
391.0,54.5
392.0,53.5
391.0,52.5
391.0,51.5
390.0,50.5
391.0,49.5
390.0,48.5
386.0,61.5
386.0,62.5
386.0,63.5
385.0,64.5
386.0,65.5
387.0,66.5
388.0,65.5
389.0,66.5
390.0,66.5
391.0,65.5
391.0,66.5
390.0,66.5
389.0,66.5
388.0,66.5
387.0,66.5
386.0,65.5
385.0,66.5
386.0,65.5
385.0,64.5
386.0,63.5
385.0,62.5
385.0,74.5
386.0,74.5
387.0,74.5
388.0,74.5
389.0,75.5
390.0,75.5
391.0,74.5
390.0,75.5
391.0,76.5
391.0,77.5
391.0,78.5
391.0,79.5
391.0,80.5
391.0,81.5
390.0,82.5
390.0,83.5
390.0,84.5
390.0,85.5
390.0,86.5
390.0,87.5
391.0,88.5
390.0,87.5
389.0,87.5
388.0,87.5
387.0,88.5
386.0,88.5
385.0,88.5
386.0,88.5
387.0,88.5
388.0,87.5
389.0,86.5
389.0,85.5
389.0,84.5
389.0,83.5
388.0,82.5
389.0,83.5
390.0,82.5
391.0,81.5
391.0,80.5
391.0,79.5
391.0,78.5
391.0,77.5
391.0,76.5
390.0,75.5
389.0,75.5
388.0,74.5
387.0,75.5
386.0,75.5
376.0,75.5
376.0,76.5
376.0,77.5
376.0,78.5
375.0,78.5
375.0,77.5
375.0,76.5
375.0,75.5
374.0,74.5
373.0,74.5
374.0,74.5
375.0,74.5
376.0,74.5
375.0,82.5
375.0,83.5
374.0,84.5
374.0,85.5
374.0,86.5
374.0,87.5
375.0,88.5
376.0,89.5
375.0,90.5
375.0,91.5
375.0,92.5
375.0,93.5
375.0,92.5
375.0,91.5
375.0,90.5
375.0,89.5
375.0,88.5
374.0,87.5
373.0,86.5
372.0,87.5
373.0,86.5
373.0,85.5
372.0,84.5
373.0,85.5
374.0,84.5
375.0,83.5
363.0,83.5
363.0,82.5
363.0,81.5
362.0,80.5
361.0,81.5
362.0,80.5
362.0,79.5
362.0,78.5
361.0,77.5
361.0,76.5
361.0,75.5
360.0,74.5
361.0,75.5
362.0,75.5
363.0,74.5
362.0,75.5
362.0,76.5
362.0,77.5
362.0,78.5
362.0,79.5
362.0,80.5
363.0,81.5
363.0,82.5
363.0,83.5
363.0,84.5
363.0,85.5
362.0,86.5
362.0,87.5
363.0,88.5
362.0,87.5
361.0,87.5
360.0,87.5
359.0,88.5
358.0,88.5
357.0,88.5
358.0,88.5
359.0,88.5
360.0,87.5
361.0,87.5
362.0,86.5
363.0,85.5
363.0,84.5
361.0,96.5
360.0,96.5
359.0,96.5
358.0,96.5
359.0,96.5
360.0,96.5
381.0,96.5
382.0,96.5
383.0,96.5
382.0,96.5
387.0,96.5
388.0,96.5
389.0,96.5
390.0,97.5
391.0,98.5
392.0,98.5
391.0,98.5
390.0,99.5
390.0,100.5
390.0,99.5
391.0,98.5
390.0,97.5
389.0,97.5
388.0,96.5
394.0,97.5
395.0,96.5
396.0,96.5
395.0,96.5
394.0,97.5
395.0,98.5
400.0,89.5
400.0,88.5
405.0,77.5
404.0,76.5
403.0,75.5
402.0,74.5
401.0,74.5
402.0,74.5
403.0,75.5
404.0,75.5
405.0,74.5
404.0,75.5
404.0,76.5
404.0,67.5
405.0,67.5
404.0,67.5
403.0,67.5
402.0,67.5
403.0,67.5
447.0,101.5
447.0,102.5
449.0,127.5
450.0,127.5
450.0,128.5
450.0,129.5
450.0,130.5
450.0,131.5
450.0,132.5
449.0,131.5
449.0,130.5
449.0,129.5
449.0,128.5
449.0,134.5
449.0,135.5
448.0,136.5
447.0,137.5
446.0,138.5
447.0,137.5
447.0,136.5
448.0,136.5
449.0,135.5
444.0,139.5
444.0,140.5
443.0,141.5
444.0,142.5
445.0,143.5
445.0,144.5
446.0,145.5
446.0,146.5
447.0,147.5
446.0,146.5
446.0,145.5
445.0,144.5
444.0,143.5
444.0,142.5
443.0,141.5
442.0,141.5
441.0,140.5
440.0,140.5
441.0,140.5
442.0,141.5
443.0,141.5
444.0,140.5
446.0,150.5
447.0,150.5
446.0,151.5
447.0,152.5
447.0,153.5
447.0,154.5
447.0,155.5
447.0,156.5
446.0,157.5
446.0,158.5
446.0,159.5
446.0,160.5
446.0,161.5
446.0,162.5
445.0,163.5
445.0,164.5
444.0,165.5
445.0,164.5
445.0,163.5
446.0,162.5
445.0,161.5
445.0,160.5
445.0,159.5
445.0,158.5
446.0,157.5
447.0,156.5
447.0,155.5
447.0,154.5
446.0,153.5
447.0,152.5
446.0,151.5
445.0,167.5
445.0,168.5
445.0,169.5
445.0,170.5
446.0,171.5
447.0,172.5
447.0,173.5
446.0,174.5
446.0,175.5
445.0,176.5
445.0,177.5
445.0,178.5
445.0,179.5
446.0,180.5
445.0,181.5
446.0,180.5
445.0,179.5
445.0,178.5
445.0,177.5
444.0,176.5
445.0,175.5
446.0,174.5
447.0,173.5
446.0,172.5
446.0,171.5
445.0,170.5
445.0,169.5
445.0,168.5
439.0,174.5
439.0,175.5
439.0,176.5
439.0,175.5
439.0,181.5
440.0,182.5
439.0,181.5
438.0,182.5
438.0,183.5
438.0,182.5
436.0,182.5
436.0,183.5
435.0,183.5
443.0,190.5
444.0,191.5
446.0,190.5
447.0,191.5
448.0,191.5
447.0,191.5
447.0,188.5
446.0,187.5
447.0,185.5
446.0,184.5
446.0,183.5
446.0,184.5
449.0,199.5
449.0,200.5
448.0,201.5
448.0,202.5
448.0,203.5
448.0,204.5
448.0,205.5
448.0,206.5
447.0,207.5
448.0,206.5
447.0,205.5
447.0,204.5
447.0,203.5
447.0,202.5
447.0,201.5
448.0,201.5
449.0,200.5
435.0,216.5
434.0,216.5
433.0,215.5
434.0,216.5
435.0,216.5
436.0,217.5
413.0,194.5
412.0,193.5
413.0,193.5
358.0,193.5
357.0,193.5
356.0,193.5
355.0,192.5
354.0,192.5
353.0,191.5
352.0,190.5
351.0,190.5
350.0,191.5
349.0,191.5
348.0,191.5
347.0,190.5
346.0,191.5
345.0,191.5
344.0,190.5
343.0,191.5
342.0,191.5
341.0,191.5
340.0,191.5
339.0,190.5
338.0,191.5
337.0,191.5
336.0,191.5
335.0,191.5
334.0,191.5
333.0,191.5
332.0,192.5
331.0,191.5
332.0,192.5
333.0,191.5
334.0,191.5
335.0,191.5
336.0,191.5
337.0,190.5
338.0,191.5
339.0,190.5
340.0,191.5
341.0,190.5
342.0,191.5
343.0,191.5
344.0,190.5
345.0,191.5
346.0,191.5
347.0,190.5
348.0,190.5
349.0,190.5
350.0,191.5
351.0,190.5
352.0,190.5
353.0,191.5
354.0,192.5
355.0,192.5
356.0,193.5
357.0,192.5
358.0,179.5
357.0,178.5
357.0,177.5
358.0,176.5
358.0,175.5
358.0,174.5
359.0,174.5
360.0,174.5
361.0,173.5
361.0,174.5
360.0,174.5
359.0,175.5
358.0,176.5
358.0,177.5
358.0,178.5
359.0,179.5
340.0,179.5
340.0,178.5
340.0,177.5
340.0,176.5
339.0,175.5
338.0,175.5
339.0,174.5
340.0,173.5
339.0,174.5
339.0,175.5
340.0,176.5
340.0,177.5
340.0,178.5
340.0,179.5
340.0,180.5
340.0,181.5
340.0,182.5
340.0,181.5
340.0,180.5
338.0,183.5
338.0,184.5
332.0,183.5
331.0,184.5
330.0,183.5
329.0,184.5
329.0,185.5
328.0,186.5
329.0,185.5
329.0,184.5
330.0,183.5
331.0,184.5
329.0,190.5
328.0,190.5
327.0,189.5
326.0,190.5
325.0,190.5
324.0,191.5
323.0,191.5
322.0,191.5
321.0,190.5
320.0,191.5
319.0,191.5
318.0,190.5
317.0,189.5
316.0,189.5
317.0,189.5
318.0,190.5
319.0,190.5
320.0,191.5
321.0,190.5
322.0,191.5
323.0,190.5
324.0,191.5
325.0,190.5
326.0,190.5
327.0,189.5
328.0,190.5
331.0,198.5
332.0,199.5
325.0,199.5
325.0,200.5
320.0,198.5
319.0,199.5
319.0,200.5
319.0,199.5
319.0,198.5
318.0,204.5
319.0,205.5
316.0,205.5
315.0,206.5
315.0,205.5
313.0,205.5
313.0,206.5
312.0,206.5
311.0,207.5
312.0,206.5
311.0,205.5
311.0,204.5
311.0,205.5
312.0,206.5
310.0,199.5
310.0,198.5
311.0,188.5
310.0,187.5
310.0,186.5
309.0,185.5
308.0,184.5
307.0,183.5
306.0,182.5
305.0,182.5
304.0,182.5
303.0,181.5
302.0,182.5
301.0,181.5
300.0,181.5
299.0,181.5
298.0,181.5
297.0,181.5
296.0,182.5
296.0,181.5
297.0,181.5
298.0,181.5
299.0,181.5
300.0,181.5
301.0,181.5
302.0,181.5
303.0,181.5
304.0,182.5
305.0,182.5
306.0,182.5
307.0,183.5
308.0,183.5
309.0,183.5
309.0,184.5
309.0,185.5
310.0,186.5
310.0,187.5
314.0,181.5
314.0,180.5
315.0,179.5
316.0,178.5
317.0,177.5
318.0,177.5
319.0,176.5
320.0,175.5
321.0,174.5
322.0,174.5
323.0,173.5
324.0,174.5
323.0,173.5
322.0,174.5
321.0,174.5
320.0,175.5
319.0,176.5
318.0,177.5
317.0,177.5
316.0,178.5
315.0,179.5
314.0,180.5
329.0,174.5
329.0,173.5
330.0,173.5
331.0,174.5
332.0,174.5
333.0,174.5
334.0,174.5
335.0,174.5
336.0,174.5
335.0,175.5
334.0,174.5
333.0,174.5
332.0,174.5
331.0,174.5
330.0,173.5
339.0,166.5
340.0,167.5
353.0,210.5
354.0,211.5
353.0,213.5
352.0,214.5
353.0,213.5
354.0,214.5
355.0,215.5
356.0,216.5
357.0,217.5
357.0,218.5
358.0,219.5
359.0,220.5
359.0,221.5
359.0,222.5
360.0,223.5
360.0,224.5
361.0,225.5
361.0,226.5
360.0,227.5
361.0,228.5
361.0,229.5
362.0,230.5
362.0,231.5
361.0,231.5
361.0,230.5
361.0,229.5
361.0,228.5
360.0,227.5
360.0,226.5
360.0,225.5
360.0,224.5
360.0,223.5
359.0,222.5
359.0,221.5
358.0,220.5
358.0,219.5
357.0,218.5
356.0,217.5
356.0,216.5
355.0,215.5
354.0,214.5
348.0,214.5
347.0,215.5
346.0,215.5
345.0,215.5
344.0,214.5
343.0,215.5
342.0,215.5
341.0,215.5
340.0,216.5
339.0,216.5
338.0,217.5
337.0,218.5
337.0,219.5
336.0,219.5
336.0,218.5
335.0,217.5
334.0,216.5
333.0,216.5
332.0,215.5
331.0,215.5
330.0,214.5
329.0,214.5
328.0,213.5
327.0,213.5
326.0,213.5
327.0,213.5
328.0,213.5
329.0,214.5
330.0,214.5
331.0,215.5
332.0,215.5
333.0,216.5
334.0,216.5
335.0,217.5
336.0,217.5
337.0,217.5
338.0,217.5
339.0,216.5
340.0,216.5
341.0,215.5
342.0,215.5
343.0,215.5
344.0,214.5
345.0,214.5
346.0,214.5
347.0,215.5
337.0,221.5
337.0,222.5
337.0,223.5
336.0,224.5
337.0,225.5
337.0,226.5
336.0,227.5
336.0,228.5
336.0,229.5
336.0,230.5
335.0,231.5
336.0,230.5
335.0,229.5
336.0,228.5
336.0,227.5
337.0,226.5
336.0,225.5
336.0,224.5
337.0,223.5
337.0,222.5
334.0,233.5
334.0,234.5
333.0,235.5
332.0,236.5
331.0,237.5
330.0,238.5
329.0,239.5
329.0,240.5
328.0,241.5
327.0,242.5
326.0,243.5
326.0,244.5
326.0,243.5
327.0,242.5
327.0,241.5
328.0,240.5
329.0,239.5
330.0,238.5
331.0,237.5
332.0,236.5
333.0,235.5
333.0,234.5
318.0,213.5
317.0,213.5
318.0,212.5
319.0,212.5
315.0,214.5
314.0,215.5
313.0,215.5
312.0,216.5
312.0,217.5
311.0,218.5
311.0,219.5
311.0,220.5
310.0,221.5
310.0,222.5
309.0,223.5
309.0,224.5
308.0,225.5
308.0,226.5
307.0,226.5
306.0,227.5
306.0,228.5
305.0,229.5
306.0,228.5
306.0,227.5
307.0,226.5
308.0,225.5
309.0,224.5
309.0,223.5
310.0,222.5
310.0,221.5
311.0,220.5
311.0,219.5
311.0,218.5
311.0,217.5
311.0,216.5
312.0,216.5
313.0,215.5
314.0,215.5
298.0,215.5
298.0,214.5
298.0,215.5
298.0,216.5
297.0,217.5
298.0,216.5
297.0,212.5
297.0,211.5
296.0,210.5
295.0,209.5
294.0,208.5
293.0,207.5
292.0,206.5
291.0,205.5
290.0,204.5
289.0,204.5
288.0,203.5
287.0,203.5
286.0,202.5
285.0,202.5
284.0,201.5
283.0,201.5
283.0,200.5
283.0,199.5
282.0,198.5
282.0,197.5
283.0,196.5
283.0,195.5
283.0,194.5
283.0,195.5
283.0,196.5
282.0,197.5
283.0,198.5
283.0,199.5
284.0,200.5
284.0,201.5
285.0,202.5
286.0,202.5
287.0,203.5
288.0,203.5
289.0,204.5
290.0,204.5
291.0,205.5
292.0,206.5
293.0,206.5
293.0,207.5
294.0,208.5
295.0,208.5
295.0,209.5
296.0,210.5
297.0,211.5
282.0,205.5
281.0,206.5
280.0,207.5
279.0,207.5
278.0,208.5
277.0,208.5
276.0,209.5
275.0,209.5
275.0,208.5
276.0,209.5
277.0,208.5
278.0,208.5
279.0,207.5
280.0,207.5
281.0,206.5
283.0,192.5
283.0,191.5
284.0,190.5
284.0,189.5
284.0,190.5
283.0,191.5
285.0,187.5
285.0,186.5
286.0,184.5
286.0,183.5
286.0,182.5
286.0,181.5
285.0,180.5
284.0,179.5
284.0,178.5
283.0,177.5
282.0,176.5
282.0,175.5
281.0,174.5
280.0,173.5
279.0,172.5
280.0,171.5
279.0,170.5
279.0,169.5
279.0,168.5
280.0,168.5
281.0,167.5
282.0,167.5
281.0,168.5
280.0,169.5
279.0,170.5
280.0,171.5
280.0,172.5
280.0,173.5
281.0,174.5
282.0,175.5
282.0,176.5
283.0,177.5
284.0,178.5
284.0,179.5
285.0,180.5
286.0,181.5
287.0,182.5
287.0,183.5
284.0,166.5
285.0,165.5
277.0,168.5
276.0,167.5
255.0,176.5
254.0,175.5
255.0,176.5
254.0,177.5
254.0,179.5
254.0,180.5
254.0,181.5
253.0,182.5
254.0,183.5
254.0,184.5
254.0,183.5
253.0,182.5
253.0,181.5
254.0,180.5
254.0,186.5
254.0,187.5
254.0,188.5
254.0,189.5
253.0,190.5
254.0,191.5
254.0,192.5
254.0,193.5
253.0,194.5
253.0,195.5
253.0,196.5
254.0,197.5
253.0,198.5
253.0,199.5
253.0,200.5
254.0,201.5
254.0,202.5
255.0,203.5
256.0,203.5
256.0,204.5
257.0,205.5
258.0,206.5
259.0,207.5
258.0,206.5
257.0,205.5
256.0,204.5
255.0,203.5
254.0,202.5
253.0,203.5
253.0,202.5
254.0,201.5
253.0,200.5
253.0,199.5
253.0,198.5
254.0,197.5
253.0,196.5
253.0,195.5
253.0,194.5
254.0,193.5
253.0,192.5
253.0,191.5
253.0,190.5
254.0,189.5
254.0,188.5
254.0,187.5
241.0,187.5
240.0,186.5
240.0,185.5
239.0,184.5
239.0,183.5
239.0,184.5
240.0,185.5
240.0,186.5
241.0,187.5
241.0,188.5
240.0,188.5
240.0,190.5
241.0,190.5
241.0,191.5
235.0,194.5
234.0,193.5
233.0,192.5
232.0,191.5
231.0,190.5
230.0,189.5
229.0,189.5
230.0,189.5
231.0,190.5
232.0,191.5
233.0,191.5
233.0,192.5
234.0,193.5
237.0,200.5
237.0,201.5
238.0,202.5
237.0,203.5
238.0,202.5
237.0,201.5
237.0,205.5
236.0,206.5
236.0,207.5
235.0,208.5
236.0,209.5
237.0,210.5
238.0,211.5
239.0,212.5
240.0,213.5
240.0,214.5
241.0,215.5
240.0,216.5
241.0,217.5
241.0,218.5
241.0,219.5
241.0,220.5
240.0,219.5
240.0,218.5
241.0,217.5
240.0,216.5
241.0,215.5
240.0,214.5
240.0,213.5
239.0,212.5
238.0,212.5
238.0,211.5
237.0,210.5
236.0,209.5
235.0,209.5
234.0,209.5
233.0,210.5
232.0,210.5
231.0,210.5
230.0,211.5
229.0,211.5
228.0,211.5
227.0,212.5
226.0,212.5
225.0,212.5
224.0,211.5
223.0,212.5
222.0,211.5
221.0,212.5
220.0,212.5
219.0,213.5
218.0,213.5
217.0,212.5
216.0,213.5
215.0,213.5
215.0,212.5
216.0,213.5
217.0,212.5
218.0,212.5
219.0,212.5
220.0,211.5
221.0,211.5
222.0,211.5
223.0,212.5
224.0,211.5
225.0,211.5
226.0,211.5
227.0,212.5
228.0,211.5
229.0,211.5
230.0,211.5
231.0,210.5
232.0,209.5
233.0,210.5
234.0,209.5
235.0,208.5
236.0,207.5
236.0,206.5
240.0,222.5
240.0,223.5
239.0,224.5
239.0,225.5
238.0,226.5
238.0,227.5
237.0,228.5
237.0,229.5
238.0,230.5
238.0,231.5
239.0,232.5
239.0,233.5
240.0,234.5
240.0,235.5
240.0,236.5
240.0,237.5
240.0,238.5
240.0,237.5
240.0,236.5
240.0,235.5
240.0,234.5
239.0,233.5
239.0,232.5
238.0,231.5
237.0,230.5
236.0,229.5
237.0,228.5
238.0,227.5
238.0,226.5
239.0,225.5
239.0,224.5
240.0,223.5
233.0,229.5
234.0,230.5
233.0,229.5
232.0,230.5
231.0,229.5
230.0,228.5
229.0,227.5
228.0,226.5
227.0,225.5
226.0,224.5
225.0,223.5
224.0,222.5
223.0,221.5
223.0,220.5
224.0,221.5
225.0,222.5
226.0,223.5
226.0,224.5
227.0,225.5
228.0,226.5
229.0,227.5
230.0,228.5
231.0,228.5
231.0,229.5
232.0,230.5
240.0,240.5
240.0,241.5
239.0,242.5
239.0,243.5
239.0,242.5
240.0,241.5
219.0,241.5
219.0,240.5
219.0,239.5
218.0,238.5
217.0,237.5
217.0,236.5
217.0,235.5
217.0,234.5
216.0,233.5
216.0,232.5
216.0,231.5
216.0,230.5
216.0,229.5
216.0,228.5
216.0,227.5
215.0,226.5
215.0,225.5
215.0,224.5
215.0,225.5
215.0,226.5
216.0,227.5
216.0,228.5
216.0,229.5
216.0,230.5
217.0,231.5
217.0,232.5
216.0,233.5
217.0,234.5
217.0,235.5
217.0,236.5
217.0,237.5
218.0,238.5
219.0,239.5
219.0,240.5
219.0,241.5
219.0,242.5
199.0,236.5
199.0,235.5
199.0,234.5
200.0,233.5
200.0,232.5
201.0,231.5
200.0,230.5
200.0,229.5
200.0,228.5
200.0,227.5
200.0,226.5
201.0,225.5
201.0,224.5
201.0,223.5
201.0,222.5
200.0,221.5
199.0,220.5
198.0,219.5
197.0,218.5
196.0,219.5
195.0,218.5
194.0,218.5
193.0,218.5
194.0,217.5
195.0,218.5
196.0,218.5
197.0,218.5
198.0,219.5
199.0,219.5
200.0,219.5
201.0,218.5
200.0,219.5
200.0,220.5
200.0,221.5
201.0,222.5
201.0,223.5
201.0,224.5
201.0,225.5
201.0,226.5
201.0,227.5
201.0,228.5
201.0,229.5
201.0,230.5
201.0,231.5
200.0,232.5
200.0,233.5
199.0,234.5
199.0,235.5
199.0,236.5
198.0,237.5
198.0,238.5
197.0,239.5
197.0,240.5
196.0,241.5
196.0,242.5
195.0,243.5
194.0,244.5
195.0,243.5
196.0,242.5
196.0,241.5
197.0,240.5
197.0,239.5
198.0,238.5
198.0,237.5
186.0,221.5
185.0,221.5
184.0,222.5
183.0,223.5
182.0,224.5
181.0,225.5
181.0,224.5
182.0,224.5
183.0,223.5
184.0,222.5
185.0,221.5
186.0,220.5
187.0,219.5
188.0,218.5
189.0,217.5
190.0,216.5
190.0,215.5
190.0,216.5
191.0,217.5
190.0,217.5
189.0,218.5
188.0,219.5
187.0,219.5
186.0,220.5
190.0,212.5
189.0,211.5
188.0,210.5
188.0,209.5
187.0,208.5
186.0,208.5
186.0,207.5
185.0,206.5
184.0,206.5
183.0,205.5
184.0,206.5
185.0,206.5
186.0,207.5
187.0,208.5
188.0,209.5
189.0,210.5
189.0,211.5
176.0,203.5
175.0,204.5
174.0,205.5
173.0,206.5
172.0,207.5
171.0,208.5
170.0,209.5
169.0,210.5
168.0,211.5
167.0,212.5
167.0,211.5
168.0,210.5
169.0,209.5
170.0,208.5
171.0,207.5
172.0,206.5
173.0,205.5
174.0,204.5
175.0,203.5
175.0,202.5
176.0,201.5
175.0,202.5
162.0,198.5
161.0,198.5
160.0,198.5
159.0,197.5
158.0,197.5
157.0,196.5
156.0,196.5
155.0,195.5
154.0,195.5
153.0,194.5
152.0,194.5
151.0,194.5
150.0,194.5
149.0,194.5
148.0,194.5
147.0,194.5
146.0,194.5
145.0,194.5
144.0,195.5
143.0,196.5
142.0,197.5
141.0,197.5
140.0,198.5
139.0,198.5
140.0,198.5
141.0,197.5
142.0,197.5
143.0,196.5
144.0,195.5
145.0,194.5
145.0,193.5
144.0,192.5
143.0,192.5
142.0,191.5
141.0,191.5
140.0,190.5
139.0,191.5
138.0,190.5
137.0,191.5
136.0,191.5
135.0,192.5
135.0,191.5
136.0,191.5
137.0,190.5
138.0,190.5
139.0,190.5
140.0,190.5
141.0,191.5
142.0,191.5
143.0,192.5
144.0,192.5
145.0,193.5
146.0,193.5
147.0,194.5
148.0,194.5
149.0,193.5
150.0,193.5
151.0,193.5
152.0,193.5
153.0,193.5
153.0,194.5
154.0,195.5
155.0,195.5
156.0,196.5
157.0,196.5
158.0,197.5
159.0,197.5
160.0,197.5
161.0,198.5
165.0,212.5
164.0,213.5
163.0,214.5
162.0,214.5
161.0,215.5
160.0,215.5
159.0,216.5
158.0,216.5
157.0,217.5
156.0,218.5
155.0,219.5
154.0,219.5
153.0,220.5
152.0,221.5
151.0,221.5
150.0,222.5
149.0,223.5
148.0,224.5
147.0,224.5
148.0,223.5
149.0,223.5
150.0,222.5
151.0,221.5
152.0,221.5
153.0,220.5
154.0,219.5
155.0,219.5
156.0,218.5
157.0,217.5
158.0,216.5
159.0,216.5
160.0,215.5
160.0,214.5
161.0,215.5
162.0,214.5
163.0,214.5
164.0,213.5
168.0,216.5
169.0,217.5
170.0,218.5
171.0,219.5
172.0,220.5
173.0,221.5
174.0,222.5
175.0,223.5
176.0,224.5
177.0,225.5
178.0,226.5
179.0,226.5
179.0,227.5
179.0,228.5
179.0,229.5
178.0,230.5
178.0,231.5
178.0,232.5
177.0,233.5
176.0,234.5
175.0,235.5
175.0,236.5
174.0,237.5
174.0,238.5
174.0,239.5
175.0,240.5
175.0,241.5
176.0,242.5
175.0,241.5
175.0,240.5
174.0,239.5
174.0,238.5
174.0,237.5
175.0,236.5
175.0,235.5
176.0,234.5
177.0,233.5
178.0,232.5
177.0,231.5
177.0,230.5
178.0,229.5
178.0,228.5
178.0,227.5
177.0,226.5
176.0,225.5
175.0,224.5
174.0,223.5
173.0,222.5
172.0,221.5
171.0,220.5
170.0,219.5
169.0,218.5
169.0,217.5
147.0,227.5
147.0,228.5
147.0,231.5
148.0,232.5
149.0,233.5
150.0,233.5
151.0,234.5
152.0,235.5
153.0,236.5
154.0,237.5
155.0,238.5
155.0,239.5
154.0,240.5
153.0,241.5
153.0,242.5
153.0,241.5
154.0,240.5
154.0,239.5
154.0,238.5
153.0,237.5
152.0,236.5
151.0,235.5
150.0,234.5
149.0,233.5
148.0,233.5
147.0,232.5
146.0,232.5
145.0,233.5
144.0,233.5
143.0,233.5
142.0,234.5
141.0,235.5
140.0,235.5
139.0,234.5
138.0,233.5
137.0,233.5
136.0,233.5
135.0,232.5
134.0,233.5
134.0,232.5
133.0,231.5
132.0,231.5
131.0,230.5
132.0,231.5
133.0,231.5
134.0,232.5
135.0,232.5
136.0,233.5
137.0,233.5
138.0,233.5
139.0,234.5
140.0,234.5
141.0,234.5
142.0,234.5
143.0,233.5
144.0,232.5
145.0,232.5
146.0,231.5
141.0,238.5
142.0,239.5
143.0,240.5
143.0,241.5
143.0,242.5
144.0,243.5
143.0,242.5
143.0,241.5
143.0,240.5
142.0,239.5
139.0,239.5
139.0,240.5
137.0,241.5
137.0,242.5
136.0,243.5
135.0,242.5
136.0,243.5
137.0,242.5
135.0,245.5
136.0,246.5
137.0,247.5
138.0,248.5
139.0,248.5
139.0,249.5
138.0,248.5
137.0,247.5
136.0,246.5
135.0,245.5
134.0,246.5
133.0,245.5
132.0,246.5
131.0,247.5
130.0,246.5
129.0,247.5
128.0,248.5
127.0,249.5
128.0,250.5
127.0,251.5
127.0,252.5
127.0,253.5
128.0,254.5
127.0,254.5
126.0,253.5
125.0,253.5
124.0,252.5
123.0,253.5
122.0,252.5
121.0,253.5
120.0,253.5
119.0,254.5
118.0,255.5
117.0,256.5
116.0,257.5
115.0,258.5
114.0,259.5
113.0,260.5
114.0,259.5
115.0,258.5
116.0,257.5
116.0,256.5
117.0,256.5
118.0,255.5
119.0,254.5
120.0,253.5
120.0,252.5
119.0,251.5
119.0,250.5
119.0,249.5
119.0,250.5
119.0,251.5
120.0,252.5
121.0,253.5
122.0,252.5
123.0,253.5
124.0,252.5
125.0,253.5
126.0,252.5
127.0,251.5
128.0,250.5
127.0,249.5
128.0,248.5
127.0,247.5
128.0,247.5
129.0,247.5
130.0,246.5
131.0,246.5
132.0,246.5
133.0,245.5
134.0,246.5
135.0,254.5
136.0,255.5
135.0,254.5
134.0,255.5
131.0,254.5
130.0,255.5
128.0,257.5
127.0,257.5
124.0,247.5
124.0,246.5
123.0,245.5
122.0,246.5
123.0,245.5
124.0,246.5
125.0,246.5
118.0,246.5
117.0,245.5
116.0,244.5
116.0,243.5
115.0,242.5
114.0,241.5
114.0,240.5
113.0,239.5
114.0,238.5
114.0,237.5
115.0,236.5
114.0,237.5
114.0,238.5
113.0,239.5
114.0,240.5
114.0,241.5
115.0,242.5
116.0,243.5
117.0,244.5
118.0,245.5
112.0,245.5
112.0,246.5
106.0,250.5
106.0,251.5
105.0,251.5
105.0,250.5
105.0,240.5
106.0,239.5
107.0,239.5
108.0,238.5
109.0,239.5
108.0,238.5
107.0,239.5
107.0,240.5
106.0,239.5
105.0,240.5
104.0,240.5
103.0,239.5
102.0,239.5
102.0,238.5
103.0,239.5
104.0,239.5
100.0,238.5
99.0,237.5
98.0,236.5
97.0,235.5
96.0,235.5
95.0,234.5
94.0,233.5
95.0,234.5
96.0,234.5
97.0,234.5
97.0,235.5
98.0,236.5
99.0,237.5
100.0,237.5
96.0,238.5
95.0,239.5
94.0,240.5
94.0,241.5
93.0,242.5
92.0,243.5
91.0,244.5
92.0,245.5
93.0,246.5
92.0,246.5
92.0,245.5
91.0,244.5
90.0,245.5
89.0,245.5
88.0,245.5
87.0,244.5
86.0,244.5
85.0,243.5
84.0,244.5
84.0,245.5
83.0,245.5
82.0,245.5
81.0,245.5
80.0,245.5
79.0,245.5
78.0,246.5
78.0,245.5
77.0,244.5
76.0,244.5
75.0,243.5
76.0,244.5
77.0,244.5
78.0,245.5
79.0,245.5
80.0,245.5
81.0,245.5
82.0,244.5
83.0,244.5
84.0,244.5
85.0,243.5
86.0,244.5
87.0,244.5
88.0,245.5
89.0,244.5
90.0,245.5
91.0,244.5
92.0,243.5
92.0,242.5
91.0,241.5
92.0,242.5
93.0,241.5
94.0,240.5
95.0,239.5
90.0,232.5
89.0,231.5
88.0,231.5
88.0,230.5
87.0,229.5
86.0,228.5
85.0,228.5
86.0,228.5
87.0,229.5
88.0,230.5
89.0,231.5
87.0,222.5
86.0,221.5
85.0,220.5
84.0,220.5
83.0,221.5
82.0,221.5
81.0,221.5
80.0,220.5
80.0,219.5
79.0,218.5
78.0,218.5
77.0,217.5
76.0,216.5
75.0,215.5
74.0,214.5
74.0,213.5
73.0,212.5
72.0,211.5
71.0,210.5
71.0,209.5
70.0,208.5
69.0,207.5
68.0,206.5
67.0,206.5
66.0,205.5
65.0,204.5
64.0,205.5
63.0,205.5
64.0,205.5
65.0,204.5
66.0,203.5
65.0,204.5
66.0,205.5
67.0,206.5
68.0,206.5
69.0,207.5
70.0,208.5
71.0,207.5
71.0,206.5
71.0,207.5
70.0,208.5
71.0,209.5
71.0,210.5
72.0,211.5
73.0,212.5
74.0,211.5
73.0,212.5
74.0,213.5
74.0,214.5
75.0,215.5
76.0,216.5
77.0,217.5
78.0,217.5
79.0,218.5
80.0,219.5
81.0,220.5
82.0,220.5
83.0,221.5
84.0,220.5
85.0,220.5
86.0,219.5
87.0,219.5
88.0,218.5
88.0,217.5
89.0,216.5
88.0,215.5
88.0,214.5
88.0,213.5
88.0,212.5
88.0,211.5
89.0,212.5
89.0,213.5
89.0,214.5
89.0,215.5
89.0,216.5
88.0,217.5
88.0,218.5
87.0,219.5
86.0,220.5
86.0,221.5
89.0,208.5
88.0,207.5
87.0,206.5
86.0,206.5
85.0,205.5
84.0,204.5
85.0,204.5
86.0,205.5
87.0,206.5
88.0,206.5
89.0,207.5
90.0,207.5
91.0,206.5
92.0,205.5
93.0,205.5
94.0,205.5
95.0,205.5
96.0,206.5
95.0,205.5
94.0,205.5
93.0,206.5
92.0,206.5
91.0,206.5
90.0,207.5
85.0,201.5
85.0,200.5
85.0,197.5
84.0,196.5
85.0,196.5
86.0,196.5
87.0,195.5
88.0,196.5
89.0,195.5
90.0,195.5
89.0,195.5
88.0,196.5
87.0,196.5
86.0,197.5
92.0,195.5
93.0,194.5
94.0,194.5
95.0,194.5
94.0,194.5
93.0,194.5
92.0,190.5
91.0,189.5
87.0,183.5
88.0,182.5
89.0,182.5
90.0,181.5
91.0,181.5
92.0,180.5
93.0,179.5
94.0,178.5
93.0,177.5
92.0,176.5
91.0,176.5
90.0,175.5
89.0,175.5
88.0,174.5
89.0,175.5
90.0,175.5
91.0,176.5
92.0,176.5
93.0,177.5
94.0,178.5
95.0,178.5
96.0,178.5
97.0,178.5
98.0,178.5
99.0,178.5
100.0,178.5
101.0,178.5
102.0,178.5
103.0,178.5
104.0,178.5
105.0,178.5
106.0,178.5
107.0,178.5
108.0,177.5
109.0,178.5
110.0,178.5
111.0,178.5
112.0,179.5
113.0,178.5
114.0,179.5
115.0,178.5
116.0,178.5
117.0,178.5
118.0,178.5
119.0,177.5
120.0,178.5
121.0,177.5
122.0,176.5
123.0,175.5
124.0,174.5
123.0,175.5
123.0,176.5
123.0,177.5
124.0,178.5
125.0,179.5
126.0,180.5
127.0,181.5
128.0,182.5
129.0,183.5
128.0,182.5
127.0,181.5
126.0,180.5
125.0,179.5
124.0,178.5
123.0,177.5
122.0,177.5
121.0,177.5
120.0,178.5
119.0,178.5
118.0,178.5
117.0,178.5
116.0,178.5
115.0,178.5
114.0,179.5
113.0,179.5
112.0,179.5
111.0,178.5
110.0,178.5
109.0,178.5
108.0,178.5
107.0,178.5
106.0,178.5
105.0,178.5
104.0,178.5
103.0,178.5
102.0,178.5
101.0,178.5
100.0,178.5
99.0,178.5
98.0,178.5
97.0,178.5
96.0,178.5
95.0,178.5
94.0,178.5
93.0,179.5
92.0,180.5
91.0,181.5
90.0,181.5
89.0,182.5
88.0,182.5
87.0,183.5
86.0,183.5
85.0,183.5
84.0,184.5
83.0,183.5
82.0,183.5
81.0,183.5
80.0,182.5
79.0,182.5
78.0,181.5
77.0,182.5
76.0,182.5
75.0,183.5
74.0,183.5
73.0,183.5
72.0,183.5
71.0,183.5
70.0,183.5
69.0,183.5
68.0,183.5
67.0,183.5
66.0,183.5
66.0,182.5
66.0,181.5
66.0,180.5
66.0,181.5
67.0,182.5
68.0,182.5
69.0,183.5
70.0,183.5
71.0,183.5
72.0,183.5
73.0,183.5
74.0,182.5
75.0,183.5
76.0,182.5
77.0,182.5
78.0,181.5
78.0,180.5
78.0,179.5
77.0,178.5
78.0,177.5
77.0,176.5
76.0,175.5
75.0,174.5
74.0,175.5
74.0,174.5
75.0,174.5
76.0,175.5
77.0,176.5
78.0,175.5
79.0,174.5
79.0,173.5
80.0,173.5
79.0,174.5
78.0,175.5
77.0,176.5
78.0,177.5
77.0,178.5
78.0,179.5
78.0,180.5
78.0,181.5
79.0,182.5
80.0,182.5
81.0,183.5
82.0,182.5
83.0,183.5
84.0,183.5
85.0,183.5
86.0,182.5
80.0,195.5
79.0,195.5
78.0,195.5
77.0,194.5
76.0,195.5
75.0,195.5
76.0,195.5
77.0,194.5
78.0,194.5
79.0,195.5
74.0,198.5
74.0,199.5
73.0,194.5
72.0,193.5
71.0,193.5
72.0,193.5
66.0,189.5
65.0,189.5
64.0,190.5
64.0,191.5
64.0,190.5
64.0,189.5
65.0,189.5
52.0,184.5
51.0,185.5
50.0,185.5
49.0,186.5
49.0,187.5
48.0,187.5
47.0,188.5
47.0,189.5
46.0,189.5
45.0,189.5
44.0,190.5
43.0,190.5
42.0,190.5
41.0,190.5
40.0,191.5
41.0,190.5
42.0,190.5
43.0,190.5
44.0,189.5
45.0,189.5
46.0,188.5
47.0,187.5
48.0,187.5
49.0,186.5
50.0,185.5
51.0,185.5
52.0,180.5
52.0,179.5
52.0,178.5
51.0,177.5
51.0,176.5
52.0,175.5
52.0,174.5
51.0,173.5
51.0,172.5
51.0,171.5
50.0,170.5
50.0,169.5
50.0,168.5
50.0,167.5
50.0,166.5
50.0,165.5
51.0,164.5
51.0,163.5
51.0,162.5
51.0,161.5
52.0,160.5
52.0,159.5
52.0,158.5
52.0,157.5
52.0,156.5
52.0,155.5
52.0,154.5
52.0,153.5
52.0,152.5
53.0,151.5
53.0,150.5
54.0,149.5
54.0,148.5
55.0,147.5
56.0,146.5
56.0,145.5
57.0,144.5
56.0,145.5
56.0,146.5
55.0,147.5
54.0,148.5
54.0,149.5
53.0,150.5
53.0,151.5
52.0,152.5
52.0,153.5
52.0,154.5
52.0,155.5
52.0,156.5
52.0,157.5
52.0,158.5
52.0,159.5
52.0,160.5
51.0,161.5
51.0,162.5
51.0,163.5
51.0,164.5
52.0,165.5
51.0,164.5
50.0,165.5
50.0,166.5
50.0,167.5
50.0,168.5
50.0,169.5
50.0,170.5
51.0,171.5
52.0,172.5
53.0,171.5
52.0,172.5
51.0,173.5
52.0,174.5
52.0,175.5
51.0,176.5
51.0,177.5
52.0,178.5
52.0,179.5
65.0,173.5
66.0,172.5
66.0,171.5
66.0,170.5
66.0,169.5
65.0,168.5
64.0,168.5
64.0,167.5
64.0,166.5
64.0,167.5
65.0,168.5
66.0,169.5
67.0,170.5
68.0,169.5
68.0,168.5
69.0,168.5
70.0,167.5
71.0,166.5
72.0,165.5
71.0,164.5
71.0,163.5
71.0,164.5
72.0,165.5
73.0,165.5
74.0,166.5
75.0,165.5
76.0,166.5
77.0,166.5
78.0,167.5
79.0,166.5
80.0,166.5
81.0,165.5
82.0,165.5
83.0,166.5
84.0,165.5
85.0,165.5
86.0,165.5
87.0,164.5
88.0,163.5
87.0,164.5
86.0,165.5
85.0,165.5
84.0,165.5
83.0,166.5
82.0,166.5
81.0,166.5
80.0,166.5
79.0,166.5
78.0,167.5
77.0,166.5
76.0,166.5
75.0,166.5
74.0,166.5
73.0,165.5
72.0,165.5
71.0,166.5
70.0,167.5
70.0,168.5
69.0,168.5
68.0,169.5
67.0,170.5
66.0,171.5
66.0,172.5
67.0,173.5
66.0,172.5
71.0,174.5
72.0,174.5
72.0,175.5
69.0,163.5
68.0,163.5
68.0,162.5
69.0,162.5
66.0,159.5
67.0,158.5
69.0,157.5
68.0,156.5
67.0,152.5
66.0,151.5
65.0,150.5
64.0,149.5
63.0,148.5
63.0,147.5
62.0,146.5
61.0,145.5
61.0,144.5
61.0,145.5
62.0,146.5
63.0,147.5
64.0,148.5
65.0,149.5
66.0,150.5
67.0,151.5
65.0,140.5
66.0,139.5
67.0,138.5
68.0,138.5
69.0,137.5
70.0,136.5
71.0,135.5
72.0,135.5
73.0,136.5
74.0,136.5
75.0,137.5
76.0,137.5
77.0,138.5
78.0,139.5
78.0,140.5
79.0,141.5
80.0,141.5
80.0,142.5
79.0,141.5
78.0,140.5
78.0,139.5
77.0,138.5
76.0,137.5
75.0,137.5
74.0,137.5
73.0,136.5
72.0,135.5
71.0,136.5
70.0,136.5
69.0,137.5
68.0,138.5
67.0,139.5
66.0,139.5
61.0,141.5
60.0,142.5
59.0,143.5
60.0,142.5
60.0,141.5
60.0,140.5
56.0,138.5
56.0,137.5
55.0,132.5
54.0,131.5
54.0,130.5
54.0,129.5
53.0,128.5
54.0,129.5
54.0,130.5
54.0,131.5
51.0,127.5
50.0,126.5
49.0,127.5
50.0,126.5
51.0,125.5
50.0,126.5
44.0,128.5
44.0,129.5
45.0,130.5
46.0,131.5
47.0,132.5
47.0,133.5
48.0,134.5
49.0,135.5
50.0,136.5
49.0,135.5
48.0,134.5
47.0,133.5
46.0,132.5
46.0,131.5
45.0,130.5
44.0,129.5
43.0,128.5
42.0,128.5
41.0,127.5
40.0,126.5
39.0,127.5
38.0,127.5
37.0,127.5
36.0,128.5
35.0,128.5
34.0,128.5
33.0,128.5
32.0,129.5
31.0,128.5
32.0,129.5
33.0,128.5
34.0,128.5
35.0,127.5
36.0,128.5
37.0,127.5
38.0,127.5
39.0,127.5
40.0,126.5
41.0,127.5
42.0,127.5
43.0,128.5
32.0,120.5
32.0,119.5
32.0,118.5
32.0,119.5
32.0,116.5
31.0,115.5
29.0,112.5
28.0,112.5
19.0,113.5
19.0,114.5
19.0,115.5
18.0,114.5
18.0,113.5
20.0,121.5
21.0,121.5
22.0,122.5
23.0,123.5
24.0,124.5
23.0,123.5
22.0,122.5
21.0,122.5
20.0,122.5
16.0,122.5
15.0,122.5
15.0,121.5
24.0,130.5
25.0,130.5
26.0,129.5
25.0,130.5
24.0,131.5
23.0,132.5
22.0,133.5
22.0,134.5
21.0,134.5
20.0,135.5
21.0,134.5
22.0,133.5
23.0,132.5
23.0,131.5
28.0,129.5
28.0,128.5
18.0,136.5
17.0,136.5
16.0,136.5
15.0,136.5
14.0,136.5
13.0,136.5
12.0,137.5
11.0,136.5
10.0,137.5
9.0,137.5
10.0,136.5
11.0,136.5
12.0,137.5
13.0,136.5
14.0,136.5
15.0,135.5
16.0,135.5
17.0,136.5
7.0,137.5
6.0,138.5
5.0,138.5
4.0,137.5
3.0,137.5
2.0,137.5
1.0,136.5
0.0,136.5
-1.0,136.5
-2.0,136.5
-3.0,137.5
-4.0,137.5
-5.0,138.5
-4.0,137.5
-3.0,137.5
-2.0,136.5
-1.0,135.5
0.0,135.5
1.0,136.5
2.0,137.5
3.0,137.5
4.0,137.5
5.0,138.5
6.0,138.5
7.0,148.5
8.0,149.5
8.0,155.5
7.0,156.5
7.0,157.5
7.0,158.5
8.0,159.5
8.0,160.5
8.0,161.5
7.0,162.5
7.0,163.5
7.0,164.5
7.0,165.5
7.0,166.5
8.0,167.5
7.0,166.5
6.0,166.5
5.0,166.5
4.0,167.5
3.0,167.5
2.0,167.5
1.0,167.5
0.0,167.5
-1.0,166.5
-2.0,166.5
-3.0,166.5
-4.0,166.5
-5.0,166.5
-6.0,166.5
-7.0,167.5
-6.0,166.5
-6.0,165.5
-6.0,164.5
-7.0,163.5
-7.0,162.5
-7.0,161.5
-6.0,160.5
-6.0,159.5
-6.0,158.5
-6.0,157.5
-7.0,156.5
-7.0,155.5
-6.0,155.5
-7.0,156.5
-6.0,157.5
-6.0,158.5
-6.0,159.5
-6.0,160.5
-7.0,161.5
-6.0,162.5
-7.0,163.5
-6.0,164.5
-5.0,165.5
-4.0,165.5
-3.0,166.5
-2.0,165.5
-1.0,166.5
0.0,167.5
1.0,166.5
2.0,167.5
3.0,166.5
4.0,167.5
5.0,166.5
6.0,165.5
7.0,164.5
7.0,163.5
7.0,162.5
8.0,161.5
7.0,160.5
8.0,159.5
7.0,158.5
6.0,157.5
5.0,158.5
6.0,157.5
6.0,156.5
5.0,155.5
4.0,155.5
5.0,155.5
6.0,156.5
7.0,156.5
24.0,148.5
25.0,149.5
26.0,150.5
27.0,151.5
28.0,152.5
29.0,152.5
30.0,151.5
31.0,150.5
32.0,149.5
31.0,150.5
30.0,151.5
29.0,152.5
29.0,153.5
29.0,154.5
29.0,155.5
29.0,156.5
29.0,157.5
29.0,158.5
28.0,159.5
28.0,160.5
28.0,161.5
28.0,162.5
28.0,163.5
28.0,164.5
29.0,165.5
29.0,166.5
29.0,167.5
30.0,168.5
30.0,169.5
30.0,170.5
30.0,171.5
29.0,172.5
29.0,173.5
28.0,174.5
29.0,175.5
30.0,176.5
31.0,177.5
32.0,178.5
33.0,179.5
32.0,178.5
31.0,177.5
30.0,176.5
29.0,175.5
28.0,174.5
27.0,175.5
26.0,175.5
25.0,176.5
24.0,176.5
23.0,176.5
22.0,177.5
21.0,177.5
20.0,177.5
19.0,178.5
18.0,178.5
17.0,178.5
16.0,178.5
15.0,178.5
14.0,178.5
13.0,178.5
12.0,178.5
11.0,178.5
10.0,177.5
9.0,177.5
8.0,177.5
7.0,176.5
6.0,177.5
5.0,177.5
4.0,176.5
3.0,176.5
2.0,176.5
1.0,176.5
0.0,176.5
-1.0,176.5
-2.0,176.5
-3.0,177.5
-4.0,177.5
-5.0,178.5
-6.0,178.5
-7.0,178.5
-8.0,179.5
-9.0,178.5
-10.0,178.5
-11.0,178.5
-12.0,178.5
-13.0,179.5
-12.0,178.5
-12.0,177.5
-13.0,176.5
-14.0,175.5
-15.0,176.5
-16.0,175.5
-17.0,175.5
-16.0,175.5
-15.0,176.5
-14.0,175.5
-13.0,175.5
-12.0,175.5
-11.0,174.5
-11.0,173.5
-11.0,174.5
-12.0,175.5
-12.0,176.5
-11.0,177.5
-10.0,178.5
-9.0,178.5
-8.0,179.5
-7.0,178.5
-6.0,178.5
-5.0,178.5
-4.0,177.5
-3.0,177.5
-2.0,176.5
-3.0,175.5
-4.0,174.5
-5.0,173.5
-4.0,174.5
-3.0,175.5
-2.0,176.5
-1.0,176.5
0.0,176.5
1.0,176.5
2.0,176.5
3.0,176.5
4.0,176.5
5.0,177.5
6.0,177.5
7.0,176.5
8.0,177.5
9.0,176.5
10.0,177.5
11.0,178.5
12.0,177.5
13.0,178.5
14.0,178.5
15.0,178.5
16.0,178.5
17.0,178.5
18.0,177.5
19.0,178.5
20.0,177.5
21.0,176.5
22.0,177.5
23.0,176.5
24.0,176.5
25.0,176.5
26.0,175.5
27.0,175.5
28.0,174.5
29.0,173.5
29.0,172.5
30.0,171.5
29.0,170.5
29.0,169.5
30.0,168.5
29.0,167.5
28.0,166.5
29.0,165.5
28.0,164.5
28.0,163.5
28.0,162.5
28.0,161.5
28.0,160.5
28.0,159.5
29.0,158.5
28.0,157.5
28.0,156.5
28.0,155.5
28.0,154.5
28.0,153.5
28.0,152.5
27.0,151.5
26.0,150.5
25.0,149.5
1.0,123.5
2.0,122.5
-2.0,124.5
-3.0,123.5
-3.0,122.5
-4.0,121.5
-5.0,121.5
-6.0,120.5
-7.0,120.5
-8.0,119.5
-9.0,120.5
-9.0,121.5
-9.0,120.5
-8.0,119.5
-7.0,120.5
-6.0,120.5
-5.0,120.5
-4.0,121.5
-3.0,122.5
-3.0,123.5
-14.0,121.5
-15.0,121.5
-15.0,120.5
-12.0,115.5
-12.0,114.5
-12.0,113.5
-12.0,114.5
-16.0,133.5
-15.0,134.5
-14.0,134.5
-13.0,134.5
-12.0,135.5
-13.0,134.5
-14.0,134.5
-15.0,134.5
-16.0,133.5
-17.0,133.5
-18.0,133.5
-19.0,134.5
-20.0,134.5
-21.0,135.5
-22.0,136.5
-23.0,137.5
-23.0,138.5
-24.0,139.5
-24.0,140.5
-25.0,141.5
-25.0,142.5
-26.0,143.5
-25.0,142.5
-25.0,141.5
-24.0,140.5
-24.0,139.5
-23.0,138.5
-23.0,137.5
-22.0,136.5
-22.0,135.5
-23.0,134.5
-24.0,134.5
-25.0,133.5
-26.0,133.5
-25.0,133.5
-24.0,134.5
-23.0,134.5
-22.0,135.5
-21.0,135.5
-20.0,134.5
-19.0,134.5
-18.0,133.5
-17.0,133.5
-30.0,132.5
-31.0,131.5
-32.0,130.5
-33.0,130.5
-34.0,129.5
-35.0,128.5
-36.0,127.5
-37.0,128.5
-38.0,127.5
-39.0,127.5
-40.0,127.5
-41.0,126.5
-42.0,126.5
-41.0,126.5
-40.0,127.5
-39.0,127.5
-38.0,127.5
-37.0,128.5
-36.0,127.5
-35.0,128.5
-34.0,129.5
-33.0,129.5
-32.0,130.5
-31.0,131.5
-30.0,131.5
-34.0,123.5
-33.0,122.5
-32.0,121.5
-33.0,122.5
-40.0,120.5
-40.0,119.5
-46.0,121.5
-47.0,120.5
-47.0,119.5
-47.0,118.5
-47.0,117.5
-48.0,116.5
-49.0,115.5
-50.0,115.5
-51.0,114.5
-52.0,114.5
-51.0,114.5
-50.0,115.5
-49.0,115.5
-48.0,116.5
-47.0,116.5
-46.0,116.5
-47.0,117.5
-47.0,118.5
-47.0,119.5
-47.0,120.5
-46.0,121.5
-46.0,122.5
-45.0,126.5
-44.0,126.5
-44.0,127.5
-45.0,127.5
-46.0,128.5
-47.0,129.5
-48.0,130.5
-49.0,131.5
-50.0,131.5
-51.0,132.5
-52.0,133.5
-53.0,134.5
-54.0,135.5
-53.0,134.5
-53.0,133.5
-52.0,133.5
-51.0,132.5
-50.0,131.5
-49.0,130.5
-48.0,129.5
-47.0,128.5
-46.0,127.5
-54.0,137.5
-55.0,138.5
-55.0,139.5
-56.0,140.5
-56.0,141.5
-55.0,142.5
-55.0,143.5
-55.0,144.5
-56.0,145.5
-56.0,146.5
-55.0,147.5
-55.0,148.5
-54.0,149.5
-54.0,150.5
-53.0,151.5
-53.0,152.5
-52.0,153.5
-52.0,154.5
-51.0,155.5
-51.0,156.5
-51.0,157.5
-51.0,158.5
-50.0,159.5
-50.0,160.5
-50.0,161.5
-50.0,162.5
-50.0,163.5
-50.0,164.5
-50.0,165.5
-50.0,166.5
-50.0,167.5
-50.0,168.5
-49.0,169.5
-49.0,170.5
-49.0,171.5
-49.0,172.5
-48.0,173.5
-48.0,174.5
-47.0,175.5
-47.0,176.5
-48.0,177.5
-47.0,178.5
-47.0,179.5
-46.0,180.5
-46.0,181.5
-46.0,182.5
-46.0,183.5
-46.0,184.5
-47.0,185.5
-47.0,186.5
-47.0,187.5
-47.0,188.5
-47.0,187.5
-47.0,186.5
-47.0,185.5
-47.0,184.5
-47.0,183.5
-47.0,182.5
-47.0,181.5
-46.0,180.5
-47.0,179.5
-47.0,178.5
-48.0,177.5
-49.0,178.5
-48.0,177.5
-48.0,176.5
-47.0,175.5
-48.0,174.5
-48.0,173.5
-49.0,172.5
-49.0,171.5
-49.0,170.5
-49.0,169.5
-50.0,168.5
-50.0,167.5
-50.0,166.5
-50.0,165.5
-50.0,164.5
-50.0,163.5
-50.0,162.5
-50.0,161.5
-50.0,160.5
-50.0,159.5
-51.0,158.5
-52.0,157.5
-52.0,156.5
-51.0,155.5
-52.0,154.5
-52.0,153.5
-53.0,152.5
-53.0,151.5
-54.0,150.5
-54.0,149.5
-55.0,148.5
-55.0,147.5
-56.0,146.5
-56.0,145.5
-55.0,144.5
-56.0,143.5
-55.0,142.5
-56.0,141.5
-56.0,140.5
-55.0,139.5
-55.0,138.5
-65.0,136.5
-66.0,135.5
-67.0,135.5
-67.0,134.5
-68.0,133.5
-69.0,134.5
-70.0,135.5
-71.0,136.5
-71.0,137.5
-72.0,138.5
-72.0,137.5
-72.0,136.5
-71.0,135.5
-70.0,135.5
-69.0,134.5
-69.0,133.5
-69.0,132.5
-70.0,131.5
-69.0,132.5
-68.0,131.5
-67.0,130.5
-67.0,131.5
-68.0,132.5
-68.0,133.5
-67.0,134.5
-66.0,135.5
-65.0,135.5
-65.0,131.5
-65.0,130.5
-65.0,129.5
-65.0,130.5
-65.0,123.5
-64.0,122.5
-65.0,121.5
-66.0,121.5
-67.0,120.5
-68.0,119.5
-69.0,120.5
-70.0,121.5
-69.0,120.5
-69.0,119.5
-68.0,118.5
-67.0,117.5
-68.0,118.5
-67.0,119.5
-67.0,120.5
-66.0,121.5
-65.0,121.5
-64.0,122.5
-62.0,122.5
-61.0,122.5
-60.0,121.5
-60.0,122.5
-60.0,123.5
-61.0,123.5
-57.0,116.5
-57.0,115.5
-56.0,115.5
-55.0,114.5
-54.0,115.5
-55.0,114.5
-56.0,115.5
-74.0,110.5
-74.0,109.5
-81.0,136.5
-81.0,137.5
-81.0,138.5
-81.0,137.5
-74.0,139.5
-74.0,140.5
-74.0,141.5
-74.0,142.5
-74.0,141.5
-74.0,140.5
-68.0,141.5
-67.0,140.5
-69.0,146.5
-69.0,147.5
-69.0,151.5
-68.0,152.5
-67.0,151.5
-66.0,151.5
-67.0,151.5
-68.0,152.5
-68.0,153.5
-68.0,152.5
-64.0,150.5
-64.0,149.5
-68.0,157.5
-68.0,158.5
-77.0,156.5
-77.0,155.5
-94.0,172.5
-95.0,173.5
-95.0,174.5
-96.0,174.5
-97.0,174.5
-98.0,175.5
-99.0,175.5
-100.0,174.5
-99.0,175.5
-98.0,174.5
-97.0,173.5
-96.0,173.5
-95.0,172.5
-106.0,171.5
-107.0,170.5
-108.0,169.5
-109.0,168.5
-109.0,167.5
-110.0,166.5
-111.0,166.5
-112.0,165.5
-113.0,166.5
-112.0,165.5
-113.0,164.5
-113.0,163.5
-114.0,162.5
-113.0,162.5
-113.0,163.5
-113.0,164.5
-112.0,165.5
-111.0,165.5
-110.0,166.5
-109.0,167.5
-109.0,168.5
-108.0,169.5
-107.0,170.5
-106.0,170.5
-106.0,171.5
-107.0,172.5
-108.0,173.5
-108.0,174.5
-109.0,175.5
-109.0,176.5
-109.0,177.5
-110.0,176.5
-111.0,176.5
-112.0,176.5
-113.0,177.5
-112.0,176.5
-113.0,175.5
-113.0,174.5
-113.0,175.5
-112.0,176.5
-111.0,175.5
-110.0,175.5
-109.0,174.5
-108.0,173.5
-107.0,172.5
-108.0,165.5
-108.0,164.5
-121.0,161.5
-121.0,160.5
-121.0,159.5
-121.0,158.5
-121.0,159.5
-121.0,160.5
-131.0,158.5
-132.0,158.5
-133.0,156.5
-134.0,155.5
-135.0,155.5
-134.0,154.5
-133.0,154.5
-133.0,155.5
-132.0,151.5
-132.0,150.5
-126.0,150.5
-126.0,149.5
-126.0,148.5
-126.0,149.5
-125.0,150.5
-126.0,151.5
-118.0,147.5
-118.0,146.5
-116.0,136.5
-117.0,135.5
-116.0,135.5
-124.0,136.5
-124.0,137.5
-137.0,140.5
-137.0,141.5
-138.0,144.5
-139.0,144.5
-145.0,143.5
-146.0,143.5
-147.0,142.5
-146.0,142.5
-143.0,150.5
-142.0,151.5
-143.0,152.5
-142.0,151.5
-151.0,151.5
-151.0,152.5
-152.0,151.5
-153.0,152.5
-154.0,153.5
-154.0,154.5
-153.0,155.5
-153.0,156.5
-153.0,155.5
-154.0,154.5
-155.0,154.5
-156.0,154.5
-156.0,153.5
-155.0,153.5
-154.0,153.5
-153.0,152.5
-152.0,151.5
-151.0,150.5
-155.0,165.5
-155.0,166.5
-155.0,168.5
-156.0,168.5
-156.0,170.5
-156.0,171.5
-156.0,172.5
-156.0,171.5
-164.0,167.5
-164.0,166.5
-164.0,167.5
-165.0,168.5
-160.0,181.5
-161.0,182.5
-161.0,183.5
-161.0,182.5
-149.0,177.5
-148.0,177.5
-120.0,178.5
-120.0,179.5
-118.0,178.5
-117.0,179.5
-117.0,181.5
-118.0,182.5
-102.0,189.5
-101.0,189.5
-100.0,189.5
-101.0,189.5
-115.0,224.5
-115.0,225.5
-115.0,226.5
-116.0,226.5
-116.0,225.5
-116.0,224.5
-124.0,235.5
-124.0,236.5
-125.0,237.5
-126.0,238.5
-125.0,237.5
-125.0,236.5
-133.0,220.5
-134.0,220.5
-134.0,219.5
-150.0,238.5
-151.0,239.5
-151.0,240.5
-152.0,241.5
-153.0,242.5
-153.0,243.5
-154.0,244.5
-154.0,245.5
-155.0,246.5
-154.0,247.5
-153.0,248.5
-152.0,249.5
-151.0,250.5
-151.0,251.5
-151.0,250.5
-152.0,249.5
-153.0,249.5
-154.0,248.5
-155.0,247.5
-156.0,248.5
-155.0,247.5
-155.0,246.5
-154.0,245.5
-154.0,244.5
-153.0,243.5
-153.0,242.5
-152.0,241.5
-153.0,240.5
-154.0,240.5
-155.0,239.5
-156.0,239.5
-155.0,239.5
-154.0,240.5
-153.0,240.5
-152.0,241.5
-151.0,240.5
-151.0,239.5
-158.0,239.5
-159.0,239.5
-160.0,240.5
-159.0,239.5
-160.0,238.5
-160.0,237.5
-161.0,236.5
-162.0,236.5
-161.0,235.5
-160.0,236.5
-160.0,237.5
-160.0,238.5
-159.0,239.5
-167.0,238.5
-168.0,239.5
-168.0,240.5
-168.0,241.5
-169.0,241.5
-170.0,242.5
-170.0,243.5
-170.0,242.5
-169.0,241.5
-168.0,240.5
-168.0,239.5
-168.0,238.5
-168.0,237.5
-167.0,237.5
-168.0,232.5
-168.0,231.5
-167.0,227.5
-166.0,227.5
-165.0,226.5
-166.0,227.5
-163.0,226.5
-162.0,225.5
-163.0,224.5
-162.0,225.5
-161.0,224.5
-160.0,223.5
-159.0,222.5
-159.0,223.5
-160.0,223.5
-161.0,224.5
-160.0,225.5
-161.0,224.5
-162.0,225.5
-163.0,226.5
-162.0,227.5
-161.0,229.5
-160.0,230.5
-171.0,224.5
-172.0,224.5
-178.0,225.5
-179.0,226.5
-180.0,227.5
-181.0,226.5
-182.0,226.5
-183.0,226.5
-183.0,225.5
-182.0,225.5
-181.0,226.5
-180.0,227.5
-179.0,226.5
-179.0,229.5
-179.0,230.5
-178.0,231.5
-178.0,232.5
-178.0,231.5
-179.0,230.5
-180.0,230.5
-181.0,231.5
-182.0,232.5
-183.0,232.5
-184.0,233.5
-185.0,232.5
-186.0,233.5
-187.0,234.5
-188.0,235.5
-189.0,236.5
-190.0,237.5
-191.0,238.5
-190.0,239.5
-189.0,240.5
-190.0,240.5
-191.0,241.5
-192.0,241.5
-191.0,240.5
-190.0,239.5
-191.0,238.5
-190.0,237.5
-189.0,236.5
-188.0,235.5
-188.0,234.5
-187.0,233.5
-187.0,232.5
-186.0,233.5
-185.0,232.5
-184.0,233.5
-183.0,232.5
-182.0,232.5
-181.0,231.5
-180.0,230.5
-185.0,226.5
-185.0,225.5
-187.0,225.5
-188.0,226.5
-189.0,227.5
-190.0,227.5
-191.0,226.5
-192.0,227.5
-193.0,228.5
-193.0,227.5
-192.0,227.5
-191.0,226.5
-190.0,227.5
-189.0,227.5
-188.0,226.5
-188.0,222.5
-188.0,221.5
-189.0,220.5
-188.0,219.5
-188.0,218.5
-188.0,217.5
-187.0,217.5
-186.0,217.5
-187.0,217.5
-188.0,218.5
-188.0,219.5
-189.0,220.5
-188.0,221.5
-195.0,227.5
-196.0,226.5
-197.0,225.5
-196.0,226.5
-195.0,227.5
-195.0,228.5
-196.0,230.5
-196.0,231.5
-195.0,232.5
-196.0,231.5
-194.0,234.5
-193.0,234.5
-193.0,235.5
-192.0,236.5
-193.0,235.5
-196.0,241.5
-196.0,242.5
-197.0,242.5
-198.0,242.5
-199.0,242.5
-200.0,242.5
-201.0,243.5
-202.0,243.5
-203.0,243.5
-202.0,243.5
-201.0,243.5
-200.0,242.5
-200.0,241.5
-201.0,240.5
-201.0,239.5
-201.0,238.5
-201.0,239.5
-201.0,240.5
-200.0,241.5
-199.0,241.5
-198.0,242.5
-197.0,242.5
-192.0,246.5
-191.0,246.5
-191.0,247.5
-192.0,247.5
-187.0,253.5
-186.0,254.5
-185.0,254.5
-185.0,255.5
-184.0,256.5
-185.0,255.5
-186.0,254.5
-187.0,254.5
-200.0,252.5
-200.0,251.5
-200.0,250.5
-201.0,249.5
-200.0,250.5
-200.0,251.5
-209.0,246.5
-209.0,245.5
-211.0,251.5
-212.0,252.5
-211.0,253.5
-212.0,252.5
-213.0,253.5
-214.0,252.5
-213.0,253.5
-212.0,252.5
-217.0,252.5
-217.0,253.5
-218.0,252.5
-219.0,251.5
-220.0,250.5
-221.0,251.5
-222.0,251.5
-223.0,252.5
-223.0,251.5
-222.0,251.5
-221.0,250.5
-220.0,250.5
-219.0,251.5
-218.0,252.5
-220.0,248.5
-219.0,247.5
-219.0,246.5
-218.0,245.5
-218.0,244.5
-218.0,243.5
-218.0,242.5
-218.0,243.5
-217.0,244.5
-217.0,245.5
-218.0,246.5
-219.0,247.5
-225.0,250.5
-226.0,249.5
-227.0,248.5
-226.0,249.5
-225.0,250.5
-225.0,251.5
-230.0,247.5
-231.0,248.5
-235.0,251.5
-236.0,252.5
-237.0,251.5
-238.0,252.5
-239.0,252.5
-238.0,252.5
-237.0,251.5
-237.0,250.5
-237.0,251.5
-236.0,252.5
-234.0,253.5
-233.0,253.5
-232.0,255.5
-231.0,254.5
-232.0,255.5
-231.0,256.5
-231.0,257.5
-232.0,257.5
-232.0,256.5
-232.0,262.5
-231.0,262.5
-232.0,263.5
-241.0,262.5
-242.0,263.5
-244.0,264.5
-245.0,264.5
-243.0,256.5
-243.0,255.5
-243.0,254.5
-243.0,253.5
-242.0,252.5
-241.0,252.5
-241.0,253.5
-242.0,253.5
-243.0,254.5
-243.0,255.5
-241.0,247.5
-242.0,246.5
-241.0,247.5
-240.0,246.5
-239.0,247.5
-238.0,246.5
-237.0,246.5
-238.0,246.5
-239.0,247.5
-238.0,248.5
-239.0,247.5
-240.0,246.5
-242.0,241.5
-243.0,241.5
-246.0,233.5
-245.0,232.5
-244.0,231.5
-244.0,232.5
-245.0,232.5
-240.0,231.5
-240.0,230.5
-238.0,232.5
-237.0,233.5
-236.0,232.5
-236.0,233.5
-236.0,234.5
-235.0,235.5
-234.0,236.5
-235.0,236.5
-235.0,235.5
-236.0,234.5
-237.0,233.5
-238.0,233.5
-234.0,229.5
-233.0,228.5
-233.0,226.5
-233.0,225.5
-232.0,226.5
-231.0,225.5
-230.0,224.5
-229.0,225.5
-228.0,225.5
-227.0,226.5
-226.0,225.5
-225.0,226.5
-224.0,225.5
-223.0,224.5
-222.0,224.5
-222.0,225.5
-223.0,224.5
-224.0,225.5
-225.0,226.5
-226.0,225.5
-227.0,226.5
-228.0,225.5
-229.0,225.5
-230.0,224.5
-231.0,225.5
-232.0,226.5
-225.0,230.5
-224.0,229.5
-225.0,230.5
-225.0,231.5
-225.0,232.5
-224.0,233.5
-223.0,234.5
-222.0,235.5
-223.0,234.5
-224.0,233.5
-225.0,233.5
-226.0,233.5
-225.0,232.5
-225.0,231.5
-219.0,226.5
-220.0,225.5
-219.0,226.5
-218.0,225.5
-217.0,224.5
-218.0,225.5
-218.0,226.5
-218.0,227.5
-217.0,228.5
-217.0,229.5
-216.0,230.5
-215.0,231.5
-214.0,232.5
-213.0,231.5
-214.0,232.5
-215.0,233.5
-216.0,234.5
-217.0,235.5
-217.0,236.5
-218.0,237.5
-217.0,238.5
-218.0,239.5
-218.0,238.5
-218.0,237.5
-217.0,236.5
-217.0,235.5
-216.0,234.5
-215.0,233.5
-215.0,232.5
-215.0,231.5
-216.0,230.5
-217.0,229.5
-217.0,228.5
-218.0,227.5
-213.0,222.5
-212.0,221.5
-211.0,221.5
-211.0,222.5
-212.0,221.5
-210.0,224.5
-211.0,225.5
-210.0,226.5
-211.0,226.5
-211.0,225.5
-204.0,220.5
-204.0,219.5
-203.0,219.5
-203.0,220.5
-201.0,222.5
-201.0,223.5
-205.0,217.5
-206.0,217.5
-217.0,208.5
-218.0,208.5
-211.0,185.5
-210.0,184.5
-210.0,183.5
-211.0,182.5
-211.0,181.5
-211.0,180.5
-212.0,179.5
-211.0,178.5
-212.0,179.5
-211.0,180.5
-211.0,181.5
-211.0,182.5
-210.0,183.5
-209.0,183.5
-209.0,184.5
-209.0,185.5
-208.0,186.5
-209.0,185.5
-210.0,184.5
-210.0,176.5
-211.0,176.5
-211.0,175.5
-210.0,175.5
-209.0,174.5
-208.0,174.5
-207.0,174.5
-206.0,175.5
-205.0,174.5
-204.0,173.5
-204.0,172.5
-203.0,172.5
-202.0,171.5
-201.0,170.5
-200.0,169.5
-201.0,168.5
-202.0,167.5
-202.0,166.5
-202.0,167.5
-201.0,168.5
-200.0,169.5
-199.0,170.5
-198.0,169.5
-197.0,170.5
-198.0,169.5
-199.0,170.5
-200.0,169.5
-201.0,170.5
-202.0,171.5
-202.0,172.5
-203.0,172.5
-204.0,173.5
-205.0,174.5
-205.0,175.5
-206.0,175.5
-207.0,174.5
-208.0,175.5
-209.0,175.5
-213.0,174.5
-214.0,173.5
-219.0,162.5
-218.0,161.5
-218.0,160.5
-218.0,161.5
-217.0,158.5
-216.0,158.5
-215.0,157.5
-216.0,156.5
-217.0,155.5
-218.0,154.5
-219.0,153.5
-218.0,154.5
-217.0,155.5
-216.0,156.5
-215.0,157.5
-214.0,157.5
-213.0,157.5
-212.0,158.5
-211.0,158.5
-210.0,157.5
-209.0,157.5
-208.0,158.5
-207.0,159.5
-208.0,158.5
-209.0,158.5
-210.0,158.5
-211.0,158.5
-212.0,158.5
-213.0,157.5
-214.0,158.5
-215.0,157.5
-216.0,158.5
-206.0,162.5
-205.0,163.5
-205.0,164.5
-205.0,163.5
-201.0,158.5
-200.0,157.5
-198.0,157.5
-197.0,156.5
-197.0,155.5
-197.0,156.5
-198.0,157.5
-197.0,158.5
-194.0,161.5
-193.0,161.5
-193.0,162.5
-193.0,163.5
-194.0,162.5
-194.0,165.5
-193.0,166.5
-194.0,169.5
-193.0,170.5
-192.0,173.5
-191.0,174.5
-189.0,170.5
-188.0,169.5
-185.0,173.5
-184.0,172.5
-184.0,173.5
-184.0,174.5
-185.0,175.5
-185.0,174.5
-182.0,170.5
-182.0,169.5
-184.0,164.5
-184.0,163.5
-184.0,179.5
-184.0,180.5
-227.0,179.5
-228.0,179.5
-228.0,178.5
-229.0,177.5
-230.0,177.5
-231.0,176.5
-232.0,176.5
-232.0,175.5
-231.0,175.5
-230.0,174.5
-230.0,175.5
-230.0,176.5
-229.0,177.5
-228.0,177.5
-227.0,178.5
-233.0,181.5
-234.0,181.5
-231.0,158.5
-231.0,157.5
-230.0,113.5
-229.0,113.5
-188.0,123.5
-187.0,124.5
-188.0,124.5
-176.0,134.5
-175.0,134.5
-174.0,134.5
-173.0,133.5
-173.0,134.5
-173.0,135.5
-173.0,136.5
-174.0,135.5
-175.0,134.5
-171.0,114.5
-171.0,113.5
-137.0,112.5
-137.0,111.5
-138.0,131.5
-139.0,131.5
-140.0,134.5
-140.0,135.5
-141.0,135.5
-141.0,134.5
-108.0,133.5
-107.0,134.5
-106.0,134.5
-107.0,135.5
-107.0,136.5
-107.0,135.5
-107.0,134.5
-112.0,105.5
-112.0,104.5
-113.0,103.5
-114.0,104.5
-113.0,103.5
-112.0,102.5
-113.0,103.5
-112.0,104.5
-125.0,68.5
-124.0,67.5
-124.0,66.5
-125.0,65.5
-124.0,66.5
-124.0,67.5
-149.0,31.5
-150.0,30.5
-151.0,31.5
-152.0,30.5
-153.0,30.5
-154.0,29.5
-155.0,30.5
-154.0,29.5
-153.0,29.5
-152.0,30.5
-151.0,31.5
-150.0,30.5
-149.0,29.5
-150.0,30.5
-153.0,25.5
-154.0,25.5
-155.0,25.5
-155.0,24.5
-154.0,24.5
-153.0,23.5
-153.0,22.5
-153.0,21.5
-152.0,21.5
-151.0,20.5
-152.0,21.5
-153.0,22.5
-153.0,23.5
-153.0,24.5
-149.0,19.5
-149.0,18.5
-150.0,17.5
-149.0,18.5
-147.0,19.5
-146.0,19.5
-145.0,18.5
-144.0,19.5
-145.0,19.5
-146.0,19.5
-158.0,19.5
-159.0,20.5
-160.0,21.5
-160.0,22.5
-161.0,23.5
-160.0,22.5
-160.0,21.5
-160.0,20.5
-161.0,19.5
-162.0,18.5
-163.0,19.5
-162.0,18.5
-162.0,17.5
-163.0,16.5
-162.0,17.5
-161.0,16.5
-161.0,15.5
-161.0,16.5
-162.0,17.5
-161.0,18.5
-160.0,19.5
-159.0,20.5
-162.0,26.5
-162.0,27.5
-162.0,28.5
-162.0,29.5
-161.0,30.5
-160.0,30.5
-161.0,30.5
-162.0,30.5
-162.0,29.5
-162.0,28.5
-162.0,27.5
-163.0,26.5
-167.0,9.5
-168.0,9.5
-169.0,8.5
-168.0,9.5
-172.0,3.5
-173.0,2.5
-174.0,3.5
-175.0,4.5
-175.0,5.5
-175.0,4.5
-174.0,3.5
-174.0,2.5
-174.0,1.5
-175.0,0.5
-174.0,1.5
-173.0,2.5
-172.0,1.5
-173.0,2.5
-164.0,1.5
-163.0,2.5
-163.0,3.5
-162.0,4.5
-163.0,3.5
-163.0,2.5
-163.0,-0.5
-163.0,-1.5
-164.0,-2.5
-163.0,-1.5
-162.0,-2.5
-161.0,-3.5
-160.0,-4.5
-161.0,-3.5
-162.0,-2.5
-162.0,-1.5
-160.0,8.5
-159.0,8.5
-133.0,11.5
-132.0,10.5
-131.0,11.5
-130.0,11.5
-131.0,12.5
-132.0,11.5
-93.0,24.5
-92.0,24.5
-24.0,90.5
-23.0,91.5
-24.0,91.5
-17.0,88.5
-17.0,87.5
-16.0,87.5
-15.0,87.5
-14.0,86.5
-13.0,87.5
-14.0,87.5
-15.0,88.5
-16.0,88.5
-25.0,145.5
-26.0,146.5
-26.0,147.5
-26.0,148.5
-26.0,149.5
-26.0,150.5
-25.0,151.5
-25.0,152.5
-26.0,153.5
-26.0,154.5
-26.0,155.5
-26.0,156.5
-26.0,157.5
-25.0,158.5
-25.0,159.5
-25.0,160.5
-25.0,161.5
-25.0,162.5
-25.0,163.5
-26.0,164.5
-25.0,165.5
-25.0,166.5
-25.0,167.5
-26.0,168.5
-26.0,169.5
-26.0,170.5
-27.0,171.5
-27.0,172.5
-28.0,173.5
-28.0,174.5
-28.0,175.5
-28.0,176.5
-27.0,177.5
-26.0,177.5
-25.0,178.5
-24.0,178.5
-23.0,179.5
-22.0,178.5
-21.0,179.5
-20.0,179.5
-19.0,179.5
-20.0,179.5
-21.0,179.5
-22.0,179.5
-23.0,179.5
-24.0,178.5
-25.0,178.5
-26.0,177.5
-27.0,177.5
-28.0,176.5
-29.0,177.5
-28.0,176.5
-28.0,175.5
-28.0,174.5
-28.0,173.5
-27.0,172.5
-27.0,171.5
-26.0,170.5
-26.0,169.5
-26.0,168.5
-25.0,167.5
-26.0,166.5
-25.0,165.5
-26.0,164.5
-25.0,163.5
-26.0,162.5
-26.0,161.5
-26.0,160.5
-26.0,159.5
-25.0,158.5
-26.0,157.5
-26.0,156.5
-26.0,155.5
-26.0,154.5
-26.0,153.5
-25.0,152.5
-26.0,151.5
-26.0,150.5
-26.0,149.5
-26.0,148.5
-26.0,147.5
-26.0,146.5
-26.0,145.5
-21.0,185.5
-22.0,186.5
-21.0,187.5
-20.0,187.5
-19.0,187.5
-18.0,188.5
-17.0,188.5
-17.0,189.5
-18.0,188.5
-19.0,188.5
-20.0,187.5
-21.0,187.5
-22.0,186.5
-23.0,187.5
-24.0,187.5
-25.0,186.5
-26.0,187.5
-27.0,186.5
-28.0,187.5
-29.0,188.5
-30.0,188.5
-31.0,189.5
-32.0,189.5
-32.0,188.5
-31.0,189.5
-30.0,188.5
-29.0,187.5
-28.0,187.5
-27.0,186.5
-26.0,186.5
-25.0,186.5
-24.0,187.5
-23.0,187.5
-22.0,186.5
-30.0,192.5
-31.0,191.5
-30.0,192.5
-30.0,193.5
-30.0,194.5
-31.0,195.5
-31.0,196.5
-31.0,197.5
-30.0,198.5
-30.0,199.5
-29.0,200.5
-29.0,201.5
-29.0,202.5
-29.0,203.5
-29.0,204.5
-29.0,205.5
-29.0,206.5
-29.0,207.5
-29.0,208.5
-29.0,209.5
-29.0,210.5
-29.0,211.5
-29.0,212.5
-29.0,213.5
-29.0,214.5
-29.0,215.5
-29.0,216.5
-30.0,217.5
-30.0,218.5
-30.0,217.5
-30.0,216.5
-30.0,215.5
-30.0,214.5
-30.0,213.5
-30.0,212.5
-30.0,211.5
-30.0,210.5
-30.0,209.5
-30.0,208.5
-29.0,207.5
-29.0,206.5
-29.0,205.5
-29.0,204.5
-29.0,203.5
-29.0,202.5
-29.0,201.5
-29.0,200.5
-30.0,199.5
-31.0,200.5
-30.0,199.5
-30.0,198.5
-31.0,197.5
-32.0,196.5
-31.0,195.5
-30.0,194.5
-31.0,193.5
-34.0,189.5
-34.0,188.5
-36.0,190.5
-37.0,191.5
-38.0,190.5
-37.0,190.5
-51.0,179.5
-52.0,178.5
-51.0,178.5
-53.0,218.5
-52.0,219.5
-52.0,220.5
-53.0,220.5
-54.0,221.5
-55.0,222.5
-54.0,221.5
-53.0,220.5
-53.0,219.5
-50.0,219.5
-49.0,220.5
-48.0,220.5
-47.0,221.5
-46.0,221.5
-45.0,220.5
-44.0,220.5
-43.0,219.5
-42.0,220.5
-41.0,219.5
-40.0,219.5
-39.0,219.5
-38.0,219.5
-37.0,220.5
-36.0,220.5
-35.0,220.5
-34.0,219.5
-35.0,220.5
-36.0,220.5
-37.0,220.5
-38.0,220.5
-39.0,219.5
-40.0,219.5
-41.0,219.5
-42.0,220.5
-43.0,219.5
-44.0,220.5
-45.0,221.5
-46.0,222.5
-47.0,221.5
-48.0,220.5
-49.0,220.5
-50.0,220.5
-46.0,224.5
-46.0,225.5
-47.0,226.5
-48.0,227.5
-49.0,228.5
-48.0,229.5
-49.0,228.5
-49.0,227.5
-50.0,226.5
-49.0,227.5
-48.0,226.5
-47.0,226.5
-46.0,225.5
-44.0,226.5
-43.0,226.5
-42.0,226.5
-43.0,226.5
-38.0,226.5
-37.0,226.5
-36.0,226.5
-35.0,226.5
-36.0,226.5
-37.0,226.5
-30.0,226.5
-29.0,225.5
-29.0,224.5
-28.0,224.5
-29.0,225.5
-28.0,226.5
-27.0,227.5
-26.0,227.5
-25.0,226.5
-24.0,227.5
-23.0,227.5
-22.0,227.5
-21.0,228.5
-20.0,227.5
-19.0,227.5
-18.0,226.5
-17.0,226.5
-18.0,226.5
-19.0,227.5
-20.0,227.5
-21.0,228.5
-22.0,227.5
-23.0,227.5
-24.0,228.5
-24.0,227.5
-25.0,226.5
-26.0,227.5
-27.0,227.5
-28.0,226.5
-29.0,225.5
-29.0,222.5
-30.0,221.5
-31.0,220.5
-32.0,220.5
-31.0,220.5
-30.0,221.5
-29.0,222.5
-28.0,222.5
-26.0,221.5
-25.0,221.5
-24.0,220.5
-23.0,221.5
-22.0,220.5
-23.0,221.5
-24.0,220.5
-25.0,221.5
-20.0,220.5
-19.0,219.5
-18.0,219.5
-17.0,218.5
-16.0,217.5
-15.0,216.5
-14.0,216.5
-13.0,215.5
-12.0,215.5
-12.0,216.5
-13.0,215.5
-14.0,216.5
-15.0,216.5
-16.0,217.5
-17.0,218.5
-18.0,219.5
-17.0,220.5
-18.0,219.5
-19.0,220.5
-15.0,220.5
-14.0,220.5
-13.0,221.5
-12.0,220.5
-11.0,221.5
-10.0,220.5
-9.0,220.5
-10.0,220.5
-11.0,221.5
-12.0,221.5
-13.0,221.5
-14.0,221.5
-14.0,226.5
-13.0,226.5
-14.0,226.5
-15.0,226.5
-19.0,229.5
-19.0,230.5
-19.0,231.5
-19.0,230.5
-14.0,231.5
-14.0,232.5
-13.0,233.5
-12.0,233.5
-11.0,234.5
-10.0,233.5
-9.0,232.5
-8.0,231.5
-8.0,230.5
-8.0,229.5
-8.0,230.5
-8.0,231.5
-9.0,232.5
-10.0,233.5
-10.0,234.5
-11.0,235.5
-11.0,236.5
-10.0,237.5
-10.0,238.5
-11.0,239.5
-11.0,240.5
-12.0,241.5
-13.0,242.5
-14.0,243.5
-15.0,243.5
-16.0,242.5
-17.0,243.5
-16.0,242.5
-15.0,243.5
-14.0,242.5
-13.0,241.5
-12.0,240.5
-11.0,239.5
-11.0,238.5
-10.0,237.5
-11.0,236.5
-11.0,235.5
-11.0,234.5
-12.0,233.5
-13.0,233.5
-14.0,232.5
-28.0,230.5
-28.0,229.5
-7.0,219.5
-7.0,218.5
-6.0,216.5
-5.0,216.5
-4.0,215.5
-3.0,215.5
-2.0,214.5
-1.0,213.5
0.0,212.5
1.0,211.5
2.0,210.5
3.0,210.5
4.0,209.5
5.0,208.5
6.0,208.5
7.0,207.5
8.0,206.5
9.0,207.5
10.0,206.5
11.0,207.5
12.0,206.5
13.0,205.5
13.0,204.5
13.0,205.5
12.0,206.5
13.0,207.5
13.0,208.5
14.0,209.5
13.0,208.5
13.0,207.5
12.0,206.5
11.0,207.5
10.0,206.5
9.0,207.5
8.0,206.5
7.0,207.5
6.0,208.5
5.0,208.5
4.0,209.5
3.0,210.5
2.0,211.5
1.0,211.5
0.0,212.5
-1.0,213.5
-2.0,214.5
-1.0,215.5
0.0,215.5
-1.0,215.5
-2.0,214.5
-3.0,215.5
-4.0,215.5
-5.0,216.5
-5.0,211.5
-6.0,210.5
-7.0,209.5
-8.0,209.5
-9.0,208.5
-10.0,209.5
-11.0,208.5
-12.0,208.5
-13.0,209.5
-14.0,210.5
-13.0,209.5
-13.0,208.5
-13.0,207.5
-13.0,206.5
-14.0,205.5
-14.0,204.5
-14.0,203.5
-13.0,202.5
-13.0,201.5
-12.0,200.5
-12.0,199.5
-11.0,198.5
-10.0,197.5
-9.0,197.5
-10.0,197.5
-11.0,198.5
-12.0,199.5
-12.0,200.5
-13.0,201.5
-13.0,202.5
-14.0,203.5
-13.0,204.5
-14.0,205.5
-13.0,206.5
-12.0,207.5
-11.0,207.5
-10.0,208.5
-9.0,208.5
-8.0,209.5
-7.0,209.5
-6.0,210.5
-2.0,202.5
-3.0,201.5
-4.0,200.5
-5.0,199.5
-6.0,199.5
-7.0,198.5
-6.0,198.5
-5.0,198.5
-4.0,199.5
-3.0,199.5
-2.0,199.5
-1.0,198.5
0.0,198.5
1.0,197.5
0.0,198.5
-1.0,198.5
-2.0,199.5
-3.0,200.5
-3.0,201.5
5.0,201.5
6.0,200.5
6.0,201.5
6.0,202.5
7.0,203.5
6.0,202.5
5.0,196.5
4.0,195.5
4.0,194.5
3.0,193.5
2.0,193.5
1.0,192.5
0.0,191.5
-1.0,191.5
-2.0,190.5
-3.0,190.5
-3.0,189.5
-2.0,190.5
-1.0,190.5
0.0,191.5
1.0,191.5
2.0,192.5
3.0,193.5
4.0,194.5
4.0,195.5
5.0,196.5
6.0,195.5
7.0,194.5
8.0,194.5
9.0,193.5
10.0,192.5
11.0,191.5
12.0,190.5
13.0,189.5
12.0,188.5
11.0,187.5
10.0,186.5
9.0,186.5
8.0,185.5
7.0,186.5
6.0,185.5
5.0,185.5
4.0,185.5
5.0,185.5
6.0,185.5
7.0,185.5
8.0,185.5
9.0,186.5
10.0,186.5
11.0,187.5
12.0,188.5
13.0,189.5
14.0,188.5
15.0,188.5
16.0,187.5
17.0,187.5
18.0,186.5
19.0,186.5
20.0,186.5
21.0,186.5
22.0,185.5
23.0,185.5
24.0,185.5
25.0,186.5
26.0,187.5
27.0,186.5
28.0,186.5
28.0,187.5
27.0,187.5
26.0,187.5
25.0,186.5
24.0,185.5
23.0,186.5
22.0,185.5
21.0,186.5
20.0,186.5
19.0,187.5
18.0,186.5
17.0,187.5
16.0,187.5
15.0,188.5
14.0,188.5
13.0,189.5
12.0,190.5
12.0,191.5
11.0,192.5
10.0,193.5
10.0,194.5
10.0,195.5
11.0,196.5
12.0,196.5
13.0,197.5
14.0,198.5
15.0,197.5
14.0,198.5
14.0,199.5
14.0,200.5
14.0,201.5
14.0,202.5
14.0,201.5
14.0,200.5
14.0,199.5
13.0,198.5
12.0,197.5
11.0,196.5
10.0,195.5
9.0,194.5
8.0,195.5
7.0,195.5
6.0,195.5
-5.0,190.5
-5.0,189.5
-7.0,189.5
-8.0,190.5
-9.0,191.5
-10.0,190.5
-9.0,190.5
-8.0,190.5
-10.0,194.5
-9.0,195.5
-10.0,195.5
1.0,218.5
2.0,219.5
3.0,220.5
4.0,220.5
5.0,221.5
6.0,220.5
7.0,221.5
8.0,221.5
9.0,221.5
9.0,222.5
8.0,221.5
7.0,221.5
6.0,221.5
5.0,221.5
4.0,220.5
3.0,220.5
2.0,219.5
11.0,221.5
12.0,221.5
13.0,220.5
14.0,220.5
13.0,221.5
12.0,221.5
11.0,222.5
11.0,226.5
10.0,227.5
11.0,228.5
11.0,229.5
12.0,230.5
12.0,231.5
12.0,232.5
13.0,233.5
12.0,234.5
12.0,235.5
12.0,236.5
11.0,237.5
11.0,236.5
12.0,235.5
12.0,234.5
12.0,233.5
11.0,232.5
11.0,231.5
11.0,230.5
11.0,229.5
10.0,228.5
10.0,227.5
9.0,226.5
10.0,227.5
16.0,226.5
17.0,226.5
21.0,226.5
22.0,226.5
23.0,225.5
23.0,224.5
24.0,224.5
24.0,225.5
25.0,226.5
26.0,226.5
25.0,226.5
24.0,226.5
23.0,226.5
22.0,226.5
23.0,222.5
22.0,221.5
21.0,221.5
20.0,220.5
19.0,220.5
20.0,220.5
21.0,220.5
22.0,221.5
23.0,221.5
24.0,221.5
25.0,221.5
26.0,221.5
27.0,220.5
28.0,220.5
29.0,219.5
30.0,220.5
31.0,220.5
32.0,221.5
33.0,221.5
34.0,220.5
35.0,220.5
36.0,220.5
37.0,219.5
38.0,220.5
39.0,219.5
40.0,220.5
41.0,220.5
42.0,220.5
43.0,221.5
44.0,220.5
45.0,221.5
46.0,221.5
47.0,221.5
48.0,221.5
49.0,221.5
50.0,221.5
51.0,221.5
52.0,221.5
53.0,221.5
54.0,221.5
55.0,221.5
56.0,221.5
57.0,221.5
58.0,221.5
59.0,222.5
58.0,222.5
57.0,221.5
56.0,221.5
55.0,221.5
54.0,221.5
53.0,221.5
52.0,221.5
51.0,221.5
50.0,221.5
49.0,221.5
48.0,221.5
47.0,221.5
46.0,221.5
45.0,221.5
44.0,221.5
43.0,221.5
42.0,220.5
41.0,220.5
40.0,220.5
39.0,220.5
38.0,220.5
37.0,219.5
36.0,220.5
35.0,220.5
34.0,220.5
33.0,221.5
32.0,221.5
31.0,221.5
30.0,220.5
29.0,220.5
28.0,220.5
27.0,220.5
26.0,221.5
25.0,221.5
24.0,222.5
17.0,219.5
16.0,219.5
16.0,218.5
15.0,217.5
14.0,216.5
13.0,215.5
14.0,215.5
14.0,216.5
15.0,217.5
16.0,218.5
14.0,213.5
13.0,213.5
33.0,207.5
34.0,206.5
34.0,205.5
34.0,204.5
34.0,203.5
33.0,202.5
34.0,201.5
33.0,200.5
33.0,199.5
33.0,198.5
33.0,197.5
33.0,196.5
34.0,195.5
34.0,194.5
35.0,193.5
35.0,192.5
35.0,191.5
34.0,190.5
33.0,189.5
33.0,188.5
32.0,187.5
31.0,186.5
30.0,187.5
30.0,186.5
31.0,186.5
32.0,187.5
33.0,188.5
34.0,189.5
34.0,190.5
35.0,191.5
36.0,191.5
36.0,192.5
35.0,193.5
34.0,194.5
35.0,195.5
34.0,195.5
33.0,196.5
33.0,197.5
33.0,198.5
33.0,199.5
33.0,200.5
34.0,201.5
35.0,200.5
34.0,201.5
33.0,202.5
34.0,203.5
35.0,204.5
35.0,205.5
34.0,206.5
33.0,207.5
34.0,208.5
35.0,209.5
35.0,210.5
36.0,211.5
35.0,212.5
36.0,213.5
35.0,214.5
35.0,213.5
35.0,212.5
36.0,211.5
35.0,210.5
35.0,209.5
34.0,208.5
33.0,226.5
33.0,227.5
34.0,228.5
34.0,229.5
34.0,230.5
35.0,231.5
35.0,232.5
34.0,232.5
35.0,231.5
34.0,230.5
34.0,229.5
34.0,228.5
33.0,227.5
32.0,226.5
31.0,226.5
32.0,226.5
46.0,236.5
47.0,235.5
48.0,235.5
49.0,234.5
50.0,233.5
51.0,233.5
52.0,233.5
53.0,232.5
54.0,231.5
53.0,232.5
54.0,233.5
53.0,232.5
52.0,233.5
51.0,233.5
50.0,234.5
49.0,234.5
48.0,235.5
47.0,235.5
70.0,231.5
70.0,230.5
70.0,229.5
70.0,228.5
70.0,227.5
69.0,226.5
69.0,225.5
69.0,224.5
68.0,223.5
68.0,222.5
67.0,221.5
66.0,220.5
66.0,219.5
66.0,218.5
66.0,217.5
65.0,216.5
66.0,217.5
66.0,218.5
67.0,219.5
67.0,220.5
67.0,221.5
68.0,222.5
68.0,223.5
69.0,224.5
69.0,225.5
69.0,226.5
70.0,227.5
70.0,228.5
70.0,229.5
71.0,230.5
70.0,231.5
71.0,232.5
72.0,233.5
72.0,234.5
73.0,235.5
73.0,236.5
73.0,237.5
72.0,236.5
72.0,235.5
71.0,234.5
72.0,233.5
71.0,232.5
74.0,240.5
74.0,241.5
81.0,262.5
82.0,262.5
83.0,263.5
84.0,263.5
85.0,264.5
86.0,263.5
87.0,263.5
88.0,262.5
88.0,263.5
87.0,263.5
86.0,264.5
86.0,265.5
86.0,266.5
86.0,267.5
86.0,266.5
86.0,265.5
85.0,264.5
84.0,264.5
83.0,263.5
82.0,263.5
81.0,263.5
80.0,263.5
79.0,263.5
78.0,264.5
77.0,264.5
78.0,264.5
79.0,263.5
80.0,263.5
59.0,260.5
58.0,260.5
56.0,264.5
55.0,264.5
56.0,264.5
57.0,265.5
58.0,266.5
57.0,265.5
37.0,265.5
37.0,264.5
7.0,246.5
6.0,246.5
5.0,246.5
4.0,247.5
4.0,246.5
5.0,246.5
6.0,245.5
6.0,244.5
7.0,243.5
8.0,242.5
8.0,241.5
9.0,240.5
10.0,239.5
9.0,240.5
8.0,241.5
8.0,242.5
7.0,243.5
6.0,244.5
7.0,245.5
1.0,246.5
0.0,246.5
-1.0,246.5
0.0,246.5
-4.0,247.5
-5.0,247.5
-9.0,264.5
-9.0,265.5
-10.0,266.5
-10.0,267.5
-10.0,268.5
-11.0,269.5
-11.0,270.5
-11.0,269.5
-10.0,268.5
-10.0,267.5
-10.0,266.5
-11.0,265.5
-12.0,264.5
-13.0,264.5
-12.0,264.5
-11.0,265.5
-10.0,266.5
-9.0,265.5
-29.0,265.5
-30.0,265.5
-31.0,265.5
-32.0,266.5
-32.0,267.5
-32.0,266.5
-33.0,265.5
-33.0,264.5
-33.0,265.5
-32.0,266.5
-31.0,265.5
-30.0,264.5
-59.0,227.5
-60.0,226.5
-105.0,264.5
-105.0,265.5
-112.0,265.5
-113.0,265.5
-113.0,264.5
-117.0,261.5
-118.0,261.5
-118.0,260.5
-117.0,260.5
-111.0,259.5
-111.0,258.5
-126.0,265.5
-126.0,266.5
-126.0,267.5
-126.0,266.5
-125.0,274.5
-124.0,274.5
-124.0,275.5
-125.0,275.5
-126.0,275.5
-127.0,276.5
-128.0,276.5
-129.0,276.5
-130.0,276.5
-131.0,276.5
-132.0,276.5
-133.0,276.5
-134.0,275.5
-135.0,275.5
-136.0,274.5
-137.0,274.5
-138.0,273.5
-139.0,273.5
-140.0,273.5
-141.0,273.5
-142.0,273.5
-143.0,273.5
-144.0,272.5
-145.0,272.5
-146.0,271.5
-147.0,271.5
-148.0,270.5
-149.0,270.5
-150.0,269.5
-151.0,269.5
-152.0,268.5
-153.0,268.5
-154.0,267.5
-155.0,268.5
-156.0,268.5
-157.0,268.5
-158.0,268.5
-159.0,268.5
-160.0,268.5
-161.0,268.5
-162.0,267.5
-163.0,268.5
-164.0,268.5
-165.0,268.5
-166.0,268.5
-167.0,268.5
-168.0,267.5
-169.0,267.5
-170.0,266.5
-171.0,266.5
-172.0,265.5
-173.0,265.5
-174.0,265.5
-175.0,266.5
-176.0,266.5
-177.0,267.5
-178.0,267.5
-179.0,267.5
-180.0,268.5
-181.0,268.5
-182.0,269.5
-183.0,269.5
-184.0,270.5
-185.0,270.5
-186.0,271.5
-187.0,271.5
-188.0,271.5
-189.0,271.5
-190.0,272.5
-191.0,273.5
-192.0,273.5
-193.0,273.5
-194.0,273.5
-195.0,274.5
-196.0,274.5
-197.0,274.5
-198.0,274.5
-199.0,274.5
-200.0,274.5
-201.0,274.5
-202.0,275.5
-203.0,275.5
-204.0,276.5
-205.0,276.5
-206.0,276.5
-207.0,276.5
-208.0,277.5
-209.0,276.5
-210.0,276.5
-211.0,276.5
-212.0,277.5
-213.0,277.5
-214.0,277.5
-215.0,278.5
-216.0,278.5
-217.0,277.5
-218.0,277.5
-219.0,277.5
-220.0,277.5
-221.0,276.5
-222.0,276.5
-223.0,275.5
-224.0,275.5
-225.0,275.5
-226.0,275.5
-227.0,275.5
-228.0,275.5
-229.0,274.5
-230.0,274.5
-231.0,274.5
-232.0,274.5
-233.0,275.5
-234.0,275.5
-235.0,276.5
-236.0,276.5
-236.0,275.5
-235.0,276.5
-234.0,275.5
-233.0,275.5
-232.0,274.5
-231.0,273.5
-230.0,273.5
-229.0,274.5
-228.0,275.5
-227.0,274.5
-226.0,275.5
-225.0,274.5
-224.0,274.5
-223.0,275.5
-222.0,276.5
-221.0,276.5
-220.0,277.5
-219.0,276.5
-218.0,277.5
-217.0,277.5
-216.0,278.5
-215.0,278.5
-214.0,277.5
-213.0,277.5
-212.0,277.5
-211.0,276.5
-210.0,276.5
-209.0,276.5
-208.0,277.5
-207.0,276.5
-206.0,276.5
-205.0,275.5
-204.0,276.5
-203.0,275.5
-202.0,275.5
-201.0,274.5
-200.0,274.5
-199.0,273.5
-198.0,273.5
-197.0,274.5
-196.0,273.5
-195.0,274.5
-194.0,273.5
-193.0,273.5
-192.0,272.5
-191.0,272.5
-190.0,272.5
-189.0,271.5
-188.0,271.5
-187.0,270.5
-186.0,271.5
-185.0,270.5
-184.0,270.5
-183.0,269.5
-182.0,269.5
-181.0,268.5
-180.0,268.5
-179.0,267.5
-178.0,267.5
-177.0,267.5
-176.0,266.5
-175.0,266.5
-174.0,265.5
-173.0,264.5
-172.0,265.5
-171.0,266.5
-170.0,266.5
-169.0,267.5
-168.0,267.5
-167.0,268.5
-166.0,267.5
-165.0,268.5
-164.0,267.5
-163.0,268.5
-162.0,267.5
-161.0,268.5
-160.0,267.5
-159.0,268.5
-158.0,268.5
-157.0,268.5
-156.0,267.5
-155.0,268.5
-154.0,267.5
-153.0,268.5
-152.0,268.5
-151.0,269.5
-150.0,269.5
-149.0,270.5
-148.0,270.5
-147.0,271.5
-146.0,271.5
-145.0,272.5
-144.0,272.5
-143.0,273.5
-142.0,272.5
-141.0,273.5
-140.0,273.5
-139.0,272.5
-138.0,273.5
-137.0,274.5
-136.0,274.5
-135.0,275.5
-134.0,275.5
-133.0,276.5
-132.0,275.5
-131.0,276.5
-130.0,276.5
-129.0,276.5
-128.0,275.5
-127.0,276.5
-126.0,275.5
-137.0,265.5
-137.0,264.5
-136.0,263.5
-135.0,262.5
-136.0,263.5
-136.0,264.5
-137.0,265.5
-138.0,266.5
-137.0,255.5
-137.0,254.5
-145.0,250.5
-145.0,249.5
-144.0,248.5
-145.0,249.5
-148.0,253.5
-149.0,253.5
-150.0,254.5
-150.0,255.5
-151.0,256.5
-152.0,257.5
-153.0,258.5
-152.0,257.5
-152.0,256.5
-151.0,255.5
-150.0,254.5
-149.0,253.5
-158.0,248.5
-159.0,248.5
-160.0,249.5
-161.0,249.5
-162.0,250.5
-162.0,251.5
-162.0,250.5
-162.0,249.5
-161.0,249.5
-160.0,249.5
-159.0,248.5
-172.0,251.5
-173.0,250.5
-173.0,249.5
-173.0,248.5
-174.0,247.5
-173.0,247.5
-173.0,248.5
-173.0,249.5
-173.0,250.5
-173.0,245.5
-172.0,244.5
-172.0,243.5
-172.0,244.5
-174.0,239.5
-175.0,239.5
-176.0,236.5
-176.0,235.5
-181.0,239.5
-181.0,240.5
-182.0,240.5
-183.0,240.5
-183.0,239.5
-182.0,239.5
-203.0,264.5
-203.0,265.5
-202.0,266.5
-203.0,265.5
-211.0,269.5
-212.0,268.5
-222.0,265.5
-223.0,264.5
-222.0,265.5
-223.0,266.5
-223.0,267.5
-223.0,266.5
-238.0,276.5
-239.0,276.5
-240.0,276.5
-241.0,277.5
-242.0,277.5
-243.0,277.5
-244.0,278.5
-245.0,278.5
-246.0,278.5
-247.0,278.5
-248.0,278.5
-249.0,278.5
-250.0,278.5
-251.0,277.5
-252.0,277.5
-253.0,277.5
-254.0,278.5
-255.0,278.5
-256.0,278.5
-257.0,279.5
-258.0,279.5
-259.0,279.5
-260.0,279.5
-261.0,278.5
-262.0,278.5
-263.0,278.5
-264.0,277.5
-265.0,277.5
-266.0,277.5
-267.0,278.5
-268.0,277.5
-269.0,278.5
-270.0,277.5
-271.0,277.5
-272.0,277.5
-273.0,276.5
-274.0,277.5
-275.0,277.5
-276.0,276.5
-277.0,276.5
-278.0,276.5
-279.0,275.5
-280.0,275.5
-281.0,275.5
-282.0,275.5
-283.0,275.5
-284.0,275.5
-285.0,276.5
-286.0,276.5
-287.0,277.5
-288.0,277.5
-289.0,277.5
-290.0,278.5
-291.0,278.5
-292.0,278.5
-293.0,278.5
-294.0,279.5
-295.0,278.5
-296.0,278.5
-297.0,278.5
-298.0,278.5
-299.0,278.5
-300.0,278.5
-301.0,278.5
-302.0,278.5
-302.0,277.5
-303.0,276.5
-303.0,275.5
-303.0,276.5
-302.0,277.5
-301.0,277.5
-300.0,278.5
-299.0,277.5
-298.0,277.5
-297.0,277.5
-296.0,278.5
-295.0,278.5
-294.0,279.5
-293.0,278.5
-292.0,278.5
-291.0,277.5
-290.0,278.5
-289.0,277.5
-288.0,276.5
-287.0,277.5
-286.0,276.5
-285.0,276.5
-284.0,275.5
-283.0,275.5
-282.0,275.5
-281.0,274.5
-280.0,274.5
-279.0,275.5
-278.0,276.5
-277.0,276.5
-276.0,276.5
-275.0,277.5
-274.0,277.5
-273.0,276.5
-272.0,277.5
-271.0,277.5
-270.0,277.5
-269.0,278.5
-268.0,277.5
-267.0,278.5
-266.0,277.5
-265.0,277.5
-264.0,277.5
-263.0,278.5
-262.0,278.5
-261.0,278.5
-260.0,279.5
-259.0,278.5
-258.0,278.5
-257.0,279.5
-256.0,278.5
-255.0,278.5
-254.0,278.5
-253.0,277.5
-252.0,277.5
-251.0,277.5
-250.0,278.5
-249.0,277.5
-248.0,278.5
-247.0,278.5
-246.0,278.5
-245.0,277.5
-244.0,278.5
-243.0,277.5
-242.0,277.5
-241.0,277.5
-240.0,276.5
-239.0,276.5
-259.0,266.5
-260.0,265.5
-261.0,264.5
-262.0,264.5
-261.0,264.5
-260.0,265.5
-259.0,265.5
-263.0,269.5
-264.0,270.5
-254.0,249.5
-254.0,248.5
-255.0,247.5
-256.0,247.5
-256.0,246.5
-255.0,245.5
-255.0,244.5
-255.0,243.5
-254.0,243.5
-254.0,244.5
-255.0,245.5
-255.0,246.5
-255.0,247.5
-254.0,248.5
-253.0,248.5
-254.0,239.5
-254.0,238.5
-246.0,226.5
-247.0,225.5
-248.0,224.5
-247.0,224.5
-246.0,225.5
-303.0,280.5
-304.0,281.5
-305.0,282.5
-306.0,283.5
-307.0,284.5
-308.0,284.5
-309.0,284.5
-308.0,284.5
-307.0,284.5
-306.0,283.5
-305.0,282.5
-304.0,281.5
-180.0,-29.5
-179.0,-29.5
-178.0,-29.5
-179.0,-29.5
-173.0,-50.5
-173.0,-51.5
-177.0,-59.5
-178.0,-60.5
-179.0,-60.5
-180.0,-60.5
-181.0,-59.5
-181.0,-60.5
-180.0,-60.5
-179.0,-60.5
-178.0,-60.5
-177.0,-61.5
-177.0,-60.5
-168.0,-84.5
-168.0,-85.5
-167.0,-86.5
-168.0,-87.5
-169.0,-88.5
-168.0,-87.5
-167.0,-86.5
-166.0,-87.5
-165.0,-87.5
-164.0,-86.5
-163.0,-87.5
-162.0,-86.5
-163.0,-87.5
-164.0,-86.5
-165.0,-87.5
-166.0,-86.5
-167.0,-86.5
-168.0,-85.5
-169.0,-94.5
-170.0,-94.5
-171.0,-95.5
-170.0,-95.5
-169.0,-96.5
-169.0,-97.5
-169.0,-98.5
-168.0,-99.5
-167.0,-100.5
-168.0,-99.5
-169.0,-98.5
-169.0,-97.5
-169.0,-96.5
-169.0,-95.5
-163.0,-103.5
-163.0,-104.5
-164.0,-105.5
-165.0,-106.5
-165.0,-107.5
-165.0,-106.5
-164.0,-105.5
-163.0,-104.5
-166.0,-109.5
-167.0,-110.5
-168.0,-111.5
-169.0,-112.5
-170.0,-113.5
-171.0,-113.5
-172.0,-114.5
-173.0,-115.5
-174.0,-115.5
-174.0,-116.5
-175.0,-117.5
-176.0,-118.5
-177.0,-119.5
-178.0,-120.5
-179.0,-121.5
-180.0,-122.5
-181.0,-123.5
-182.0,-124.5
-183.0,-125.5
-184.0,-126.5
-185.0,-127.5
-186.0,-127.5
-187.0,-128.5
-188.0,-128.5
-189.0,-128.5
-190.0,-129.5
-191.0,-128.5
-192.0,-129.5
-193.0,-130.5
-194.0,-130.5
-195.0,-130.5
-196.0,-131.5
-197.0,-130.5
-198.0,-130.5
-199.0,-129.5
-200.0,-129.5
-201.0,-130.5
-202.0,-131.5
-203.0,-130.5
-204.0,-131.5
-205.0,-130.5
-206.0,-131.5
-207.0,-130.5
-208.0,-129.5
-209.0,-130.5
-210.0,-130.5
-211.0,-130.5
-212.0,-130.5
-213.0,-131.5
-214.0,-131.5
-215.0,-132.5
-216.0,-132.5
-217.0,-133.5
-218.0,-132.5
-219.0,-133.5
-220.0,-132.5
-221.0,-132.5
-222.0,-133.5
-223.0,-133.5
-224.0,-133.5
-225.0,-134.5
-226.0,-134.5
-227.0,-133.5
-228.0,-134.5
-229.0,-133.5
-230.0,-133.5
-231.0,-133.5
-232.0,-133.5
-233.0,-132.5
-234.0,-133.5
-235.0,-132.5
-236.0,-133.5
-237.0,-132.5
-238.0,-133.5
-239.0,-132.5
-240.0,-132.5
-241.0,-132.5
-242.0,-131.5
-243.0,-131.5
-244.0,-130.5
-245.0,-130.5
-246.0,-129.5
-247.0,-129.5
-248.0,-128.5
-249.0,-128.5
-250.0,-127.5
-251.0,-127.5
-252.0,-127.5
-253.0,-128.5
-254.0,-127.5
-255.0,-127.5
-256.0,-127.5
-257.0,-126.5
-258.0,-126.5
-259.0,-127.5
-260.0,-126.5
-261.0,-126.5
-262.0,-126.5
-263.0,-125.5
-264.0,-125.5
-265.0,-125.5
-266.0,-126.5
-267.0,-126.5
-268.0,-127.5
-269.0,-126.5
-270.0,-127.5
-271.0,-126.5
-272.0,-127.5
-273.0,-126.5
-274.0,-125.5
-275.0,-125.5
-276.0,-125.5
-277.0,-126.5
-278.0,-125.5
-279.0,-126.5
-280.0,-126.5
-280.0,-127.5
-279.0,-126.5
-278.0,-125.5
-277.0,-126.5
-276.0,-126.5
-275.0,-126.5
-274.0,-126.5
-273.0,-126.5
-272.0,-127.5
-271.0,-127.5
-270.0,-127.5
-269.0,-127.5
-268.0,-127.5
-267.0,-126.5
-266.0,-126.5
-265.0,-125.5
-264.0,-125.5
-263.0,-125.5
-262.0,-126.5
-261.0,-126.5
-260.0,-126.5
-259.0,-127.5
-258.0,-126.5
-257.0,-126.5
-256.0,-127.5
-255.0,-127.5
-254.0,-127.5
-253.0,-128.5
-252.0,-127.5
-251.0,-127.5
-250.0,-127.5
-249.0,-128.5
-248.0,-128.5
-247.0,-129.5
-246.0,-129.5
-245.0,-130.5
-244.0,-130.5
-243.0,-131.5
-242.0,-131.5
-241.0,-132.5
-240.0,-132.5
-239.0,-132.5
-238.0,-133.5
-237.0,-132.5
-236.0,-133.5
-235.0,-133.5
-234.0,-133.5
-233.0,-133.5
-232.0,-133.5
-231.0,-133.5
-230.0,-133.5
-229.0,-133.5
-228.0,-134.5
-227.0,-134.5
-226.0,-134.5
-225.0,-134.5
-224.0,-133.5
-223.0,-133.5
-222.0,-133.5
-221.0,-133.5
-220.0,-133.5
-219.0,-133.5
-218.0,-133.5
-217.0,-133.5
-216.0,-132.5
-215.0,-132.5
-214.0,-131.5
-213.0,-131.5
-212.0,-130.5
-211.0,-130.5
-210.0,-130.5
-209.0,-130.5
-208.0,-130.5
-207.0,-130.5
-206.0,-131.5
-205.0,-131.5
-204.0,-131.5
-203.0,-131.5
-202.0,-131.5
-201.0,-130.5
-200.0,-130.5
-199.0,-130.5
-198.0,-130.5
-197.0,-130.5
-196.0,-131.5
-195.0,-130.5
-194.0,-130.5
-193.0,-130.5
-192.0,-129.5
-191.0,-129.5
-190.0,-129.5
-189.0,-128.5
-188.0,-128.5
-187.0,-128.5
-186.0,-127.5
-185.0,-127.5
-184.0,-126.5
-183.0,-126.5
-182.0,-125.5
-181.0,-125.5
-180.0,-126.5
-179.0,-127.5
-180.0,-126.5
-181.0,-125.5
-181.0,-124.5
-181.0,-123.5
-180.0,-122.5
-179.0,-121.5
-178.0,-120.5
-177.0,-119.5
-176.0,-118.5
-175.0,-117.5
-174.0,-116.5
-173.0,-115.5
-172.0,-114.5
-171.0,-114.5
-170.0,-113.5
-169.0,-112.5
-168.0,-111.5
-167.0,-110.5
-165.0,-115.5
-164.0,-116.5
-163.0,-116.5
-162.0,-117.5
-161.0,-118.5
-162.0,-117.5
-163.0,-116.5
-164.0,-116.5
-159.0,-119.5
-158.0,-119.5
-158.0,-134.5
-159.0,-134.5
-160.0,-135.5
-161.0,-135.5
-162.0,-136.5
-163.0,-135.5
-164.0,-135.5
-165.0,-135.5
-166.0,-134.5
-167.0,-135.5
-168.0,-134.5
-169.0,-134.5
-170.0,-134.5
-171.0,-133.5
-172.0,-133.5
-173.0,-132.5
-174.0,-132.5
-175.0,-131.5
-176.0,-131.5
-177.0,-130.5
-178.0,-129.5
-177.0,-130.5
-176.0,-131.5
-175.0,-131.5
-174.0,-132.5
-173.0,-132.5
-172.0,-133.5
-171.0,-133.5
-170.0,-134.5
-169.0,-134.5
-168.0,-134.5
-167.0,-135.5
-166.0,-134.5
-165.0,-135.5
-164.0,-135.5
-163.0,-135.5
-162.0,-136.5
-161.0,-135.5
-160.0,-135.5
-159.0,-135.5
-158.0,-135.5
-157.0,-135.5
-156.0,-135.5
-155.0,-135.5
-154.0,-135.5
-153.0,-136.5
-152.0,-136.5
-151.0,-136.5
-150.0,-136.5
-149.0,-136.5
-148.0,-136.5
-147.0,-136.5
-146.0,-136.5
-145.0,-136.5
-144.0,-136.5
-143.0,-136.5
-142.0,-136.5
-141.0,-136.5
-140.0,-136.5
-139.0,-136.5
-138.0,-136.5
-137.0,-135.5
-136.0,-136.5
-135.0,-136.5
-134.0,-136.5
-133.0,-136.5
-132.0,-136.5
-131.0,-136.5
-130.0,-136.5
-129.0,-136.5
-128.0,-136.5
-127.0,-136.5
-126.0,-136.5
-125.0,-136.5
-124.0,-136.5
-123.0,-136.5
-122.0,-136.5
-121.0,-136.5
-120.0,-136.5
-119.0,-136.5
-118.0,-136.5
-117.0,-136.5
-116.0,-136.5
-115.0,-136.5
-114.0,-136.5
-113.0,-136.5
-112.0,-136.5
-111.0,-136.5
-110.0,-136.5
-109.0,-136.5
-110.0,-136.5
-111.0,-136.5
-112.0,-136.5
-113.0,-136.5
-114.0,-136.5
-115.0,-136.5
-116.0,-136.5
-117.0,-136.5
-118.0,-135.5
-119.0,-135.5
-120.0,-136.5
-121.0,-136.5
-122.0,-136.5
-123.0,-136.5
-124.0,-136.5
-125.0,-136.5
-126.0,-136.5
-127.0,-136.5
-128.0,-135.5
-129.0,-136.5
-130.0,-136.5
-131.0,-135.5
-132.0,-135.5
-133.0,-135.5
-134.0,-135.5
-135.0,-135.5
-136.0,-135.5
-137.0,-135.5
-138.0,-136.5
-139.0,-135.5
-140.0,-136.5
-141.0,-136.5
-142.0,-135.5
-143.0,-135.5
-144.0,-135.5
-145.0,-136.5
-146.0,-136.5
-147.0,-135.5
-148.0,-135.5
-149.0,-135.5
-150.0,-135.5
-151.0,-136.5
-152.0,-135.5
-153.0,-136.5
-154.0,-135.5
-155.0,-134.5
-156.0,-135.5
-157.0,-134.5
-174.0,-113.5
-175.0,-112.5
-176.0,-111.5
-177.0,-111.5
-176.0,-111.5
-175.0,-112.5
-179.0,-105.5
-180.0,-104.5
-181.0,-103.5
-180.0,-104.5
-183.0,-102.5
-184.0,-101.5
-185.0,-99.5
-186.0,-99.5
-188.0,-103.5
-189.0,-103.5
-189.0,-107.5
-188.0,-108.5
-188.0,-109.5
-187.0,-109.5
-188.0,-108.5
-190.0,-110.5
-191.0,-110.5
-185.0,-110.5
-185.0,-109.5
-194.0,-118.5
-193.0,-119.5
-192.0,-120.5
-193.0,-119.5
-197.0,-118.5
-198.0,-117.5
-199.0,-118.5
-200.0,-119.5
-201.0,-118.5
-200.0,-119.5
-200.0,-120.5
-200.0,-121.5
-200.0,-120.5
-200.0,-119.5
-199.0,-118.5
-198.0,-117.5
-213.0,-123.5
-214.0,-122.5
-214.0,-121.5
-214.0,-122.5
-231.0,-112.5
-231.0,-111.5
-232.0,-112.5
-243.0,-114.5
-244.0,-114.5
-245.0,-114.5
-245.0,-115.5
-246.0,-116.5
-245.0,-115.5
-244.0,-114.5
-247.0,-121.5
-247.0,-122.5
-248.0,-123.5
-247.0,-122.5
-256.0,-113.5
-256.0,-112.5
-266.0,-112.5
-267.0,-111.5
-281.0,-98.5
-282.0,-98.5
-282.0,-126.5
-282.0,-127.5
-284.0,-127.5
-285.0,-128.5
-286.0,-128.5
-287.0,-129.5
-288.0,-128.5
-289.0,-129.5
-290.0,-128.5
-291.0,-129.5
-292.0,-128.5
-293.0,-128.5
-294.0,-127.5
-293.0,-128.5
-294.0,-129.5
-295.0,-130.5
-296.0,-131.5
-297.0,-132.5
-298.0,-133.5
-299.0,-134.5
-300.0,-135.5
-301.0,-135.5
-302.0,-136.5
-303.0,-137.5
-304.0,-138.5
-305.0,-139.5
-306.0,-140.5
-307.0,-140.5
-306.0,-140.5
-305.0,-139.5
-304.0,-138.5
-303.0,-137.5
-302.0,-136.5
-301.0,-135.5
-300.0,-135.5
-299.0,-134.5
-298.0,-133.5
-297.0,-132.5
-296.0,-131.5
-295.0,-130.5
-294.0,-129.5
-293.0,-128.5
-292.0,-128.5
-291.0,-129.5
-290.0,-129.5
-289.0,-129.5
-288.0,-129.5
-287.0,-129.5
-286.0,-128.5
-285.0,-128.5
-296.0,-126.5
-297.0,-125.5
-297.0,-124.5
-297.0,-125.5
-300.0,-121.5
-301.0,-120.5
-232.0,-87.5
-232.0,-86.5
-216.0,-81.5
-216.0,-80.5
-158.0,-89.5
-157.0,-90.5
-157.0,-89.5
-105.0,-136.5
-104.0,-136.5
-104.0,-135.5
-97.0,-135.5
-97.0,-136.5
-96.0,-136.5
-95.0,-136.5
-94.0,-136.5
-93.0,-136.5
-92.0,-136.5
-91.0,-136.5
-90.0,-136.5
-89.0,-136.5
-88.0,-136.5
-87.0,-136.5
-86.0,-135.5
-85.0,-136.5
-84.0,-136.5
-83.0,-136.5
-83.0,-135.5
-84.0,-135.5
-85.0,-136.5
-86.0,-135.5
-87.0,-136.5
-88.0,-135.5
-89.0,-135.5
-90.0,-135.5
-91.0,-135.5
-92.0,-135.5
-93.0,-136.5
-94.0,-136.5
-95.0,-135.5
-96.0,-135.5
-80.0,-135.5
-79.0,-135.5
-78.0,-135.5
-77.0,-135.5
-78.0,-135.5
-79.0,-135.5
-71.0,-135.5
-70.0,-135.5
-69.0,-135.5
-68.0,-135.5
-69.0,-135.5
-70.0,-135.5
-62.0,-135.5
-61.0,-135.5
-60.0,-135.5
-61.0,-135.5
-55.0,-135.5
-54.0,-135.5
-53.0,-135.5
-52.0,-135.5
-51.0,-135.5
-50.0,-135.5
-49.0,-135.5
-48.0,-135.5
-47.0,-135.5
-46.0,-135.5
-45.0,-135.5
-44.0,-135.5
-43.0,-135.5
-42.0,-135.5
-41.0,-135.5
-40.0,-135.5
-39.0,-135.5
-38.0,-135.5
-37.0,-135.5
-36.0,-135.5
-35.0,-135.5
-34.0,-135.5
-33.0,-135.5
-32.0,-135.5
-31.0,-134.5
-30.0,-134.5
-29.0,-134.5
-28.0,-134.5
-27.0,-134.5
-26.0,-134.5
-25.0,-134.5
-24.0,-134.5
-23.0,-134.5
-22.0,-134.5
-21.0,-133.5
-20.0,-133.5
-19.0,-132.5
-18.0,-132.5
-17.0,-132.5
-16.0,-131.5
-15.0,-131.5
-14.0,-131.5
-13.0,-131.5
-12.0,-130.5
-11.0,-131.5
-10.0,-131.5
-9.0,-131.5
-8.0,-131.5
-7.0,-131.5
-6.0,-132.5
-5.0,-132.5
-4.0,-133.5
-3.0,-133.5
-2.0,-133.5
-1.0,-134.5
0.0,-134.5
1.0,-134.5
2.0,-134.5
3.0,-134.5
4.0,-134.5
5.0,-134.5
6.0,-133.5
7.0,-133.5
8.0,-132.5
9.0,-132.5
10.0,-132.5
11.0,-132.5
12.0,-132.5
13.0,-132.5
14.0,-133.5
15.0,-133.5
16.0,-133.5
17.0,-133.5
18.0,-133.5
19.0,-133.5
20.0,-133.5
21.0,-133.5
22.0,-133.5
23.0,-133.5
24.0,-133.5
25.0,-132.5
26.0,-132.5
27.0,-132.5
28.0,-131.5
29.0,-131.5
30.0,-131.5
31.0,-131.5
32.0,-130.5
33.0,-130.5
34.0,-131.5
35.0,-131.5
36.0,-130.5
37.0,-130.5
38.0,-130.5
39.0,-129.5
40.0,-129.5
41.0,-129.5
42.0,-129.5
43.0,-129.5
44.0,-129.5
45.0,-128.5
46.0,-128.5
47.0,-128.5
48.0,-127.5
49.0,-127.5
50.0,-128.5
51.0,-127.5
50.0,-128.5
49.0,-127.5
48.0,-127.5
47.0,-128.5
46.0,-128.5
45.0,-128.5
44.0,-129.5
43.0,-128.5
42.0,-129.5
41.0,-128.5
40.0,-128.5
39.0,-129.5
38.0,-130.5
37.0,-130.5
36.0,-130.5
35.0,-131.5
34.0,-131.5
33.0,-130.5
32.0,-130.5
31.0,-131.5
30.0,-130.5
29.0,-131.5
28.0,-131.5
27.0,-132.5
26.0,-132.5
25.0,-132.5
24.0,-133.5
23.0,-132.5
22.0,-132.5
21.0,-132.5
20.0,-133.5
19.0,-133.5
18.0,-133.5
17.0,-133.5
16.0,-133.5
15.0,-132.5
14.0,-133.5
13.0,-132.5
12.0,-131.5
11.0,-131.5
10.0,-131.5
9.0,-131.5
8.0,-130.5
8.0,-131.5
8.0,-132.5
7.0,-133.5
6.0,-133.5
5.0,-134.5
4.0,-133.5
3.0,-134.5
2.0,-134.5
1.0,-134.5
0.0,-133.5
-1.0,-134.5
-2.0,-133.5
-3.0,-133.5
-4.0,-133.5
-5.0,-132.5
-6.0,-132.5
-7.0,-131.5
-6.0,-130.5
-5.0,-129.5
-4.0,-128.5
-3.0,-127.5
-2.0,-128.5
-3.0,-127.5
-4.0,-128.5
-5.0,-129.5
-6.0,-130.5
-7.0,-131.5
-8.0,-131.5
-9.0,-130.5
-10.0,-130.5
-11.0,-131.5
-12.0,-130.5
-13.0,-131.5
-14.0,-130.5
-15.0,-131.5
-16.0,-131.5
-17.0,-132.5
-18.0,-131.5
-19.0,-131.5
-20.0,-132.5
-21.0,-133.5
-22.0,-134.5
-23.0,-133.5
-24.0,-134.5
-25.0,-134.5
-26.0,-134.5
-27.0,-133.5
-28.0,-133.5
-29.0,-133.5
-30.0,-134.5
-31.0,-134.5
-32.0,-135.5
-33.0,-134.5
-34.0,-134.5
-35.0,-134.5
-36.0,-134.5
-37.0,-134.5
-38.0,-134.5
-39.0,-134.5
-40.0,-134.5
-41.0,-134.5
-42.0,-135.5
-43.0,-135.5
-44.0,-135.5
-45.0,-135.5
-46.0,-135.5
-47.0,-135.5
-48.0,-135.5
-49.0,-135.5
-50.0,-135.5
-51.0,-135.5
-52.0,-135.5
-53.0,-135.5
-54.0,-135.5
20.0,-121.5
21.0,-120.5
22.0,-120.5
23.0,-119.5
22.0,-120.5
21.0,-120.5
20.0,-120.5
26.0,-126.5
27.0,-127.5
28.0,-128.5
27.0,-127.5
33.0,-118.5
34.0,-117.5
33.0,-116.5
33.0,-115.5
33.0,-116.5
33.0,-117.5
38.0,-119.5
39.0,-120.5
39.0,-121.5
39.0,-120.5
39.0,-119.5
39.0,-123.5
39.0,-124.5
47.0,-120.5
47.0,-119.5
47.0,-118.5
46.0,-118.5
47.0,-119.5
51.0,-116.5
52.0,-116.5
53.0,-117.5
53.0,-118.5
53.0,-117.5
53.0,-116.5
53.0,-115.5
52.0,-115.5
51.0,-114.5
50.0,-113.5
50.0,-112.5
50.0,-111.5
50.0,-112.5
50.0,-113.5
51.0,-114.5
51.0,-115.5
57.0,-120.5
57.0,-121.5
57.0,-120.5
58.0,-119.5
59.0,-118.5
58.0,-119.5
63.0,-117.5
64.0,-117.5
65.0,-117.5
66.0,-118.5
67.0,-119.5
66.0,-118.5
65.0,-117.5
64.0,-116.5
63.0,-116.5
65.0,-112.5
66.0,-111.5
67.0,-110.5
66.0,-110.5
66.0,-111.5
69.0,-110.5
70.0,-109.5
71.0,-110.5
72.0,-111.5
73.0,-112.5
73.0,-111.5
72.0,-111.5
71.0,-110.5
70.0,-109.5
69.0,-109.5
75.0,-112.5
76.0,-113.5
76.0,-114.5
76.0,-113.5
79.0,-120.5
79.0,-121.5
78.0,-122.5
77.0,-123.5
76.0,-124.5
75.0,-125.5
74.0,-125.5
73.0,-126.5
72.0,-126.5
71.0,-127.5
70.0,-127.5
69.0,-128.5
68.0,-129.5
67.0,-129.5
66.0,-130.5
65.0,-129.5
64.0,-130.5
63.0,-129.5
62.0,-130.5
61.0,-129.5
60.0,-129.5
59.0,-128.5
58.0,-128.5
57.0,-127.5
56.0,-126.5
55.0,-125.5
54.0,-125.5
53.0,-126.5
54.0,-126.5
55.0,-126.5
56.0,-127.5
57.0,-127.5
58.0,-128.5
59.0,-128.5
60.0,-129.5
61.0,-129.5
62.0,-130.5
63.0,-130.5
64.0,-130.5
65.0,-130.5
66.0,-130.5
67.0,-129.5
68.0,-129.5
69.0,-128.5
70.0,-127.5
71.0,-127.5
72.0,-126.5
73.0,-126.5
74.0,-125.5
75.0,-125.5
76.0,-124.5
77.0,-123.5
78.0,-122.5
79.0,-121.5
81.0,-121.5
82.0,-120.5
83.0,-120.5
84.0,-119.5
85.0,-118.5
86.0,-118.5
87.0,-117.5
88.0,-117.5
89.0,-117.5
90.0,-117.5
91.0,-118.5
92.0,-117.5
93.0,-118.5
94.0,-118.5
95.0,-117.5
96.0,-117.5
97.0,-117.5
98.0,-116.5
99.0,-116.5
100.0,-115.5
101.0,-115.5
102.0,-114.5
103.0,-114.5
104.0,-113.5
105.0,-113.5
106.0,-112.5
107.0,-112.5
108.0,-111.5
109.0,-111.5
110.0,-110.5
111.0,-110.5
112.0,-109.5
113.0,-109.5
114.0,-108.5
115.0,-108.5
116.0,-107.5
117.0,-107.5
118.0,-106.5
119.0,-107.5
120.0,-107.5
121.0,-107.5
122.0,-106.5
123.0,-106.5
124.0,-106.5
125.0,-105.5
126.0,-105.5
127.0,-104.5
128.0,-104.5
129.0,-103.5
130.0,-103.5
131.0,-104.5
132.0,-104.5
133.0,-105.5
134.0,-105.5
135.0,-106.5
136.0,-106.5
137.0,-106.5
138.0,-107.5
139.0,-106.5
140.0,-106.5
141.0,-106.5
142.0,-105.5
143.0,-105.5
144.0,-104.5
145.0,-104.5
146.0,-105.5
147.0,-105.5
148.0,-106.5
149.0,-106.5
150.0,-106.5
151.0,-107.5
152.0,-107.5
153.0,-107.5
154.0,-106.5
155.0,-106.5
156.0,-105.5
157.0,-106.5
158.0,-105.5
159.0,-104.5
160.0,-104.5
161.0,-104.5
162.0,-103.5
161.0,-104.5
160.0,-104.5
159.0,-104.5
158.0,-105.5
157.0,-106.5
156.0,-105.5
155.0,-106.5
154.0,-105.5
153.0,-106.5
152.0,-106.5
151.0,-107.5
150.0,-106.5
149.0,-106.5
148.0,-106.5
147.0,-105.5
146.0,-105.5
145.0,-104.5
144.0,-104.5
143.0,-105.5
142.0,-105.5
141.0,-106.5
140.0,-106.5
139.0,-106.5
138.0,-107.5
137.0,-106.5
136.0,-106.5
135.0,-106.5
134.0,-105.5
133.0,-105.5
132.0,-104.5
131.0,-104.5
130.0,-103.5
129.0,-103.5
128.0,-104.5
127.0,-104.5
126.0,-105.5
125.0,-105.5
124.0,-106.5
123.0,-106.5
122.0,-106.5
121.0,-107.5
120.0,-106.5
119.0,-107.5
118.0,-106.5
117.0,-107.5
116.0,-107.5
115.0,-108.5
114.0,-108.5
113.0,-109.5
112.0,-109.5
111.0,-110.5
110.0,-110.5
109.0,-111.5
108.0,-111.5
107.0,-112.5
106.0,-112.5
105.0,-113.5
104.0,-113.5
103.0,-114.5
102.0,-114.5
101.0,-115.5
100.0,-115.5
99.0,-116.5
98.0,-116.5
97.0,-117.5
96.0,-117.5
95.0,-117.5
94.0,-118.5
93.0,-118.5
92.0,-117.5
91.0,-118.5
90.0,-117.5
89.0,-117.5
88.0,-116.5
87.0,-117.5
86.0,-118.5
85.0,-118.5
84.0,-119.5
83.0,-119.5
82.0,-120.5
87.0,-106.5
87.0,-105.5
86.0,-104.5
87.0,-105.5
87.0,-99.5
87.0,-98.5
88.0,-97.5
89.0,-96.5
90.0,-96.5
91.0,-95.5
91.0,-94.5
92.0,-93.5
91.0,-94.5
90.0,-95.5
89.0,-96.5
88.0,-97.5
87.0,-97.5
86.0,-98.5
85.0,-97.5
84.0,-96.5
85.0,-97.5
86.0,-98.5
93.0,-91.5
93.0,-90.5
95.0,-88.5
96.0,-88.5
97.0,-88.5
98.0,-89.5
99.0,-89.5
98.0,-89.5
97.0,-88.5
96.0,-88.5
95.0,-88.5
94.0,-87.5
93.0,-86.5
92.0,-85.5
91.0,-84.5
90.0,-83.5
89.0,-82.5
88.0,-82.5
87.0,-83.5
88.0,-82.5
89.0,-83.5
90.0,-84.5
91.0,-85.5
92.0,-86.5
93.0,-86.5
94.0,-87.5
83.0,-83.5
82.0,-84.5
80.0,-84.5
80.0,-83.5
79.0,-83.5
78.0,-84.5
77.0,-85.5
78.0,-85.5
79.0,-84.5
75.0,-86.5
74.0,-85.5
73.0,-86.5
72.0,-85.5
72.0,-84.5
71.0,-84.5
72.0,-85.5
73.0,-86.5
74.0,-86.5
69.0,-88.5
68.0,-89.5
67.0,-90.5
66.0,-89.5
66.0,-90.5
67.0,-90.5
68.0,-89.5
69.0,-89.5
70.0,-82.5
70.0,-81.5
69.0,-80.5
70.0,-81.5
70.0,-78.5
70.0,-77.5
70.0,-76.5
70.0,-75.5
69.0,-74.5
69.0,-73.5
69.0,-72.5
70.0,-71.5
70.0,-70.5
70.0,-69.5
70.0,-68.5
70.0,-67.5
69.0,-68.5
69.0,-69.5
69.0,-70.5
70.0,-71.5
69.0,-72.5
68.0,-73.5
67.0,-74.5
68.0,-73.5
69.0,-74.5
70.0,-75.5
69.0,-76.5
69.0,-77.5
78.0,-77.5
79.0,-78.5
78.0,-77.5
79.0,-76.5
79.0,-75.5
80.0,-74.5
79.0,-74.5
78.0,-73.5
77.0,-72.5
77.0,-71.5
77.0,-70.5
77.0,-69.5
77.0,-68.5
77.0,-67.5
77.0,-66.5
77.0,-65.5
77.0,-64.5
77.0,-63.5
77.0,-62.5
77.0,-61.5
77.0,-60.5
77.0,-59.5
78.0,-58.5
79.0,-57.5
80.0,-56.5
81.0,-55.5
82.0,-54.5
83.0,-54.5
84.0,-54.5
85.0,-54.5
86.0,-54.5
87.0,-54.5
88.0,-53.5
89.0,-53.5
90.0,-54.5
91.0,-54.5
92.0,-54.5
93.0,-54.5
94.0,-55.5
95.0,-56.5
96.0,-57.5
97.0,-58.5
98.0,-59.5
98.0,-60.5
98.0,-61.5
98.0,-62.5
98.0,-63.5
98.0,-64.5
98.0,-65.5
98.0,-66.5
98.0,-67.5
98.0,-68.5
98.0,-69.5
98.0,-70.5
98.0,-71.5
98.0,-72.5
97.0,-73.5
96.0,-74.5
95.0,-73.5
94.0,-74.5
93.0,-74.5
94.0,-75.5
95.0,-74.5
96.0,-74.5
97.0,-73.5
98.0,-74.5
97.0,-73.5
98.0,-72.5
98.0,-71.5
98.0,-70.5
98.0,-69.5
98.0,-68.5
98.0,-67.5
98.0,-66.5
98.0,-65.5
98.0,-64.5
98.0,-63.5
98.0,-62.5
98.0,-61.5
98.0,-60.5
98.0,-59.5
97.0,-58.5
97.0,-57.5
96.0,-57.5
95.0,-56.5
94.0,-55.5
93.0,-54.5
93.0,-53.5
94.0,-52.5
95.0,-51.5
96.0,-51.5
97.0,-50.5
98.0,-50.5
99.0,-51.5
98.0,-50.5
99.0,-49.5
98.0,-50.5
97.0,-50.5
96.0,-51.5
95.0,-51.5
94.0,-52.5
93.0,-53.5
92.0,-53.5
91.0,-53.5
90.0,-53.5
89.0,-53.5
88.0,-53.5
87.0,-53.5
86.0,-53.5
85.0,-53.5
84.0,-53.5
83.0,-53.5
82.0,-53.5
81.0,-52.5
80.0,-51.5
81.0,-52.5
82.0,-53.5
82.0,-54.5
81.0,-55.5
80.0,-56.5
79.0,-57.5
78.0,-57.5
78.0,-58.5
77.0,-59.5
77.0,-60.5
77.0,-61.5
77.0,-62.5
77.0,-63.5
77.0,-64.5
77.0,-65.5
77.0,-66.5
77.0,-67.5
77.0,-68.5
77.0,-69.5
77.0,-70.5
77.0,-71.5
77.0,-72.5
78.0,-73.5
78.0,-74.5
78.0,-75.5
78.0,-76.5
82.0,-73.5
83.0,-74.5
83.0,-73.5
84.0,-72.5
85.0,-73.5
84.0,-72.5
83.0,-73.5
87.0,-72.5
88.0,-73.5
89.0,-74.5
90.0,-75.5
90.0,-76.5
91.0,-75.5
90.0,-75.5
89.0,-74.5
88.0,-73.5
88.0,-70.5
87.0,-70.5
87.0,-67.5
88.0,-67.5
89.0,-66.5
89.0,-65.5
90.0,-64.5
91.0,-63.5
90.0,-64.5
89.0,-65.5
89.0,-66.5
88.0,-67.5
85.0,-66.5
84.0,-65.5
84.0,-64.5
84.0,-65.5
78.0,-51.5
77.0,-50.5
76.0,-51.5
77.0,-50.5
77.0,-43.5
76.0,-42.5
75.0,-42.5
74.0,-43.5
73.0,-42.5
72.0,-42.5
71.0,-43.5
70.0,-44.5
71.0,-43.5
72.0,-43.5
73.0,-43.5
74.0,-43.5
75.0,-42.5
76.0,-42.5
77.0,-43.5
78.0,-42.5
79.0,-42.5
80.0,-42.5
81.0,-42.5
82.0,-42.5
83.0,-42.5
84.0,-42.5
85.0,-42.5
86.0,-43.5
87.0,-43.5
88.0,-43.5
89.0,-43.5
90.0,-43.5
91.0,-43.5
92.0,-43.5
93.0,-43.5
94.0,-43.5
95.0,-43.5
96.0,-43.5
97.0,-43.5
98.0,-42.5
99.0,-42.5
100.0,-42.5
101.0,-41.5
100.0,-42.5
99.0,-41.5
98.0,-40.5
98.0,-39.5
98.0,-40.5
99.0,-41.5
98.0,-42.5
97.0,-43.5
96.0,-42.5
95.0,-43.5
94.0,-43.5
93.0,-43.5
92.0,-43.5
91.0,-43.5
90.0,-43.5
89.0,-43.5
88.0,-43.5
87.0,-42.5
86.0,-43.5
85.0,-42.5
84.0,-42.5
83.0,-42.5
82.0,-42.5
81.0,-42.5
80.0,-41.5
79.0,-42.5
78.0,-42.5
69.0,-49.5
68.0,-50.5
67.0,-50.5
66.0,-51.5
65.0,-51.5
65.0,-52.5
66.0,-51.5
67.0,-51.5
68.0,-50.5
69.0,-50.5
69.0,-55.5
69.0,-56.5
68.0,-57.5
68.0,-58.5
67.0,-59.5
67.0,-60.5
68.0,-61.5
69.0,-62.5
68.0,-61.5
68.0,-60.5
67.0,-59.5
68.0,-58.5
68.0,-57.5
69.0,-56.5
64.0,-59.5
64.0,-60.5
107.0,-57.5
108.0,-58.5
108.0,-59.5
109.0,-60.5
108.0,-61.5
108.0,-62.5
107.0,-63.5
107.0,-64.5
107.0,-65.5
107.0,-66.5
107.0,-65.5
107.0,-64.5
107.0,-63.5
108.0,-62.5
108.0,-61.5
109.0,-60.5
108.0,-59.5
108.0,-58.5
108.0,-55.5
107.0,-54.5
108.0,-53.5
108.0,-52.5
108.0,-53.5
107.0,-54.5
107.0,-55.5
109.0,-50.5
108.0,-49.5
108.0,-48.5
107.0,-47.5
108.0,-46.5
107.0,-46.5
107.0,-47.5
108.0,-48.5
108.0,-49.5
108.0,-44.5
107.0,-43.5
106.0,-42.5
105.0,-41.5
104.0,-41.5
103.0,-41.5
104.0,-41.5
105.0,-42.5
106.0,-42.5
107.0,-43.5
108.0,-44.5
109.0,-43.5
110.0,-42.5
111.0,-42.5
112.0,-42.5
113.0,-41.5
114.0,-40.5
115.0,-41.5
114.0,-40.5
113.0,-41.5
112.0,-41.5
111.0,-41.5
110.0,-42.5
109.0,-43.5
103.0,-37.5
103.0,-36.5
102.0,-30.5
101.0,-30.5
112.0,-32.5
113.0,-32.5
114.0,-33.5
115.0,-33.5
116.0,-34.5
116.0,-33.5
115.0,-33.5
114.0,-32.5
114.0,-31.5
114.0,-30.5
114.0,-31.5
113.0,-32.5
119.0,-28.5
120.0,-29.5
121.0,-30.5
121.0,-31.5
121.0,-30.5
120.0,-29.5
119.0,-28.5
119.0,-27.5
119.0,-26.5
119.0,-25.5
119.0,-24.5
118.0,-24.5
119.0,-25.5
119.0,-26.5
119.0,-27.5
124.0,-37.5
123.0,-38.5
122.0,-38.5
121.0,-39.5
120.0,-39.5
119.0,-40.5
118.0,-40.5
118.0,-41.5
119.0,-40.5
120.0,-39.5
121.0,-39.5
122.0,-38.5
123.0,-38.5
124.0,-37.5
125.0,-37.5
126.0,-37.5
127.0,-36.5
128.0,-35.5
127.0,-35.5
126.0,-36.5
125.0,-37.5
130.0,-34.5
131.0,-35.5
131.0,-34.5
138.0,-34.5
139.0,-35.5
140.0,-34.5
141.0,-34.5
142.0,-34.5
143.0,-34.5
142.0,-33.5
141.0,-34.5
140.0,-34.5
139.0,-35.5
137.0,-43.5
136.0,-44.5
135.0,-45.5
136.0,-44.5
135.0,-51.5
134.0,-52.5
133.0,-52.5
132.0,-52.5
131.0,-52.5
130.0,-52.5
129.0,-51.5
130.0,-52.5
131.0,-53.5
132.0,-53.5
133.0,-52.5
134.0,-52.5
136.0,-53.5
137.0,-53.5
140.0,-56.5
139.0,-57.5
140.0,-56.5
141.0,-55.5
142.0,-55.5
143.0,-54.5
144.0,-55.5
145.0,-56.5
146.0,-57.5
147.0,-58.5
148.0,-59.5
149.0,-59.5
150.0,-60.5
151.0,-61.5
152.0,-62.5
151.0,-61.5
150.0,-60.5
149.0,-59.5
148.0,-58.5
147.0,-57.5
146.0,-56.5
145.0,-56.5
144.0,-55.5
145.0,-54.5
145.0,-53.5
146.0,-52.5
147.0,-52.5
148.0,-51.5
149.0,-50.5
150.0,-49.5
150.0,-48.5
150.0,-49.5
149.0,-50.5
148.0,-50.5
147.0,-51.5
146.0,-52.5
145.0,-53.5
145.0,-54.5
144.0,-55.5
143.0,-54.5
142.0,-54.5
141.0,-55.5
141.0,-64.5
141.0,-65.5
142.0,-66.5
143.0,-67.5
142.0,-66.5
141.0,-65.5
135.0,-62.5
134.0,-63.5
133.0,-64.5
132.0,-65.5
131.0,-64.5
130.0,-63.5
129.0,-62.5
130.0,-63.5
131.0,-64.5
132.0,-65.5
132.0,-66.5
132.0,-67.5
132.0,-68.5
132.0,-69.5
131.0,-70.5
131.0,-71.5
131.0,-72.5
132.0,-73.5
131.0,-74.5
131.0,-75.5
131.0,-76.5
130.0,-77.5
131.0,-76.5
131.0,-75.5
131.0,-74.5
132.0,-73.5
132.0,-72.5
132.0,-71.5
132.0,-70.5
132.0,-69.5
132.0,-68.5
132.0,-67.5
132.0,-66.5
132.0,-65.5
133.0,-64.5
134.0,-63.5
126.0,-58.5
125.0,-57.5
124.0,-57.5
123.0,-56.5
124.0,-57.5
125.0,-57.5
121.0,-56.5
120.0,-57.5
119.0,-58.5
118.0,-59.5
117.0,-60.5
116.0,-60.5
115.0,-61.5
114.0,-61.5
113.0,-60.5
113.0,-61.5
114.0,-61.5
115.0,-61.5
116.0,-61.5
117.0,-60.5
118.0,-59.5
119.0,-59.5
119.0,-58.5
120.0,-57.5
121.0,-56.5
121.0,-55.5
120.0,-54.5
119.0,-54.5
118.0,-53.5
119.0,-54.5
120.0,-55.5
121.0,-52.5
122.0,-51.5
116.0,-52.5
115.0,-52.5
114.0,-51.5
113.0,-51.5
113.0,-52.5
114.0,-52.5
115.0,-53.5
118.0,-65.5
118.0,-66.5
120.0,-67.5
121.0,-68.5
120.0,-69.5
120.0,-70.5
119.0,-71.5
118.0,-72.5
118.0,-73.5
117.0,-74.5
116.0,-75.5
115.0,-76.5
115.0,-77.5
116.0,-77.5
116.0,-76.5
116.0,-75.5
117.0,-74.5
118.0,-73.5
119.0,-72.5
120.0,-72.5
119.0,-71.5
120.0,-70.5
120.0,-69.5
121.0,-68.5
121.0,-67.5
122.0,-66.5
123.0,-65.5
122.0,-66.5
121.0,-67.5
109.0,-69.5
108.0,-68.5
108.0,-69.5
108.0,-70.5
108.0,-71.5
108.0,-72.5
108.0,-73.5
108.0,-74.5
107.0,-75.5
107.0,-76.5
107.0,-77.5
107.0,-76.5
107.0,-75.5
108.0,-74.5
108.0,-73.5
108.0,-72.5
108.0,-71.5
109.0,-70.5
107.0,-91.5
108.0,-92.5
109.0,-93.5
110.0,-94.5
111.0,-95.5
111.0,-94.5
110.0,-94.5
109.0,-93.5
108.0,-92.5
115.0,-96.5
116.0,-97.5
116.0,-98.5
117.0,-99.5
116.0,-98.5
116.0,-97.5
144.0,-77.5
145.0,-77.5
144.0,-76.5
145.0,-75.5
145.0,-74.5
146.0,-73.5
146.0,-72.5
147.0,-71.5
147.0,-70.5
148.0,-69.5
149.0,-68.5
150.0,-67.5
151.0,-67.5
152.0,-66.5
153.0,-65.5
154.0,-64.5
155.0,-64.5
156.0,-63.5
157.0,-62.5
158.0,-62.5
159.0,-61.5
160.0,-60.5
161.0,-59.5
162.0,-59.5
163.0,-58.5
163.0,-57.5
163.0,-58.5
162.0,-59.5
161.0,-59.5
160.0,-60.5
159.0,-61.5
158.0,-62.5
157.0,-62.5
156.0,-63.5
155.0,-64.5
154.0,-64.5
153.0,-65.5
152.0,-66.5
151.0,-66.5
150.0,-67.5
149.0,-68.5
148.0,-69.5
147.0,-70.5
147.0,-71.5
146.0,-72.5
146.0,-73.5
145.0,-74.5
145.0,-75.5
144.0,-76.5
168.0,-67.5
169.0,-68.5
168.0,-67.5
169.0,-66.5
168.0,-65.5
169.0,-66.5
173.0,-58.5
172.0,-57.5
171.0,-57.5
172.0,-57.5
171.0,-51.5
172.0,-50.5
173.0,-49.5
172.0,-50.5
163.0,-49.5
162.0,-49.5
161.0,-48.5
160.0,-47.5
159.0,-46.5
158.0,-45.5
157.0,-44.5
158.0,-45.5
159.0,-46.5
160.0,-47.5
161.0,-48.5
162.0,-49.5
154.0,-33.5
153.0,-33.5
152.0,-34.5
151.0,-34.5
152.0,-34.5
153.0,-33.5
154.0,-33.5
155.0,-32.5
156.0,-32.5
157.0,-31.5
158.0,-30.5
159.0,-29.5
160.0,-28.5
161.0,-27.5
162.0,-26.5
162.0,-25.5
161.0,-26.5
160.0,-27.5
159.0,-28.5
158.0,-29.5
157.0,-30.5
156.0,-31.5
155.0,-32.5
164.0,-25.5
165.0,-24.5
166.0,-24.5
167.0,-23.5
166.0,-24.5
165.0,-24.5
175.0,-23.5
176.0,-23.5
175.0,-22.5
180.0,-24.5
181.0,-25.5
182.0,-26.5
183.0,-26.5
184.0,-25.5
185.0,-25.5
186.0,-24.5
187.0,-23.5
188.0,-22.5
189.0,-21.5
190.0,-20.5
191.0,-19.5
192.0,-18.5
193.0,-17.5
194.0,-17.5
195.0,-18.5
194.0,-17.5
193.0,-17.5
192.0,-18.5
191.0,-19.5
190.0,-20.5
189.0,-21.5
188.0,-22.5
187.0,-23.5
186.0,-24.5
185.0,-24.5
184.0,-25.5
183.0,-26.5
182.0,-25.5
181.0,-25.5
182.0,-44.5
182.0,-45.5
182.0,-46.5
182.0,-47.5
182.0,-46.5
182.0,-45.5
183.0,-52.5
183.0,-53.5
183.0,-54.5
183.0,-55.5
183.0,-56.5
183.0,-55.5
183.0,-54.5
183.0,-53.5
182.0,-60.5
183.0,-61.5
183.0,-62.5
183.0,-61.5
184.0,-67.5
185.0,-68.5
185.0,-69.5
186.0,-69.5
187.0,-70.5
188.0,-71.5
189.0,-72.5
190.0,-73.5
191.0,-74.5
192.0,-74.5
193.0,-75.5
193.0,-76.5
194.0,-77.5
194.0,-76.5
195.0,-75.5
196.0,-74.5
197.0,-74.5
198.0,-73.5
199.0,-73.5
200.0,-72.5
201.0,-73.5
202.0,-72.5
203.0,-72.5
204.0,-72.5
205.0,-73.5
204.0,-72.5
204.0,-71.5
205.0,-70.5
204.0,-71.5
203.0,-72.5
202.0,-72.5
201.0,-72.5
200.0,-72.5
199.0,-73.5
198.0,-73.5
197.0,-74.5
196.0,-74.5
195.0,-75.5
194.0,-75.5
193.0,-75.5
192.0,-74.5
191.0,-73.5
190.0,-73.5
189.0,-72.5
188.0,-71.5
187.0,-70.5
186.0,-69.5
185.0,-68.5
191.0,-62.5
191.0,-61.5
193.0,-61.5
194.0,-61.5
195.0,-62.5
196.0,-62.5
197.0,-62.5
198.0,-63.5
199.0,-63.5
200.0,-63.5
201.0,-63.5
202.0,-63.5
203.0,-62.5
204.0,-63.5
205.0,-62.5
206.0,-62.5
207.0,-61.5
208.0,-61.5
209.0,-61.5
208.0,-61.5
207.0,-61.5
206.0,-62.5
205.0,-62.5
204.0,-63.5
203.0,-62.5
202.0,-62.5
201.0,-62.5
200.0,-62.5
199.0,-62.5
198.0,-63.5
197.0,-62.5
196.0,-62.5
195.0,-62.5
194.0,-61.5
195.0,-58.5
195.0,-57.5
195.0,-56.5
196.0,-55.5
197.0,-55.5
198.0,-54.5
199.0,-55.5
200.0,-55.5
201.0,-55.5
202.0,-55.5
203.0,-55.5
204.0,-55.5
205.0,-55.5
206.0,-55.5
207.0,-55.5
208.0,-55.5
209.0,-54.5
210.0,-54.5
211.0,-55.5
212.0,-55.5
213.0,-55.5
214.0,-55.5
215.0,-55.5
216.0,-55.5
217.0,-55.5
218.0,-54.5
219.0,-55.5
220.0,-55.5
221.0,-56.5
221.0,-57.5
221.0,-58.5
221.0,-57.5
221.0,-56.5
220.0,-55.5
221.0,-54.5
220.0,-55.5
219.0,-55.5
218.0,-54.5
217.0,-55.5
216.0,-55.5
215.0,-55.5
214.0,-55.5
213.0,-54.5
212.0,-54.5
211.0,-54.5
210.0,-54.5
209.0,-54.5
208.0,-54.5
207.0,-54.5
206.0,-54.5
205.0,-54.5
204.0,-54.5
203.0,-54.5
202.0,-54.5
201.0,-54.5
200.0,-54.5
199.0,-54.5
198.0,-54.5
197.0,-55.5
196.0,-55.5
195.0,-54.5
196.0,-55.5
195.0,-56.5
195.0,-57.5
195.0,-48.5
194.0,-48.5
202.0,-48.5
203.0,-47.5
204.0,-47.5
205.0,-48.5
206.0,-48.5
205.0,-48.5
204.0,-47.5
203.0,-46.5
202.0,-45.5
201.0,-44.5
201.0,-43.5
201.0,-44.5
202.0,-45.5
203.0,-46.5
203.0,-47.5
212.0,-48.5
213.0,-47.5
214.0,-48.5
213.0,-47.5
220.0,-48.5
221.0,-48.5
222.0,-47.5
223.0,-47.5
222.0,-47.5
221.0,-48.5
227.0,-46.5
228.0,-47.5
229.0,-48.5
229.0,-49.5
230.0,-50.5
230.0,-51.5
230.0,-52.5
230.0,-53.5
230.0,-54.5
229.0,-55.5
229.0,-56.5
228.0,-57.5
228.0,-58.5
227.0,-59.5
228.0,-58.5
228.0,-57.5
229.0,-56.5
229.0,-55.5
230.0,-54.5
231.0,-54.5
231.0,-53.5
230.0,-52.5
230.0,-51.5
230.0,-50.5
230.0,-49.5
229.0,-48.5
228.0,-47.5
227.0,-46.5
228.0,-45.5
228.0,-44.5
228.0,-45.5
237.0,-49.5
238.0,-48.5
233.0,-54.5
233.0,-55.5
234.0,-56.5
235.0,-57.5
236.0,-58.5
236.0,-59.5
235.0,-60.5
234.0,-61.5
233.0,-61.5
233.0,-62.5
232.0,-63.5
231.0,-62.5
232.0,-63.5
233.0,-62.5
234.0,-62.5
235.0,-61.5
235.0,-60.5
236.0,-59.5
237.0,-59.5
238.0,-58.5
239.0,-59.5
239.0,-60.5
240.0,-60.5
241.0,-60.5
240.0,-59.5
239.0,-59.5
238.0,-58.5
237.0,-59.5
236.0,-58.5
235.0,-57.5
234.0,-56.5
233.0,-55.5
227.0,-62.5
226.0,-63.5
225.0,-63.5
225.0,-64.5
226.0,-63.5
223.0,-65.5
222.0,-64.5
224.0,-67.5
224.0,-68.5
224.0,-69.5
224.0,-68.5
223.0,-72.5
222.0,-73.5
221.0,-74.5
221.0,-75.5
221.0,-76.5
220.0,-77.5
221.0,-76.5
221.0,-75.5
221.0,-74.5
222.0,-73.5
213.0,-71.5
212.0,-70.5
232.0,-73.5
233.0,-72.5
234.0,-73.5
235.0,-73.5
235.0,-72.5
234.0,-73.5
233.0,-72.5
238.0,-67.5
239.0,-68.5
240.0,-68.5
241.0,-68.5
242.0,-68.5
243.0,-67.5
242.0,-68.5
241.0,-67.5
240.0,-68.5
239.0,-68.5
243.0,-61.5
244.0,-60.5
245.0,-61.5
246.0,-61.5
247.0,-62.5
246.0,-61.5
245.0,-61.5
244.0,-60.5
249.0,-62.5
250.0,-63.5
250.0,-62.5
251.0,-61.5
250.0,-62.5
251.0,-65.5
251.0,-66.5
251.0,-67.5
252.0,-68.5
251.0,-69.5
250.0,-70.5
250.0,-71.5
249.0,-72.5
248.0,-73.5
248.0,-74.5
248.0,-73.5
249.0,-72.5
250.0,-71.5
250.0,-70.5
251.0,-69.5
252.0,-68.5
252.0,-67.5
251.0,-66.5
258.0,-60.5
258.0,-59.5
258.0,-58.5
258.0,-59.5
258.0,-56.5
258.0,-55.5
258.0,-54.5
258.0,-53.5
258.0,-54.5
258.0,-55.5
266.0,-52.5
267.0,-53.5
268.0,-54.5
267.0,-53.5
268.0,-52.5
269.0,-51.5
268.0,-50.5
269.0,-49.5
268.0,-50.5
269.0,-51.5
268.0,-52.5
267.0,-53.5
268.0,-56.5
269.0,-57.5
269.0,-58.5
270.0,-59.5
269.0,-58.5
269.0,-57.5
271.0,-61.5
271.0,-62.5
272.0,-63.5
271.0,-64.5
271.0,-65.5
270.0,-66.5
270.0,-67.5
270.0,-68.5
271.0,-69.5
272.0,-70.5
273.0,-71.5
274.0,-72.5
274.0,-71.5
273.0,-70.5
272.0,-69.5
271.0,-68.5
270.0,-67.5
270.0,-66.5
271.0,-65.5
271.0,-64.5
272.0,-63.5
273.0,-62.5
274.0,-61.5
275.0,-61.5
274.0,-61.5
273.0,-62.5
272.0,-63.5
271.0,-62.5
275.0,-57.5
276.0,-56.5
277.0,-55.5
278.0,-55.5
279.0,-54.5
280.0,-54.5
281.0,-54.5
282.0,-53.5
281.0,-54.5
280.0,-54.5
279.0,-54.5
278.0,-55.5
277.0,-55.5
276.0,-56.5
281.0,-61.5
280.0,-62.5
281.0,-61.5
282.0,-62.5
283.0,-62.5
284.0,-61.5
285.0,-61.5
286.0,-61.5
287.0,-60.5
286.0,-60.5
285.0,-61.5
284.0,-61.5
283.0,-62.5
282.0,-62.5
287.0,-58.5
287.0,-57.5
287.0,-55.5
286.0,-54.5
287.0,-55.5
288.0,-55.5
289.0,-54.5
290.0,-55.5
291.0,-54.5
292.0,-54.5
293.0,-54.5
294.0,-54.5
295.0,-54.5
296.0,-54.5
297.0,-54.5
298.0,-54.5
299.0,-55.5
300.0,-55.5
301.0,-56.5
301.0,-57.5
302.0,-58.5
301.0,-57.5
301.0,-56.5
300.0,-55.5
300.0,-54.5
301.0,-53.5
300.0,-54.5
299.0,-54.5
298.0,-54.5
297.0,-54.5
296.0,-54.5
295.0,-54.5
294.0,-53.5
293.0,-54.5
292.0,-54.5
291.0,-54.5
290.0,-54.5
289.0,-54.5
288.0,-55.5
290.0,-60.5
289.0,-61.5
295.0,-63.5
296.0,-63.5
297.0,-63.5
298.0,-62.5
299.0,-62.5
298.0,-62.5
297.0,-63.5
296.0,-63.5
301.0,-62.5
302.0,-61.5
303.0,-60.5
304.0,-61.5
305.0,-60.5
306.0,-61.5
307.0,-61.5
308.0,-62.5
309.0,-63.5
310.0,-64.5
310.0,-65.5
311.0,-66.5
312.0,-67.5
311.0,-68.5
310.0,-69.5
309.0,-70.5
308.0,-71.5
307.0,-72.5
306.0,-72.5
306.0,-73.5
305.0,-74.5
306.0,-73.5
307.0,-72.5
308.0,-71.5
309.0,-70.5
310.0,-69.5
311.0,-68.5
312.0,-67.5
311.0,-66.5
310.0,-65.5
310.0,-64.5
309.0,-63.5
308.0,-62.5
309.0,-61.5
310.0,-60.5
311.0,-60.5
312.0,-59.5
313.0,-58.5
314.0,-59.5
315.0,-58.5
316.0,-59.5
317.0,-58.5
318.0,-57.5
319.0,-58.5
320.0,-57.5
321.0,-57.5
322.0,-57.5
321.0,-57.5
320.0,-57.5
319.0,-57.5
318.0,-57.5
317.0,-58.5
316.0,-59.5
315.0,-58.5
314.0,-59.5
313.0,-58.5
312.0,-58.5
311.0,-59.5
310.0,-60.5
309.0,-61.5
308.0,-62.5
307.0,-61.5
306.0,-61.5
305.0,-60.5
304.0,-61.5
303.0,-60.5
302.0,-61.5
301.0,-61.5
294.0,-70.5
294.0,-71.5
295.0,-71.5
296.0,-72.5
297.0,-73.5
296.0,-72.5
295.0,-71.5
298.0,-75.5
299.0,-76.5
286.0,-72.5
285.0,-71.5
284.0,-71.5
283.0,-71.5
282.0,-71.5
281.0,-72.5
280.0,-71.5
281.0,-72.5
282.0,-71.5
283.0,-71.5
284.0,-71.5
285.0,-71.5
274.0,-76.5
273.0,-77.5
273.0,-78.5
273.0,-77.5
274.0,-76.5
273.0,-75.5
275.0,-48.5
276.0,-48.5
275.0,-48.5
274.0,-47.5
273.0,-47.5
274.0,-47.5
271.0,-46.5
270.0,-45.5
262.0,-43.5
261.0,-44.5
260.0,-45.5
260.0,-46.5
260.0,-45.5
261.0,-44.5
251.0,-45.5
250.0,-46.5
250.0,-47.5
250.0,-48.5
250.0,-47.5
251.0,-46.5
251.0,-45.5
250.0,-44.5
250.0,-43.5
250.0,-44.5
248.0,-53.5
247.0,-54.5
246.0,-53.5
245.0,-53.5
244.0,-53.5
245.0,-54.5
246.0,-53.5
247.0,-54.5
248.0,-54.5
249.0,-27.5
249.0,-26.5
248.0,-26.5
247.0,-25.5
247.0,-26.5
248.0,-26.5
245.0,-25.5
244.0,-24.5
243.0,-23.5
242.0,-23.5
241.0,-22.5
242.0,-23.5
243.0,-24.5
244.0,-24.5
236.0,-21.5
236.0,-20.5
229.0,-19.5
228.0,-18.5
227.0,-17.5
226.0,-16.5
225.0,-15.5
224.0,-14.5
223.0,-13.5
222.0,-12.5
221.0,-11.5
221.0,-12.5
222.0,-12.5
223.0,-13.5
224.0,-14.5
225.0,-15.5
226.0,-16.5
227.0,-17.5
228.0,-18.5
215.0,-10.5
214.0,-10.5
213.0,-11.5
214.0,-11.5
215.0,-6.5
216.0,-5.5
216.0,-4.5
217.0,-3.5
216.0,-4.5
216.0,-5.5
218.0,-1.5
218.0,-0.5
219.0,0.5
220.0,1.5
219.0,1.5
219.0,0.5
218.0,-0.5
220.0,3.5
221.0,4.5
221.0,5.5
222.0,6.5
223.0,7.5
224.0,8.5
225.0,9.5
224.0,9.5
223.0,8.5
222.0,7.5
222.0,6.5
221.0,5.5
221.0,4.5
224.0,11.5
223.0,12.5
223.0,13.5
222.0,14.5
221.0,15.5
220.0,16.5
221.0,17.5
221.0,18.5
222.0,19.5
223.0,20.5
224.0,21.5
223.0,20.5
222.0,20.5
221.0,21.5
222.0,20.5
222.0,19.5
221.0,18.5
221.0,17.5
220.0,16.5
221.0,15.5
221.0,14.5
222.0,13.5
223.0,12.5
209.0,24.5
208.0,25.5
207.0,25.5
206.0,26.5
205.0,27.5
206.0,26.5
207.0,25.5
208.0,24.5
200.0,28.5
200.0,29.5
199.0,29.5
198.0,30.5
197.0,29.5
196.0,30.5
195.0,30.5
194.0,30.5
193.0,31.5
192.0,30.5
191.0,30.5
190.0,31.5
189.0,32.5
188.0,33.5
187.0,34.5
188.0,33.5
189.0,32.5
190.0,31.5
191.0,30.5
190.0,29.5
189.0,28.5
189.0,27.5
188.0,26.5
188.0,25.5
187.0,24.5
186.0,23.5
187.0,23.5
188.0,22.5
187.0,23.5
187.0,24.5
188.0,25.5
188.0,26.5
189.0,27.5
189.0,28.5
190.0,29.5
191.0,30.5
192.0,30.5
193.0,31.5
194.0,30.5
195.0,29.5
196.0,30.5
197.0,29.5
198.0,30.5
199.0,29.5
199.0,43.5
200.0,43.5
200.0,44.5
199.0,45.5
200.0,46.5
200.0,47.5
200.0,48.5
201.0,49.5
201.0,50.5
201.0,51.5
200.0,52.5
201.0,53.5
201.0,54.5
201.0,55.5
201.0,56.5
201.0,57.5
201.0,58.5
201.0,59.5
201.0,60.5
201.0,61.5
201.0,62.5
201.0,63.5
201.0,64.5
200.0,65.5
200.0,66.5
199.0,67.5
199.0,68.5
200.0,69.5
201.0,70.5
201.0,71.5
202.0,72.5
203.0,73.5
203.0,74.5
203.0,75.5
203.0,76.5
203.0,77.5
203.0,78.5
202.0,79.5
201.0,80.5
201.0,81.5
201.0,82.5
201.0,83.5
202.0,84.5
202.0,85.5
203.0,86.5
203.0,87.5
203.0,88.5
203.0,89.5
203.0,90.5
202.0,91.5
202.0,90.5
202.0,89.5
202.0,88.5
202.0,87.5
203.0,86.5
202.0,85.5
202.0,84.5
201.0,83.5
200.0,83.5
200.0,82.5
200.0,81.5
199.0,80.5
199.0,79.5
198.0,78.5
199.0,79.5
199.0,80.5
200.0,81.5
201.0,80.5
202.0,79.5
203.0,78.5
203.0,77.5
203.0,76.5
203.0,75.5
203.0,74.5
203.0,73.5
202.0,72.5
201.0,71.5
201.0,70.5
200.0,69.5
199.0,68.5
198.0,68.5
197.0,68.5
196.0,69.5
195.0,69.5
194.0,69.5
193.0,69.5
192.0,69.5
191.0,69.5
190.0,70.5
189.0,71.5
188.0,72.5
189.0,71.5
190.0,70.5
191.0,69.5
190.0,68.5
191.0,68.5
192.0,68.5
193.0,68.5
194.0,68.5
195.0,68.5
196.0,69.5
197.0,68.5
198.0,68.5
199.0,67.5
200.0,66.5
200.0,65.5
201.0,64.5
201.0,63.5
201.0,62.5
201.0,61.5
201.0,60.5
201.0,59.5
201.0,58.5
201.0,57.5
201.0,56.5
201.0,55.5
201.0,54.5
201.0,53.5
200.0,52.5
200.0,51.5
200.0,50.5
200.0,49.5
200.0,48.5
200.0,47.5
200.0,46.5
199.0,45.5
199.0,44.5
207.0,42.5
208.0,43.5
209.0,44.5
210.0,45.5
211.0,46.5
211.0,47.5
212.0,48.5
213.0,49.5
214.0,49.5
214.0,50.5
214.0,51.5
214.0,52.5
213.0,53.5
213.0,54.5
212.0,55.5
213.0,56.5
212.0,57.5
213.0,58.5
212.0,59.5
212.0,60.5
212.0,61.5
211.0,62.5
212.0,63.5
212.0,64.5
212.0,65.5
211.0,66.5
210.0,67.5
211.0,68.5
211.0,69.5
211.0,70.5
211.0,71.5
211.0,70.5
210.0,69.5
210.0,68.5
210.0,67.5
211.0,66.5
212.0,65.5
211.0,64.5
211.0,63.5
211.0,62.5
212.0,61.5
212.0,60.5
212.0,59.5
213.0,58.5
212.0,57.5
212.0,56.5
212.0,55.5
213.0,54.5
213.0,53.5
213.0,52.5
213.0,51.5
213.0,50.5
212.0,49.5
212.0,48.5
211.0,47.5
211.0,46.5
210.0,45.5
209.0,45.5
209.0,44.5
208.0,43.5
189.0,44.5
188.0,43.5
188.0,42.5
188.0,41.5
188.0,40.5
188.0,39.5
188.0,38.5
188.0,39.5
188.0,40.5
188.0,41.5
188.0,42.5
188.0,43.5
189.0,44.5
189.0,45.5
189.0,46.5
189.0,47.5
189.0,48.5
189.0,49.5
189.0,50.5
189.0,51.5
189.0,52.5
189.0,53.5
189.0,54.5
189.0,55.5
189.0,56.5
190.0,57.5
191.0,58.5
190.0,57.5
189.0,56.5
188.0,57.5
187.0,58.5
188.0,57.5
189.0,56.5
189.0,55.5
189.0,54.5
189.0,53.5
189.0,52.5
189.0,51.5
189.0,50.5
189.0,49.5
189.0,48.5
189.0,47.5
188.0,46.5
188.0,45.5
182.0,35.5
181.0,34.5
180.0,35.5
179.0,35.5
178.0,36.5
177.0,36.5
177.0,35.5
178.0,35.5
179.0,34.5
180.0,35.5
181.0,34.5
175.0,36.5
174.0,37.5
172.0,37.5
172.0,38.5
172.0,39.5
173.0,40.5
174.0,41.5
174.0,42.5
175.0,43.5
175.0,44.5
175.0,45.5
176.0,46.5
176.0,47.5
176.0,48.5
177.0,49.5
177.0,50.5
177.0,51.5
177.0,52.5
177.0,53.5
177.0,54.5
177.0,55.5
176.0,56.5
176.0,57.5
175.0,58.5
175.0,59.5
175.0,60.5
175.0,61.5
174.0,62.5
174.0,63.5
174.0,64.5
175.0,65.5
175.0,66.5
176.0,67.5
176.0,68.5
177.0,69.5
177.0,70.5
178.0,71.5
178.0,72.5
178.0,73.5
177.0,74.5
178.0,75.5
179.0,76.5
179.0,77.5
180.0,78.5
180.0,79.5
180.0,80.5
180.0,81.5
179.0,82.5
179.0,83.5
178.0,84.5
177.0,85.5
177.0,86.5
176.0,87.5
176.0,88.5
175.0,89.5
174.0,90.5
174.0,91.5
175.0,92.5
175.0,93.5
176.0,94.5
177.0,95.5
178.0,96.5
179.0,97.5
180.0,98.5
181.0,99.5
182.0,100.5
183.0,101.5
184.0,100.5
185.0,99.5
186.0,98.5
187.0,97.5
188.0,97.5
187.0,98.5
186.0,98.5
185.0,99.5
184.0,100.5
183.0,101.5
183.0,102.5
184.0,103.5
184.0,104.5
184.0,105.5
184.0,104.5
184.0,103.5
183.0,102.5
183.0,101.5
182.0,100.5
181.0,99.5
180.0,99.5
180.0,98.5
179.0,97.5
178.0,96.5
177.0,95.5
176.0,94.5
175.0,93.5
175.0,92.5
174.0,91.5
173.0,91.5
174.0,90.5
175.0,89.5
176.0,88.5
176.0,87.5
177.0,86.5
177.0,85.5
178.0,84.5
179.0,83.5
179.0,82.5
180.0,81.5
179.0,80.5
179.0,79.5
180.0,78.5
179.0,77.5
179.0,76.5
178.0,75.5
177.0,74.5
178.0,73.5
177.0,72.5
178.0,71.5
177.0,70.5
177.0,69.5
176.0,68.5
176.0,67.5
175.0,66.5
175.0,65.5
174.0,64.5
173.0,63.5
174.0,62.5
175.0,61.5
174.0,60.5
174.0,59.5
175.0,58.5
176.0,57.5
176.0,56.5
177.0,55.5
176.0,54.5
176.0,53.5
176.0,52.5
176.0,51.5
176.0,50.5
176.0,49.5
175.0,48.5
175.0,47.5
175.0,46.5
175.0,45.5
174.0,44.5
174.0,43.5
174.0,42.5
173.0,41.5
173.0,40.5
172.0,39.5
171.0,38.5
170.0,37.5
169.0,37.5
168.0,36.5
167.0,36.5
166.0,35.5
165.0,35.5
164.0,35.5
163.0,35.5
162.0,35.5
161.0,34.5
160.0,35.5
159.0,35.5
158.0,36.5
157.0,36.5
156.0,36.5
155.0,36.5
154.0,36.5
153.0,36.5
152.0,36.5
151.0,35.5
150.0,35.5
149.0,34.5
148.0,34.5
147.0,34.5
146.0,34.5
145.0,35.5
144.0,35.5
143.0,36.5
142.0,36.5
141.0,37.5
140.0,37.5
139.0,38.5
138.0,38.5
137.0,39.5
137.0,38.5
137.0,37.5
137.0,36.5
138.0,37.5
139.0,37.5
140.0,36.5
141.0,37.5
142.0,36.5
143.0,36.5
144.0,35.5
145.0,35.5
146.0,34.5
147.0,34.5
148.0,34.5
149.0,34.5
150.0,35.5
151.0,35.5
152.0,36.5
153.0,35.5
154.0,36.5
155.0,36.5
156.0,36.5
157.0,35.5
158.0,36.5
159.0,35.5
160.0,35.5
161.0,34.5
162.0,35.5
163.0,35.5
164.0,35.5
165.0,34.5
166.0,34.5
167.0,35.5
168.0,36.5
169.0,36.5
170.0,37.5
171.0,38.5
167.0,31.5
167.0,30.5
167.0,29.5
167.0,30.5
160.0,32.5
159.0,31.5
158.0,30.5
157.0,29.5
158.0,29.5
159.0,29.5
159.0,30.5
159.0,31.5
154.0,45.5
155.0,46.5
156.0,46.5
157.0,46.5
158.0,47.5
159.0,47.5
160.0,47.5
161.0,48.5
162.0,47.5
161.0,48.5
162.0,49.5
162.0,50.5
162.0,51.5
163.0,52.5
163.0,53.5
164.0,54.5
164.0,55.5
164.0,56.5
165.0,57.5
164.0,57.5
163.0,58.5
163.0,59.5
163.0,58.5
164.0,57.5
164.0,56.5
164.0,55.5
164.0,54.5
163.0,53.5
162.0,52.5
161.0,53.5
162.0,52.5
162.0,51.5
162.0,50.5
162.0,49.5
161.0,48.5
160.0,47.5
159.0,47.5
158.0,47.5
157.0,46.5
156.0,47.5
155.0,46.5
154.0,46.5
153.0,47.5
152.0,46.5
151.0,45.5
150.0,45.5
149.0,44.5
148.0,45.5
147.0,45.5
146.0,45.5
145.0,45.5
144.0,46.5
143.0,46.5
142.0,47.5
142.0,48.5
142.0,49.5
142.0,50.5
141.0,51.5
141.0,52.5
141.0,53.5
141.0,54.5
141.0,55.5
141.0,56.5
141.0,57.5
141.0,58.5
141.0,59.5
141.0,60.5
141.0,61.5
141.0,62.5
141.0,63.5
141.0,64.5
141.0,65.5
142.0,66.5
141.0,67.5
142.0,68.5
143.0,69.5
144.0,68.5
145.0,69.5
146.0,69.5
147.0,69.5
148.0,69.5
149.0,70.5
150.0,69.5
151.0,69.5
152.0,68.5
153.0,69.5
154.0,69.5
155.0,69.5
156.0,69.5
157.0,69.5
158.0,69.5
159.0,70.5
160.0,69.5
161.0,70.5
162.0,69.5
163.0,70.5
164.0,70.5
165.0,70.5
166.0,69.5
167.0,69.5
168.0,68.5
169.0,68.5
170.0,67.5
170.0,66.5
170.0,67.5
169.0,68.5
168.0,69.5
167.0,70.5
167.0,71.5
168.0,72.5
167.0,71.5
166.0,70.5
165.0,70.5
164.0,70.5
163.0,70.5
162.0,70.5
161.0,70.5
160.0,69.5
159.0,70.5
158.0,69.5
157.0,69.5
156.0,69.5
155.0,69.5
154.0,69.5
153.0,69.5
152.0,69.5
151.0,69.5
150.0,69.5
149.0,70.5
148.0,69.5
147.0,69.5
146.0,69.5
145.0,69.5
144.0,69.5
143.0,69.5
142.0,68.5
141.0,67.5
141.0,66.5
141.0,65.5
141.0,64.5
141.0,63.5
141.0,62.5
141.0,61.5
141.0,60.5
141.0,59.5
141.0,58.5
141.0,57.5
141.0,56.5
141.0,55.5
141.0,54.5
141.0,53.5
141.0,52.5
141.0,51.5
141.0,50.5
141.0,49.5
141.0,48.5
141.0,47.5
142.0,46.5
143.0,45.5
144.0,45.5
145.0,45.5
146.0,45.5
147.0,45.5
148.0,45.5
149.0,44.5
150.0,45.5
151.0,45.5
152.0,46.5
153.0,46.5
167.0,57.5
168.0,58.5
167.0,58.5
175.0,75.5
174.0,76.5
174.0,77.5
174.0,76.5
172.0,84.5
172.0,85.5
168.0,89.5
167.0,88.5
166.0,87.5
165.0,86.5
164.0,86.5
163.0,85.5
162.0,85.5
161.0,84.5
160.0,84.5
159.0,83.5
159.0,82.5
159.0,81.5
159.0,80.5
158.0,79.5
157.0,79.5
156.0,78.5
155.0,78.5
154.0,79.5
153.0,79.5
152.0,80.5
151.0,79.5
152.0,79.5
153.0,79.5
154.0,79.5
155.0,78.5
156.0,78.5
157.0,79.5
158.0,79.5
159.0,80.5
159.0,81.5
159.0,82.5
159.0,83.5
160.0,84.5
161.0,84.5
162.0,85.5
163.0,84.5
164.0,85.5
165.0,85.5
166.0,86.5
166.0,87.5
167.0,88.5
168.0,89.5
168.0,90.5
169.0,92.5
170.0,91.5
171.0,92.5
170.0,92.5
169.0,92.5
168.0,93.5
159.0,96.5
158.0,97.5
151.0,104.5
152.0,105.5
153.0,106.5
153.0,107.5
152.0,106.5
151.0,105.5
150.0,104.5
149.0,103.5
149.0,102.5
150.0,103.5
155.0,107.5
156.0,107.5
157.0,108.5
158.0,109.5
157.0,108.5
156.0,108.5
152.0,115.5
151.0,116.5
151.0,117.5
151.0,116.5
150.0,120.5
149.0,121.5
147.0,122.5
146.0,122.5
145.0,123.5
145.0,124.5
144.0,125.5
144.0,126.5
144.0,127.5
145.0,128.5
146.0,129.5
147.0,129.5
147.0,130.5
146.0,129.5
145.0,129.5
145.0,128.5
144.0,127.5
143.0,126.5
142.0,125.5
141.0,126.5
140.0,125.5
139.0,126.5
139.0,125.5
140.0,125.5
141.0,126.5
142.0,125.5
143.0,126.5
144.0,125.5
145.0,124.5
144.0,123.5
145.0,123.5
146.0,122.5
151.0,123.5
151.0,124.5
151.0,125.5
152.0,126.5
151.0,127.5
152.0,126.5
151.0,125.5
151.0,124.5
149.0,130.5
150.0,131.5
151.0,131.5
151.0,132.5
152.0,133.5
151.0,132.5
150.0,131.5
152.0,135.5
153.0,136.5
154.0,138.5
154.0,139.5
161.0,141.5
162.0,141.5
163.0,142.5
163.0,143.5
164.0,144.5
165.0,145.5
166.0,146.5
165.0,145.5
164.0,144.5
163.0,143.5
163.0,142.5
162.0,141.5
169.0,139.5
169.0,138.5
170.0,137.5
171.0,136.5
172.0,135.5
173.0,134.5
174.0,133.5
175.0,132.5
176.0,131.5
177.0,130.5
178.0,129.5
179.0,128.5
180.0,127.5
181.0,126.5
182.0,126.5
183.0,125.5
183.0,124.5
184.0,123.5
183.0,124.5
183.0,125.5
182.0,126.5
181.0,127.5
180.0,128.5
179.0,129.5
178.0,130.5
177.0,131.5
176.0,132.5
175.0,133.5
174.0,134.5
173.0,135.5
172.0,136.5
171.0,137.5
170.0,137.5
169.0,138.5
167.0,148.5
168.0,149.5
169.0,150.5
170.0,151.5
171.0,152.5
170.0,151.5
169.0,150.5
168.0,149.5
163.0,150.5
162.0,151.5
161.0,152.5
160.0,153.5
159.0,154.5
158.0,155.5
157.0,156.5
156.0,157.5
155.0,158.5
154.0,159.5
153.0,160.5
152.0,161.5
151.0,162.5
150.0,163.5
149.0,164.5
148.0,165.5
147.0,166.5
147.0,167.5
147.0,166.5
148.0,165.5
149.0,164.5
150.0,163.5
151.0,162.5
152.0,161.5
153.0,160.5
154.0,159.5
155.0,158.5
156.0,157.5
157.0,156.5
158.0,155.5
159.0,154.5
160.0,153.5
161.0,152.5
162.0,151.5
171.0,162.5
172.0,163.5
172.0,164.5
173.0,165.5
173.0,166.5
174.0,167.5
175.0,168.5
176.0,169.5
175.0,169.5
175.0,168.5
174.0,167.5
173.0,166.5
173.0,165.5
172.0,164.5
172.0,163.5
175.0,171.5
174.0,172.5
174.0,173.5
173.0,174.5
172.0,175.5
171.0,176.5
170.0,177.5
169.0,177.5
168.0,178.5
167.0,178.5
166.0,179.5
165.0,179.5
164.0,179.5
163.0,180.5
162.0,180.5
161.0,181.5
160.0,181.5
159.0,181.5
158.0,182.5
157.0,182.5
156.0,182.5
155.0,182.5
154.0,182.5
153.0,182.5
152.0,181.5
151.0,181.5
150.0,180.5
149.0,180.5
148.0,179.5
147.0,178.5
147.0,177.5
146.0,176.5
146.0,175.5
147.0,175.5
146.0,176.5
147.0,177.5
147.0,178.5
148.0,179.5
149.0,180.5
150.0,180.5
151.0,181.5
152.0,181.5
153.0,182.5
154.0,181.5
155.0,182.5
156.0,182.5
157.0,181.5
158.0,182.5
159.0,181.5
160.0,181.5
161.0,181.5
162.0,180.5
163.0,180.5
164.0,179.5
165.0,179.5
166.0,179.5
167.0,178.5
168.0,178.5
169.0,177.5
170.0,177.5
171.0,176.5
172.0,175.5
173.0,174.5
173.0,173.5
174.0,172.5
172.0,178.5
173.0,179.5
174.0,180.5
175.0,181.5
174.0,180.5
173.0,179.5
177.0,181.5
178.0,182.5
179.0,182.5
180.0,183.5
181.0,183.5
182.0,183.5
183.0,184.5
184.0,184.5
185.0,184.5
186.0,185.5
187.0,185.5
188.0,185.5
189.0,185.5
189.0,186.5
190.0,187.5
190.0,188.5
191.0,189.5
192.0,189.5
192.0,190.5
193.0,191.5
194.0,192.5
195.0,193.5
196.0,194.5
197.0,195.5
198.0,195.5
199.0,196.5
200.0,195.5
201.0,194.5
200.0,195.5
199.0,196.5
199.0,197.5
200.0,198.5
200.0,199.5
201.0,200.5
201.0,201.5
201.0,200.5
200.0,199.5
200.0,198.5
199.0,197.5
198.0,196.5
197.0,195.5
196.0,195.5
195.0,194.5
194.0,193.5
194.0,192.5
193.0,191.5
192.0,190.5
191.0,189.5
190.0,188.5
189.0,187.5
188.0,186.5
187.0,185.5
186.0,185.5
185.0,184.5
184.0,184.5
183.0,184.5
182.0,183.5
181.0,183.5
180.0,183.5
179.0,182.5
178.0,182.5
184.0,173.5
183.0,172.5
182.0,171.5
181.0,171.5
182.0,171.5
183.0,172.5
184.0,173.5
185.0,173.5
186.0,174.5
187.0,174.5
188.0,175.5
187.0,174.5
186.0,174.5
185.0,173.5
199.0,164.5
200.0,165.5
201.0,166.5
202.0,166.5
203.0,167.5
204.0,168.5
205.0,168.5
206.0,169.5
207.0,170.5
208.0,169.5
209.0,168.5
208.0,169.5
207.0,170.5
208.0,171.5
209.0,172.5
209.0,173.5
210.0,174.5
211.0,175.5
210.0,174.5
209.0,173.5
208.0,172.5
208.0,171.5
207.0,170.5
206.0,169.5
205.0,168.5
204.0,168.5
203.0,167.5
202.0,166.5
201.0,166.5
200.0,165.5
202.0,157.5
201.0,156.5
199.0,156.5
198.0,155.5
197.0,155.5
196.0,155.5
195.0,154.5
194.0,154.5
193.0,154.5
192.0,153.5
191.0,152.5
190.0,152.5
189.0,152.5
190.0,151.5
191.0,152.5
192.0,153.5
193.0,154.5
194.0,153.5
195.0,154.5
196.0,155.5
197.0,155.5
198.0,155.5
212.0,140.5
211.0,139.5
210.0,138.5
209.0,137.5
208.0,136.5
207.0,135.5
206.0,134.5
205.0,134.5
204.0,133.5
203.0,132.5
202.0,132.5
201.0,131.5
200.0,130.5
199.0,129.5
198.0,129.5
197.0,128.5
196.0,127.5
197.0,128.5
198.0,128.5
199.0,129.5
200.0,130.5
201.0,131.5
202.0,131.5
203.0,132.5
204.0,133.5
205.0,134.5
206.0,134.5
207.0,135.5
208.0,136.5
209.0,136.5
209.0,137.5
210.0,138.5
211.0,139.5
212.0,139.5
213.0,140.5
217.0,134.5
218.0,133.5
219.0,133.5
218.0,133.5
224.0,133.5
225.0,133.5
226.0,132.5
227.0,133.5
228.0,132.5
229.0,132.5
230.0,133.5
231.0,134.5
232.0,134.5
233.0,135.5
232.0,134.5
231.0,134.5
230.0,134.5
229.0,133.5
228.0,133.5
227.0,133.5
226.0,132.5
225.0,133.5
225.0,141.5
226.0,142.5
227.0,142.5
228.0,143.5
229.0,143.5
230.0,144.5
231.0,144.5
232.0,145.5
233.0,146.5
234.0,147.5
234.0,148.5
235.0,149.5
235.0,150.5
236.0,151.5
236.0,152.5
236.0,151.5
235.0,150.5
235.0,149.5
234.0,148.5
234.0,147.5
233.0,146.5
232.0,146.5
231.0,145.5
230.0,144.5
229.0,143.5
228.0,143.5
227.0,142.5
226.0,142.5
225.0,142.5
224.0,142.5
223.0,141.5
224.0,142.5
235.0,135.5
236.0,135.5
237.0,135.5
238.0,136.5
239.0,136.5
239.0,137.5
238.0,136.5
237.0,136.5
236.0,135.5
241.0,136.5
242.0,137.5
243.0,136.5
244.0,137.5
245.0,138.5
246.0,137.5
245.0,138.5
244.0,137.5
243.0,136.5
242.0,137.5
248.0,137.5
249.0,138.5
249.0,139.5
248.0,138.5
251.0,138.5
252.0,139.5
253.0,139.5
254.0,140.5
255.0,141.5
256.0,140.5
255.0,141.5
254.0,141.5
253.0,140.5
252.0,139.5
258.0,140.5
259.0,139.5
260.0,139.5
259.0,139.5
237.0,154.5
237.0,155.5
238.0,156.5
237.0,155.5
237.0,161.5
237.0,162.5
236.0,163.5
237.0,162.5
237.0,165.5
237.0,166.5
237.0,167.5
237.0,168.5
237.0,167.5
236.0,166.5
238.0,170.5
238.0,171.5
239.0,173.5
239.0,174.5
238.0,178.5
238.0,179.5
238.0,180.5
238.0,181.5
237.0,180.5
236.0,180.5
237.0,179.5
234.0,181.5
233.0,182.5
232.0,183.5
231.0,184.5
230.0,184.5
229.0,185.5
228.0,186.5
227.0,187.5
227.0,188.5
226.0,188.5
225.0,189.5
224.0,190.5
223.0,190.5
222.0,190.5
223.0,189.5
224.0,189.5
225.0,188.5
226.0,188.5
227.0,187.5
228.0,186.5
229.0,185.5
230.0,184.5
231.0,183.5
232.0,182.5
233.0,182.5
220.0,191.5
219.0,191.5
218.0,189.5
218.0,188.5
217.0,187.5
216.0,186.5
215.0,185.5
214.0,185.5
213.0,184.5
212.0,183.5
212.0,182.5
211.0,181.5
210.0,180.5
210.0,179.5
210.0,178.5
211.0,178.5
211.0,179.5
210.0,180.5
211.0,181.5
212.0,182.5
213.0,183.5
214.0,184.5
215.0,185.5
216.0,186.5
217.0,187.5
218.0,188.5
219.0,195.5
218.0,196.5
219.0,197.5
219.0,198.5
218.0,199.5
218.0,200.5
217.0,201.5
218.0,202.5
218.0,203.5
217.0,203.5
216.0,204.5
216.0,205.5
215.0,206.5
216.0,205.5
216.0,204.5
217.0,203.5
217.0,202.5
217.0,201.5
218.0,200.5
218.0,199.5
218.0,198.5
218.0,197.5
218.0,196.5
218.0,218.5
219.0,218.5
220.0,219.5
221.0,220.5
220.0,219.5
219.0,219.5
253.0,214.5
254.0,215.5
256.0,215.5
257.0,216.5
258.0,217.5
259.0,217.5
259.0,218.5
260.0,219.5
261.0,219.5
262.0,220.5
263.0,221.5
264.0,222.5
265.0,222.5
266.0,223.5
267.0,224.5
268.0,225.5
267.0,225.5
267.0,224.5
266.0,223.5
265.0,222.5
264.0,222.5
263.0,221.5
262.0,220.5
261.0,219.5
260.0,219.5
259.0,218.5
258.0,217.5
257.0,216.5
270.0,226.5
271.0,227.5
271.0,228.5
272.0,229.5
273.0,230.5
273.0,231.5
274.0,232.5
275.0,233.5
276.0,234.5
277.0,235.5
278.0,236.5
279.0,236.5
280.0,237.5
279.0,236.5
278.0,236.5
277.0,235.5
276.0,234.5
275.0,234.5
275.0,233.5
274.0,232.5
273.0,231.5
273.0,230.5
272.0,229.5
271.0,228.5
270.0,227.5
286.0,239.5
286.0,240.5
288.0,238.5
289.0,237.5
290.0,237.5
291.0,236.5
292.0,235.5
293.0,234.5
294.0,233.5
295.0,232.5
296.0,231.5
297.0,230.5
296.0,231.5
295.0,232.5
294.0,233.5
293.0,234.5
292.0,235.5
291.0,236.5
290.0,237.5
289.0,238.5
360.0,238.5
360.0,239.5
360.0,240.5
360.0,239.5
361.0,236.5
361.0,235.5
301.0,129.5
300.0,129.5
299.0,128.5
298.0,128.5
299.0,128.5
300.0,129.5
328.0,94.5
329.0,94.5
330.0,94.5
329.0,94.5
322.0,72.5
323.0,71.5
322.0,72.5
321.0,72.5
309.0,36.5
308.0,36.5
307.0,36.5
306.0,36.5
305.0,36.5
304.0,36.5
305.0,36.5
306.0,36.5
307.0,36.5
308.0,36.5
279.0,3.5
279.0,2.5
271.0,6.5
271.0,7.5
272.0,8.5
272.0,9.5
271.0,8.5
271.0,7.5
269.0,-6.5
270.0,-7.5
272.0,-9.5
272.0,-10.5
271.0,-14.5
271.0,-15.5
270.0,-16.5
271.0,-15.5
276.0,-8.5
277.0,-7.5
278.0,-7.5
278.0,-6.5
277.0,-7.5
276.0,-7.5
280.0,-7.5
281.0,-7.5
281.0,-12.5
280.0,-13.5
281.0,-12.5
282.0,-13.5
282.0,-12.5
288.0,-6.5
289.0,-5.5
290.0,-21.5
290.0,-22.5
289.0,-23.5
290.0,-22.5
287.0,-28.5
286.0,-28.5
285.0,-29.5
286.0,-28.5
287.0,-29.5
288.0,-30.5
289.0,-30.5
290.0,-31.5
291.0,-32.5
292.0,-33.5
293.0,-34.5
294.0,-35.5
293.0,-34.5
292.0,-33.5
291.0,-32.5
290.0,-31.5
289.0,-30.5
288.0,-29.5
281.0,-31.5
280.0,-31.5
279.0,-30.5
278.0,-29.5
278.0,-30.5
279.0,-30.5
280.0,-31.5
270.0,-28.5
269.0,-28.5
269.0,-29.5
267.0,-28.5
266.0,-29.5
265.0,-28.5
264.0,-28.5
263.0,-28.5
262.0,-28.5
261.0,-27.5
260.0,-26.5
259.0,-25.5
259.0,-26.5
260.0,-26.5
261.0,-27.5
262.0,-28.5
263.0,-29.5
264.0,-29.5
265.0,-28.5
266.0,-29.5
256.0,-26.5
255.0,-25.5
253.0,-26.5
254.0,-27.5
258.0,-8.5
259.0,-7.5
259.0,-6.5
258.0,-6.5
258.0,-7.5
251.0,8.5
252.0,9.5
249.0,12.5
248.0,11.5
249.0,12.5
250.0,13.5
243.0,31.5
244.0,32.5
238.0,36.5
238.0,37.5
239.0,38.5
240.0,39.5
240.0,40.5
239.0,39.5
239.0,38.5
238.0,37.5
238.0,44.5
237.0,44.5
236.0,45.5
236.0,46.5
235.0,45.5
234.0,46.5
233.0,47.5
233.0,48.5
232.0,49.5
231.0,50.5
231.0,51.5
231.0,52.5
232.0,53.5
233.0,54.5
233.0,55.5
234.0,56.5
235.0,56.5
236.0,57.5
237.0,56.5
236.0,57.5
236.0,58.5
235.0,59.5
236.0,60.5
236.0,61.5
236.0,62.5
237.0,63.5
237.0,64.5
237.0,65.5
237.0,66.5
237.0,67.5
237.0,66.5
237.0,65.5
236.0,64.5
236.0,63.5
235.0,62.5
235.0,61.5
236.0,60.5
235.0,59.5
235.0,58.5
235.0,57.5
234.0,56.5
233.0,55.5
232.0,54.5
232.0,53.5
231.0,52.5
231.0,51.5
231.0,50.5
231.0,49.5
232.0,49.5
233.0,48.5
233.0,47.5
234.0,46.5
235.0,45.5
236.0,44.5
237.0,44.5
246.0,44.5
247.0,44.5
247.0,40.5
248.0,39.5
248.0,40.5
248.0,54.5
248.0,55.5
248.0,56.5
248.0,57.5
247.0,56.5
246.0,56.5
245.0,55.5
244.0,55.5
243.0,55.5
243.0,54.5
244.0,54.5
245.0,55.5
246.0,55.5
247.0,55.5
241.0,55.5
240.0,55.5
239.0,56.5
239.0,55.5
240.0,55.5
241.0,54.5
236.0,69.5
236.0,70.5
236.0,71.5
236.0,72.5
236.0,73.5
236.0,74.5
236.0,75.5
237.0,76.5
236.0,77.5
235.0,78.5
234.0,78.5
233.0,78.5
232.0,78.5
233.0,78.5
234.0,77.5
235.0,77.5
236.0,77.5
237.0,76.5
236.0,75.5
236.0,74.5
236.0,73.5
236.0,72.5
236.0,71.5
236.0,70.5
228.0,71.5
227.0,70.5
226.0,69.5
225.0,68.5
224.0,68.5
223.0,67.5
222.0,68.5
221.0,69.5
220.0,70.5
219.0,71.5
218.0,71.5
219.0,71.5
220.0,70.5
221.0,69.5
222.0,68.5
223.0,67.5
223.0,66.5
224.0,65.5
223.0,64.5
223.0,63.5
224.0,62.5
223.0,61.5
223.0,60.5
223.0,59.5
223.0,60.5
223.0,61.5
224.0,62.5
223.0,63.5
224.0,64.5
224.0,65.5
223.0,66.5
223.0,67.5
224.0,68.5
225.0,68.5
226.0,69.5
227.0,70.5
228.0,79.5
227.0,80.5
226.0,83.5
227.0,84.5
228.0,84.5
229.0,85.5
230.0,84.5
231.0,85.5
232.0,85.5
233.0,86.5
234.0,86.5
235.0,86.5
236.0,87.5
237.0,87.5
238.0,88.5
237.0,87.5
236.0,87.5
235.0,86.5
234.0,86.5
233.0,86.5
232.0,85.5
231.0,85.5
230.0,85.5
229.0,85.5
228.0,84.5
227.0,84.5
224.0,82.5
223.0,82.5
222.0,82.5
221.0,82.5
220.0,82.5
219.0,83.5
218.0,83.5
217.0,83.5
216.0,83.5
215.0,82.5
214.0,83.5
213.0,84.5
212.0,85.5
211.0,85.5
212.0,85.5
213.0,84.5
214.0,83.5
215.0,82.5
214.0,81.5
213.0,81.5
212.0,80.5
211.0,79.5
212.0,80.5
213.0,81.5
214.0,81.5
215.0,82.5
216.0,83.5
217.0,82.5
218.0,82.5
219.0,83.5
220.0,82.5
221.0,82.5
222.0,82.5
223.0,82.5
226.0,94.5
227.0,94.5
228.0,94.5
229.0,95.5
230.0,95.5
231.0,95.5
232.0,95.5
233.0,95.5
234.0,95.5
233.0,96.5
232.0,95.5
231.0,95.5
230.0,95.5
229.0,95.5
228.0,95.5
227.0,95.5
226.0,94.5
225.0,95.5
224.0,95.5
223.0,95.5
222.0,96.5
221.0,96.5
220.0,95.5
219.0,95.5
218.0,94.5
217.0,94.5
216.0,95.5
215.0,95.5
214.0,95.5
213.0,96.5
212.0,96.5
211.0,97.5
210.0,97.5
209.0,98.5
208.0,98.5
207.0,99.5
207.0,100.5
207.0,101.5
208.0,102.5
207.0,101.5
206.0,102.5
205.0,103.5
204.0,104.5
203.0,105.5
202.0,105.5
203.0,104.5
204.0,103.5
205.0,103.5
206.0,102.5
207.0,101.5
206.0,100.5
206.0,99.5
205.0,98.5
204.0,97.5
205.0,97.5
205.0,98.5
206.0,99.5
207.0,99.5
208.0,98.5
209.0,98.5
210.0,97.5
211.0,97.5
212.0,96.5
213.0,96.5
214.0,95.5
215.0,95.5
216.0,95.5
217.0,94.5
218.0,94.5
219.0,95.5
220.0,95.5
221.0,95.5
222.0,96.5
223.0,95.5
224.0,95.5
225.0,95.5
222.0,98.5
222.0,99.5
222.0,100.5
223.0,101.5
222.0,101.5
221.0,102.5
221.0,103.5
221.0,104.5
220.0,104.5
219.0,105.5
219.0,104.5
220.0,104.5
221.0,103.5
221.0,102.5
222.0,101.5
222.0,100.5
222.0,99.5
217.0,106.5
216.0,107.5
217.0,108.5
217.0,109.5
218.0,110.5
218.0,111.5
218.0,112.5
219.0,113.5
219.0,114.5
219.0,115.5
220.0,116.5
220.0,117.5
221.0,118.5
222.0,119.5
223.0,118.5
222.0,119.5
223.0,120.5
224.0,121.5
223.0,120.5
222.0,119.5
221.0,118.5
220.0,117.5
220.0,116.5
219.0,115.5
218.0,114.5
218.0,113.5
218.0,112.5
218.0,111.5
218.0,110.5
217.0,109.5
217.0,108.5
216.0,107.5
215.0,107.5
214.0,106.5
213.0,105.5
212.0,104.5
211.0,104.5
210.0,103.5
211.0,103.5
212.0,104.5
213.0,105.5
214.0,106.5
215.0,106.5
216.0,107.5
220.0,120.5
219.0,121.5
218.0,122.5
217.0,122.5
218.0,122.5
219.0,121.5
212.0,123.5
211.0,123.5
210.0,124.5
209.0,125.5
210.0,124.5
211.0,123.5
199.0,117.5
199.0,116.5
200.0,115.5
201.0,114.5
201.0,113.5
202.0,112.5
202.0,111.5
202.0,112.5
201.0,113.5
201.0,114.5
200.0,115.5
199.0,116.5
196.0,107.5
195.0,107.5
194.0,107.5
193.0,108.5
192.0,109.5
192.0,108.5
193.0,108.5
194.0,107.5
195.0,107.5
196.0,106.5
197.0,106.5
194.0,98.5
194.0,97.5
195.0,97.5
196.0,97.5
195.0,97.5
192.0,97.5
192.0,98.5
188.0,94.5
189.0,93.5
188.0,92.5
188.0,91.5
188.0,90.5
188.0,89.5
188.0,88.5
188.0,87.5
188.0,86.5
188.0,85.5
188.0,84.5
189.0,83.5
189.0,82.5
189.0,81.5
188.0,80.5
188.0,79.5
189.0,79.5
190.0,78.5
189.0,79.5
188.0,80.5
189.0,81.5
189.0,82.5
189.0,83.5
188.0,84.5
189.0,85.5
189.0,86.5
189.0,87.5
189.0,88.5
189.0,89.5
189.0,90.5
189.0,91.5
189.0,92.5
189.0,93.5
198.0,85.5
198.0,84.5
203.0,94.5
203.0,95.5
186.0,110.5
185.0,111.5
184.0,118.5
185.0,119.5
186.0,120.5
187.0,121.5
188.0,122.5
189.0,122.5
190.0,123.5
191.0,124.5
192.0,125.5
193.0,125.5
194.0,126.5
193.0,125.5
192.0,125.5
191.0,124.5
190.0,123.5
189.0,123.5
188.0,122.5
187.0,121.5
186.0,122.5
187.0,121.5
186.0,120.5
185.0,119.5
173.0,117.5
172.0,116.5
171.0,116.5
170.0,115.5
169.0,114.5
170.0,115.5
171.0,115.5
172.0,116.5
167.0,113.5
166.0,112.5
165.0,112.5
164.0,111.5
165.0,111.5
166.0,112.5
166.0,104.5
166.0,103.5
159.0,121.5
159.0,122.5
159.0,123.5
159.0,124.5
160.0,125.5
160.0,126.5
161.0,127.5
160.0,126.5
160.0,125.5
159.0,124.5
159.0,123.5
159.0,122.5
140.0,134.5
140.0,135.5
139.0,134.5
138.0,133.5
138.0,132.5
137.0,131.5
136.0,131.5
135.0,130.5
134.0,130.5
133.0,130.5
132.0,130.5
131.0,130.5
132.0,129.5
133.0,130.5
134.0,130.5
135.0,130.5
136.0,130.5
137.0,131.5
138.0,132.5
138.0,133.5
139.0,134.5
137.0,128.5
137.0,127.5
127.0,128.5
126.0,127.5
125.0,126.5
126.0,125.5
126.0,124.5
125.0,123.5
125.0,122.5
124.0,121.5
123.0,120.5
124.0,120.5
125.0,120.5
126.0,119.5
126.0,118.5
127.0,118.5
128.0,117.5
128.0,116.5
128.0,117.5
127.0,118.5
126.0,119.5
125.0,120.5
124.0,121.5
125.0,122.5
125.0,123.5
126.0,124.5
126.0,125.5
126.0,126.5
126.0,127.5
127.0,128.5
127.0,129.5
126.0,130.5
125.0,131.5
124.0,132.5
124.0,133.5
123.0,134.5
123.0,135.5
122.0,136.5
121.0,137.5
121.0,138.5
120.0,138.5
119.0,139.5
118.0,140.5
117.0,140.5
116.0,140.5
115.0,141.5
114.0,141.5
113.0,142.5
112.0,143.5
112.0,144.5
111.0,145.5
110.0,146.5
109.0,147.5
110.0,148.5
111.0,149.5
112.0,150.5
112.0,151.5
113.0,152.5
114.0,153.5
115.0,152.5
116.0,153.5
117.0,152.5
118.0,152.5
119.0,152.5
120.0,151.5
121.0,151.5
122.0,151.5
123.0,150.5
124.0,151.5
125.0,151.5
126.0,151.5
127.0,152.5
128.0,151.5
127.0,152.5
128.0,153.5
128.0,154.5
128.0,155.5
127.0,156.5
127.0,157.5
126.0,158.5
126.0,159.5
125.0,160.5
124.0,161.5
124.0,162.5
124.0,163.5
124.0,164.5
124.0,165.5
124.0,166.5
124.0,167.5
123.0,166.5
123.0,165.5
123.0,164.5
123.0,163.5
123.0,162.5
124.0,161.5
125.0,160.5
126.0,159.5
126.0,158.5
127.0,157.5
127.0,156.5
128.0,155.5
127.0,154.5
128.0,153.5
127.0,152.5
126.0,151.5
125.0,151.5
124.0,151.5
123.0,150.5
122.0,151.5
121.0,151.5
120.0,151.5
119.0,152.5
118.0,153.5
119.0,154.5
120.0,155.5
120.0,156.5
121.0,157.5
122.0,158.5
122.0,159.5
122.0,158.5
121.0,157.5
120.0,156.5
120.0,155.5
119.0,154.5
118.0,153.5
117.0,152.5
116.0,153.5
115.0,152.5
114.0,153.5
113.0,154.5
112.0,155.5
112.0,156.5
112.0,157.5
113.0,158.5
112.0,157.5
111.0,158.5
110.0,159.5
110.0,160.5
109.0,161.5
110.0,162.5
109.0,161.5
108.0,162.5
107.0,163.5
107.0,164.5
106.0,165.5
107.0,166.5
108.0,166.5
108.0,167.5
107.0,166.5
106.0,165.5
105.0,166.5
104.0,167.5
103.0,167.5
104.0,167.5
105.0,166.5
106.0,165.5
107.0,164.5
107.0,163.5
108.0,162.5
109.0,161.5
109.0,160.5
110.0,159.5
111.0,158.5
112.0,157.5
112.0,156.5
112.0,155.5
113.0,154.5
114.0,153.5
113.0,152.5
112.0,151.5
111.0,150.5
110.0,149.5
110.0,148.5
109.0,147.5
110.0,146.5
110.0,145.5
111.0,144.5
112.0,143.5
113.0,142.5
114.0,141.5
115.0,141.5
116.0,140.5
117.0,139.5
118.0,139.5
119.0,139.5
120.0,138.5
121.0,137.5
122.0,136.5
122.0,135.5
123.0,134.5
124.0,133.5
124.0,132.5
125.0,131.5
126.0,130.5
127.0,129.5
123.0,118.5
122.0,117.5
125.0,112.5
126.0,112.5
122.0,106.5
122.0,105.5
120.0,107.5
120.0,108.5
126.0,98.5
125.0,97.5
124.0,96.5
123.0,96.5
123.0,95.5
122.0,94.5
122.0,93.5
121.0,92.5
120.0,93.5
121.0,92.5
122.0,91.5
122.0,90.5
123.0,89.5
123.0,88.5
124.0,87.5
124.0,86.5
125.0,85.5
124.0,84.5
125.0,83.5
124.0,82.5
123.0,81.5
122.0,81.5
121.0,80.5
120.0,80.5
119.0,79.5
118.0,78.5
117.0,77.5
116.0,76.5
115.0,75.5
114.0,74.5
113.0,73.5
112.0,73.5
111.0,72.5
110.0,71.5
110.0,70.5
110.0,71.5
111.0,72.5
112.0,72.5
113.0,73.5
114.0,73.5
114.0,74.5
115.0,75.5
116.0,76.5
117.0,77.5
118.0,78.5
119.0,79.5
120.0,80.5
121.0,80.5
122.0,81.5
123.0,81.5
124.0,82.5
125.0,83.5
125.0,84.5
125.0,85.5
124.0,86.5
124.0,87.5
123.0,88.5
123.0,89.5
122.0,90.5
122.0,91.5
121.0,92.5
122.0,93.5
122.0,94.5
123.0,95.5
124.0,96.5
125.0,97.5
126.0,97.5
127.0,98.5
128.0,99.5
127.0,98.5
132.0,100.5
133.0,101.5
134.0,101.5
135.0,102.5
136.0,102.5
137.0,103.5
138.0,103.5
139.0,103.5
140.0,102.5
141.0,103.5
140.0,102.5
139.0,103.5
139.0,104.5
138.0,104.5
137.0,103.5
136.0,102.5
135.0,102.5
134.0,101.5
133.0,101.5
137.0,108.5
137.0,109.5
136.0,110.5
137.0,109.5
148.0,93.5
148.0,92.5
147.0,91.5
147.0,90.5
147.0,89.5
146.0,88.5
145.0,87.5
144.0,86.5
144.0,85.5
144.0,84.5
145.0,83.5
145.0,82.5
145.0,81.5
144.0,80.5
143.0,79.5
142.0,78.5
141.0,77.5
141.0,76.5
141.0,77.5
142.0,78.5
143.0,79.5
144.0,80.5
145.0,81.5
146.0,81.5
147.0,81.5
148.0,80.5
149.0,80.5
148.0,80.5
147.0,81.5
146.0,82.5
145.0,83.5
144.0,84.5
145.0,85.5
145.0,86.5
145.0,87.5
146.0,88.5
147.0,89.5
147.0,90.5
147.0,91.5
148.0,92.5
131.0,76.5
130.0,77.5
129.0,78.5
128.0,79.5
127.0,80.5
126.0,81.5
127.0,80.5
128.0,79.5
129.0,78.5
130.0,77.5
132.0,68.5
131.0,67.5
131.0,66.5
130.0,65.5
129.0,65.5
128.0,64.5
127.0,64.5
126.0,64.5
125.0,63.5
124.0,62.5
123.0,63.5
122.0,63.5
121.0,63.5
120.0,63.5
119.0,64.5
118.0,64.5
118.0,63.5
119.0,64.5
120.0,63.5
121.0,63.5
122.0,63.5
123.0,62.5
124.0,62.5
125.0,63.5
126.0,64.5
127.0,64.5
128.0,64.5
129.0,65.5
130.0,64.5
130.0,63.5
131.0,62.5
132.0,61.5
132.0,60.5
132.0,59.5
132.0,58.5
132.0,57.5
132.0,56.5
132.0,55.5
132.0,54.5
131.0,53.5
130.0,54.5
131.0,53.5
132.0,52.5
131.0,51.5
131.0,50.5
131.0,49.5
131.0,48.5
131.0,47.5
131.0,46.5
132.0,45.5
132.0,44.5
133.0,43.5
132.0,44.5
132.0,45.5
131.0,46.5
132.0,47.5
132.0,48.5
132.0,49.5
132.0,50.5
132.0,51.5
132.0,52.5
131.0,53.5
132.0,54.5
132.0,55.5
132.0,56.5
132.0,57.5
132.0,58.5
132.0,59.5
132.0,60.5
132.0,61.5
131.0,62.5
130.0,63.5
130.0,64.5
130.0,65.5
131.0,66.5
131.0,67.5
116.0,64.5
115.0,64.5
116.0,63.5
109.0,64.5
108.0,65.5
107.0,66.5
107.0,67.5
107.0,68.5
108.0,69.5
107.0,68.5
106.0,69.5
106.0,70.5
105.0,71.5
105.0,72.5
104.0,73.5
105.0,74.5
105.0,75.5
105.0,76.5
105.0,77.5
104.0,78.5
104.0,79.5
104.0,78.5
105.0,77.5
104.0,76.5
104.0,75.5
104.0,74.5
104.0,73.5
105.0,72.5
105.0,71.5
106.0,70.5
106.0,69.5
107.0,68.5
107.0,67.5
107.0,66.5
108.0,65.5
108.0,64.5
107.0,63.5
106.0,62.5
107.0,62.5
108.0,63.5
107.0,59.5
108.0,58.5
108.0,56.5
107.0,56.5
107.0,55.5
108.0,54.5
108.0,53.5
108.0,52.5
107.0,51.5
107.0,50.5
107.0,49.5
106.0,48.5
106.0,47.5
106.0,46.5
105.0,45.5
105.0,44.5
105.0,43.5
106.0,44.5
106.0,45.5
106.0,46.5
106.0,47.5
106.0,48.5
107.0,49.5
108.0,49.5
108.0,50.5
107.0,51.5
108.0,52.5
108.0,53.5
108.0,54.5
107.0,55.5
102.0,61.5
101.0,61.5
100.0,60.5
99.0,61.5
98.0,61.5
97.0,61.5
96.0,61.5
95.0,61.5
94.0,61.5
93.0,61.5
92.0,61.5
91.0,60.5
90.0,61.5
89.0,61.5
88.0,61.5
87.0,61.5
86.0,61.5
85.0,61.5
84.0,60.5
83.0,60.5
82.0,61.5
81.0,62.5
82.0,61.5
83.0,60.5
82.0,59.5
83.0,60.5
84.0,60.5
85.0,61.5
86.0,60.5
87.0,60.5
88.0,60.5
89.0,60.5
90.0,61.5
91.0,60.5
92.0,61.5
93.0,60.5
94.0,60.5
95.0,60.5
96.0,60.5
97.0,60.5
98.0,60.5
99.0,60.5
100.0,60.5
101.0,61.5
95.0,68.5
94.0,69.5
93.0,70.5
94.0,71.5
95.0,72.5
94.0,71.5
93.0,70.5
92.0,70.5
91.0,70.5
90.0,70.5
89.0,70.5
88.0,70.5
87.0,70.5
86.0,70.5
85.0,70.5
84.0,70.5
83.0,70.5
82.0,69.5
83.0,70.5
84.0,70.5
85.0,70.5
86.0,70.5
87.0,70.5
88.0,70.5
89.0,70.5
90.0,70.5
91.0,70.5
92.0,70.5
93.0,70.5
94.0,69.5
97.0,79.5
98.0,80.5
100.0,81.5
101.0,82.5
102.0,82.5
103.0,81.5
104.0,82.5
105.0,82.5
106.0,83.5
107.0,84.5
108.0,84.5
109.0,83.5
108.0,84.5
108.0,85.5
109.0,86.5
109.0,87.5
110.0,88.5
109.0,87.5
109.0,86.5
108.0,85.5
107.0,84.5
106.0,83.5
105.0,82.5
104.0,82.5
103.0,81.5
102.0,82.5
101.0,82.5
100.0,83.5
99.0,83.5
98.0,84.5
97.0,84.5
96.0,84.5
97.0,84.5
98.0,84.5
99.0,83.5
100.0,83.5
101.0,82.5
111.0,83.5
112.0,82.5
113.0,82.5
112.0,82.5
110.0,91.5
111.0,92.5
112.0,92.5
111.0,92.5
110.0,91.5
109.0,92.5
106.0,93.5
105.0,94.5
104.0,95.5
103.0,96.5
102.0,96.5
101.0,96.5
102.0,96.5
103.0,95.5
104.0,94.5
105.0,94.5
96.0,97.5
96.0,98.5
95.0,98.5
93.0,97.5
92.0,96.5
91.0,97.5
92.0,96.5
91.0,92.5
90.0,91.5
91.0,92.5
92.0,91.5
83.0,95.5
82.0,94.5
81.0,93.5
80.0,93.5
79.0,93.5
78.0,92.5
79.0,92.5
80.0,92.5
81.0,93.5
82.0,94.5
76.0,93.5
75.0,93.5
74.0,94.5
73.0,94.5
72.0,93.5
71.0,93.5
70.0,93.5
69.0,93.5
68.0,92.5
67.0,93.5
66.0,92.5
65.0,92.5
64.0,92.5
63.0,91.5
64.0,92.5
65.0,92.5
66.0,92.5
67.0,92.5
68.0,92.5
69.0,93.5
70.0,93.5
71.0,93.5
72.0,93.5
73.0,93.5
74.0,93.5
75.0,93.5
75.0,84.5
76.0,84.5
75.0,84.5
74.0,83.5
73.0,82.5
72.0,82.5
71.0,83.5
70.0,84.5
69.0,84.5
70.0,84.5
71.0,83.5
71.0,82.5
72.0,81.5
71.0,80.5
70.0,79.5
71.0,80.5
72.0,81.5
73.0,81.5
74.0,82.5
75.0,81.5
76.0,80.5
76.0,79.5
77.0,79.5
78.0,79.5
77.0,79.5
76.0,80.5
75.0,81.5
74.0,82.5
74.0,83.5
82.0,79.5
83.0,79.5
84.0,80.5
85.0,80.5
86.0,81.5
87.0,80.5
88.0,80.5
89.0,79.5
90.0,79.5
90.0,80.5
89.0,79.5
88.0,80.5
87.0,80.5
86.0,81.5
86.0,82.5
86.0,81.5
85.0,80.5
84.0,80.5
83.0,79.5
73.0,72.5
72.0,71.5
71.0,70.5
70.0,70.5
69.0,70.5
68.0,70.5
67.0,70.5
66.0,70.5
65.0,70.5
64.0,70.5
63.0,70.5
62.0,70.5
61.0,70.5
60.0,70.5
59.0,70.5
58.0,70.5
57.0,70.5
56.0,69.5
55.0,70.5
56.0,69.5
57.0,70.5
58.0,70.5
59.0,70.5
60.0,70.5
61.0,70.5
62.0,70.5
63.0,70.5
64.0,70.5
65.0,70.5
66.0,70.5
67.0,70.5
68.0,70.5
69.0,70.5
70.0,70.5
71.0,70.5
72.0,69.5
73.0,68.5
72.0,69.5
71.0,70.5
72.0,71.5
72.0,61.5
71.0,60.5
70.0,60.5
69.0,60.5
68.0,60.5
67.0,60.5
66.0,60.5
65.0,60.5
64.0,61.5
63.0,60.5
62.0,59.5
61.0,60.5
60.0,61.5
61.0,60.5
60.0,59.5
59.0,58.5
60.0,59.5
61.0,60.5
62.0,59.5
63.0,59.5
64.0,60.5
65.0,60.5
66.0,59.5
67.0,59.5
68.0,59.5
69.0,59.5
70.0,59.5
71.0,60.5
72.0,60.5
73.0,59.5
73.0,58.5
73.0,59.5
72.0,60.5
73.0,61.5
67.0,52.5
66.0,51.5
65.0,51.5
64.0,51.5
63.0,50.5
62.0,50.5
61.0,50.5
60.0,50.5
59.0,49.5
58.0,49.5
57.0,50.5
56.0,51.5
55.0,51.5
56.0,51.5
57.0,50.5
58.0,49.5
57.0,48.5
57.0,47.5
56.0,46.5
55.0,46.5
54.0,45.5
53.0,45.5
52.0,44.5
51.0,45.5
52.0,44.5
51.0,43.5
50.0,43.5
49.0,42.5
48.0,42.5
47.0,41.5
48.0,41.5
49.0,42.5
50.0,42.5
51.0,43.5
52.0,44.5
53.0,44.5
54.0,45.5
55.0,45.5
56.0,46.5
57.0,47.5
57.0,48.5
58.0,49.5
59.0,49.5
60.0,50.5
61.0,49.5
62.0,50.5
63.0,50.5
64.0,51.5
65.0,51.5
66.0,51.5
72.0,45.5
71.0,44.5
71.0,43.5
71.0,44.5
72.0,45.5
73.0,46.5
74.0,47.5
74.0,48.5
74.0,47.5
73.0,46.5
70.0,41.5
71.0,40.5
71.0,39.5
72.0,38.5
71.0,37.5
71.0,36.5
71.0,35.5
72.0,34.5
73.0,34.5
74.0,33.5
75.0,33.5
76.0,32.5
76.0,33.5
75.0,33.5
74.0,33.5
73.0,34.5
72.0,35.5
72.0,36.5
72.0,37.5
72.0,38.5
71.0,39.5
71.0,40.5
63.0,39.5
62.0,38.5
61.0,37.5
60.0,37.5
59.0,36.5
58.0,37.5
57.0,36.5
56.0,37.5
55.0,36.5
54.0,36.5
53.0,36.5
52.0,35.5
51.0,35.5
50.0,35.5
49.0,36.5
48.0,35.5
47.0,36.5
46.0,37.5
46.0,38.5
46.0,39.5
45.0,39.5
46.0,38.5
46.0,37.5
47.0,36.5
46.0,35.5
47.0,36.5
48.0,35.5
49.0,35.5
50.0,35.5
51.0,35.5
52.0,35.5
53.0,36.5
54.0,36.5
55.0,36.5
56.0,37.5
57.0,36.5
58.0,37.5
59.0,36.5
60.0,36.5
61.0,36.5
62.0,35.5
61.0,36.5
61.0,37.5
62.0,38.5
78.0,33.5
78.0,32.5
79.0,33.5
80.0,33.5
81.0,34.5
81.0,35.5
80.0,34.5
79.0,34.5
83.0,39.5
82.0,40.5
83.0,41.5
83.0,42.5
82.0,43.5
83.0,44.5
83.0,45.5
84.0,46.5
84.0,47.5
85.0,48.5
86.0,48.5
87.0,49.5
88.0,48.5
89.0,49.5
90.0,49.5
91.0,50.5
92.0,50.5
93.0,49.5
94.0,49.5
95.0,48.5
95.0,49.5
96.0,50.5
97.0,51.5
98.0,52.5
97.0,51.5
96.0,50.5
95.0,49.5
94.0,49.5
93.0,49.5
92.0,50.5
91.0,50.5
90.0,49.5
89.0,49.5
88.0,49.5
87.0,49.5
86.0,48.5
85.0,48.5
84.0,49.5
83.0,50.5
82.0,51.5
81.0,52.5
82.0,51.5
83.0,50.5
84.0,49.5
85.0,48.5
84.0,47.5
84.0,46.5
83.0,45.5
83.0,44.5
82.0,43.5
82.0,42.5
82.0,41.5
82.0,40.5
85.0,38.5
86.0,38.5
87.0,37.5
88.0,38.5
89.0,37.5
90.0,37.5
91.0,38.5
92.0,37.5
93.0,37.5
94.0,38.5
95.0,37.5
96.0,37.5
97.0,38.5
98.0,37.5
99.0,38.5
100.0,37.5
101.0,36.5
100.0,37.5
100.0,38.5
101.0,39.5
102.0,39.5
103.0,39.5
103.0,40.5
102.0,40.5
101.0,39.5
100.0,38.5
99.0,38.5
98.0,37.5
97.0,38.5
96.0,37.5
95.0,37.5
94.0,38.5
93.0,38.5
92.0,38.5
91.0,38.5
90.0,37.5
89.0,37.5
88.0,38.5
87.0,38.5
86.0,39.5
51.0,53.5
50.0,54.5
50.0,55.5
51.0,56.5
51.0,57.5
51.0,58.5
51.0,59.5
51.0,60.5
50.0,61.5
50.0,62.5
51.0,63.5
51.0,64.5
51.0,65.5
50.0,66.5
51.0,65.5
50.0,64.5
51.0,63.5
50.0,62.5
50.0,61.5
51.0,60.5
50.0,59.5
50.0,58.5
50.0,57.5
51.0,56.5
50.0,55.5
49.0,54.5
48.0,55.5
49.0,54.5
50.0,54.5
50.0,68.5
50.0,69.5
51.0,70.5
50.0,71.5
51.0,70.5
50.0,69.5
50.0,73.5
50.0,74.5
51.0,75.5
50.0,74.5
49.0,75.5
49.0,76.5
48.0,76.5
47.0,77.5
46.0,78.5
47.0,77.5
48.0,76.5
49.0,75.5
50.0,74.5
55.0,80.5
56.0,80.5
58.0,81.5
59.0,80.5
61.0,80.5
62.0,79.5
62.0,80.5
61.0,81.5
59.0,84.5
58.0,83.5
51.0,86.5
51.0,87.5
51.0,88.5
52.0,89.5
52.0,90.5
53.0,91.5
54.0,91.5
53.0,91.5
52.0,90.5
51.0,91.5
51.0,90.5
51.0,89.5
50.0,88.5
50.0,87.5
50.0,86.5
50.0,85.5
49.0,84.5
48.0,84.5
48.0,83.5
49.0,84.5
50.0,85.5
55.0,93.5
56.0,94.5
56.0,95.5
57.0,96.5
56.0,95.5
56.0,94.5
69.0,125.5
70.0,126.5
71.0,125.5
70.0,126.5
70.0,128.5
71.0,129.5
71.0,130.5
71.0,129.5
61.0,129.5
61.0,130.5
60.0,129.5
81.0,136.5
82.0,135.5
82.0,142.5
83.0,143.5
84.0,144.5
84.0,145.5
84.0,146.5
85.0,147.5
86.0,148.5
86.0,149.5
86.0,148.5
85.0,147.5
84.0,146.5
84.0,145.5
84.0,144.5
83.0,143.5
82.0,143.5
88.0,150.5
89.0,151.5
90.0,150.5
90.0,149.5
91.0,149.5
92.0,148.5
93.0,148.5
92.0,148.5
91.0,149.5
90.0,150.5
89.0,151.5
88.0,152.5
89.0,153.5
89.0,154.5
89.0,155.5
89.0,156.5
89.0,157.5
89.0,158.5
88.0,159.5
89.0,160.5
89.0,161.5
89.0,160.5
88.0,159.5
89.0,158.5
89.0,157.5
89.0,156.5
89.0,155.5
89.0,154.5
89.0,153.5
88.0,152.5
89.0,151.5
97.0,147.5
97.0,146.5
98.0,146.5
99.0,146.5
100.0,145.5
99.0,144.5
100.0,145.5
101.0,146.5
102.0,145.5
102.0,146.5
101.0,146.5
100.0,145.5
99.0,146.5
98.0,147.5
104.0,146.5
104.0,145.5
105.0,145.5
105.0,146.5
110.0,166.5
111.0,167.5
112.0,167.5
113.0,167.5
114.0,167.5
115.0,167.5
116.0,166.5
117.0,167.5
116.0,167.5
115.0,167.5
114.0,167.5
113.0,167.5
112.0,167.5
111.0,167.5
110.0,167.5
124.0,170.5
124.0,171.5
124.0,189.5
124.0,190.5
125.0,191.5
126.0,192.5
125.0,191.5
124.0,190.5
128.0,193.5
129.0,194.5
130.0,195.5
131.0,194.5
132.0,193.5
133.0,192.5
132.0,193.5
131.0,194.5
130.0,195.5
131.0,196.5
132.0,197.5
133.0,198.5
134.0,199.5
134.0,200.5
134.0,201.5
134.0,200.5
133.0,199.5
132.0,198.5
131.0,197.5
131.0,196.5
130.0,195.5
129.0,194.5
128.0,195.5
129.0,194.5
126.0,196.5
125.0,197.5
124.0,198.5
125.0,197.5
124.0,204.5
124.0,205.5
130.0,208.5
131.0,207.5
132.0,206.5
133.0,205.5
134.0,204.5
134.0,205.5
133.0,206.5
132.0,207.5
131.0,208.5
131.0,211.5
130.0,212.5
130.0,213.5
130.0,214.5
129.0,215.5
128.0,216.5
128.0,217.5
127.0,218.5
128.0,219.5
129.0,220.5
128.0,219.5
127.0,218.5
126.0,219.5
127.0,218.5
128.0,217.5
128.0,216.5
129.0,215.5
130.0,214.5
130.0,213.5
130.0,212.5
130.0,211.5
121.0,217.5
120.0,217.5
119.0,216.5
120.0,217.5
114.0,223.5
113.0,223.5
112.0,222.5
111.0,221.5
110.0,221.5
109.0,220.5
108.0,219.5
107.0,219.5
106.0,220.5
105.0,221.5
104.0,221.5
103.0,222.5
102.0,222.5
101.0,223.5
100.0,223.5
101.0,223.5
102.0,222.5
103.0,222.5
104.0,221.5
105.0,221.5
106.0,220.5
107.0,219.5
108.0,219.5
109.0,220.5
110.0,221.5
111.0,221.5
112.0,222.5
113.0,223.5
117.0,229.5
116.0,230.5
115.0,231.5
116.0,232.5
116.0,233.5
115.0,234.5
116.0,233.5
116.0,232.5
115.0,231.5
116.0,230.5
105.0,217.5
104.0,216.5
104.0,215.5
104.0,216.5
109.0,214.5
109.0,213.5
109.0,212.5
109.0,211.5
109.0,210.5
109.0,209.5
108.0,208.5
107.0,207.5
106.0,206.5
105.0,206.5
104.0,207.5
103.0,207.5
102.0,208.5
101.0,207.5
100.0,207.5
99.0,206.5
98.0,206.5
98.0,205.5
99.0,206.5
100.0,207.5
101.0,207.5
102.0,208.5
103.0,207.5
104.0,207.5
105.0,206.5
106.0,205.5
107.0,205.5
108.0,204.5
107.0,205.5
107.0,206.5
107.0,207.5
108.0,208.5
109.0,209.5
109.0,210.5
109.0,211.5
109.0,212.5
109.0,213.5
107.0,197.5
106.0,196.5
105.0,195.5
104.0,194.5
103.0,194.5
102.0,194.5
101.0,194.5
100.0,193.5
99.0,194.5
98.0,194.5
99.0,194.5
100.0,193.5
101.0,193.5
102.0,193.5
103.0,193.5
104.0,193.5
105.0,193.5
106.0,192.5
107.0,191.5
108.0,190.5
109.0,189.5
108.0,190.5
107.0,191.5
106.0,192.5
105.0,193.5
105.0,194.5
105.0,195.5
106.0,196.5
140.0,205.5
141.0,206.5
142.0,206.5
143.0,207.5
142.0,206.5
141.0,206.5
145.0,250.5
145.0,251.5
152.0,255.5
153.0,256.5
154.0,257.5
155.0,258.5
156.0,259.5
156.0,260.5
156.0,259.5
155.0,258.5
154.0,257.5
153.0,256.5
64.0,214.5
64.0,213.5
63.0,211.5
62.0,210.5
61.0,210.5
62.0,209.5
62.0,210.5
61.0,206.5
61.0,205.5
59.0,205.5
59.0,204.5
58.0,203.5
57.0,202.5
57.0,201.5
57.0,202.5
58.0,203.5
59.0,204.5
78.0,156.5
79.0,155.5
79.0,156.5
88.0,118.5
87.0,117.5
95.0,107.5
95.0,106.5
95.0,105.5
95.0,106.5
162.0,10.5
162.0,9.5
168.0,10.5
169.0,10.5
174.0,15.5
175.0,15.5
175.0,16.5
175.0,17.5
175.0,18.5
175.0,17.5
175.0,16.5
184.0,10.5
184.0,9.5
187.0,9.5
188.0,9.5
189.0,8.5
188.0,9.5
170.0,-0.5
170.0,-1.5
170.0,-0.5
169.0,0.5
168.0,1.5
167.0,1.5
168.0,1.5
169.0,0.5
141.0,-12.5
140.0,-12.5
140.0,-13.5
140.0,-14.5
140.0,-15.5
141.0,-15.5
141.0,-14.5
141.0,-13.5
136.0,-23.5
136.0,-24.5
137.0,-25.5
136.0,-24.5
134.0,-23.5
133.0,-23.5
127.0,-43.5
128.0,-44.5
129.0,-45.5
128.0,-44.5
165.0,-102.5
164.0,-103.5
165.0,-102.5
166.0,-102.5
167.0,-101.5
168.0,-100.5
169.0,-100.5
170.0,-101.5
171.0,-101.5
172.0,-102.5
173.0,-102.5
174.0,-103.5
175.0,-103.5
176.0,-104.5
177.0,-104.5
178.0,-104.5
179.0,-105.5
180.0,-105.5
181.0,-106.5
182.0,-106.5
183.0,-105.5
184.0,-106.5
185.0,-106.5
186.0,-105.5
187.0,-105.5
188.0,-105.5
189.0,-104.5
190.0,-104.5
191.0,-103.5
192.0,-103.5
193.0,-102.5
194.0,-103.5
195.0,-103.5
196.0,-104.5
197.0,-104.5
198.0,-105.5
199.0,-105.5
200.0,-106.5
201.0,-106.5
202.0,-106.5
203.0,-106.5
204.0,-106.5
205.0,-106.5
206.0,-106.5
207.0,-106.5
208.0,-106.5
209.0,-106.5
210.0,-106.5
211.0,-105.5
212.0,-105.5
213.0,-104.5
214.0,-104.5
215.0,-103.5
216.0,-103.5
217.0,-102.5
218.0,-102.5
219.0,-101.5
220.0,-101.5
221.0,-100.5
222.0,-101.5
223.0,-101.5
224.0,-102.5
225.0,-102.5
226.0,-103.5
227.0,-103.5
228.0,-104.5
229.0,-104.5
230.0,-105.5
231.0,-105.5
232.0,-105.5
233.0,-106.5
234.0,-106.5
235.0,-105.5
236.0,-105.5
237.0,-105.5
238.0,-105.5
239.0,-105.5
240.0,-104.5
241.0,-104.5
242.0,-104.5
243.0,-104.5
244.0,-105.5
245.0,-105.5
246.0,-104.5
247.0,-105.5
248.0,-105.5
249.0,-105.5
250.0,-106.5
251.0,-106.5
252.0,-105.5
253.0,-105.5
254.0,-105.5
255.0,-104.5
256.0,-104.5
257.0,-103.5
258.0,-103.5
259.0,-103.5
260.0,-104.5
261.0,-104.5
262.0,-103.5
263.0,-104.5
264.0,-104.5
265.0,-105.5
266.0,-104.5
267.0,-104.5
268.0,-104.5
269.0,-103.5
270.0,-103.5
269.0,-103.5
268.0,-104.5
267.0,-104.5
266.0,-104.5
265.0,-105.5
264.0,-104.5
263.0,-104.5
262.0,-103.5
261.0,-104.5
260.0,-104.5
259.0,-103.5
258.0,-103.5
257.0,-103.5
256.0,-104.5
255.0,-104.5
254.0,-105.5
253.0,-105.5
252.0,-105.5
251.0,-106.5
250.0,-106.5
249.0,-105.5
248.0,-105.5
247.0,-105.5
246.0,-104.5
245.0,-105.5
244.0,-105.5
243.0,-104.5
242.0,-104.5
241.0,-104.5
240.0,-104.5
239.0,-105.5
238.0,-104.5
237.0,-105.5
236.0,-105.5
235.0,-105.5
234.0,-106.5
233.0,-106.5
232.0,-105.5
231.0,-105.5
230.0,-105.5
229.0,-104.5
228.0,-104.5
227.0,-103.5
226.0,-103.5
225.0,-102.5
224.0,-102.5
223.0,-101.5
222.0,-101.5
221.0,-100.5
220.0,-101.5
219.0,-101.5
218.0,-102.5
217.0,-102.5
216.0,-103.5
215.0,-103.5
214.0,-104.5
213.0,-104.5
212.0,-105.5
211.0,-105.5
210.0,-106.5
209.0,-105.5
208.0,-106.5
207.0,-106.5
206.0,-106.5
205.0,-106.5
204.0,-106.5
203.0,-106.5
202.0,-106.5
201.0,-105.5
200.0,-106.5
199.0,-105.5
198.0,-105.5
197.0,-104.5
196.0,-104.5
195.0,-103.5
194.0,-103.5
193.0,-102.5
192.0,-103.5
191.0,-103.5
190.0,-104.5
189.0,-104.5
188.0,-105.5
187.0,-105.5
186.0,-105.5
185.0,-106.5
184.0,-105.5
183.0,-105.5
182.0,-106.5
181.0,-105.5
180.0,-105.5
179.0,-105.5
178.0,-104.5
177.0,-104.5
176.0,-104.5
175.0,-103.5
174.0,-103.5
173.0,-102.5
172.0,-102.5
171.0,-101.5
170.0,-101.5
169.0,-100.5
168.0,-100.5
167.0,-101.5
166.0,-102.5
200.0,-17.5
201.0,-16.5
202.0,-15.5
203.0,-14.5
204.0,-13.5
205.0,-13.5
205.0,-12.5
204.0,-13.5
203.0,-14.5
202.0,-15.5
201.0,-16.5
236.0,27.5
236.0,28.5
237.0,29.5
236.0,28.5
238.0,90.5
238.0,91.5
303.0,-19.5
303.0,-20.5
303.0,-22.5
303.0,-23.5
304.0,-23.5
304.0,-22.5
305.0,-21.5
304.0,-22.5
304.0,-26.5
303.0,-27.5
303.0,-28.5
302.0,-29.5
302.0,-30.5
301.0,-31.5
302.0,-30.5
302.0,-29.5
303.0,-28.5
303.0,-27.5
301.0,-33.5
302.0,-34.5
303.0,-35.5
304.0,-36.5
305.0,-37.5
306.0,-38.5
307.0,-39.5
308.0,-40.5
309.0,-41.5
308.0,-40.5
307.0,-39.5
306.0,-38.5
306.0,-37.5
305.0,-36.5
304.0,-35.5
303.0,-35.5
302.0,-34.5
301.0,-33.5
300.0,-33.5
299.0,-33.5
299.0,-34.5
300.0,-33.5
293.0,-43.5
294.0,-44.5
294.0,-47.5
293.0,-47.5
294.0,-48.5
301.0,-47.5
302.0,-47.5
303.0,-46.5
304.0,-46.5
305.0,-45.5
304.0,-46.5
303.0,-46.5
302.0,-47.5
307.0,-45.5
308.0,-45.5
309.0,-46.5
309.0,-47.5
310.0,-48.5
311.0,-49.5
312.0,-50.5
312.0,-51.5
311.0,-52.5
312.0,-51.5
313.0,-50.5
312.0,-50.5
311.0,-49.5
311.0,-48.5
310.0,-47.5
309.0,-46.5
308.0,-45.5
307.0,-44.5
308.0,-43.5
307.0,-44.5
313.0,-41.5
314.0,-40.5
315.0,-41.5
316.0,-41.5
316.0,-40.5
315.0,-41.5
314.0,-40.5
315.0,-49.5
316.0,-50.5
317.0,-49.5
318.0,-49.5
319.0,-48.5
320.0,-47.5
321.0,-48.5
322.0,-47.5
321.0,-47.5
320.0,-47.5
319.0,-48.5
318.0,-49.5
317.0,-49.5
316.0,-49.5
312.0,-54.5
312.0,-55.5
317.0,-66.5
316.0,-67.5
317.0,-66.5
318.0,-66.5
319.0,-66.5
318.0,-66.5
322.0,-66.5
323.0,-66.5
324.0,-66.5
325.0,-67.5
325.0,-68.5
325.0,-69.5
325.0,-70.5
324.0,-71.5
323.0,-72.5
322.0,-72.5
321.0,-73.5
320.0,-73.5
319.0,-74.5
319.0,-75.5
318.0,-76.5
319.0,-75.5
320.0,-74.5
321.0,-73.5
322.0,-73.5
323.0,-72.5
324.0,-72.5
325.0,-72.5
326.0,-73.5
325.0,-72.5
325.0,-71.5
325.0,-70.5
325.0,-69.5
325.0,-68.5
325.0,-67.5
326.0,-66.5
325.0,-67.5
324.0,-66.5
323.0,-66.5
325.0,-61.5
326.0,-61.5
327.0,-61.5
328.0,-60.5
327.0,-61.5
326.0,-60.5
330.0,-59.5
331.0,-59.5
332.0,-59.5
333.0,-60.5
334.0,-60.5
333.0,-60.5
332.0,-59.5
332.0,-58.5
333.0,-57.5
332.0,-58.5
331.0,-59.5
334.0,-66.5
333.0,-67.5
333.0,-68.5
333.0,-69.5
333.0,-70.5
334.0,-71.5
333.0,-72.5
334.0,-71.5
335.0,-71.5
334.0,-71.5
333.0,-70.5
333.0,-69.5
333.0,-68.5
333.0,-67.5
334.0,-66.5
335.0,-66.5
338.0,-66.5
339.0,-66.5
340.0,-67.5
341.0,-67.5
342.0,-67.5
343.0,-68.5
344.0,-69.5
345.0,-69.5
346.0,-69.5
347.0,-68.5
348.0,-69.5
349.0,-68.5
350.0,-69.5
351.0,-68.5
350.0,-69.5
349.0,-68.5
348.0,-69.5
347.0,-68.5
346.0,-68.5
345.0,-69.5
344.0,-69.5
343.0,-68.5
342.0,-67.5
341.0,-66.5
340.0,-66.5
339.0,-65.5
338.0,-65.5
337.0,-71.5
337.0,-72.5
338.0,-72.5
339.0,-73.5
340.0,-74.5
340.0,-75.5
341.0,-76.5
340.0,-77.5
339.0,-78.5
338.0,-78.5
337.0,-79.5
338.0,-78.5
339.0,-78.5
340.0,-77.5
341.0,-77.5
342.0,-77.5
343.0,-76.5
344.0,-77.5
343.0,-76.5
342.0,-77.5
341.0,-76.5
340.0,-75.5
341.0,-74.5
340.0,-74.5
339.0,-73.5
338.0,-72.5
333.0,-74.5
333.0,-75.5
333.0,-80.5
332.0,-81.5
331.0,-82.5
331.0,-83.5
330.0,-84.5
329.0,-84.5
328.0,-85.5
327.0,-85.5
326.0,-86.5
325.0,-87.5
324.0,-88.5
325.0,-88.5
325.0,-87.5
326.0,-86.5
327.0,-85.5
328.0,-85.5
329.0,-84.5
330.0,-84.5
331.0,-83.5
331.0,-82.5
332.0,-81.5
340.0,-96.5
340.0,-97.5
339.0,-98.5
338.0,-99.5
337.0,-99.5
337.0,-100.5
338.0,-100.5
339.0,-99.5
340.0,-100.5
339.0,-99.5
339.0,-98.5
340.0,-97.5
341.0,-96.5
342.0,-96.5
343.0,-95.5
344.0,-96.5
343.0,-95.5
342.0,-96.5
341.0,-96.5
346.0,-97.5
347.0,-98.5
346.0,-97.5
347.0,-96.5
347.0,-95.5
347.0,-96.5
348.0,-102.5
348.0,-103.5
349.0,-103.5
349.0,-102.5
348.0,-108.5
347.0,-108.5
346.0,-109.5
345.0,-110.5
344.0,-111.5
344.0,-112.5
344.0,-111.5
345.0,-110.5
346.0,-109.5
347.0,-108.5
342.0,-119.5
342.0,-120.5
341.0,-121.5
340.0,-120.5
339.0,-121.5
338.0,-120.5
337.0,-120.5
336.0,-120.5
335.0,-119.5
334.0,-119.5
333.0,-118.5
332.0,-118.5
331.0,-117.5
330.0,-117.5
329.0,-116.5
328.0,-116.5
327.0,-115.5
326.0,-115.5
325.0,-114.5
324.0,-114.5
323.0,-113.5
322.0,-113.5
321.0,-112.5
320.0,-112.5
319.0,-111.5
318.0,-111.5
317.0,-110.5
316.0,-110.5
315.0,-109.5
314.0,-109.5
313.0,-108.5
312.0,-107.5
311.0,-106.5
310.0,-106.5
309.0,-105.5
308.0,-104.5
309.0,-105.5
310.0,-106.5
311.0,-106.5
312.0,-107.5
313.0,-108.5
314.0,-109.5
315.0,-109.5
316.0,-110.5
317.0,-110.5
318.0,-111.5
319.0,-111.5
320.0,-112.5
321.0,-112.5
322.0,-113.5
323.0,-113.5
324.0,-114.5
325.0,-114.5
326.0,-115.5
327.0,-115.5
328.0,-116.5
329.0,-116.5
330.0,-117.5
331.0,-117.5
332.0,-118.5
333.0,-118.5
334.0,-119.5
335.0,-119.5
336.0,-120.5
337.0,-120.5
338.0,-120.5
339.0,-121.5
340.0,-120.5
341.0,-121.5
342.0,-120.5
343.0,-121.5
344.0,-122.5
345.0,-123.5
346.0,-124.5
346.0,-125.5
347.0,-126.5
348.0,-126.5
349.0,-127.5
348.0,-126.5
347.0,-126.5
346.0,-125.5
346.0,-124.5
345.0,-123.5
344.0,-122.5
343.0,-121.5
342.0,-120.5
351.0,-127.5
352.0,-128.5
353.0,-128.5
354.0,-128.5
355.0,-129.5
356.0,-129.5
357.0,-128.5
358.0,-128.5
359.0,-128.5
360.0,-127.5
361.0,-127.5
362.0,-127.5
363.0,-127.5
364.0,-128.5
365.0,-128.5
366.0,-127.5
367.0,-128.5
368.0,-128.5
369.0,-128.5
370.0,-127.5
371.0,-127.5
372.0,-127.5
373.0,-127.5
374.0,-128.5
375.0,-128.5
376.0,-128.5
377.0,-128.5
378.0,-128.5
379.0,-127.5
380.0,-127.5
381.0,-127.5
382.0,-127.5
383.0,-128.5
384.0,-127.5
385.0,-127.5
386.0,-127.5
387.0,-127.5
388.0,-127.5
389.0,-127.5
390.0,-127.5
391.0,-127.5
392.0,-128.5
393.0,-127.5
394.0,-127.5
395.0,-127.5
396.0,-127.5
397.0,-126.5
398.0,-126.5
399.0,-126.5
400.0,-125.5
401.0,-126.5
402.0,-126.5
403.0,-126.5
404.0,-126.5
405.0,-127.5
406.0,-127.5
407.0,-127.5
408.0,-127.5
409.0,-127.5
410.0,-127.5
411.0,-127.5
412.0,-127.5
413.0,-127.5
414.0,-127.5
415.0,-127.5
416.0,-126.5
417.0,-126.5
418.0,-126.5
419.0,-127.5
420.0,-127.5
421.0,-127.5
422.0,-127.5
423.0,-127.5
424.0,-127.5
425.0,-127.5
426.0,-127.5
427.0,-127.5
428.0,-127.5
429.0,-127.5
430.0,-127.5
431.0,-127.5
432.0,-127.5
433.0,-128.5
434.0,-127.5
435.0,-127.5
436.0,-127.5
437.0,-127.5
438.0,-128.5
439.0,-128.5
440.0,-128.5
441.0,-128.5
442.0,-128.5
443.0,-128.5
444.0,-128.5
445.0,-128.5
446.0,-128.5
447.0,-128.5
448.0,-127.5
449.0,-128.5
450.0,-128.5
451.0,-128.5
452.0,-128.5
453.0,-128.5
454.0,-127.5
455.0,-128.5
456.0,-129.5
457.0,-129.5
456.0,-129.5
455.0,-128.5
454.0,-127.5
455.0,-126.5
456.0,-125.5
457.0,-124.5
457.0,-123.5
457.0,-122.5
457.0,-121.5
457.0,-120.5
457.0,-119.5
457.0,-118.5
457.0,-119.5
457.0,-120.5
457.0,-121.5
457.0,-122.5
456.0,-123.5
456.0,-124.5
456.0,-125.5
455.0,-126.5
454.0,-127.5
453.0,-128.5
452.0,-127.5
451.0,-127.5
450.0,-128.5
449.0,-128.5
448.0,-127.5
447.0,-128.5
446.0,-128.5
445.0,-127.5
444.0,-127.5
443.0,-127.5
442.0,-128.5
441.0,-128.5
440.0,-128.5
439.0,-127.5
438.0,-128.5
437.0,-127.5
436.0,-127.5
435.0,-127.5
434.0,-127.5
433.0,-128.5
432.0,-127.5
431.0,-127.5
430.0,-126.5
429.0,-127.5
428.0,-127.5
427.0,-127.5
426.0,-126.5
425.0,-126.5
424.0,-126.5
423.0,-126.5
422.0,-126.5
421.0,-126.5
420.0,-126.5
419.0,-127.5
418.0,-126.5
417.0,-126.5
416.0,-126.5
415.0,-127.5
414.0,-126.5
413.0,-127.5
412.0,-127.5
411.0,-127.5
410.0,-127.5
409.0,-127.5
408.0,-127.5
407.0,-127.5
406.0,-126.5
405.0,-127.5
404.0,-126.5
403.0,-126.5
402.0,-125.5
401.0,-126.5
400.0,-125.5
399.0,-126.5
398.0,-126.5
397.0,-126.5
396.0,-127.5
395.0,-126.5
394.0,-127.5
393.0,-127.5
392.0,-128.5
391.0,-127.5
390.0,-127.5
389.0,-126.5
388.0,-126.5
387.0,-126.5
386.0,-127.5
385.0,-127.5
384.0,-127.5
383.0,-128.5
382.0,-127.5
381.0,-127.5
380.0,-126.5
379.0,-127.5
378.0,-128.5
377.0,-127.5
376.0,-128.5
375.0,-127.5
374.0,-128.5
373.0,-127.5
372.0,-126.5
371.0,-127.5
370.0,-127.5
369.0,-128.5
368.0,-127.5
367.0,-128.5
366.0,-127.5
365.0,-128.5
364.0,-128.5
363.0,-127.5
362.0,-127.5
361.0,-126.5
360.0,-127.5
359.0,-128.5
358.0,-128.5
357.0,-128.5
356.0,-129.5
355.0,-129.5
354.0,-128.5
353.0,-128.5
352.0,-128.5
359.0,-123.5
360.0,-124.5
359.0,-123.5
359.0,-122.5
372.0,-122.5
372.0,-121.5
381.0,-78.5
382.0,-78.5
383.0,-77.5
384.0,-77.5
385.0,-77.5
386.0,-78.5
387.0,-78.5
386.0,-78.5
385.0,-77.5
385.0,-76.5
385.0,-75.5
384.0,-76.5
383.0,-77.5
382.0,-78.5
377.0,-74.5
377.0,-73.5
376.0,-74.5
375.0,-74.5
374.0,-74.5
373.0,-74.5
374.0,-74.5
375.0,-74.5
376.0,-74.5
375.0,-68.5
375.0,-67.5
374.0,-68.5
373.0,-67.5
373.0,-68.5
374.0,-68.5
371.0,-68.5
371.0,-67.5
370.0,-67.5
369.0,-67.5
368.0,-66.5
369.0,-67.5
369.0,-68.5
368.0,-69.5
368.0,-70.5
368.0,-69.5
369.0,-68.5
370.0,-68.5
377.0,-68.5
378.0,-67.5
379.0,-67.5
380.0,-68.5
379.0,-67.5
379.0,-66.5
380.0,-65.5
379.0,-66.5
378.0,-67.5
377.0,-67.5
380.0,-59.5
381.0,-59.5
381.0,-58.5
381.0,-57.5
381.0,-56.5
381.0,-55.5
381.0,-56.5
380.0,-57.5
380.0,-58.5
372.0,-56.5
371.0,-57.5
370.0,-56.5
369.0,-55.5
370.0,-56.5
371.0,-57.5
371.0,-58.5
371.0,-59.5
370.0,-60.5
370.0,-61.5
370.0,-60.5
371.0,-59.5
371.0,-58.5
371.0,-57.5
369.0,-51.5
370.0,-50.5
370.0,-49.5
371.0,-48.5
371.0,-47.5
371.0,-48.5
370.0,-49.5
370.0,-50.5
380.0,-47.5
381.0,-46.5
386.0,-42.5
387.0,-42.5
388.0,-42.5
389.0,-42.5
390.0,-42.5
390.0,-41.5
389.0,-42.5
388.0,-42.5
387.0,-42.5
392.0,-39.5
393.0,-39.5
390.0,-49.5
389.0,-49.5
388.0,-49.5
389.0,-49.5
390.0,-49.5
391.0,-50.5
392.0,-51.5
392.0,-52.5
391.0,-53.5
390.0,-54.5
389.0,-54.5
388.0,-54.5
389.0,-54.5
390.0,-54.5
391.0,-53.5
392.0,-52.5
393.0,-52.5
394.0,-52.5
395.0,-52.5
396.0,-52.5
397.0,-53.5
398.0,-54.5
399.0,-54.5
400.0,-54.5
401.0,-55.5
402.0,-55.5
403.0,-55.5
404.0,-54.5
403.0,-54.5
402.0,-54.5
401.0,-55.5
400.0,-54.5
399.0,-54.5
398.0,-54.5
397.0,-53.5
396.0,-52.5
396.0,-51.5
397.0,-50.5
398.0,-49.5
399.0,-49.5
400.0,-49.5
401.0,-48.5
400.0,-49.5
399.0,-49.5
398.0,-49.5
397.0,-50.5
396.0,-51.5
395.0,-51.5
394.0,-51.5
393.0,-51.5
392.0,-51.5
391.0,-50.5
409.0,-66.5
409.0,-67.5
402.0,-78.5
401.0,-78.5
400.0,-77.5
399.0,-76.5
398.0,-76.5
399.0,-77.5
400.0,-78.5
401.0,-78.5
395.0,-76.5
394.0,-76.5
393.0,-76.5
394.0,-76.5
353.0,-70.5
352.0,-70.5
348.0,-62.5
347.0,-61.5
348.0,-60.5
349.0,-59.5
349.0,-58.5
349.0,-59.5
348.0,-60.5
347.0,-61.5
345.0,-60.5
344.0,-59.5
343.0,-59.5
342.0,-58.5
343.0,-59.5
344.0,-60.5
342.0,-54.5
342.0,-53.5
342.0,-52.5
341.0,-52.5
340.0,-53.5
339.0,-53.5
338.0,-53.5
337.0,-54.5
338.0,-53.5
339.0,-54.5
340.0,-53.5
341.0,-53.5
342.0,-48.5
341.0,-47.5
342.0,-46.5
343.0,-46.5
344.0,-45.5
345.0,-45.5
346.0,-44.5
345.0,-45.5
344.0,-45.5
343.0,-46.5
342.0,-46.5
341.0,-47.5
340.0,-46.5
339.0,-46.5
338.0,-46.5
337.0,-47.5
336.0,-47.5
335.0,-47.5
334.0,-47.5
333.0,-48.5
332.0,-49.5
331.0,-50.5
330.0,-50.5
329.0,-50.5
328.0,-51.5
327.0,-51.5
326.0,-52.5
325.0,-52.5
324.0,-52.5
325.0,-52.5
326.0,-52.5
327.0,-51.5
328.0,-51.5
329.0,-51.5
330.0,-51.5
331.0,-50.5
332.0,-49.5
333.0,-48.5
334.0,-47.5
335.0,-48.5
336.0,-47.5
337.0,-47.5
338.0,-46.5
339.0,-47.5
340.0,-46.5
341.0,-47.5
339.0,-40.5
338.0,-40.5
337.0,-40.5
336.0,-40.5
335.0,-40.5
334.0,-40.5
333.0,-41.5
332.0,-40.5
331.0,-41.5
330.0,-40.5
329.0,-40.5
328.0,-41.5
327.0,-41.5
326.0,-40.5
325.0,-41.5
324.0,-40.5
323.0,-41.5
324.0,-41.5
325.0,-41.5
326.0,-40.5
327.0,-41.5
328.0,-41.5
329.0,-40.5
330.0,-40.5
331.0,-41.5
332.0,-41.5
333.0,-41.5
334.0,-41.5
335.0,-40.5
336.0,-40.5
337.0,-40.5
338.0,-40.5
314.0,-67.5
314.0,-68.5
317.0,-90.5
316.0,-91.5
316.0,-92.5
315.0,-93.5
316.0,-92.5
316.0,-91.5
314.0,-95.5
314.0,-96.5
307.0,-102.5
306.0,-101.5
305.0,-101.5
304.0,-100.5
303.0,-100.5
302.0,-100.5
301.0,-99.5
300.0,-100.5
299.0,-101.5
298.0,-101.5
297.0,-102.5
296.0,-102.5
295.0,-103.5
294.0,-103.5
293.0,-104.5
292.0,-104.5
291.0,-105.5
290.0,-104.5
289.0,-105.5
288.0,-105.5
287.0,-105.5
286.0,-105.5
285.0,-105.5
284.0,-106.5
283.0,-106.5
282.0,-107.5
281.0,-106.5
280.0,-106.5
279.0,-105.5
278.0,-105.5
277.0,-104.5
276.0,-104.5
275.0,-103.5
274.0,-103.5
275.0,-103.5
276.0,-104.5
277.0,-104.5
278.0,-105.5
279.0,-106.5
280.0,-106.5
281.0,-106.5
282.0,-107.5
283.0,-106.5
284.0,-106.5
285.0,-105.5
286.0,-105.5
287.0,-105.5
288.0,-105.5
289.0,-105.5
290.0,-105.5
291.0,-105.5
292.0,-104.5
293.0,-104.5
294.0,-103.5
295.0,-103.5
296.0,-102.5
297.0,-102.5
298.0,-101.5
299.0,-101.5
300.0,-100.5
301.0,-100.5
302.0,-100.5
303.0,-100.5
304.0,-100.5
305.0,-101.5
306.0,-101.5
284.0,-47.5
283.0,-46.5
283.0,-45.5
282.0,-44.5
281.0,-43.5
282.0,-44.5
282.0,-45.5
283.0,-46.5
416.0,-120.5
416.0,-121.5
633.0,21.5
634.0,20.5
633.0,21.5
633.0,22.5
632.0,23.5
631.0,24.5
631.0,25.5
630.0,26.5
630.0,27.5
629.0,28.5
629.0,29.5
628.0,30.5
628.0,31.5
628.0,32.5
628.0,31.5
628.0,30.5
629.0,29.5
629.0,28.5
630.0,27.5
630.0,26.5
631.0,25.5
631.0,24.5
632.0,23.5
633.0,22.5
628.0,34.5
628.0,35.5
629.0,36.5
629.0,37.5
630.0,38.5
630.0,39.5
631.0,40.5
631.0,41.5
632.0,42.5
633.0,43.5
633.0,44.5
634.0,45.5
633.0,44.5
633.0,43.5
632.0,42.5
631.0,41.5
631.0,40.5
630.0,39.5
630.0,38.5
629.0,37.5
629.0,36.5
628.0,35.5
687.0,71.5
688.0,70.5
689.0,69.5
689.0,68.5
690.0,67.5
690.0,66.5
691.0,65.5
691.0,64.5
692.0,63.5
692.0,62.5
693.0,61.5
693.0,60.5
694.0,59.5
694.0,58.5
695.0,57.5
695.0,56.5
696.0,55.5
696.0,54.5
697.0,53.5
697.0,52.5
698.0,51.5
698.0,50.5
699.0,49.5
699.0,48.5
700.0,47.5
701.0,46.5
702.0,45.5
703.0,44.5
704.0,43.5
705.0,42.5
706.0,41.5
707.0,41.5
708.0,40.5
707.0,41.5
706.0,42.5
705.0,42.5
704.0,43.5
703.0,44.5
702.0,45.5
701.0,46.5
700.0,47.5
699.0,48.5
699.0,49.5
698.0,50.5
698.0,51.5
697.0,52.5
697.0,53.5
696.0,54.5
696.0,55.5
695.0,56.5
695.0,57.5
694.0,58.5
694.0,59.5
693.0,60.5
693.0,61.5
692.0,62.5
692.0,63.5
691.0,64.5
691.0,65.5
690.0,66.5
690.0,67.5
689.0,68.5
689.0,69.5
688.0,70.5
687.0,71.5
687.0,72.5
686.0,73.5
686.0,74.5
685.0,75.5
685.0,76.5
684.0,77.5
684.0,78.5
683.0,79.5
683.0,80.5
682.0,81.5
682.0,82.5
681.0,83.5
681.0,84.5
680.0,85.5
680.0,86.5
679.0,87.5
679.0,88.5
678.0,89.5
679.0,88.5
679.0,87.5
680.0,86.5
680.0,85.5
681.0,84.5
681.0,83.5
682.0,82.5
682.0,81.5
683.0,80.5
683.0,79.5
684.0,78.5
684.0,77.5
685.0,76.5
685.0,75.5
686.0,74.5
686.0,73.5
687.0,72.5
678.0,91.5
677.0,92.5
677.0,93.5
676.0,94.5
675.0,95.5
675.0,96.5
674.0,97.5
674.0,98.5
673.0,99.5
673.0,100.5
672.0,101.5
672.0,102.5
671.0,103.5
671.0,104.5
670.0,105.5
670.0,106.5
669.0,107.5
669.0,108.5
668.0,109.5
668.0,110.5
667.0,111.5
667.0,112.5
666.0,113.5
666.0,114.5
665.0,115.5
665.0,116.5
664.0,117.5
664.0,118.5
663.0,119.5
664.0,120.5
664.0,121.5
663.0,122.5
664.0,123.5
664.0,124.5
665.0,125.5
664.0,124.5
664.0,123.5
663.0,122.5
663.0,121.5
663.0,120.5
663.0,119.5
664.0,118.5
664.0,117.5
665.0,116.5
665.0,115.5
666.0,114.5
666.0,113.5
667.0,112.5
667.0,111.5
668.0,110.5
668.0,109.5
669.0,108.5
669.0,107.5
670.0,106.5
670.0,105.5
671.0,104.5
671.0,103.5
672.0,102.5
672.0,101.5
673.0,100.5
673.0,99.5
674.0,98.5
674.0,97.5
675.0,96.5
675.0,95.5
676.0,94.5
676.0,93.5
677.0,92.5
665.0,127.5
666.0,128.5
666.0,129.5
667.0,130.5
667.0,131.5
668.0,132.5
668.0,133.5
669.0,134.5
669.0,135.5
670.0,136.5
670.0,137.5
671.0,138.5
671.0,139.5
672.0,140.5
672.0,141.5
673.0,142.5
673.0,143.5
674.0,144.5
674.0,145.5
675.0,146.5
675.0,147.5
676.0,148.5
676.0,149.5
677.0,150.5
677.0,151.5
678.0,152.5
678.0,153.5
679.0,154.5
679.0,155.5
680.0,156.5
680.0,157.5
681.0,158.5
681.0,159.5
682.0,160.5
682.0,161.5
683.0,162.5
683.0,163.5
684.0,164.5
684.0,165.5
685.0,166.5
685.0,167.5
686.0,168.5
686.0,169.5
687.0,170.5
687.0,171.5
688.0,172.5
688.0,173.5
689.0,174.5
689.0,175.5
690.0,176.5
690.0,177.5
691.0,178.5
691.0,179.5
692.0,180.5
692.0,181.5
693.0,182.5
693.0,183.5
694.0,184.5
694.0,185.5
694.0,184.5
693.0,183.5
693.0,182.5
692.0,181.5
692.0,180.5
691.0,179.5
691.0,178.5
690.0,177.5
690.0,176.5
689.0,175.5
689.0,174.5
688.0,173.5
688.0,172.5
687.0,171.5
687.0,170.5
686.0,169.5
686.0,168.5
685.0,167.5
685.0,166.5
684.0,165.5
684.0,164.5
683.0,163.5
683.0,162.5
682.0,161.5
682.0,160.5
681.0,159.5
681.0,158.5
680.0,157.5
680.0,156.5
679.0,155.5
679.0,154.5
678.0,153.5
678.0,152.5
677.0,151.5
677.0,150.5
676.0,149.5
676.0,148.5
675.0,147.5
675.0,146.5
674.0,145.5
674.0,144.5
673.0,143.5
673.0,142.5
672.0,141.5
672.0,140.5
671.0,139.5
671.0,138.5
670.0,137.5
670.0,136.5
669.0,135.5
669.0,134.5
668.0,133.5
668.0,132.5
667.0,131.5
667.0,130.5
666.0,129.5
666.0,128.5
720.0,121.5
720.0,120.5
695.0,187.5
695.0,188.5
696.0,189.5
696.0,190.5
697.0,191.5
697.0,192.5
698.0,193.5
698.0,194.5
699.0,195.5
699.0,196.5
700.0,197.5
700.0,198.5
701.0,199.5
701.0,200.5
702.0,201.5
702.0,202.5
703.0,203.5
703.0,204.5
704.0,205.5
704.0,206.5
705.0,207.5
706.0,208.5
706.0,209.5
707.0,210.5
708.0,211.5
707.0,210.5
706.0,209.5
706.0,208.5
705.0,207.5
704.0,206.5
704.0,205.5
703.0,204.5
703.0,203.5
702.0,202.5
702.0,201.5
701.0,200.5
701.0,199.5
700.0,198.5
700.0,197.5
699.0,196.5
699.0,195.5
698.0,194.5
698.0,193.5
697.0,192.5
697.0,191.5
696.0,190.5
696.0,189.5
695.0,188.5
720.0,213.5
720.0,214.5
720.0,215.5
720.0,216.5
720.0,217.5
720.0,218.5
720.0,219.5
720.0,220.5
720.0,221.5
720.0,222.5
720.0,223.5
720.0,224.5
720.0,225.5
720.0,226.5
720.0,227.5
720.0,228.5
720.0,229.5
720.0,230.5
720.0,231.5
720.0,232.5
720.0,233.5
720.0,234.5
720.0,235.5
720.0,236.5
720.0,237.5
720.0,238.5
720.0,239.5
720.0,240.5
720.0,241.5
720.0,242.5
720.0,243.5
720.0,244.5
720.0,245.5
720.0,246.5
720.0,247.5
720.0,248.5
720.0,249.5
720.0,248.5
720.0,247.5
720.0,246.5
720.0,245.5
720.0,244.5
720.0,243.5
720.0,242.5
720.0,241.5
720.0,240.5
720.0,239.5
720.0,238.5
720.0,237.5
720.0,236.5
720.0,235.5
720.0,234.5
720.0,233.5
720.0,232.5
720.0,231.5
720.0,230.5
720.0,229.5
720.0,228.5
720.0,227.5
720.0,226.5
720.0,225.5
720.0,224.5
720.0,223.5
720.0,222.5
720.0,221.5
720.0,220.5
720.0,219.5
720.0,218.5
720.0,217.5
720.0,216.5
720.0,215.5
720.0,214.5
720.0,251.5
720.0,252.5
720.0,253.5
720.0,254.5
720.0,255.5
720.0,256.5
720.0,257.5
720.0,258.5
720.0,259.5
720.0,260.5
720.0,261.5
720.0,262.5
720.0,263.5
720.0,264.5
720.0,265.5
720.0,266.5
720.0,267.5
720.0,268.5
720.0,269.5
720.0,270.5
720.0,271.5
720.0,272.5
720.0,273.5
720.0,274.5
720.0,275.5
720.0,276.5
720.0,277.5
720.0,278.5
720.0,279.5
720.0,280.5
720.0,281.5
720.0,282.5
720.0,283.5
720.0,284.5
720.0,285.5
720.0,286.5
720.0,287.5
720.0,288.5
720.0,289.5
720.0,290.5
720.0,291.5
720.0,292.5
720.0,293.5
720.0,294.5
720.0,295.5
720.0,296.5
720.0,297.5
720.0,298.5
720.0,299.5
720.0,300.5
720.0,301.5
720.0,302.5
720.0,303.5
720.0,304.5
720.0,305.5
720.0,306.5
720.0,305.5
720.0,304.5
720.0,303.5
720.0,302.5
720.0,301.5
720.0,300.5
720.0,299.5
720.0,298.5
720.0,297.5
720.0,296.5
720.0,295.5
720.0,294.5
720.0,293.5
720.0,292.5
720.0,291.5
720.0,290.5
720.0,289.5
720.0,288.5
720.0,287.5
720.0,286.5
720.0,285.5
720.0,284.5
720.0,283.5
720.0,282.5
720.0,281.5
720.0,280.5
720.0,279.5
720.0,278.5
720.0,277.5
720.0,276.5
720.0,275.5
720.0,274.5
720.0,273.5
720.0,272.5
720.0,271.5
720.0,270.5
720.0,269.5
720.0,268.5
720.0,267.5
720.0,266.5
720.0,265.5
720.0,264.5
720.0,263.5
720.0,262.5
720.0,261.5
720.0,260.5
720.0,259.5
720.0,258.5
720.0,257.5
720.0,256.5
720.0,255.5
720.0,254.5
720.0,253.5
720.0,252.5
720.0,308.5
720.0,309.5
720.0,310.5
720.0,309.5
720.0,312.5
720.0,313.5
720.0,314.5
720.0,313.5
720.0,316.5
720.0,317.5
720.0,318.5
720.0,319.5
720.0,320.5
720.0,321.5
720.0,322.5
720.0,321.5
720.0,320.5
720.0,319.5
720.0,318.5
720.0,317.5
720.0,324.5
720.0,325.5
720.0,326.5
720.0,327.5
720.0,328.5
720.0,327.5
720.0,326.5
720.0,325.5
720.0,330.5
720.0,331.5
720.0,332.5
720.0,333.5
720.0,334.5
720.0,335.5
720.0,336.5
720.0,337.5
720.0,338.5
720.0,339.5
720.0,340.5
720.0,341.5
720.0,342.5
720.0,343.5
720.0,344.5
720.0,345.5
720.0,346.5
720.0,347.5
720.0,348.5
720.0,349.5
720.0,350.5
720.0,351.5
720.0,352.5
720.0,353.5
720.0,352.5
720.0,351.5
720.0,350.5
720.0,349.5
720.0,348.5
720.0,347.5
720.0,346.5
720.0,345.5
720.0,344.5
720.0,343.5
720.0,342.5
720.0,341.5
720.0,340.5
720.0,339.5
720.0,338.5
720.0,337.5
720.0,336.5
720.0,335.5
720.0,334.5
720.0,333.5
720.0,332.5
720.0,331.5
720.0,355.5
720.0,356.5
720.0,357.5
720.0,358.5
720.0,359.5
720.0,360.5
720.0,361.5
720.0,362.5
720.0,363.5
720.0,364.5
720.0,363.5
720.0,362.5
720.0,361.5
720.0,360.5
720.0,359.5
720.0,358.5
720.0,357.5
720.0,356.5
720.0,366.5
720.0,367.5
720.0,368.5
720.0,369.5
720.0,370.5
720.0,371.5
720.0,372.5
720.0,373.5
720.0,374.5
720.0,375.5
720.0,376.5
720.0,377.5
720.0,376.5
720.0,375.5
720.0,374.5
720.0,373.5
720.0,372.5
720.0,371.5
720.0,370.5
720.0,369.5
720.0,368.5
720.0,367.5
720.0,379.5
720.0,380.5
720.0,381.5
720.0,380.5
720.0,383.5
720.0,384.5
720.0,385.5
720.0,386.5
720.0,387.5
720.0,388.5
720.0,389.5
720.0,390.5
720.0,391.5
720.0,392.5
720.0,393.5
720.0,394.5
720.0,395.5
720.0,396.5
720.0,397.5
720.0,396.5
720.0,395.5
720.0,394.5
720.0,393.5
720.0,392.5
720.0,391.5
720.0,390.5
720.0,389.5
720.0,388.5
720.0,387.5
720.0,386.5
720.0,385.5
720.0,384.5
720.0,399.5
720.0,400.5
720.0,401.5
720.0,402.5
720.0,403.5
720.0,402.5
720.0,401.5
720.0,400.5
720.0,405.5
720.0,406.5
720.0,407.5
720.0,408.5
720.0,409.5
720.0,410.5
720.0,411.5
720.0,412.5
720.0,413.5
720.0,414.5
720.0,415.5
720.0,416.5
720.0,417.5
720.0,416.5
720.0,415.5
720.0,414.5
720.0,413.5
720.0,412.5
720.0,411.5
720.0,410.5
720.0,409.5
720.0,408.5
720.0,407.5
720.0,406.5
696.0,419.5
696.0,420.5
695.0,421.5
694.0,422.5
694.0,423.5
693.0,424.5
693.0,425.5
692.0,426.5
692.0,427.5
691.0,428.5
691.0,429.5
690.0,430.5
690.0,431.5
689.0,432.5
689.0,433.5
688.0,434.5
688.0,435.5
687.0,436.5
687.0,437.5
686.0,438.5
686.0,439.5
685.0,440.5
685.0,441.5
684.0,442.5
684.0,443.5
683.0,444.5
683.0,445.5
682.0,446.5
682.0,447.5
681.0,448.5
681.0,449.5
680.0,450.5
680.0,451.5
679.0,452.5
679.0,453.5
678.0,454.5
678.0,455.5
677.0,456.5
677.0,457.5
676.0,458.5
676.0,459.5
675.0,460.5
675.0,461.5
674.0,462.5
674.0,463.5
673.0,464.5
673.0,465.5
672.0,466.5
672.0,467.5
671.0,468.5
671.0,469.5
670.0,470.5
670.0,471.5
669.0,472.5
669.0,473.5
668.0,474.5
668.0,475.5
667.0,476.5
667.0,477.5
666.0,478.5
666.0,479.5
665.0,480.5
665.0,481.5
664.0,482.5
664.0,483.5
663.0,484.5
663.0,485.5
662.0,486.5
662.0,487.5
661.0,488.5
661.0,489.5
660.0,490.5
660.0,491.5
659.0,492.5
658.0,493.5
658.0,494.5
657.0,495.5
657.0,496.5
656.0,497.5
656.0,498.5
656.0,499.5
656.0,500.5
656.0,501.5
657.0,502.5
657.0,503.5
658.0,504.5
658.0,505.5
659.0,506.5
659.0,507.5
660.0,508.5
660.0,509.5
661.0,510.5
661.0,511.5
662.0,512.5
662.0,513.5
663.0,514.5
663.0,515.5
664.0,516.5
664.0,517.5
665.0,518.5
665.0,519.5
666.0,520.5
666.0,521.5
667.0,522.5
667.0,523.5
668.0,524.5
668.0,525.5
669.0,526.5
669.0,527.5
670.0,528.5
670.0,529.5
671.0,530.5
671.0,531.5
672.0,532.5
672.0,533.5
673.0,534.5
673.0,535.5
674.0,536.5
674.0,537.5
675.0,538.5
675.0,539.5
676.0,540.5
676.0,541.5
677.0,542.5
677.0,543.5
678.0,544.5
678.0,545.5
679.0,546.5
679.0,547.5
680.0,548.5
680.0,549.5
681.0,550.5
681.0,551.5
682.0,552.5
682.0,553.5
683.0,554.5
683.0,555.5
684.0,556.5
684.0,557.5
685.0,558.5
685.0,559.5
686.0,560.5
686.0,561.5
687.0,562.5
687.0,563.5
688.0,564.5
688.0,565.5
689.0,566.5
689.0,567.5
690.0,568.5
690.0,569.5
691.0,570.5
691.0,571.5
692.0,572.5
692.0,573.5
693.0,574.5
693.0,575.5
694.0,576.5
694.0,577.5
695.0,578.5
696.0,579.5
696.0,580.5
696.0,579.5
695.0,578.5
694.0,577.5
694.0,576.5
693.0,575.5
693.0,574.5
692.0,573.5
692.0,572.5
691.0,571.5
691.0,570.5
690.0,569.5
690.0,568.5
689.0,567.5
689.0,566.5
688.0,565.5
688.0,564.5
687.0,563.5
687.0,562.5
686.0,561.5
686.0,560.5
685.0,559.5
685.0,558.5
684.0,557.5
684.0,556.5
683.0,555.5
683.0,554.5
682.0,553.5
682.0,552.5
681.0,551.5
681.0,550.5
680.0,549.5
680.0,548.5
679.0,547.5
679.0,546.5
678.0,545.5
678.0,544.5
677.0,543.5
677.0,542.5
676.0,541.5
676.0,540.5
675.0,539.5
675.0,538.5
674.0,537.5
674.0,536.5
673.0,535.5
673.0,534.5
672.0,533.5
672.0,532.5
671.0,531.5
671.0,530.5
670.0,529.5
670.0,528.5
669.0,527.5
669.0,526.5
668.0,525.5
668.0,524.5
667.0,523.5
667.0,522.5
666.0,521.5
666.0,520.5
665.0,519.5
665.0,518.5
664.0,517.5
664.0,516.5
663.0,515.5
663.0,514.5
662.0,513.5
662.0,512.5
661.0,511.5
661.0,510.5
660.0,509.5
660.0,508.5
659.0,507.5
659.0,506.5
658.0,505.5
658.0,504.5
657.0,503.5
657.0,502.5
656.0,501.5
656.0,500.5
656.0,499.5
656.0,498.5
656.0,497.5
657.0,496.5
657.0,495.5
658.0,494.5
658.0,493.5
659.0,492.5
659.0,491.5
660.0,490.5
661.0,489.5
661.0,488.5
662.0,487.5
662.0,486.5
663.0,485.5
663.0,484.5
664.0,483.5
664.0,482.5
665.0,481.5
665.0,480.5
666.0,479.5
666.0,478.5
667.0,477.5
667.0,476.5
668.0,475.5
668.0,474.5
669.0,473.5
669.0,472.5
670.0,471.5
670.0,470.5
671.0,469.5
671.0,468.5
672.0,467.5
672.0,466.5
673.0,465.5
673.0,464.5
674.0,463.5
674.0,462.5
675.0,461.5
675.0,460.5
676.0,459.5
676.0,458.5
677.0,457.5
677.0,456.5
678.0,455.5
678.0,454.5
679.0,453.5
679.0,452.5
680.0,451.5
680.0,450.5
681.0,449.5
681.0,448.5
682.0,447.5
682.0,446.5
683.0,445.5
683.0,444.5
684.0,443.5
684.0,442.5
685.0,441.5
685.0,440.5
686.0,439.5
686.0,438.5
687.0,437.5
687.0,436.5
688.0,435.5
688.0,434.5
689.0,433.5
689.0,432.5
690.0,431.5
690.0,430.5
691.0,429.5
691.0,428.5
692.0,427.5
692.0,426.5
693.0,425.5
693.0,424.5
694.0,423.5
694.0,422.5
695.0,421.5
696.0,420.5
720.0,581.5
720.0,582.5
720.0,626.5
720.0,627.5
720.0,669.5
719.0,670.5
718.0,671.5
717.0,671.5
716.0,672.5
715.0,673.5
714.0,674.5
713.0,675.5
713.0,676.5
712.0,677.5
713.0,676.5
713.0,675.5
714.0,674.5
715.0,673.5
715.0,672.5
716.0,672.5
717.0,671.5
718.0,670.5
719.0,670.5
711.0,679.5
711.0,680.5
710.0,681.5
709.0,682.5
709.0,683.5
708.0,684.5
707.0,685.5
707.0,686.5
706.0,687.5
705.0,688.5
705.0,689.5
704.0,690.5
703.0,691.5
703.0,692.5
702.0,693.5
701.0,694.5
701.0,695.5
700.0,696.5
699.0,697.5
698.0,698.5
698.0,699.5
697.0,700.5
696.0,701.5
696.0,702.5
695.0,703.5
694.0,704.5
694.0,705.5
693.0,706.5
692.0,707.5
691.0,708.5
691.0,709.5
690.0,710.5
689.0,711.5
689.0,712.5
688.0,713.5
688.0,714.5
687.0,715.5
686.0,716.5
685.0,717.5
685.0,718.5
684.0,719.5
683.0,720.5
683.0,721.5
682.0,722.5
681.0,723.5
680.0,724.5
680.0,725.5
679.0,726.5
678.0,727.5
678.0,728.5
677.0,729.5
676.0,730.5
676.0,731.5
675.0,732.5
675.0,733.5
674.0,734.5
674.0,735.5
673.0,736.5
672.0,737.5
672.0,738.5
671.0,739.5
670.0,740.5
669.0,741.5
669.0,742.5
668.0,743.5
667.0,744.5
667.0,745.5
666.0,746.5
665.0,747.5
664.0,748.5
664.0,749.5
663.0,750.5
662.0,751.5
662.0,752.5
661.0,753.5
660.0,754.5
660.0,755.5
659.0,756.5
659.0,757.5
658.0,758.5
657.0,759.5
657.0,760.5
656.0,761.5
655.0,762.5
655.0,763.5
654.0,764.5
653.0,765.5
653.0,766.5
652.0,767.5
651.0,768.5
651.0,769.5
650.0,770.5
650.0,771.5
649.0,772.5
649.0,773.5
648.0,774.5
648.0,775.5
647.0,776.5
647.0,777.5
646.0,778.5
646.0,779.5
645.0,780.5
644.0,781.5
644.0,782.5
643.0,783.5
642.0,784.5
642.0,785.5
641.0,785.5
640.0,786.5
640.0,787.5
639.0,788.5
638.0,789.5
638.0,790.5
637.0,791.5
636.0,792.5
636.0,793.5
635.0,794.5
634.0,795.5
634.0,796.5
633.0,797.5
633.0,798.5
632.0,799.5
631.0,800.5
631.0,801.5
630.0,802.5
630.0,803.5
629.0,804.5
628.0,805.5
628.0,806.5
627.0,807.5
626.0,808.5
627.0,807.5
628.0,806.5
628.0,805.5
629.0,804.5
630.0,803.5
630.0,802.5
631.0,801.5
631.0,800.5
632.0,799.5
633.0,798.5
633.0,797.5
634.0,796.5
634.0,795.5
635.0,794.5
636.0,793.5
636.0,792.5
637.0,791.5
638.0,790.5
638.0,789.5
639.0,788.5
640.0,787.5
640.0,786.5
641.0,785.5
642.0,784.5
643.0,783.5
644.0,782.5
644.0,781.5
645.0,780.5
646.0,779.5
646.0,778.5
647.0,777.5
647.0,776.5
648.0,775.5
648.0,774.5
649.0,773.5
649.0,772.5
650.0,771.5
650.0,770.5
651.0,769.5
651.0,768.5
652.0,767.5
653.0,766.5
653.0,765.5
654.0,764.5
655.0,763.5
655.0,762.5
656.0,761.5
657.0,760.5
657.0,759.5
658.0,758.5
659.0,757.5
659.0,756.5
660.0,755.5
660.0,754.5
661.0,753.5
662.0,752.5
662.0,751.5
663.0,750.5
664.0,749.5
664.0,748.5
665.0,747.5
666.0,746.5
667.0,745.5
667.0,744.5
668.0,743.5
669.0,742.5
669.0,741.5
670.0,740.5
671.0,739.5
672.0,738.5
672.0,737.5
673.0,736.5
674.0,735.5
674.0,734.5
675.0,733.5
675.0,732.5
676.0,731.5
676.0,730.5
677.0,729.5
678.0,728.5
678.0,727.5
679.0,726.5
680.0,725.5
680.0,724.5
681.0,723.5
682.0,722.5
683.0,721.5
683.0,720.5
684.0,719.5
685.0,718.5
685.0,717.5
686.0,716.5
687.0,715.5
688.0,714.5
688.0,713.5
689.0,712.5
689.0,711.5
690.0,710.5
691.0,709.5
691.0,708.5
692.0,707.5
693.0,706.5
694.0,705.5
694.0,704.5
695.0,703.5
696.0,702.5
696.0,701.5
697.0,700.5
698.0,699.5
698.0,698.5
699.0,697.5
700.0,696.5
701.0,695.5
701.0,694.5
702.0,693.5
703.0,692.5
703.0,691.5
704.0,690.5
705.0,689.5
705.0,688.5
706.0,687.5
707.0,686.5
707.0,685.5
708.0,684.5
709.0,683.5
709.0,682.5
710.0,681.5
711.0,680.5
657.0,670.5
656.0,669.5
656.0,668.5
655.0,667.5
654.0,666.5
654.0,665.5
653.0,664.5
653.0,663.5
652.0,662.5
652.0,661.5
651.0,660.5
651.0,659.5
650.0,658.5
650.0,657.5
649.0,656.5
649.0,655.5
648.0,654.5
648.0,653.5
647.0,652.5
647.0,651.5
646.0,650.5
646.0,649.5
645.0,648.5
645.0,647.5
644.0,646.5
644.0,645.5
643.0,644.5
643.0,643.5
642.0,642.5
642.0,641.5
641.0,640.5
641.0,639.5
640.0,638.5
640.0,637.5
639.0,636.5
639.0,635.5
638.0,634.5
638.0,633.5
637.0,632.5
637.0,631.5
636.0,630.5
636.0,629.5
636.0,628.5
636.0,627.5
636.0,626.5
636.0,625.5
637.0,624.5
637.0,623.5
638.0,622.5
638.0,621.5
639.0,620.5
639.0,619.5
640.0,618.5
640.0,617.5
641.0,616.5
641.0,615.5
642.0,614.5
642.0,613.5
643.0,612.5
643.0,611.5
644.0,610.5
644.0,609.5
645.0,608.5
645.0,607.5
646.0,606.5
646.0,605.5
647.0,604.5
647.0,603.5
648.0,602.5
648.0,601.5
649.0,600.5
649.0,599.5
650.0,598.5
650.0,597.5
651.0,596.5
651.0,595.5
652.0,594.5
652.0,593.5
653.0,592.5
653.0,591.5
654.0,590.5
654.0,589.5
655.0,588.5
655.0,587.5
656.0,586.5
657.0,585.5
657.0,584.5
658.0,583.5
657.0,584.5
657.0,585.5
656.0,586.5
655.0,587.5
655.0,588.5
654.0,589.5
654.0,590.5
653.0,591.5
653.0,592.5
652.0,593.5
652.0,594.5
651.0,595.5
651.0,596.5
650.0,597.5
650.0,598.5
649.0,599.5
649.0,600.5
648.0,601.5
648.0,602.5
647.0,603.5
647.0,604.5
646.0,605.5
646.0,606.5
645.0,607.5
645.0,608.5
644.0,609.5
644.0,610.5
643.0,611.5
643.0,612.5
642.0,613.5
642.0,614.5
641.0,615.5
641.0,616.5
640.0,617.5
640.0,618.5
639.0,619.5
639.0,620.5
638.0,621.5
638.0,622.5
637.0,623.5
637.0,624.5
636.0,625.5
636.0,626.5
636.0,627.5
636.0,628.5
636.0,629.5
636.0,630.5
637.0,631.5
637.0,632.5
638.0,633.5
638.0,634.5
639.0,635.5
639.0,636.5
640.0,637.5
640.0,638.5
641.0,639.5
641.0,640.5
642.0,641.5
642.0,642.5
643.0,643.5
643.0,644.5
644.0,645.5
644.0,646.5
645.0,647.5
645.0,648.5
646.0,649.5
646.0,650.5
647.0,651.5
647.0,652.5
648.0,653.5
648.0,654.5
649.0,655.5
649.0,656.5
650.0,657.5
650.0,658.5
651.0,659.5
651.0,660.5
652.0,661.5
652.0,662.5
653.0,663.5
653.0,664.5
654.0,665.5
654.0,666.5
655.0,667.5
656.0,668.5
656.0,669.5
647.0,806.5
648.0,807.5
648.0,808.5
648.0,807.5
625.0,810.5
624.0,811.5
624.0,812.5
623.0,813.5
622.0,813.5
621.0,814.5
620.0,815.5
619.0,816.5
618.0,817.5
617.0,818.5
616.0,819.5
615.0,819.5
614.0,820.5
613.0,820.5
613.0,819.5
614.0,819.5
615.0,818.5
616.0,818.5
617.0,817.5
618.0,816.5
619.0,816.5
620.0,815.5
621.0,814.5
622.0,813.5
623.0,812.5
624.0,811.5
612.0,809.5
611.0,810.5
610.0,810.5
609.0,811.5
609.0,812.5
608.0,813.5
609.0,814.5
608.0,813.5
608.0,812.5
607.0,811.5
606.0,811.5
607.0,811.5
608.0,811.5
609.0,811.5
610.0,810.5
611.0,810.5
611.0,820.5
611.0,821.5
610.0,820.5
609.0,821.5
608.0,822.5
607.0,822.5
606.0,823.5
607.0,822.5
608.0,822.5
609.0,821.5
610.0,820.5
604.0,824.5
603.0,824.5
602.0,825.5
601.0,824.5
600.0,825.5
601.0,824.5
602.0,824.5
603.0,824.5
598.0,826.5
597.0,826.5
596.0,826.5
595.0,827.5
594.0,827.5
593.0,828.5
592.0,828.5
591.0,829.5
590.0,828.5
589.0,829.5
588.0,829.5
587.0,829.5
586.0,830.5
585.0,829.5
584.0,830.5
583.0,830.5
582.0,831.5
581.0,831.5
580.0,830.5
579.0,831.5
578.0,831.5
577.0,832.5
576.0,832.5
575.0,831.5
574.0,832.5
573.0,832.5
572.0,833.5
571.0,833.5
570.0,834.5
569.0,834.5
569.0,833.5
570.0,833.5
571.0,833.5
572.0,833.5
573.0,832.5
574.0,832.5
575.0,831.5
576.0,831.5
577.0,831.5
578.0,831.5
579.0,831.5
580.0,830.5
581.0,830.5
582.0,830.5
583.0,830.5
584.0,830.5
585.0,829.5
586.0,829.5
587.0,829.5
588.0,829.5
589.0,829.5
590.0,828.5
591.0,828.5
592.0,827.5
593.0,827.5
594.0,827.5
595.0,827.5
596.0,826.5
597.0,826.5
567.0,833.5
567.0,834.5
566.0,834.5
565.0,834.5
564.0,835.5
563.0,834.5
562.0,835.5
561.0,835.5
560.0,836.5
559.0,835.5
558.0,836.5
557.0,836.5
556.0,836.5
555.0,837.5
554.0,837.5
553.0,838.5
552.0,839.5
551.0,839.5
550.0,840.5
549.0,840.5
548.0,841.5
547.0,841.5
546.0,842.5
545.0,842.5
544.0,843.5
543.0,843.5
542.0,844.5
541.0,844.5
540.0,845.5
539.0,845.5
538.0,846.5
537.0,846.5
536.0,847.5
535.0,847.5
534.0,848.5
533.0,848.5
532.0,849.5
531.0,850.5
530.0,850.5
529.0,851.5
528.0,851.5
527.0,852.5
526.0,852.5
525.0,853.5
524.0,853.5
523.0,854.5
522.0,854.5
521.0,855.5
521.0,856.5
520.0,856.5
519.0,857.5
518.0,858.5
517.0,859.5
518.0,858.5
519.0,857.5
520.0,856.5
521.0,855.5
522.0,854.5
523.0,854.5
524.0,853.5
525.0,853.5
526.0,852.5
527.0,852.5
528.0,851.5
529.0,851.5
530.0,850.5
531.0,850.5
532.0,849.5
533.0,848.5
534.0,848.5
535.0,847.5
536.0,847.5
537.0,846.5
538.0,846.5
539.0,845.5
540.0,845.5
541.0,844.5
542.0,844.5
543.0,843.5
544.0,843.5
545.0,842.5
546.0,842.5
547.0,841.5
548.0,841.5
549.0,840.5
550.0,840.5
551.0,839.5
552.0,838.5
553.0,838.5
554.0,837.5
555.0,837.5
556.0,836.5
557.0,836.5
558.0,836.5
559.0,835.5
560.0,835.5
561.0,835.5
562.0,835.5
563.0,834.5
564.0,834.5
565.0,834.5
566.0,834.5
516.0,861.5
515.0,862.5
512.0,869.5
511.0,870.5
507.0,878.5
506.0,879.5
503.0,885.5
502.0,886.5
503.0,887.5
504.0,887.5
505.0,888.5
506.0,889.5
507.0,890.5
506.0,889.5
505.0,889.5
505.0,888.5
504.0,887.5
503.0,887.5
502.0,886.5
501.0,886.5
500.0,886.5
499.0,886.5
498.0,886.5
497.0,887.5
496.0,887.5
495.0,887.5
494.0,887.5
493.0,886.5
492.0,887.5
491.0,887.5
490.0,887.5
489.0,887.5
488.0,887.5
487.0,886.5
486.0,887.5
485.0,887.5
484.0,887.5
483.0,887.5
482.0,887.5
481.0,887.5
480.0,888.5
479.0,888.5
478.0,888.5
477.0,888.5
476.0,888.5
475.0,888.5
474.0,888.5
473.0,888.5
472.0,888.5
471.0,888.5
470.0,888.5
469.0,888.5
468.0,888.5
467.0,888.5
466.0,888.5
465.0,888.5
464.0,888.5
463.0,888.5
462.0,888.5
461.0,888.5
460.0,888.5
459.0,888.5
458.0,888.5
457.0,888.5
456.0,888.5
455.0,887.5
454.0,888.5
453.0,888.5
452.0,888.5
451.0,888.5
450.0,888.5
449.0,888.5
448.0,888.5
447.0,888.5
446.0,888.5
445.0,888.5
444.0,888.5
443.0,888.5
442.0,888.5
441.0,888.5
440.0,888.5
439.0,888.5
438.0,888.5
437.0,889.5
436.0,889.5
435.0,889.5
434.0,888.5
433.0,889.5
432.0,889.5
431.0,889.5
430.0,889.5
429.0,889.5
428.0,890.5
427.0,890.5
426.0,889.5
425.0,889.5
424.0,890.5
423.0,890.5
422.0,890.5
421.0,890.5
420.0,890.5
419.0,890.5
418.0,890.5
417.0,890.5
416.0,890.5
415.0,890.5
414.0,890.5
413.0,890.5
412.0,890.5
411.0,890.5
410.0,890.5
409.0,890.5
408.0,890.5
407.0,890.5
406.0,890.5
405.0,890.5
404.0,890.5
403.0,891.5
402.0,891.5
401.0,891.5
400.0,891.5
399.0,891.5
398.0,891.5
397.0,891.5
396.0,891.5
395.0,891.5
394.0,891.5
393.0,891.5
392.0,891.5
391.0,891.5
390.0,891.5
389.0,891.5
388.0,891.5
387.0,891.5
386.0,890.5
385.0,891.5
384.0,891.5
383.0,891.5
382.0,891.5
381.0,890.5
380.0,891.5
379.0,891.5
378.0,891.5
377.0,891.5
376.0,891.5
375.0,891.5
374.0,892.5
373.0,892.5
372.0,892.5
371.0,892.5
370.0,892.5
369.0,892.5
368.0,892.5
367.0,892.5
366.0,892.5
365.0,891.5
364.0,891.5
363.0,890.5
362.0,891.5
361.0,891.5
360.0,892.5
359.0,892.5
358.0,892.5
357.0,892.5
356.0,892.5
355.0,892.5
354.0,892.5
353.0,892.5
352.0,892.5
351.0,892.5
350.0,892.5
349.0,892.5
348.0,892.5
347.0,892.5
346.0,892.5
345.0,892.5
344.0,892.5
343.0,892.5
342.0,892.5
341.0,892.5
340.0,892.5
339.0,892.5
338.0,893.5
337.0,893.5
336.0,893.5
335.0,893.5
334.0,892.5
333.0,892.5
332.0,892.5
331.0,892.5
330.0,892.5
329.0,892.5
328.0,892.5
327.0,893.5
326.0,893.5
325.0,893.5
324.0,893.5
323.0,893.5
322.0,893.5
321.0,893.5
320.0,893.5
319.0,893.5
318.0,893.5
317.0,893.5
316.0,892.5
315.0,892.5
314.0,893.5
313.0,893.5
312.0,893.5
311.0,893.5
310.0,893.5
309.0,893.5
308.0,893.5
307.0,893.5
306.0,893.5
305.0,893.5
304.0,893.5
303.0,893.5
302.0,893.5
301.0,893.5
300.0,893.5
299.0,893.5
298.0,893.5
297.0,893.5
296.0,892.5
295.0,893.5
294.0,893.5
293.0,894.5
292.0,894.5
291.0,895.5
290.0,895.5
289.0,896.5
288.0,896.5
287.0,897.5
286.0,897.5
285.0,898.5
284.0,898.5
283.0,899.5
282.0,899.5
281.0,900.5
280.0,900.5
279.0,901.5
278.0,901.5
277.0,902.5
276.0,902.5
275.0,903.5
274.0,903.5
273.0,904.5
272.0,904.5
271.0,905.5
270.0,905.5
269.0,906.5
268.0,906.5
267.0,907.5
266.0,907.5
265.0,908.5
264.0,908.5
263.0,909.5
262.0,909.5
261.0,910.5
260.0,910.5
259.0,911.5
258.0,911.5
257.0,912.5
256.0,912.5
255.0,913.5
254.0,914.5
253.0,914.5
252.0,915.5
253.0,914.5
254.0,913.5
255.0,913.5
256.0,912.5
257.0,912.5
258.0,911.5
259.0,911.5
260.0,910.5
261.0,910.5
262.0,909.5
263.0,909.5
264.0,908.5
265.0,908.5
266.0,907.5
267.0,907.5
268.0,906.5
269.0,906.5
270.0,905.5
271.0,905.5
272.0,904.5
273.0,904.5
274.0,903.5
275.0,903.5
276.0,902.5
277.0,902.5
278.0,901.5
279.0,901.5
280.0,900.5
281.0,900.5
282.0,899.5
283.0,899.5
284.0,898.5
285.0,898.5
286.0,897.5
287.0,897.5
288.0,896.5
289.0,896.5
290.0,895.5
291.0,895.5
292.0,894.5
293.0,894.5
294.0,893.5
295.0,893.5
296.0,892.5
297.0,892.5
298.0,892.5
299.0,892.5
300.0,892.5
301.0,892.5
302.0,892.5
303.0,892.5
304.0,892.5
305.0,892.5
306.0,892.5
307.0,892.5
308.0,892.5
309.0,892.5
310.0,892.5
311.0,892.5
312.0,892.5
313.0,892.5
314.0,892.5
315.0,892.5
316.0,892.5
317.0,892.5
318.0,892.5
319.0,892.5
320.0,892.5
321.0,892.5
322.0,892.5
323.0,892.5
324.0,892.5
325.0,892.5
326.0,892.5
327.0,892.5
328.0,892.5
329.0,892.5
330.0,892.5
331.0,892.5
332.0,892.5
333.0,892.5
334.0,892.5
335.0,892.5
336.0,892.5
337.0,892.5
338.0,892.5
339.0,892.5
340.0,892.5
341.0,892.5
342.0,892.5
343.0,892.5
344.0,892.5
345.0,892.5
346.0,892.5
347.0,892.5
348.0,892.5
349.0,892.5
350.0,892.5
351.0,891.5
352.0,891.5
353.0,891.5
354.0,891.5
355.0,891.5
356.0,891.5
357.0,891.5
358.0,891.5
359.0,891.5
360.0,891.5
361.0,891.5
362.0,891.5
363.0,890.5
364.0,890.5
365.0,891.5
366.0,891.5
367.0,891.5
368.0,891.5
369.0,891.5
370.0,891.5
371.0,891.5
372.0,891.5
373.0,891.5
374.0,891.5
375.0,891.5
376.0,891.5
377.0,890.5
378.0,890.5
379.0,890.5
380.0,890.5
381.0,890.5
382.0,891.5
383.0,891.5
384.0,891.5
385.0,891.5
386.0,890.5
387.0,890.5
388.0,890.5
389.0,890.5
390.0,890.5
391.0,890.5
392.0,890.5
393.0,890.5
394.0,890.5
395.0,890.5
396.0,890.5
397.0,890.5
398.0,890.5
399.0,890.5
400.0,890.5
401.0,890.5
402.0,890.5
403.0,890.5
404.0,890.5
405.0,890.5
406.0,890.5
407.0,890.5
408.0,890.5
409.0,890.5
410.0,890.5
411.0,890.5
412.0,890.5
413.0,890.5
414.0,890.5
415.0,890.5
416.0,889.5
417.0,889.5
418.0,889.5
419.0,889.5
420.0,889.5
421.0,889.5
422.0,889.5
423.0,889.5
424.0,889.5
425.0,889.5
426.0,889.5
427.0,889.5
428.0,889.5
429.0,889.5
430.0,889.5
431.0,889.5
432.0,889.5
433.0,889.5
434.0,888.5
435.0,888.5
436.0,888.5
437.0,889.5
438.0,888.5
439.0,888.5
440.0,888.5
441.0,888.5
442.0,888.5
443.0,888.5
444.0,888.5
445.0,888.5
446.0,888.5
447.0,888.5
448.0,888.5
449.0,888.5
450.0,888.5
451.0,888.5
452.0,888.5
453.0,888.5
454.0,888.5
455.0,887.5
456.0,887.5
457.0,887.5
458.0,887.5
459.0,887.5
460.0,887.5
461.0,887.5
462.0,887.5
463.0,887.5
464.0,887.5
465.0,887.5
466.0,887.5
467.0,887.5
468.0,887.5
469.0,887.5
470.0,887.5
471.0,887.5
472.0,887.5
473.0,887.5
474.0,887.5
475.0,887.5
476.0,887.5
477.0,887.5
478.0,887.5
479.0,887.5
480.0,887.5
481.0,887.5
482.0,887.5
483.0,887.5
484.0,887.5
485.0,886.5
486.0,886.5
487.0,886.5
488.0,887.5
489.0,887.5
490.0,887.5
491.0,887.5
492.0,887.5
493.0,886.5
494.0,886.5
495.0,886.5
496.0,886.5
497.0,886.5
498.0,886.5
499.0,886.5
500.0,886.5
501.0,886.5
502.0,886.5
509.0,891.5
510.0,891.5
512.0,892.5
513.0,893.5
514.0,894.5
515.0,895.5
516.0,896.5
517.0,896.5
518.0,897.5
519.0,898.5
520.0,898.5
521.0,899.5
522.0,900.5
523.0,900.5
524.0,901.5
525.0,902.5
524.0,901.5
523.0,900.5
522.0,900.5
521.0,899.5
520.0,898.5
519.0,898.5
518.0,897.5
517.0,896.5
516.0,896.5
515.0,895.5
514.0,894.5
513.0,893.5
527.0,902.5
528.0,903.5
529.0,904.5
530.0,904.5
531.0,905.5
532.0,906.5
533.0,907.5
534.0,907.5
535.0,908.5
536.0,909.5
537.0,909.5
538.0,910.5
539.0,911.5
540.0,912.5
541.0,912.5
542.0,913.5
543.0,914.5
544.0,914.5
545.0,915.5
546.0,916.5
547.0,916.5
548.0,917.5
549.0,918.5
550.0,918.5
551.0,919.5
552.0,920.5
553.0,920.5
552.0,920.5
551.0,919.5
550.0,918.5
549.0,918.5
548.0,917.5
547.0,916.5
546.0,916.5
545.0,915.5
544.0,914.5
543.0,914.5
542.0,913.5
541.0,912.5
540.0,912.5
539.0,911.5
538.0,910.5
537.0,909.5
536.0,909.5
535.0,908.5
534.0,907.5
533.0,907.5
532.0,906.5
531.0,905.5
530.0,904.5
529.0,904.5
528.0,903.5
555.0,921.5
556.0,922.5
557.0,922.5
558.0,923.5
559.0,924.5
558.0,923.5
557.0,922.5
556.0,922.5
561.0,925.5
562.0,925.5
563.0,926.5
564.0,927.5
565.0,928.5
566.0,929.5
567.0,929.5
568.0,930.5
569.0,931.5
570.0,931.5
571.0,932.5
572.0,933.5
573.0,933.5
572.0,933.5
571.0,932.5
570.0,931.5
569.0,931.5
568.0,930.5
567.0,929.5
566.0,929.5
565.0,928.5
564.0,927.5
563.0,926.5
562.0,925.5
575.0,934.5
576.0,935.5
577.0,936.5
578.0,937.5
579.0,938.5
580.0,938.5
581.0,939.5
580.0,938.5
579.0,938.5
578.0,937.5
577.0,936.5
576.0,935.5
583.0,939.5
584.0,940.5
585.0,941.5
586.0,942.5
587.0,943.5
588.0,944.5
588.0,945.5
589.0,946.5
590.0,947.5
590.0,948.5
591.0,949.5
592.0,950.5
592.0,951.5
593.0,952.5
593.0,953.5
594.0,954.5
594.0,955.5
594.0,956.5
595.0,957.5
595.0,958.5
595.0,959.5
595.0,960.5
595.0,961.5
595.0,960.5
595.0,959.5
595.0,958.5
595.0,957.5
594.0,956.5
593.0,955.5
593.0,954.5
592.0,953.5
592.0,952.5
591.0,951.5
592.0,950.5
591.0,949.5
590.0,948.5
589.0,947.5
589.0,946.5
588.0,945.5
587.0,944.5
587.0,943.5
586.0,942.5
585.0,942.5
585.0,941.5
584.0,940.5
683.0,959.5
684.0,958.5
685.0,957.5
686.0,956.5
687.0,955.5
688.0,954.5
689.0,953.5
690.0,952.5
691.0,951.5
692.0,950.5
693.0,949.5
694.0,949.5
695.0,948.5
696.0,948.5
695.0,948.5
694.0,949.5
693.0,950.5
692.0,950.5
691.0,951.5
690.0,952.5
689.0,953.5
688.0,954.5
687.0,955.5
686.0,956.5
685.0,957.5
684.0,958.5
684.0,959.5
684.0,960.5
684.0,961.5
683.0,961.5
683.0,960.5
704.0,950.5
705.0,951.5
706.0,952.5
707.0,953.5
708.0,954.5
709.0,955.5
710.0,956.5
711.0,957.5
712.0,958.5
713.0,959.5
713.0,960.5
714.0,961.5
713.0,960.5
712.0,959.5
711.0,958.5
710.0,957.5
709.0,956.5
708.0,955.5
707.0,954.5
706.0,953.5
705.0,952.5
705.0,951.5
703.0,947.5
704.0,946.5
704.0,945.5
705.0,944.5
705.0,943.5
706.0,942.5
706.0,941.5
707.0,940.5
707.0,939.5
708.0,938.5
708.0,937.5
709.0,936.5
710.0,935.5
710.0,934.5
711.0,933.5
712.0,932.5
712.0,931.5
713.0,930.5
714.0,929.5
715.0,928.5
715.0,927.5
716.0,926.5
716.0,925.5
717.0,924.5
718.0,923.5
719.0,922.5
720.0,921.5
720.0,920.5
720.0,921.5
719.0,922.5
719.0,923.5
718.0,923.5
717.0,924.5
717.0,925.5
716.0,926.5
715.0,927.5
715.0,928.5
714.0,929.5
713.0,930.5
713.0,931.5
712.0,932.5
711.0,933.5
711.0,934.5
710.0,935.5
709.0,936.5
708.0,937.5
708.0,938.5
707.0,939.5
707.0,940.5
706.0,941.5
706.0,942.5
705.0,943.5
705.0,944.5
704.0,945.5
704.0,946.5
720.0,918.5
720.0,917.5
720.0,915.5
720.0,914.5
720.0,910.5
720.0,909.5
720.0,907.5
720.0,906.5
720.0,900.5
720.0,899.5
720.0,897.5
720.0,896.5
720.0,895.5
720.0,896.5
720.0,888.5
720.0,887.5
720.0,886.5
720.0,887.5
720.0,881.5
720.0,880.5
720.0,879.5
720.0,880.5
720.0,859.5
720.0,858.5
681.0,886.5
680.0,887.5
680.0,888.5
679.0,888.5
679.0,887.5
680.0,887.5
678.0,885.5
677.0,884.5
677.0,883.5
677.0,884.5
679.0,892.5
680.0,892.5
680.0,893.5
681.0,894.5
681.0,895.5
681.0,896.5
681.0,897.5
680.0,896.5
680.0,895.5
680.0,894.5
679.0,893.5
400.0,719.5
400.0,718.5
398.0,718.5
398.0,719.5
396.0,719.5
395.0,718.5
394.0,717.5
393.0,718.5
394.0,717.5
395.0,718.5
395.0,715.5
394.0,715.5
395.0,714.5
394.0,713.5
393.0,712.5
393.0,711.5
394.0,711.5
395.0,710.5
395.0,709.5
396.0,708.5
395.0,707.5
395.0,706.5
395.0,705.5
395.0,704.5
396.0,703.5
395.0,702.5
394.0,701.5
393.0,700.5
392.0,700.5
391.0,699.5
390.0,700.5
389.0,700.5
388.0,700.5
389.0,699.5
390.0,699.5
391.0,699.5
392.0,700.5
393.0,700.5
394.0,701.5
395.0,701.5
395.0,702.5
396.0,703.5
396.0,704.5
396.0,705.5
396.0,706.5
396.0,707.5
396.0,708.5
395.0,709.5
395.0,710.5
394.0,711.5
394.0,712.5
394.0,713.5
395.0,714.5
391.0,711.5
390.0,710.5
389.0,710.5
388.0,709.5
387.0,710.5
388.0,709.5
388.0,708.5
388.0,707.5
387.0,706.5
388.0,707.5
388.0,708.5
389.0,709.5
390.0,710.5
391.0,710.5
391.0,718.5
390.0,719.5
389.0,719.5
388.0,719.5
387.0,719.5
386.0,719.5
385.0,718.5
384.0,719.5
385.0,718.5
386.0,719.5
387.0,718.5
388.0,718.5
389.0,718.5
390.0,719.5
395.0,722.5
396.0,722.5
396.0,723.5
396.0,724.5
395.0,723.5
382.0,724.5
381.0,723.5
380.0,724.5
381.0,723.5
381.0,722.5
381.0,723.5
381.0,719.5
381.0,718.5
382.0,718.5
381.0,716.5
381.0,715.5
381.0,713.5
381.0,712.5
380.0,711.5
379.0,710.5
378.0,709.5
379.0,710.5
380.0,711.5
381.0,712.5
380.0,708.5
380.0,707.5
381.0,706.5
381.0,705.5
381.0,704.5
380.0,703.5
380.0,702.5
380.0,701.5
380.0,700.5
380.0,699.5
381.0,699.5
381.0,700.5
381.0,701.5
381.0,702.5
380.0,703.5
381.0,704.5
382.0,705.5
383.0,705.5
382.0,705.5
381.0,706.5
380.0,707.5
376.0,707.5
376.0,708.5
370.0,703.5
369.0,702.5
368.0,703.5
367.0,704.5
367.0,705.5
367.0,706.5
366.0,707.5
367.0,708.5
367.0,709.5
366.0,710.5
367.0,711.5
367.0,712.5
367.0,713.5
366.0,714.5
366.0,715.5
365.0,716.5
364.0,717.5
363.0,718.5
362.0,718.5
362.0,717.5
363.0,718.5
364.0,717.5
365.0,716.5
366.0,715.5
366.0,714.5
367.0,713.5
367.0,712.5
367.0,711.5
366.0,710.5
366.0,709.5
367.0,708.5
366.0,707.5
366.0,706.5
366.0,705.5
366.0,704.5
365.0,703.5
364.0,702.5
363.0,702.5
362.0,701.5
361.0,700.5
362.0,701.5
363.0,702.5
364.0,702.5
365.0,703.5
366.0,704.5
367.0,703.5
368.0,703.5
369.0,702.5
370.0,701.5
371.0,700.5
372.0,701.5
371.0,700.5
370.0,701.5
369.0,702.5
359.0,706.5
359.0,707.5
354.0,707.5
353.0,706.5
353.0,709.5
353.0,710.5
354.0,711.5
353.0,710.5
355.0,713.5
355.0,714.5
355.0,718.5
354.0,719.5
354.0,720.5
353.0,720.5
354.0,719.5
358.0,717.5
359.0,717.5
360.0,717.5
360.0,718.5
359.0,717.5
364.0,722.5
365.0,723.5
365.0,724.5
365.0,723.5
370.0,718.5
369.0,717.5
370.0,718.5
371.0,718.5
372.0,719.5
373.0,718.5
373.0,719.5
372.0,719.5
371.0,718.5
377.0,718.5
377.0,719.5
354.0,724.5
353.0,724.5
344.0,724.5
343.0,724.5
344.0,723.5
343.0,722.5
343.0,721.5
342.0,720.5
341.0,719.5
341.0,718.5
341.0,719.5
342.0,720.5
343.0,721.5
343.0,722.5
344.0,723.5
340.0,716.5
339.0,715.5
338.0,716.5
339.0,715.5
338.0,714.5
338.0,713.5
339.0,712.5
340.0,711.5
340.0,710.5
341.0,710.5
342.0,709.5
341.0,710.5
340.0,711.5
339.0,712.5
339.0,713.5
339.0,714.5
339.0,715.5
334.0,717.5
334.0,718.5
333.0,718.5
332.0,719.5
331.0,719.5
330.0,720.5
329.0,720.5
328.0,721.5
327.0,722.5
326.0,723.5
326.0,724.5
326.0,723.5
327.0,722.5
328.0,721.5
328.0,720.5
328.0,719.5
327.0,718.5
326.0,717.5
325.0,716.5
326.0,717.5
327.0,718.5
328.0,719.5
329.0,719.5
330.0,720.5
331.0,719.5
332.0,719.5
333.0,718.5
333.0,712.5
332.0,711.5
331.0,711.5
331.0,710.5
332.0,711.5
333.0,711.5
329.0,710.5
328.0,710.5
327.0,711.5
327.0,712.5
327.0,711.5
328.0,710.5
328.0,709.5
328.0,708.5
328.0,707.5
328.0,706.5
327.0,705.5
328.0,705.5
329.0,704.5
330.0,703.5
331.0,702.5
332.0,702.5
333.0,702.5
334.0,703.5
334.0,704.5
335.0,705.5
336.0,705.5
337.0,706.5
338.0,707.5
338.0,708.5
338.0,707.5
337.0,706.5
336.0,706.5
335.0,705.5
334.0,704.5
334.0,703.5
333.0,702.5
332.0,703.5
331.0,703.5
330.0,704.5
329.0,705.5
328.0,706.5
328.0,707.5
328.0,708.5
329.0,709.5
324.0,704.5
323.0,703.5
322.0,703.5
321.0,703.5
321.0,702.5
322.0,702.5
323.0,703.5
319.0,703.5
318.0,702.5
314.0,703.5
313.0,704.5
312.0,705.5
311.0,706.5
310.0,707.5
310.0,708.5
309.0,709.5
308.0,710.5
308.0,711.5
308.0,712.5
309.0,713.5
309.0,714.5
310.0,715.5
310.0,716.5
310.0,717.5
310.0,718.5
310.0,719.5
311.0,720.5
312.0,721.5
313.0,722.5
314.0,723.5
315.0,724.5
314.0,723.5
313.0,722.5
312.0,721.5
311.0,720.5
310.0,719.5
309.0,719.5
308.0,719.5
307.0,720.5
306.0,720.5
307.0,720.5
308.0,719.5
309.0,718.5
309.0,717.5
309.0,716.5
310.0,715.5
309.0,714.5
309.0,713.5
308.0,712.5
307.0,711.5
306.0,710.5
305.0,709.5
304.0,709.5
304.0,708.5
305.0,709.5
306.0,710.5
307.0,711.5
308.0,710.5
309.0,709.5
310.0,708.5
310.0,707.5
311.0,706.5
311.0,705.5
312.0,704.5
313.0,704.5
303.0,703.5
303.0,702.5
302.0,701.5
302.0,700.5
302.0,701.5
303.0,702.5
298.0,707.5
297.0,706.5
296.0,706.5
296.0,705.5
295.0,704.5
296.0,705.5
297.0,706.5
298.0,707.5
298.0,708.5
300.0,709.5
300.0,710.5
299.0,711.5
298.0,712.5
297.0,713.5
296.0,714.5
297.0,713.5
298.0,712.5
299.0,711.5
300.0,710.5
297.0,716.5
297.0,717.5
293.0,714.5
293.0,713.5
288.0,716.5
287.0,715.5
286.0,716.5
285.0,716.5
284.0,717.5
285.0,716.5
286.0,715.5
287.0,714.5
286.0,713.5
286.0,712.5
286.0,711.5
285.0,710.5
284.0,710.5
284.0,709.5
283.0,708.5
284.0,709.5
285.0,710.5
286.0,711.5
287.0,712.5
286.0,713.5
287.0,714.5
287.0,715.5
284.0,719.5
284.0,720.5
284.0,722.5
285.0,723.5
286.0,724.5
285.0,723.5
284.0,722.5
283.0,723.5
282.0,723.5
281.0,723.5
280.0,724.5
279.0,723.5
278.0,723.5
277.0,723.5
276.0,722.5
275.0,722.5
274.0,721.5
274.0,720.5
275.0,720.5
276.0,719.5
276.0,718.5
277.0,717.5
277.0,716.5
277.0,715.5
277.0,714.5
277.0,713.5
277.0,714.5
277.0,715.5
278.0,716.5
279.0,717.5
280.0,716.5
281.0,717.5
282.0,716.5
281.0,717.5
280.0,716.5
279.0,717.5
278.0,716.5
277.0,717.5
276.0,718.5
276.0,719.5
275.0,720.5
275.0,721.5
276.0,722.5
277.0,723.5
278.0,723.5
279.0,723.5
280.0,724.5
281.0,723.5
282.0,723.5
283.0,723.5
272.0,721.5
271.0,721.5
270.0,722.5
270.0,721.5
269.0,720.5
269.0,719.5
268.0,718.5
267.0,717.5
268.0,716.5
267.0,717.5
268.0,718.5
269.0,719.5
270.0,720.5
271.0,721.5
268.0,714.5
268.0,713.5
267.0,712.5
268.0,713.5
268.0,710.5
269.0,709.5
270.0,708.5
271.0,707.5
271.0,706.5
272.0,706.5
273.0,706.5
274.0,706.5
274.0,707.5
273.0,706.5
272.0,706.5
271.0,707.5
270.0,708.5
269.0,709.5
267.0,705.5
266.0,704.5
265.0,704.5
266.0,704.5
260.0,704.5
259.0,703.5
258.0,704.5
257.0,705.5
258.0,706.5
257.0,706.5
256.0,706.5
255.0,707.5
255.0,708.5
255.0,707.5
256.0,706.5
257.0,705.5
258.0,704.5
259.0,703.5
260.0,703.5
253.0,708.5
252.0,709.5
253.0,710.5
254.0,711.5
254.0,712.5
255.0,713.5
256.0,714.5
257.0,713.5
256.0,714.5
256.0,715.5
255.0,716.5
256.0,715.5
255.0,714.5
255.0,713.5
254.0,712.5
254.0,711.5
253.0,710.5
252.0,709.5
247.0,708.5
246.0,709.5
245.0,710.5
245.0,711.5
244.0,712.5
244.0,711.5
245.0,710.5
246.0,709.5
246.0,708.5
245.0,707.5
244.0,706.5
245.0,707.5
246.0,707.5
247.0,707.5
248.0,704.5
249.0,703.5
240.0,705.5
239.0,704.5
239.0,703.5
238.0,702.5
237.0,702.5
238.0,702.5
239.0,703.5
239.0,704.5
238.0,711.5
239.0,712.5
244.0,715.5
245.0,714.5
244.0,715.5
245.0,716.5
245.0,717.5
246.0,718.5
247.0,719.5
248.0,720.5
249.0,721.5
250.0,720.5
251.0,721.5
252.0,720.5
252.0,719.5
253.0,720.5
254.0,719.5
255.0,719.5
256.0,720.5
257.0,720.5
258.0,721.5
259.0,722.5
260.0,723.5
259.0,722.5
258.0,721.5
257.0,720.5
256.0,720.5
255.0,719.5
254.0,719.5
253.0,720.5
252.0,720.5
251.0,721.5
250.0,720.5
249.0,721.5
248.0,720.5
247.0,719.5
246.0,719.5
246.0,718.5
245.0,717.5
245.0,716.5
244.0,719.5
243.0,720.5
242.0,720.5
241.0,721.5
240.0,721.5
239.0,722.5
238.0,722.5
237.0,722.5
236.0,721.5
237.0,722.5
238.0,721.5
239.0,722.5
240.0,721.5
241.0,721.5
242.0,720.5
243.0,720.5
248.0,726.5
249.0,726.5
231.0,722.5
230.0,722.5
229.0,722.5
228.0,723.5
227.0,723.5
226.0,722.5
225.0,722.5
224.0,722.5
223.0,721.5
222.0,721.5
221.0,721.5
220.0,722.5
219.0,722.5
218.0,722.5
217.0,723.5
216.0,723.5
215.0,723.5
214.0,723.5
213.0,722.5
212.0,723.5
211.0,724.5
212.0,723.5
213.0,722.5
212.0,721.5
211.0,720.5
211.0,719.5
210.0,718.5
210.0,717.5
210.0,716.5
211.0,715.5
211.0,714.5
211.0,713.5
212.0,714.5
213.0,714.5
212.0,714.5
211.0,715.5
210.0,716.5
211.0,717.5
210.0,718.5
211.0,719.5
211.0,720.5
212.0,721.5
213.0,722.5
214.0,723.5
215.0,722.5
216.0,722.5
217.0,723.5
218.0,722.5
219.0,722.5
220.0,722.5
221.0,721.5
222.0,720.5
223.0,721.5
224.0,722.5
225.0,722.5
226.0,722.5
227.0,723.5
228.0,723.5
229.0,722.5
230.0,722.5
231.0,719.5
232.0,718.5
231.0,717.5
232.0,716.5
231.0,715.5
231.0,714.5
230.0,713.5
229.0,712.5
229.0,711.5
228.0,710.5
229.0,711.5
229.0,712.5
230.0,713.5
231.0,714.5
231.0,715.5
232.0,716.5
232.0,717.5
232.0,718.5
224.0,712.5
224.0,711.5
225.0,710.5
226.0,709.5
225.0,708.5
224.0,707.5
223.0,707.5
222.0,706.5
221.0,706.5
220.0,705.5
219.0,705.5
218.0,705.5
217.0,704.5
216.0,705.5
215.0,705.5
214.0,704.5
213.0,705.5
212.0,706.5
211.0,707.5
211.0,708.5
211.0,707.5
212.0,706.5
213.0,705.5
212.0,704.5
211.0,703.5
211.0,702.5
210.0,701.5
211.0,702.5
211.0,703.5
212.0,704.5
213.0,705.5
214.0,704.5
215.0,704.5
216.0,704.5
217.0,704.5
218.0,705.5
219.0,705.5
220.0,705.5
221.0,706.5
222.0,706.5
223.0,707.5
224.0,707.5
225.0,708.5
226.0,708.5
227.0,707.5
228.0,706.5
229.0,706.5
228.0,706.5
227.0,707.5
226.0,708.5
226.0,709.5
225.0,710.5
224.0,711.5
224.0,712.5
223.0,713.5
222.0,714.5
223.0,713.5
216.0,714.5
215.0,714.5
210.0,711.5
210.0,710.5
208.0,710.5
208.0,711.5
205.0,711.5
205.0,710.5
203.0,710.5
203.0,711.5
200.0,711.5
199.0,712.5
198.0,713.5
199.0,712.5
199.0,711.5
198.0,710.5
199.0,711.5
200.0,710.5
201.0,707.5
200.0,706.5
200.0,705.5
200.0,704.5
200.0,703.5
200.0,702.5
200.0,701.5
201.0,701.5
201.0,702.5
201.0,703.5
201.0,704.5
201.0,705.5
201.0,706.5
196.0,710.5
195.0,709.5
194.0,710.5
193.0,709.5
192.0,710.5
191.0,710.5
192.0,709.5
193.0,709.5
194.0,709.5
195.0,709.5
192.0,715.5
192.0,716.5
190.0,716.5
189.0,715.5
188.0,716.5
187.0,717.5
186.0,718.5
187.0,717.5
188.0,716.5
188.0,715.5
188.0,714.5
187.0,713.5
186.0,712.5
186.0,711.5
186.0,710.5
187.0,711.5
187.0,712.5
187.0,713.5
188.0,714.5
189.0,715.5
187.0,721.5
187.0,722.5
186.0,723.5
187.0,724.5
188.0,725.5
189.0,724.5
190.0,725.5
191.0,724.5
192.0,724.5
193.0,723.5
194.0,722.5
195.0,721.5
196.0,721.5
196.0,722.5
195.0,722.5
194.0,723.5
193.0,723.5
192.0,724.5
191.0,724.5
190.0,725.5
189.0,725.5
188.0,725.5
187.0,724.5
186.0,724.5
185.0,724.5
184.0,725.5
183.0,724.5
184.0,725.5
185.0,724.5
186.0,723.5
187.0,722.5
186.0,721.5
176.0,721.5
175.0,722.5
174.0,722.5
173.0,722.5
172.0,722.5
171.0,722.5
170.0,721.5
169.0,721.5
170.0,721.5
171.0,722.5
172.0,721.5
173.0,721.5
174.0,721.5
175.0,721.5
169.0,714.5
169.0,713.5
170.0,713.5
171.0,712.5
172.0,711.5
172.0,710.5
172.0,709.5
171.0,708.5
170.0,707.5
169.0,708.5
170.0,707.5
171.0,708.5
172.0,708.5
173.0,709.5
174.0,709.5
175.0,708.5
176.0,707.5
177.0,708.5
176.0,707.5
175.0,708.5
174.0,709.5
173.0,710.5
172.0,711.5
171.0,712.5
170.0,713.5
165.0,715.5
164.0,715.5
164.0,717.5
165.0,717.5
165.0,718.5
164.0,718.5
164.0,720.5
165.0,720.5
165.0,725.5
165.0,726.5
164.0,725.5
160.0,721.5
159.0,721.5
158.0,722.5
157.0,722.5
156.0,722.5
155.0,722.5
154.0,722.5
153.0,722.5
153.0,721.5
154.0,721.5
155.0,721.5
156.0,721.5
157.0,721.5
158.0,722.5
159.0,721.5
160.0,714.5
160.0,713.5
159.0,712.5
158.0,712.5
158.0,711.5
157.0,710.5
156.0,709.5
155.0,708.5
154.0,707.5
153.0,707.5
153.0,706.5
154.0,707.5
155.0,708.5
156.0,709.5
157.0,709.5
158.0,708.5
159.0,707.5
160.0,707.5
160.0,708.5
159.0,708.5
158.0,708.5
157.0,709.5
157.0,710.5
158.0,711.5
159.0,712.5
160.0,713.5
164.0,710.5
165.0,710.5
165.0,707.5
164.0,707.5
164.0,704.5
164.0,703.5
165.0,702.5
165.0,701.5
165.0,702.5
165.0,703.5
165.0,704.5
181.0,708.5
182.0,708.5
182.0,709.5
186.0,706.5
186.0,705.5
186.0,704.5
186.0,703.5
186.0,702.5
186.0,701.5
187.0,702.5
187.0,703.5
187.0,704.5
187.0,705.5
187.0,706.5
187.0,707.5
200.0,714.5
200.0,715.5
201.0,716.5
201.0,717.5
201.0,718.5
201.0,719.5
200.0,720.5
200.0,721.5
200.0,722.5
201.0,723.5
201.0,724.5
201.0,725.5
201.0,726.5
200.0,725.5
200.0,724.5
201.0,723.5
200.0,722.5
199.0,721.5
198.0,721.5
199.0,721.5
200.0,720.5
201.0,719.5
200.0,718.5
200.0,717.5
201.0,716.5
200.0,715.5
230.0,704.5
231.0,703.5
231.0,702.5
232.0,702.5
231.0,703.5
276.0,706.5
277.0,707.5
278.0,707.5
277.0,707.5
283.0,705.5
284.0,704.5
286.0,703.5
287.0,702.5
288.0,701.5
289.0,702.5
288.0,701.5
287.0,702.5
292.0,702.5
293.0,701.5
294.0,702.5
293.0,701.5
297.0,723.5
298.0,724.5
298.0,725.5
297.0,725.5
298.0,724.5
322.0,717.5
322.0,716.5
342.0,707.5
343.0,706.5
343.0,705.5
343.0,704.5
343.0,703.5
342.0,702.5
341.0,701.5
340.0,700.5
339.0,701.5
339.0,700.5
340.0,700.5
341.0,701.5
342.0,701.5
343.0,702.5
343.0,703.5
343.0,704.5
344.0,705.5
343.0,706.5
346.0,709.5
346.0,710.5
348.0,710.5
348.0,709.5
354.0,703.5
354.0,702.5
353.0,701.5
352.0,700.5
351.0,700.5
352.0,700.5
353.0,700.5
354.0,700.5
353.0,701.5
354.0,702.5
149.0,724.5
148.0,724.5
147.0,724.5
146.0,723.5
145.0,723.5
144.0,722.5
143.0,721.5
142.0,720.5
143.0,721.5
144.0,722.5
145.0,723.5
146.0,723.5
147.0,724.5
148.0,723.5
140.0,718.5
139.0,717.5
138.0,718.5
137.0,718.5
136.0,718.5
137.0,718.5
138.0,718.5
139.0,717.5
140.0,717.5
140.0,715.5
141.0,714.5
142.0,713.5
142.0,712.5
143.0,711.5
143.0,710.5
144.0,709.5
144.0,708.5
144.0,707.5
144.0,706.5
144.0,705.5
144.0,704.5
143.0,703.5
142.0,702.5
141.0,702.5
140.0,702.5
141.0,702.5
142.0,702.5
143.0,703.5
144.0,704.5
144.0,705.5
144.0,706.5
144.0,707.5
144.0,708.5
144.0,709.5
143.0,710.5
143.0,711.5
142.0,712.5
142.0,713.5
141.0,714.5
135.0,716.5
134.0,715.5
133.0,714.5
133.0,713.5
132.0,712.5
131.0,711.5
131.0,710.5
130.0,709.5
130.0,708.5
130.0,707.5
129.0,706.5
129.0,705.5
128.0,704.5
129.0,703.5
129.0,704.5
129.0,705.5
129.0,706.5
130.0,707.5
130.0,708.5
130.0,709.5
131.0,710.5
131.0,711.5
132.0,712.5
133.0,713.5
133.0,714.5
134.0,715.5
132.0,721.5
131.0,722.5
130.0,723.5
129.0,723.5
128.0,724.5
127.0,724.5
126.0,724.5
127.0,724.5
128.0,724.5
129.0,723.5
130.0,723.5
131.0,722.5
121.0,722.5
120.0,721.5
119.0,721.5
118.0,720.5
119.0,721.5
120.0,721.5
116.0,720.5
115.0,719.5
114.0,720.5
113.0,721.5
113.0,720.5
114.0,719.5
115.0,718.5
116.0,717.5
115.0,716.5
115.0,715.5
116.0,715.5
116.0,716.5
116.0,717.5
115.0,718.5
115.0,719.5
111.0,721.5
110.0,720.5
109.0,721.5
109.0,722.5
108.0,722.5
107.0,721.5
107.0,720.5
108.0,721.5
109.0,721.5
110.0,720.5
105.0,721.5
104.0,720.5
103.0,721.5
103.0,722.5
102.0,723.5
103.0,722.5
103.0,721.5
104.0,720.5
103.0,719.5
102.0,718.5
103.0,719.5
104.0,720.5
103.0,716.5
102.0,716.5
102.0,714.5
103.0,713.5
102.0,712.5
102.0,711.5
103.0,710.5
102.0,709.5
102.0,708.5
103.0,709.5
103.0,710.5
102.0,711.5
102.0,712.5
103.0,713.5
103.0,714.5
97.0,712.5
97.0,711.5
93.0,713.5
93.0,714.5
90.0,710.5
91.0,709.5
86.0,706.5
86.0,705.5
86.0,704.5
85.0,703.5
84.0,703.5
83.0,702.5
82.0,702.5
83.0,702.5
84.0,702.5
85.0,703.5
86.0,703.5
86.0,704.5
86.0,705.5
86.0,713.5
87.0,714.5
88.0,716.5
88.0,717.5
89.0,720.5
89.0,721.5
88.0,721.5
88.0,723.5
89.0,723.5
90.0,724.5
91.0,725.5
92.0,724.5
93.0,725.5
92.0,725.5
91.0,725.5
90.0,724.5
89.0,724.5
88.0,724.5
87.0,725.5
86.0,725.5
85.0,726.5
84.0,725.5
83.0,724.5
82.0,724.5
82.0,723.5
83.0,724.5
84.0,724.5
85.0,725.5
86.0,724.5
87.0,724.5
80.0,723.5
79.0,722.5
78.0,721.5
79.0,722.5
76.0,721.5
75.0,721.5
74.0,722.5
75.0,721.5
76.0,720.5
77.0,719.5
78.0,718.5
79.0,717.5
79.0,716.5
79.0,715.5
78.0,714.5
79.0,715.5
80.0,715.5
80.0,716.5
79.0,717.5
78.0,718.5
77.0,719.5
76.0,720.5
71.0,714.5
70.0,713.5
71.0,713.5
77.0,710.5
77.0,709.5
76.0,707.5
76.0,706.5
77.0,705.5
77.0,706.5
83.0,714.5
84.0,714.5
83.0,714.5
82.0,715.5
98.0,718.5
98.0,719.5
102.0,726.5
103.0,726.5
113.0,726.5
114.0,725.5
114.0,726.5
115.0,713.5
115.0,712.5
116.0,712.5
116.0,713.5
116.0,710.5
115.0,710.5
115.0,709.5
115.0,708.5
115.0,707.5
115.0,706.5
114.0,705.5
113.0,704.5
112.0,704.5
111.0,703.5
110.0,703.5
110.0,702.5
111.0,703.5
112.0,703.5
113.0,704.5
114.0,705.5
115.0,706.5
116.0,706.5
117.0,705.5
118.0,704.5
119.0,703.5
120.0,702.5
120.0,703.5
119.0,704.5
118.0,704.5
117.0,705.5
116.0,706.5
116.0,707.5
116.0,708.5
116.0,709.5
103.0,705.5
102.0,704.5
102.0,703.5
101.0,702.5
100.0,702.5
101.0,702.5
102.0,702.5
102.0,703.5
103.0,704.5
64.0,705.5
63.0,704.5
62.0,705.5
63.0,704.5
62.0,703.5
63.0,704.5
64.0,705.5
64.0,706.5
64.0,707.5
64.0,708.5
64.0,709.5
64.0,710.5
64.0,711.5
64.0,712.5
64.0,713.5
63.0,712.5
62.0,713.5
63.0,712.5
64.0,711.5
64.0,710.5
64.0,709.5
64.0,708.5
64.0,707.5
64.0,706.5
58.0,706.5
57.0,705.5
58.0,705.5
58.0,706.5
58.0,707.5
58.0,708.5
58.0,709.5
57.0,710.5
58.0,709.5
58.0,708.5
58.0,707.5
57.0,714.5
56.0,715.5
55.0,716.5
55.0,717.5
55.0,716.5
56.0,715.5
52.0,716.5
51.0,715.5
50.0,714.5
49.0,713.5
48.0,712.5
47.0,711.5
46.0,710.5
45.0,709.5
45.0,708.5
44.0,707.5
43.0,706.5
43.0,705.5
43.0,704.5
43.0,703.5
43.0,704.5
43.0,705.5
43.0,706.5
44.0,707.5
45.0,708.5
45.0,709.5
46.0,710.5
47.0,711.5
48.0,712.5
49.0,713.5
50.0,714.5
51.0,714.5
51.0,715.5
53.0,718.5
53.0,719.5
52.0,720.5
53.0,719.5
57.0,721.5
58.0,722.5
59.0,723.5
60.0,723.5
61.0,724.5
62.0,724.5
63.0,725.5
64.0,724.5
64.0,725.5
63.0,725.5
62.0,724.5
61.0,724.5
60.0,723.5
59.0,723.5
58.0,722.5
48.0,722.5
47.0,723.5
46.0,724.5
45.0,724.5
44.0,725.5
43.0,725.5
42.0,725.5
43.0,725.5
44.0,725.5
45.0,724.5
46.0,724.5
47.0,723.5
35.0,726.5
34.0,725.5
33.0,725.5
32.0,724.5
31.0,724.5
30.0,723.5
29.0,722.5
28.0,723.5
27.0,724.5
26.0,725.5
25.0,725.5
24.0,726.5
23.0,726.5
22.0,726.5
23.0,726.5
24.0,726.5
25.0,725.5
26.0,725.5
27.0,724.5
28.0,723.5
29.0,722.5
30.0,723.5
31.0,724.5
32.0,724.5
33.0,725.5
34.0,725.5
29.0,718.5
28.0,718.5
27.0,717.5
28.0,717.5
29.0,716.5
30.0,715.5
31.0,714.5
31.0,713.5
32.0,712.5
32.0,711.5
33.0,710.5
33.0,709.5
33.0,710.5
32.0,711.5
32.0,712.5
31.0,713.5
31.0,714.5
30.0,715.5
29.0,716.5
29.0,717.5
25.0,716.5
24.0,716.5
23.0,715.5
22.0,714.5
21.0,713.5
20.0,714.5
21.0,713.5
20.0,712.5
20.0,711.5
19.0,710.5
19.0,709.5
19.0,708.5
19.0,707.5
20.0,706.5
21.0,705.5
22.0,704.5
23.0,703.5
24.0,703.5
25.0,703.5
26.0,703.5
27.0,703.5
28.0,703.5
29.0,703.5
30.0,703.5
31.0,703.5
32.0,704.5
33.0,704.5
34.0,704.5
35.0,703.5
36.0,703.5
37.0,703.5
36.0,703.5
35.0,703.5
34.0,704.5
34.0,705.5
34.0,706.5
34.0,707.5
33.0,706.5
33.0,705.5
32.0,704.5
31.0,703.5
30.0,704.5
29.0,703.5
28.0,703.5
27.0,703.5
26.0,703.5
25.0,703.5
24.0,704.5
23.0,704.5
22.0,704.5
21.0,705.5
20.0,706.5
19.0,707.5
19.0,708.5
19.0,709.5
19.0,710.5
20.0,711.5
20.0,712.5
21.0,713.5
22.0,714.5
23.0,715.5
24.0,715.5
18.0,715.5
17.0,716.5
17.0,717.5
16.0,718.5
15.0,718.5
14.0,718.5
15.0,718.5
16.0,718.5
17.0,717.5
17.0,716.5
17.0,724.5
16.0,725.5
16.0,726.5
15.0,726.5
16.0,725.5
16.0,724.5
7.0,724.5
6.0,725.5
4.0,724.5
3.0,723.5
2.0,724.5
1.0,725.5
2.0,724.5
3.0,723.5
2.0,722.5
2.0,721.5
2.0,720.5
3.0,720.5
3.0,721.5
3.0,722.5
3.0,723.5
-1.0,725.5
-2.0,724.5
-3.0,725.5
-4.0,724.5
-5.0,725.5
-4.0,724.5
-3.0,725.5
-2.0,724.5
-8.0,724.5
-8.0,725.5
-9.0,724.5
-9.0,723.5
-9.0,722.5
-9.0,721.5
-9.0,720.5
-9.0,719.5
-9.0,720.5
-9.0,721.5
-9.0,722.5
-9.0,723.5
-13.0,725.5
-14.0,725.5
-9.0,717.5
-8.0,716.5
-7.0,715.5
-6.0,714.5
-7.0,715.5
-7.0,716.5
-8.0,717.5
-6.0,712.5
-5.0,711.5
-6.0,710.5
-7.0,709.5
-8.0,708.5
-9.0,707.5
-10.0,706.5
-9.0,707.5
-8.0,708.5
-7.0,709.5
-6.0,710.5
-5.0,711.5
-4.0,711.5
-3.0,710.5
-2.0,711.5
-1.0,710.5
0.0,709.5
1.0,708.5
2.0,707.5
3.0,706.5
4.0,705.5
4.0,704.5
5.0,703.5
4.0,704.5
4.0,705.5
3.0,706.5
2.0,707.5
1.0,708.5
0.0,709.5
-1.0,710.5
-2.0,711.5
-1.0,712.5
0.0,713.5
0.0,714.5
1.0,715.5
2.0,716.5
3.0,717.5
2.0,717.5
1.0,716.5
1.0,715.5
0.0,714.5
0.0,713.5
-1.0,712.5
-2.0,711.5
-3.0,710.5
-4.0,711.5
-5.0,711.5
-11.0,704.5
-11.0,703.5
14.0,704.5
15.0,705.5
16.0,705.5
17.0,706.5
16.0,705.5
15.0,705.5
14.0,705.5
48.0,707.5
49.0,706.5
-27.0,729.5
-28.0,728.5
-29.0,728.5
-28.0,727.5
-28.0,728.5
-31.0,727.5
-32.0,728.5
-33.0,728.5
-34.0,729.5
-33.0,728.5
-33.0,727.5
-32.0,727.5
-33.0,725.5
-33.0,724.5
-40.0,726.5
-41.0,726.5
-42.0,726.5
-43.0,727.5
-44.0,727.5
-45.0,727.5
-46.0,727.5
-47.0,727.5
-48.0,727.5
-49.0,727.5
-50.0,727.5
-51.0,726.5
-52.0,726.5
-53.0,726.5
-54.0,726.5
-55.0,726.5
-56.0,726.5
-57.0,727.5
-58.0,727.5
-59.0,727.5
-60.0,727.5
-61.0,727.5
-61.0,726.5
-60.0,726.5
-59.0,726.5
-58.0,726.5
-57.0,727.5
-56.0,726.5
-55.0,726.5
-54.0,725.5
-53.0,725.5
-52.0,726.5
-51.0,726.5
-50.0,727.5
-49.0,726.5
-48.0,726.5
-47.0,726.5
-46.0,726.5
-45.0,726.5
-44.0,726.5
-43.0,726.5
-42.0,726.5
-41.0,726.5
-43.0,718.5
-44.0,717.5
-45.0,717.5
-46.0,717.5
-47.0,718.5
-48.0,718.5
-49.0,718.5
-50.0,718.5
-51.0,717.5
-52.0,718.5
-53.0,717.5
-54.0,718.5
-55.0,718.5
-55.0,717.5
-54.0,718.5
-53.0,717.5
-52.0,718.5
-51.0,717.5
-50.0,717.5
-49.0,717.5
-48.0,717.5
-47.0,718.5
-46.0,717.5
-45.0,717.5
-44.0,716.5
-43.0,715.5
-44.0,714.5
-44.0,713.5
-44.0,712.5
-44.0,711.5
-44.0,710.5
-44.0,709.5
-44.0,708.5
-43.0,707.5
-44.0,706.5
-45.0,705.5
-46.0,706.5
-47.0,705.5
-48.0,705.5
-49.0,705.5
-50.0,705.5
-51.0,705.5
-52.0,705.5
-53.0,705.5
-54.0,706.5
-55.0,705.5
-56.0,706.5
-57.0,706.5
-58.0,705.5
-59.0,706.5
-60.0,705.5
-61.0,705.5
-62.0,705.5
-61.0,705.5
-60.0,705.5
-59.0,705.5
-58.0,705.5
-57.0,706.5
-56.0,706.5
-55.0,705.5
-54.0,705.5
-53.0,705.5
-52.0,705.5
-51.0,705.5
-50.0,705.5
-49.0,705.5
-48.0,705.5
-47.0,705.5
-46.0,705.5
-45.0,705.5
-44.0,706.5
-43.0,705.5
-42.0,705.5
-41.0,705.5
-42.0,705.5
-43.0,705.5
-44.0,706.5
-43.0,707.5
-43.0,708.5
-43.0,709.5
-43.0,710.5
-43.0,711.5
-43.0,712.5
-43.0,713.5
-43.0,714.5
-43.0,715.5
-44.0,716.5
-44.0,717.5
-54.0,721.5
-54.0,722.5
-54.0,723.5
-54.0,722.5
-55.0,721.5
-57.0,718.5
-58.0,717.5
-59.0,718.5
-60.0,718.5
-61.0,718.5
-60.0,718.5
-59.0,718.5
-58.0,717.5
-56.0,715.5
-56.0,714.5
-56.0,713.5
-56.0,712.5
-56.0,711.5
-56.0,710.5
-56.0,709.5
-56.0,708.5
-56.0,709.5
-55.0,710.5
-55.0,711.5
-55.0,712.5
-55.0,713.5
-55.0,714.5
-68.0,706.5
-69.0,706.5
-70.0,707.5
-71.0,707.5
-72.0,707.5
-73.0,707.5
-74.0,707.5
-75.0,707.5
-76.0,707.5
-77.0,707.5
-78.0,707.5
-79.0,707.5
-80.0,707.5
-81.0,707.5
-82.0,707.5
-83.0,707.5
-84.0,707.5
-85.0,707.5
-86.0,707.5
-87.0,707.5
-88.0,707.5
-89.0,707.5
-90.0,707.5
-91.0,707.5
-90.0,706.5
-89.0,706.5
-88.0,706.5
-87.0,706.5
-86.0,706.5
-85.0,706.5
-84.0,706.5
-83.0,706.5
-82.0,706.5
-81.0,706.5
-80.0,706.5
-79.0,706.5
-78.0,706.5
-77.0,706.5
-76.0,706.5
-75.0,706.5
-74.0,706.5
-73.0,706.5
-72.0,706.5
-71.0,706.5
-70.0,706.5
-69.0,706.5
-70.0,725.5
-71.0,725.5
-72.0,725.5
-73.0,725.5
-74.0,725.5
-75.0,725.5
-76.0,725.5
-77.0,725.5
-78.0,725.5
-79.0,725.5
-80.0,725.5
-81.0,725.5
-82.0,725.5
-83.0,725.5
-84.0,725.5
-85.0,725.5
-86.0,725.5
-87.0,725.5
-88.0,725.5
-87.0,725.5
-86.0,725.5
-85.0,725.5
-84.0,725.5
-83.0,725.5
-82.0,725.5
-81.0,725.5
-80.0,725.5
-79.0,725.5
-78.0,725.5
-77.0,725.5
-76.0,725.5
-75.0,725.5
-74.0,725.5
-73.0,725.5
-72.0,725.5
-71.0,725.5
-93.0,718.5
-94.0,718.5
-95.0,718.5
-96.0,718.5
-97.0,718.5
-98.0,718.5
-99.0,718.5
-100.0,718.5
-99.0,718.5
-98.0,718.5
-97.0,718.5
-96.0,718.5
-95.0,718.5
-94.0,718.5
-104.0,718.5
-105.0,718.5
-105.0,715.5
-105.0,714.5
-105.0,713.5
-105.0,712.5
-105.0,711.5
-105.0,710.5
-105.0,709.5
-105.0,708.5
-105.0,707.5
-105.0,706.5
-105.0,705.5
-105.0,704.5
-104.0,703.5
-104.0,704.5
-104.0,705.5
-104.0,706.5
-104.0,707.5
-104.0,708.5
-104.0,709.5
-104.0,710.5
-104.0,711.5
-104.0,712.5
-104.0,713.5
-104.0,714.5
-104.0,715.5
-109.0,718.5
-110.0,718.5
-111.0,718.5
-112.0,718.5
-113.0,718.5
-114.0,718.5
-115.0,718.5
-116.0,718.5
-115.0,718.5
-114.0,718.5
-113.0,718.5
-112.0,718.5
-111.0,718.5
-110.0,718.5
-105.0,721.5
-104.0,721.5
-104.0,722.5
-104.0,723.5
-104.0,724.5
-104.0,725.5
-104.0,726.5
-104.0,727.5
-104.0,728.5
-104.0,729.5
-105.0,729.5
-105.0,728.5
-105.0,727.5
-105.0,726.5
-105.0,725.5
-105.0,724.5
-105.0,723.5
-105.0,722.5
-121.0,723.5
-122.0,724.5
-123.0,725.5
-124.0,726.5
-123.0,727.5
-122.0,728.5
-121.0,729.5
-122.0,729.5
-122.0,728.5
-123.0,727.5
-124.0,726.5
-125.0,725.5
-126.0,726.5
-127.0,727.5
-127.0,728.5
-127.0,727.5
-126.0,726.5
-126.0,725.5
-126.0,724.5
-127.0,723.5
-126.0,724.5
-125.0,725.5
-124.0,726.5
-123.0,725.5
-122.0,724.5
-180.0,706.5
-181.0,706.5
-182.0,706.5
-182.0,705.5
-181.0,705.5
-180.0,705.5
-197.0,705.5
-197.0,706.5
-198.0,707.5
-197.0,706.5
-198.0,705.5
-198.0,704.5
-198.0,703.5
-199.0,702.5
-200.0,701.5
-199.0,702.5
-198.0,703.5
-198.0,704.5
-198.0,709.5
-198.0,710.5
-198.0,711.5
-197.0,712.5
-197.0,713.5
-197.0,714.5
-197.0,715.5
-197.0,716.5
-198.0,717.5
-198.0,718.5
-198.0,719.5
-197.0,720.5
-197.0,721.5
-197.0,722.5
-198.0,723.5
-198.0,724.5
-199.0,725.5
-198.0,724.5
-198.0,723.5
-198.0,722.5
-198.0,721.5
-197.0,720.5
-198.0,719.5
-199.0,718.5
-198.0,717.5
-197.0,716.5
-197.0,715.5
-197.0,714.5
-197.0,713.5
-197.0,712.5
-198.0,711.5
-199.0,710.5
-199.0,709.5
-199.0,699.5
-200.0,698.5
-200.0,697.5
-200.0,696.5
-201.0,695.5
-202.0,694.5
-202.0,693.5
-203.0,692.5
-203.0,691.5
-204.0,690.5
-205.0,689.5
-205.0,688.5
-206.0,687.5
-207.0,686.5
-208.0,685.5
-209.0,686.5
-210.0,685.5
-211.0,685.5
-212.0,685.5
-213.0,684.5
-214.0,684.5
-215.0,684.5
-216.0,684.5
-217.0,684.5
-218.0,684.5
-219.0,684.5
-220.0,684.5
-221.0,684.5
-222.0,684.5
-223.0,684.5
-224.0,684.5
-225.0,684.5
-226.0,684.5
-227.0,684.5
-228.0,685.5
-229.0,685.5
-230.0,685.5
-231.0,685.5
-232.0,686.5
-233.0,686.5
-234.0,687.5
-235.0,687.5
-236.0,688.5
-237.0,688.5
-238.0,689.5
-239.0,689.5
-240.0,690.5
-241.0,691.5
-241.0,692.5
-241.0,691.5
-240.0,690.5
-239.0,689.5
-238.0,688.5
-237.0,688.5
-236.0,687.5
-235.0,687.5
-234.0,686.5
-233.0,685.5
-232.0,685.5
-231.0,685.5
-230.0,685.5
-229.0,684.5
-228.0,684.5
-227.0,683.5
-226.0,683.5
-225.0,683.5
-224.0,683.5
-223.0,683.5
-222.0,683.5
-221.0,683.5
-220.0,683.5
-219.0,683.5
-218.0,683.5
-217.0,683.5
-216.0,683.5
-215.0,683.5
-214.0,684.5
-213.0,684.5
-212.0,684.5
-211.0,684.5
-210.0,684.5
-209.0,685.5
-208.0,685.5
-207.0,686.5
-206.0,687.5
-205.0,688.5
-205.0,689.5
-204.0,690.5
-203.0,691.5
-203.0,692.5
-202.0,693.5
-202.0,694.5
-201.0,695.5
-200.0,696.5
-200.0,697.5
-200.0,698.5
-209.0,701.5
-210.0,702.5
-211.0,701.5
-212.0,701.5
-213.0,700.5
-214.0,700.5
-215.0,700.5
-216.0,700.5
-215.0,700.5
-214.0,700.5
-213.0,700.5
-212.0,701.5
-211.0,700.5
-211.0,701.5
-210.0,702.5
-211.0,708.5
-211.0,709.5
-210.0,710.5
-209.0,709.5
-210.0,710.5
-211.0,709.5
-212.0,709.5
-213.0,708.5
-214.0,708.5
-215.0,708.5
-216.0,708.5
-217.0,708.5
-218.0,708.5
-219.0,708.5
-220.0,708.5
-221.0,708.5
-222.0,708.5
-223.0,708.5
-224.0,708.5
-225.0,708.5
-226.0,708.5
-227.0,709.5
-228.0,709.5
-229.0,709.5
-230.0,709.5
-231.0,710.5
-232.0,709.5
-231.0,710.5
-230.0,709.5
-229.0,709.5
-228.0,708.5
-227.0,708.5
-226.0,708.5
-225.0,707.5
-224.0,707.5
-223.0,707.5
-222.0,707.5
-221.0,707.5
-220.0,707.5
-219.0,707.5
-218.0,707.5
-217.0,707.5
-216.0,707.5
-215.0,708.5
-214.0,708.5
-213.0,708.5
-212.0,708.5
-214.0,716.5
-213.0,717.5
-212.0,717.5
-213.0,717.5
-214.0,716.5
-215.0,716.5
-216.0,716.5
-217.0,716.5
-218.0,717.5
-219.0,717.5
-220.0,716.5
-221.0,716.5
-222.0,716.5
-223.0,716.5
-224.0,716.5
-225.0,716.5
-226.0,716.5
-225.0,716.5
-224.0,716.5
-223.0,716.5
-222.0,716.5
-221.0,716.5
-220.0,716.5
-219.0,716.5
-218.0,716.5
-217.0,716.5
-216.0,716.5
-215.0,716.5
-210.0,718.5
-209.0,717.5
-215.0,726.5
-216.0,726.5
-217.0,725.5
-218.0,725.5
-219.0,725.5
-219.0,724.5
-218.0,724.5
-217.0,725.5
-216.0,726.5
-215.0,726.5
-214.0,727.5
-213.0,728.5
-212.0,729.5
-212.0,730.5
-212.0,729.5
-213.0,728.5
-214.0,727.5
-210.0,731.5
-209.0,731.5
-208.0,730.5
-207.0,730.5
-206.0,729.5
-205.0,728.5
-204.0,727.5
-203.0,726.5
-203.0,727.5
-204.0,727.5
-205.0,728.5
-206.0,729.5
-207.0,730.5
-208.0,731.5
-209.0,731.5
-210.0,732.5
-211.0,733.5
-212.0,734.5
-213.0,735.5
-213.0,736.5
-214.0,737.5
-215.0,738.5
-216.0,739.5
-217.0,740.5
-216.0,739.5
-215.0,738.5
-214.0,737.5
-213.0,736.5
-213.0,735.5
-212.0,734.5
-211.0,733.5
-210.0,732.5
-198.0,728.5
-198.0,727.5
-197.0,730.5
-197.0,731.5
-196.0,736.5
-197.0,737.5
-197.0,738.5
-198.0,739.5
-199.0,740.5
-200.0,741.5
-201.0,742.5
-202.0,743.5
-203.0,744.5
-204.0,744.5
-205.0,745.5
-206.0,745.5
-207.0,746.5
-208.0,746.5
-209.0,747.5
-210.0,747.5
-211.0,747.5
-212.0,748.5
-213.0,748.5
-214.0,748.5
-215.0,748.5
-216.0,749.5
-217.0,750.5
-218.0,750.5
-219.0,750.5
-220.0,751.5
-221.0,751.5
-222.0,751.5
-223.0,750.5
-224.0,750.5
-225.0,750.5
-226.0,749.5
-227.0,748.5
-228.0,749.5
-229.0,748.5
-230.0,748.5
-229.0,748.5
-228.0,749.5
-227.0,748.5
-226.0,749.5
-225.0,750.5
-224.0,750.5
-223.0,750.5
-222.0,751.5
-221.0,750.5
-220.0,751.5
-219.0,750.5
-218.0,750.5
-217.0,749.5
-216.0,749.5
-215.0,748.5
-216.0,747.5
-215.0,748.5
-214.0,748.5
-213.0,748.5
-212.0,748.5
-211.0,747.5
-210.0,747.5
-209.0,746.5
-208.0,746.5
-207.0,746.5
-206.0,745.5
-205.0,745.5
-204.0,744.5
-203.0,743.5
-202.0,743.5
-201.0,742.5
-200.0,741.5
-199.0,740.5
-198.0,739.5
-197.0,738.5
-197.0,737.5
-211.0,757.5
-212.0,757.5
-225.0,739.5
-226.0,738.5
-226.0,737.5
-227.0,736.5
-228.0,735.5
-228.0,734.5
-229.0,733.5
-230.0,732.5
-230.0,731.5
-230.0,730.5
-229.0,729.5
-229.0,728.5
-228.0,727.5
-227.0,726.5
-226.0,726.5
-225.0,725.5
-224.0,725.5
-223.0,725.5
-222.0,724.5
-221.0,724.5
-221.0,725.5
-222.0,724.5
-223.0,725.5
-224.0,725.5
-225.0,725.5
-226.0,726.5
-227.0,727.5
-228.0,727.5
-229.0,728.5
-229.0,729.5
-230.0,730.5
-230.0,731.5
-230.0,732.5
-229.0,733.5
-228.0,734.5
-228.0,735.5
-227.0,736.5
-226.0,737.5
-226.0,738.5
-232.0,731.5
-232.0,730.5
-239.0,730.5
-239.0,731.5
-240.0,731.5
-240.0,730.5
-240.0,729.5
-241.0,728.5
-242.0,727.5
-243.0,726.5
-243.0,725.5
-244.0,724.5
-244.0,723.5
-244.0,722.5
-244.0,723.5
-244.0,724.5
-243.0,725.5
-242.0,726.5
-242.0,727.5
-241.0,728.5
-240.0,729.5
-241.0,738.5
-240.0,739.5
-239.0,740.5
-239.0,741.5
-238.0,742.5
-238.0,743.5
-237.0,744.5
-236.0,745.5
-235.0,746.5
-234.0,746.5
-233.0,747.5
-232.0,747.5
-233.0,747.5
-234.0,746.5
-235.0,746.5
-236.0,745.5
-237.0,744.5
-238.0,743.5
-238.0,742.5
-239.0,741.5
-239.0,740.5
-240.0,739.5
-253.0,743.5
-253.0,744.5
-244.0,720.5
-244.0,719.5
-243.0,718.5
-244.0,717.5
-244.0,716.5
-245.0,715.5
-245.0,714.5
-245.0,713.5
-244.0,712.5
-243.0,711.5
-243.0,710.5
-243.0,709.5
-244.0,708.5
-243.0,709.5
-242.0,710.5
-243.0,711.5
-244.0,712.5
-244.0,713.5
-244.0,714.5
-245.0,715.5
-244.0,716.5
-244.0,717.5
-243.0,718.5
-244.0,719.5
-232.0,717.5
-231.0,718.5
-229.0,717.5
-228.0,717.5
-231.0,702.5
-231.0,701.5
-229.0,701.5
-228.0,700.5
-227.0,701.5
-226.0,700.5
-225.0,699.5
-226.0,700.5
-225.0,701.5
-226.0,700.5
-227.0,701.5
-228.0,700.5
-230.0,694.5
-231.0,693.5
-232.0,694.5
-233.0,695.5
-234.0,696.5
-235.0,696.5
-236.0,697.5
-236.0,698.5
-236.0,697.5
-235.0,696.5
-234.0,695.5
-233.0,695.5
-232.0,694.5
-231.0,693.5
-230.0,693.5
-229.0,692.5
-228.0,692.5
-227.0,692.5
-226.0,692.5
-225.0,691.5
-226.0,692.5
-225.0,693.5
-226.0,693.5
-227.0,693.5
-228.0,693.5
-229.0,693.5
-217.0,692.5
-216.0,693.5
-215.0,693.5
-216.0,693.5
-241.0,702.5
-242.0,701.5
-241.0,702.5
-242.0,703.5
-243.0,704.5
-243.0,705.5
-243.0,706.5
-244.0,706.5
-244.0,705.5
-243.0,704.5
-242.0,703.5
-371.0,905.5
-372.0,905.5
-373.0,904.5
-374.0,904.5
-375.0,903.5
-376.0,902.5
-377.0,902.5
-378.0,901.5
-379.0,901.5
-380.0,900.5
-381.0,900.5
-382.0,899.5
-383.0,899.5
-384.0,898.5
-385.0,898.5
-386.0,897.5
-387.0,897.5
-388.0,896.5
-389.0,896.5
-390.0,895.5
-391.0,895.5
-392.0,894.5
-393.0,894.5
-394.0,893.5
-395.0,893.5
-396.0,892.5
-397.0,892.5
-398.0,891.5
-399.0,891.5
-400.0,890.5
-401.0,890.5
-402.0,889.5
-403.0,889.5
-404.0,888.5
-405.0,888.5
-406.0,887.5
-407.0,887.5
-408.0,886.5
-409.0,886.5
-410.0,885.5
-411.0,885.5
-412.0,884.5
-413.0,884.5
-414.0,883.5
-415.0,883.5
-416.0,882.5
-417.0,882.5
-418.0,881.5
-419.0,881.5
-420.0,880.5
-421.0,880.5
-422.0,879.5
-423.0,879.5
-424.0,878.5
-425.0,877.5
-426.0,877.5
-427.0,876.5
-428.0,876.5
-429.0,875.5
-430.0,875.5
-431.0,874.5
-432.0,874.5
-433.0,873.5
-434.0,873.5
-435.0,872.5
-436.0,872.5
-437.0,871.5
-438.0,871.5
-439.0,870.5
-440.0,870.5
-441.0,869.5
-442.0,869.5
-443.0,869.5
-444.0,868.5
-445.0,869.5
-446.0,868.5
-447.0,867.5
-448.0,867.5
-449.0,866.5
-450.0,866.5
-451.0,865.5
-452.0,865.5
-453.0,864.5
-454.0,864.5
-455.0,863.5
-456.0,864.5
-457.0,863.5
-458.0,863.5
-459.0,862.5
-460.0,862.5
-461.0,861.5
-462.0,861.5
-463.0,860.5
-464.0,859.5
-465.0,859.5
-466.0,859.5
-467.0,858.5
-468.0,858.5
-469.0,857.5
-470.0,858.5
-471.0,857.5
-472.0,856.5
-473.0,857.5
-474.0,856.5
-475.0,856.5
-476.0,855.5
-477.0,854.5
-478.0,854.5
-479.0,853.5
-480.0,853.5
-481.0,852.5
-482.0,852.5
-483.0,851.5
-484.0,851.5
-485.0,851.5
-486.0,850.5
-487.0,851.5
-488.0,850.5
-489.0,851.5
-490.0,850.5
-491.0,851.5
-492.0,852.5
-493.0,852.5
-494.0,853.5
-495.0,853.5
-496.0,854.5
-495.0,853.5
-494.0,853.5
-493.0,852.5
-492.0,852.5
-491.0,851.5
-490.0,850.5
-489.0,850.5
-488.0,850.5
-487.0,850.5
-486.0,850.5
-485.0,851.5
-484.0,851.5
-483.0,851.5
-482.0,852.5
-481.0,852.5
-480.0,853.5
-479.0,853.5
-478.0,854.5
-477.0,854.5
-476.0,855.5
-475.0,855.5
-474.0,856.5
-473.0,856.5
-472.0,856.5
-471.0,857.5
-470.0,857.5
-469.0,857.5
-468.0,858.5
-467.0,858.5
-466.0,859.5
-465.0,859.5
-464.0,859.5
-463.0,860.5
-462.0,860.5
-461.0,861.5
-460.0,862.5
-459.0,862.5
-458.0,863.5
-457.0,863.5
-456.0,863.5
-455.0,863.5
-454.0,864.5
-453.0,864.5
-452.0,865.5
-451.0,865.5
-450.0,866.5
-449.0,866.5
-448.0,867.5
-447.0,867.5
-446.0,868.5
-445.0,868.5
-444.0,868.5
-443.0,869.5
-442.0,869.5
-441.0,869.5
-440.0,870.5
-439.0,870.5
-438.0,871.5
-437.0,871.5
-436.0,872.5
-435.0,872.5
-434.0,873.5
-433.0,873.5
-432.0,874.5
-431.0,874.5
-430.0,875.5
-429.0,875.5
-428.0,876.5
-427.0,876.5
-426.0,877.5
-425.0,877.5
-424.0,878.5
-423.0,879.5
-422.0,879.5
-421.0,880.5
-420.0,880.5
-419.0,881.5
-418.0,881.5
-417.0,882.5
-416.0,882.5
-415.0,883.5
-414.0,883.5
-413.0,884.5
-412.0,884.5
-411.0,885.5
-410.0,885.5
-409.0,886.5
-408.0,886.5
-407.0,887.5
-406.0,887.5
-405.0,888.5
-404.0,888.5
-403.0,889.5
-402.0,889.5
-401.0,890.5
-400.0,890.5
-399.0,891.5
-398.0,891.5
-397.0,892.5
-396.0,892.5
-395.0,893.5
-394.0,893.5
-393.0,894.5
-392.0,894.5
-391.0,895.5
-390.0,895.5
-389.0,896.5
-388.0,896.5
-387.0,897.5
-386.0,897.5
-385.0,898.5
-384.0,898.5
-383.0,899.5
-382.0,899.5
-381.0,900.5
-380.0,900.5
-379.0,901.5
-378.0,901.5
-377.0,902.5
-376.0,902.5
-375.0,903.5
-374.0,904.5
-373.0,904.5
-372.0,905.5
-371.0,905.5
-370.0,906.5
-369.0,907.5
-368.0,908.5
-369.0,907.5
-370.0,906.5
-367.0,961.5
-366.0,961.5
-365.0,961.5
-364.0,961.5
-363.0,961.5
-362.0,961.5
-361.0,961.5
-362.0,961.5
-363.0,961.5
-364.0,961.5
-365.0,961.5
-366.0,961.5
-359.0,961.5
-358.0,961.5
-357.0,961.5
-356.0,961.5
-355.0,961.5
-354.0,961.5
-353.0,961.5
-352.0,961.5
-351.0,961.5
-350.0,961.5
-349.0,961.5
-348.0,961.5
-347.0,961.5
-346.0,961.5
-345.0,961.5
-344.0,961.5
-343.0,961.5
-342.0,961.5
-341.0,961.5
-340.0,961.5
-339.0,961.5
-338.0,961.5
-337.0,961.5
-336.0,961.5
-335.0,961.5
-334.0,961.5
-333.0,961.5
-332.0,961.5
-331.0,961.5
-330.0,961.5
-329.0,961.5
-328.0,961.5
-327.0,961.5
-326.0,961.5
-325.0,961.5
-324.0,961.5
-323.0,961.5
-322.0,961.5
-321.0,961.5
-320.0,961.5
-319.0,961.5
-318.0,961.5
-317.0,961.5
-316.0,961.5
-315.0,961.5
-314.0,961.5
-313.0,961.5
-312.0,961.5
-311.0,961.5
-310.0,961.5
-309.0,961.5
-308.0,961.5
-307.0,961.5
-306.0,961.5
-305.0,961.5
-304.0,961.5
-303.0,961.5
-302.0,961.5
-301.0,961.5
-300.0,961.5
-299.0,961.5
-300.0,961.5
-301.0,961.5
-302.0,961.5
-303.0,961.5
-304.0,961.5
-305.0,961.5
-306.0,961.5
-307.0,961.5
-308.0,961.5
-309.0,961.5
-310.0,961.5
-311.0,961.5
-312.0,961.5
-313.0,961.5
-314.0,961.5
-315.0,961.5
-316.0,961.5
-317.0,961.5
-318.0,961.5
-319.0,961.5
-320.0,961.5
-321.0,961.5
-322.0,961.5
-323.0,961.5
-324.0,961.5
-325.0,961.5
-326.0,961.5
-327.0,961.5
-328.0,961.5
-329.0,961.5
-330.0,961.5
-331.0,961.5
-332.0,961.5
-333.0,961.5
-334.0,961.5
-335.0,961.5
-336.0,961.5
-337.0,961.5
-338.0,961.5
-339.0,961.5
-340.0,961.5
-341.0,961.5
-342.0,961.5
-343.0,961.5
-344.0,961.5
-345.0,961.5
-346.0,961.5
-347.0,961.5
-348.0,961.5
-349.0,961.5
-350.0,961.5
-351.0,961.5
-352.0,961.5
-353.0,961.5
-354.0,961.5
-355.0,961.5
-356.0,961.5
-357.0,961.5
-358.0,961.5
-297.0,961.5
-296.0,961.5
-295.0,961.5
-294.0,961.5
-293.0,961.5
-294.0,961.5
-295.0,961.5
-296.0,961.5
-291.0,961.5
-290.0,961.5
-289.0,961.5
-288.0,961.5
-287.0,961.5
-286.0,961.5
-285.0,961.5
-284.0,961.5
-283.0,961.5
-282.0,961.5
-281.0,961.5
-280.0,961.5
-279.0,961.5
-278.0,961.5
-277.0,961.5
-276.0,961.5
-275.0,961.5
-274.0,961.5
-273.0,961.5
-272.0,961.5
-271.0,961.5
-270.0,961.5
-269.0,961.5
-268.0,961.5
-267.0,961.5
-266.0,961.5
-265.0,961.5
-264.0,961.5
-263.0,961.5
-262.0,961.5
-261.0,961.5
-260.0,961.5
-259.0,961.5
-258.0,961.5
-257.0,961.5
-256.0,961.5
-255.0,961.5
-254.0,961.5
-253.0,961.5
-252.0,961.5
-251.0,961.5
-250.0,961.5
-249.0,961.5
-248.0,961.5
-247.0,961.5
-246.0,961.5
-245.0,961.5
-244.0,961.5
-243.0,961.5
-242.0,961.5
-241.0,961.5
-240.0,961.5
-239.0,961.5
-238.0,961.5
-237.0,961.5
-236.0,961.5
-235.0,961.5
-234.0,961.5
-233.0,961.5
-232.0,961.5
-231.0,961.5
-230.0,961.5
-231.0,961.5
-232.0,961.5
-233.0,961.5
-234.0,961.5
-235.0,961.5
-236.0,961.5
-237.0,961.5
-238.0,961.5
-239.0,961.5
-240.0,961.5
-241.0,961.5
-242.0,961.5
-243.0,961.5
-244.0,961.5
-245.0,961.5
-246.0,961.5
-247.0,961.5
-248.0,961.5
-249.0,961.5
-250.0,961.5
-251.0,961.5
-252.0,961.5
-253.0,961.5
-254.0,961.5
-255.0,961.5
-256.0,961.5
-257.0,961.5
-258.0,961.5
-259.0,961.5
-260.0,961.5
-261.0,961.5
-262.0,961.5
-263.0,961.5
-264.0,961.5
-265.0,961.5
-266.0,961.5
-267.0,961.5
-268.0,961.5
-269.0,961.5
-270.0,961.5
-271.0,961.5
-272.0,961.5
-273.0,961.5
-274.0,961.5
-275.0,961.5
-276.0,961.5
-277.0,961.5
-278.0,961.5
-279.0,961.5
-280.0,961.5
-281.0,961.5
-282.0,961.5
-283.0,961.5
-284.0,961.5
-285.0,961.5
-286.0,961.5
-287.0,961.5
-288.0,961.5
-289.0,961.5
-290.0,961.5
-228.0,961.5
-227.0,961.5
-225.0,961.5
-224.0,961.5
-223.0,961.5
-222.0,961.5
-221.0,961.5
-222.0,961.5
-223.0,961.5
-224.0,961.5
-217.0,961.5
-216.0,961.5
-215.0,961.5
-214.0,961.5
-213.0,961.5
-212.0,961.5
-211.0,961.5
-210.0,961.5
-209.0,961.5
-210.0,961.5
-211.0,961.5
-212.0,961.5
-213.0,961.5
-214.0,961.5
-215.0,961.5
-216.0,961.5
-207.0,961.5
-206.0,961.5
-205.0,961.5
-204.0,961.5
-203.0,961.5
-202.0,961.5
-201.0,961.5
-200.0,961.5
-199.0,961.5
-198.0,961.5
-197.0,961.5
-196.0,961.5
-195.0,961.5
-194.0,961.5
-193.0,961.5
-192.0,961.5
-191.0,961.5
-190.0,961.5
-189.0,961.5
-188.0,961.5
-187.0,961.5
-186.0,961.5
-185.0,961.5
-184.0,961.5
-183.0,961.5
-182.0,961.5
-181.0,961.5
-180.0,961.5
-179.0,961.5
-178.0,961.5
-177.0,961.5
-176.0,961.5
-175.0,961.5
-174.0,961.5
-173.0,961.5
-172.0,961.5
-173.0,961.5
-174.0,961.5
-175.0,961.5
-176.0,961.5
-177.0,961.5
-178.0,961.5
-179.0,961.5
-180.0,961.5
-181.0,961.5
-182.0,961.5
-183.0,961.5
-184.0,961.5
-185.0,961.5
-186.0,961.5
-187.0,961.5
-188.0,961.5
-189.0,961.5
-190.0,961.5
-191.0,961.5
-192.0,961.5
-193.0,961.5
-194.0,961.5
-195.0,961.5
-196.0,961.5
-197.0,961.5
-198.0,961.5
-199.0,961.5
-200.0,961.5
-201.0,961.5
-202.0,961.5
-203.0,961.5
-204.0,961.5
-205.0,961.5
-206.0,961.5
-170.0,961.5
-169.0,961.5
-168.0,961.5
-167.0,961.5
-166.0,961.5
-165.0,961.5
-164.0,961.5
-163.0,961.5
-162.0,961.5
-161.0,961.5
-160.0,961.5
-159.0,961.5
-158.0,961.5
-157.0,961.5
-156.0,961.5
-155.0,961.5
-154.0,961.5
-153.0,961.5
-152.0,961.5
-151.0,961.5
-150.0,961.5
-149.0,961.5
-148.0,961.5
-147.0,961.5
-146.0,961.5
-145.0,961.5
-144.0,961.5
-143.0,961.5
-142.0,961.5
-141.0,961.5
-140.0,961.5
-139.0,961.5
-138.0,961.5
-137.0,961.5
-136.0,961.5
-135.0,961.5
-134.0,961.5
-133.0,961.5
-132.0,961.5
-131.0,961.5
-130.0,961.5
-129.0,961.5
-128.0,961.5
-127.0,961.5
-128.0,961.5
-129.0,961.5
-130.0,961.5
-131.0,961.5
-132.0,961.5
-133.0,961.5
-134.0,961.5
-135.0,961.5
-136.0,961.5
-137.0,961.5
-138.0,961.5
-139.0,961.5
-140.0,961.5
-141.0,961.5
-142.0,961.5
-143.0,961.5
-144.0,961.5
-145.0,961.5
-146.0,961.5
-147.0,961.5
-148.0,961.5
-149.0,961.5
-150.0,961.5
-151.0,961.5
-152.0,961.5
-153.0,961.5
-154.0,961.5
-155.0,961.5
-156.0,961.5
-157.0,961.5
-158.0,961.5
-159.0,961.5
-160.0,961.5
-161.0,961.5
-162.0,961.5
-163.0,961.5
-164.0,961.5
-165.0,961.5
-166.0,961.5
-167.0,961.5
-168.0,961.5
-169.0,961.5
-125.0,961.5
-124.0,961.5
-123.0,961.5
-122.0,961.5
-121.0,961.5
-120.0,961.5
-119.0,961.5
-118.0,961.5
-117.0,961.5
-116.0,961.5
-115.0,961.5
-114.0,961.5
-113.0,961.5
-112.0,961.5
-111.0,961.5
-110.0,961.5
-109.0,961.5
-108.0,961.5
-107.0,961.5
-106.0,961.5
-105.0,961.5
-104.0,961.5
-103.0,961.5
-102.0,961.5
-101.0,961.5
-100.0,961.5
-99.0,961.5
-100.0,961.5
-101.0,961.5
-102.0,961.5
-103.0,961.5
-104.0,961.5
-105.0,961.5
-106.0,961.5
-107.0,961.5
-108.0,961.5
-109.0,961.5
-110.0,961.5
-111.0,961.5
-112.0,961.5
-113.0,961.5
-114.0,961.5
-115.0,961.5
-116.0,961.5
-117.0,961.5
-118.0,961.5
-119.0,961.5
-120.0,961.5
-121.0,961.5
-122.0,961.5
-123.0,961.5
-124.0,961.5
-97.0,961.5
-96.0,961.5
-95.0,961.5
-94.0,961.5
-93.0,961.5
-92.0,961.5
-91.0,961.5
-90.0,961.5
-89.0,961.5
-88.0,961.5
-87.0,961.5
-86.0,961.5
-85.0,961.5
-84.0,961.5
-83.0,961.5
-82.0,961.5
-81.0,961.5
-80.0,961.5
-79.0,961.5
-78.0,961.5
-77.0,961.5
-76.0,961.5
-75.0,961.5
-74.0,961.5
-73.0,961.5
-72.0,961.5
-71.0,961.5
-70.0,961.5
-69.0,961.5
-68.0,961.5
-67.0,961.5
-66.0,961.5
-67.0,961.5
-68.0,961.5
-69.0,961.5
-70.0,961.5
-71.0,961.5
-72.0,961.5
-73.0,961.5
-74.0,961.5
-75.0,961.5
-76.0,961.5
-77.0,961.5
-78.0,961.5
-79.0,961.5
-80.0,961.5
-81.0,961.5
-82.0,961.5
-83.0,961.5
-84.0,961.5
-85.0,961.5
-86.0,961.5
-87.0,961.5
-88.0,961.5
-89.0,961.5
-90.0,961.5
-91.0,961.5
-92.0,961.5
-93.0,961.5
-94.0,961.5
-95.0,961.5
-96.0,961.5
-64.0,961.5
-63.0,961.5
-62.0,961.5
-61.0,961.5
-60.0,961.5
-59.0,961.5
-58.0,961.5
-57.0,961.5
-56.0,961.5
-55.0,961.5
-54.0,961.5
-53.0,961.5
-52.0,961.5
-51.0,961.5
-50.0,961.5
-49.0,961.5
-48.0,961.5
-47.0,961.5
-46.0,961.5
-47.0,961.5
-48.0,961.5
-49.0,961.5
-50.0,961.5
-51.0,961.5
-52.0,961.5
-53.0,961.5
-54.0,961.5
-55.0,961.5
-56.0,961.5
-57.0,961.5
-58.0,961.5
-59.0,961.5
-60.0,961.5
-61.0,961.5
-62.0,961.5
-63.0,961.5
-44.0,961.5
-43.0,961.5
-42.0,961.5
-41.0,961.5
-40.0,961.5
-39.0,961.5
-38.0,961.5
-37.0,961.5
-36.0,961.5
-35.0,961.5
-34.0,961.5
-33.0,961.5
-32.0,961.5
-31.0,961.5
-30.0,961.5
-29.0,961.5
-28.0,961.5
-27.0,961.5
-26.0,961.5
-25.0,961.5
-24.0,961.5
-23.0,961.5
-22.0,961.5
-21.0,961.5
-20.0,961.5
-19.0,961.5
-18.0,961.5
-17.0,961.5
-16.0,961.5
-15.0,961.5
-14.0,961.5
-13.0,961.5
-12.0,961.5
-11.0,961.5
-10.0,961.5
-9.0,961.5
-8.0,961.5
-7.0,961.5
-6.0,961.5
-5.0,961.5
-4.0,961.5
-3.0,961.5
-2.0,961.5
-1.0,961.5
0.0,961.5
1.0,961.5
2.0,961.5
3.0,961.5
4.0,961.5
5.0,961.5
6.0,961.5
7.0,961.5
8.0,961.5
9.0,961.5
10.0,961.5
11.0,961.5
12.0,961.5
13.0,961.5
14.0,961.5
15.0,961.5
16.0,961.5
15.0,961.5
14.0,961.5
13.0,961.5
12.0,961.5
11.0,961.5
10.0,961.5
9.0,961.5
8.0,961.5
7.0,961.5
6.0,961.5
5.0,961.5
4.0,961.5
3.0,961.5
2.0,961.5
1.0,961.5
0.0,961.5
-1.0,961.5
-2.0,961.5
-3.0,961.5
-4.0,961.5
-5.0,961.5
-6.0,961.5
-7.0,961.5
-8.0,961.5
-9.0,961.5
-10.0,961.5
-11.0,961.5
-12.0,961.5
-13.0,961.5
-14.0,961.5
-15.0,961.5
-16.0,961.5
-17.0,961.5
-18.0,961.5
-19.0,961.5
-20.0,961.5
-21.0,961.5
-22.0,961.5
-23.0,961.5
-24.0,961.5
-25.0,961.5
-26.0,961.5
-27.0,961.5
-28.0,961.5
-29.0,961.5
-30.0,961.5
-31.0,961.5
-32.0,961.5
-33.0,961.5
-34.0,961.5
-35.0,961.5
-36.0,961.5
-37.0,961.5
-38.0,961.5
-39.0,961.5
-40.0,961.5
-41.0,961.5
-42.0,961.5
-43.0,961.5
18.0,961.5
19.0,961.5
20.0,961.5
21.0,961.5
22.0,961.5
23.0,961.5
24.0,961.5
25.0,961.5
26.0,961.5
27.0,961.5
28.0,961.5
29.0,961.5
30.0,961.5
31.0,961.5
32.0,961.5
33.0,961.5
34.0,961.5
35.0,961.5
36.0,961.5
37.0,961.5
38.0,961.5
39.0,961.5
40.0,961.5
41.0,961.5
42.0,961.5
43.0,961.5
44.0,961.5
45.0,961.5
46.0,961.5
47.0,961.5
48.0,961.5
49.0,961.5
48.0,961.5
47.0,961.5
46.0,961.5
45.0,961.5
44.0,961.5
43.0,961.5
42.0,961.5
41.0,961.5
40.0,961.5
39.0,961.5
38.0,961.5
37.0,961.5
36.0,961.5
35.0,961.5
34.0,961.5
33.0,961.5
32.0,961.5
31.0,961.5
30.0,961.5
29.0,961.5
28.0,961.5
27.0,961.5
26.0,961.5
25.0,961.5
24.0,961.5
23.0,961.5
22.0,961.5
21.0,961.5
20.0,961.5
19.0,961.5
51.0,961.5
52.0,961.5
53.0,961.5
54.0,961.5
55.0,961.5
56.0,961.5
57.0,961.5
58.0,961.5
59.0,961.5
60.0,961.5
61.0,961.5
62.0,961.5
63.0,961.5
64.0,961.5
65.0,961.5
66.0,961.5
67.0,961.5
68.0,961.5
69.0,961.5
70.0,961.5
71.0,961.5
72.0,961.5
73.0,961.5
74.0,961.5
75.0,961.5
76.0,961.5
77.0,961.5
78.0,961.5
79.0,961.5
80.0,961.5
81.0,961.5
82.0,961.5
83.0,961.5
84.0,961.5
85.0,961.5
84.0,961.5
83.0,961.5
82.0,961.5
81.0,961.5
80.0,961.5
79.0,961.5
78.0,961.5
77.0,961.5
76.0,961.5
75.0,961.5
74.0,961.5
73.0,961.5
72.0,961.5
71.0,961.5
70.0,961.5
69.0,961.5
68.0,961.5
67.0,961.5
66.0,961.5
65.0,961.5
64.0,961.5
63.0,961.5
62.0,961.5
61.0,961.5
60.0,961.5
59.0,961.5
58.0,961.5
57.0,961.5
56.0,961.5
55.0,961.5
54.0,961.5
53.0,961.5
52.0,961.5
87.0,961.5
88.0,961.5
89.0,961.5
90.0,961.5
91.0,961.5
92.0,961.5
93.0,961.5
94.0,961.5
95.0,961.5
96.0,961.5
97.0,961.5
98.0,961.5
99.0,961.5
100.0,961.5
101.0,961.5
102.0,961.5
103.0,961.5
104.0,961.5
105.0,961.5
106.0,961.5
107.0,961.5
108.0,961.5
109.0,961.5
110.0,961.5
111.0,961.5
112.0,961.5
113.0,961.5
114.0,961.5
115.0,961.5
116.0,961.5
117.0,961.5
118.0,961.5
117.0,961.5
116.0,961.5
115.0,961.5
114.0,961.5
113.0,961.5
112.0,961.5
111.0,961.5
110.0,961.5
109.0,961.5
108.0,961.5
107.0,961.5
106.0,961.5
105.0,961.5
104.0,961.5
103.0,961.5
102.0,961.5
101.0,961.5
100.0,961.5
99.0,961.5
98.0,961.5
97.0,961.5
96.0,961.5
95.0,961.5
94.0,961.5
93.0,961.5
92.0,961.5
91.0,961.5
90.0,961.5
89.0,961.5
88.0,961.5
120.0,961.5
121.0,961.5
122.0,961.5
123.0,961.5
124.0,961.5
125.0,961.5
126.0,961.5
127.0,961.5
128.0,961.5
129.0,961.5
130.0,961.5
131.0,961.5
132.0,961.5
133.0,961.5
134.0,961.5
135.0,961.5
136.0,961.5
137.0,961.5
138.0,961.5
139.0,961.5
140.0,961.5
141.0,961.5
142.0,961.5
143.0,961.5
144.0,961.5
145.0,961.5
146.0,961.5
147.0,961.5
148.0,961.5
149.0,961.5
150.0,961.5
151.0,961.5
152.0,961.5
153.0,961.5
154.0,961.5
155.0,961.5
156.0,961.5
157.0,961.5
158.0,961.5
159.0,961.5
160.0,961.5
159.0,961.5
158.0,961.5
157.0,961.5
156.0,961.5
155.0,961.5
154.0,961.5
153.0,961.5
152.0,961.5
151.0,961.5
150.0,961.5
149.0,961.5
148.0,961.5
147.0,961.5
146.0,961.5
145.0,961.5
144.0,961.5
143.0,961.5
142.0,961.5
141.0,961.5
140.0,961.5
139.0,961.5
138.0,961.5
137.0,961.5
136.0,961.5
135.0,961.5
134.0,961.5
133.0,961.5
132.0,961.5
131.0,961.5
130.0,961.5
129.0,961.5
128.0,961.5
127.0,961.5
126.0,961.5
125.0,961.5
124.0,961.5
123.0,961.5
122.0,961.5
121.0,961.5
162.0,961.5
163.0,960.5
164.0,959.5
165.0,959.5
166.0,958.5
167.0,958.5
168.0,957.5
169.0,957.5
170.0,956.5
171.0,956.5
172.0,955.5
173.0,955.5
174.0,954.5
175.0,954.5
176.0,953.5
177.0,953.5
178.0,952.5
179.0,952.5
180.0,951.5
181.0,951.5
182.0,950.5
183.0,950.5
184.0,949.5
185.0,949.5
186.0,948.5
187.0,948.5
188.0,947.5
189.0,947.5
190.0,946.5
191.0,946.5
192.0,945.5
193.0,945.5
194.0,944.5
195.0,944.5
196.0,943.5
197.0,943.5
198.0,942.5
199.0,942.5
200.0,941.5
201.0,941.5
202.0,940.5
203.0,940.5
204.0,939.5
205.0,938.5
206.0,938.5
205.0,939.5
204.0,939.5
203.0,940.5
202.0,940.5
201.0,941.5
200.0,941.5
199.0,942.5
198.0,942.5
197.0,943.5
196.0,943.5
195.0,944.5
194.0,944.5
193.0,945.5
192.0,945.5
191.0,946.5
190.0,946.5
189.0,947.5
188.0,947.5
187.0,948.5
186.0,948.5
185.0,949.5
184.0,949.5
183.0,950.5
182.0,950.5
181.0,951.5
180.0,951.5
179.0,952.5
178.0,952.5
177.0,953.5
176.0,953.5
175.0,954.5
174.0,954.5
173.0,955.5
172.0,955.5
171.0,956.5
170.0,956.5
169.0,957.5
168.0,957.5
167.0,958.5
166.0,958.5
165.0,959.5
164.0,959.5
163.0,960.5
208.0,937.5
209.0,937.5
210.0,936.5
211.0,935.5
212.0,935.5
213.0,934.5
214.0,934.5
215.0,933.5
216.0,933.5
217.0,932.5
218.0,932.5
219.0,931.5
220.0,931.5
221.0,930.5
222.0,930.5
223.0,929.5
224.0,929.5
225.0,928.5
226.0,928.5
227.0,927.5
228.0,927.5
229.0,926.5
230.0,926.5
231.0,925.5
232.0,925.5
233.0,924.5
234.0,924.5
235.0,923.5
236.0,923.5
237.0,922.5
238.0,922.5
239.0,921.5
240.0,921.5
241.0,920.5
242.0,920.5
243.0,919.5
244.0,919.5
245.0,918.5
246.0,918.5
247.0,917.5
248.0,916.5
249.0,916.5
250.0,915.5
249.0,916.5
248.0,917.5
247.0,917.5
246.0,918.5
245.0,918.5
244.0,919.5
243.0,919.5
242.0,920.5
241.0,920.5
240.0,921.5
239.0,921.5
238.0,922.5
237.0,922.5
236.0,923.5
235.0,923.5
234.0,924.5
233.0,924.5
232.0,925.5
231.0,925.5
230.0,926.5
229.0,926.5
228.0,927.5
227.0,927.5
226.0,928.5
225.0,928.5
224.0,929.5
223.0,929.5
222.0,930.5
221.0,930.5
220.0,931.5
219.0,931.5
218.0,932.5
217.0,932.5
216.0,933.5
215.0,933.5
214.0,934.5
213.0,934.5
212.0,935.5
211.0,935.5
210.0,936.5
209.0,937.5
-473.0,884.5
-474.0,885.5
-482.0,878.5
-482.0,877.5
-481.0,876.5
-480.0,875.5
-479.0,874.5
-478.0,873.5
-477.0,872.5
-477.0,871.5
-476.0,870.5
-477.0,871.5
-477.0,872.5
-478.0,873.5
-479.0,874.5
-480.0,875.5
-481.0,876.5
-482.0,877.5
-499.0,855.5
-498.0,854.5
-499.0,855.5
-500.0,855.5
-501.0,856.5
-502.0,856.5
-503.0,857.5
-504.0,857.5
-505.0,858.5
-506.0,858.5
-507.0,859.5
-508.0,859.5
-507.0,859.5
-506.0,858.5
-505.0,858.5
-504.0,857.5
-503.0,857.5
-502.0,856.5
-501.0,856.5
-500.0,855.5
-510.0,860.5
-511.0,860.5
-512.0,861.5
-513.0,862.5
-514.0,862.5
-515.0,863.5
-516.0,863.5
-517.0,864.5
-518.0,864.5
-519.0,865.5
-520.0,866.5
-521.0,867.5
-520.0,866.5
-519.0,865.5
-518.0,864.5
-517.0,864.5
-516.0,863.5
-515.0,863.5
-514.0,862.5
-513.0,861.5
-512.0,861.5
-511.0,860.5
-604.0,830.5
-604.0,829.5
-721.0,807.5
-721.0,806.5
-721.0,804.5
-721.0,803.5
-721.0,802.5
-721.0,801.5
-721.0,800.5
-721.0,799.5
-721.0,798.5
-721.0,797.5
-721.0,796.5
-721.0,795.5
-721.0,794.5
-721.0,793.5
-721.0,792.5
-721.0,791.5
-721.0,790.5
-721.0,789.5
-721.0,788.5
-721.0,787.5
-721.0,786.5
-721.0,785.5
-721.0,784.5
-721.0,783.5
-721.0,782.5
-721.0,781.5
-721.0,780.5
-721.0,779.5
-721.0,778.5
-721.0,777.5
-721.0,776.5
-720.0,775.5
-720.0,774.5
-719.0,773.5
-720.0,774.5
-720.0,775.5
-721.0,776.5
-721.0,777.5
-721.0,778.5
-721.0,779.5
-721.0,780.5
-721.0,781.5
-721.0,782.5
-721.0,783.5
-721.0,784.5
-721.0,785.5
-721.0,786.5
-721.0,787.5
-721.0,788.5
-721.0,789.5
-721.0,790.5
-721.0,791.5
-721.0,792.5
-721.0,793.5
-721.0,794.5
-721.0,795.5
-721.0,796.5
-721.0,797.5
-721.0,798.5
-721.0,799.5
-721.0,800.5
-721.0,801.5
-721.0,802.5
-721.0,803.5
-718.0,771.5
-718.0,770.5
-717.0,769.5
-717.0,768.5
-716.0,767.5
-716.0,766.5
-715.0,765.5
-715.0,764.5
-714.0,763.5
-714.0,762.5
-713.0,761.5
-713.0,760.5
-712.0,759.5
-712.0,758.5
-711.0,757.5
-711.0,756.5
-710.0,755.5
-710.0,754.5
-709.0,753.5
-709.0,752.5
-708.0,751.5
-708.0,750.5
-707.0,749.5
-707.0,748.5
-706.0,747.5
-706.0,746.5
-705.0,745.5
-705.0,744.5
-704.0,743.5
-705.0,744.5
-705.0,745.5
-706.0,746.5
-706.0,747.5
-707.0,748.5
-707.0,749.5
-708.0,750.5
-708.0,751.5
-709.0,752.5
-709.0,753.5
-710.0,754.5
-710.0,755.5
-711.0,756.5
-711.0,757.5
-712.0,758.5
-712.0,759.5
-713.0,760.5
-713.0,761.5
-714.0,762.5
-714.0,763.5
-715.0,764.5
-715.0,765.5
-716.0,766.5
-716.0,767.5
-717.0,768.5
-717.0,769.5
-718.0,770.5
-704.0,741.5
-703.0,740.5
-703.0,739.5
-702.0,738.5
-702.0,737.5
-701.0,736.5
-701.0,735.5
-700.0,734.5
-700.0,733.5
-699.0,732.5
-699.0,731.5
-698.0,730.5
-698.0,729.5
-697.0,728.5
-697.0,727.5
-696.0,726.5
-696.0,725.5
-695.0,724.5
-695.0,723.5
-694.0,722.5
-694.0,721.5
-693.0,720.5
-693.0,719.5
-692.0,718.5
-692.0,717.5
-691.0,716.5
-691.0,715.5
-690.0,714.5
-690.0,713.5
-690.0,714.5
-691.0,715.5
-691.0,716.5
-692.0,717.5
-692.0,718.5
-693.0,719.5
-693.0,720.5
-694.0,721.5
-694.0,722.5
-695.0,723.5
-695.0,724.5
-696.0,725.5
-696.0,726.5
-697.0,727.5
-697.0,728.5
-698.0,729.5
-698.0,730.5
-699.0,731.5
-699.0,732.5
-700.0,733.5
-700.0,734.5
-701.0,735.5
-701.0,736.5
-702.0,737.5
-702.0,738.5
-703.0,739.5
-703.0,740.5
-689.0,711.5
-689.0,710.5
-688.0,709.5
-688.0,708.5
-687.0,707.5
-687.0,706.5
-686.0,705.5
-685.0,704.5
-686.0,705.5
-687.0,706.5
-687.0,707.5
-688.0,708.5
-688.0,709.5
-689.0,710.5
-685.0,702.5
-684.0,701.5
-684.0,700.5
-683.0,699.5
-683.0,698.5
-682.0,697.5
-682.0,696.5
-681.0,695.5
-681.0,694.5
-680.0,693.5
-680.0,692.5
-679.0,691.5
-679.0,690.5
-678.0,689.5
-678.0,688.5
-677.0,687.5
-677.0,686.5
-676.0,685.5
-676.0,684.5
-675.0,683.5
-675.0,682.5
-674.0,681.5
-674.0,680.5
-673.0,679.5
-673.0,678.5
-672.0,677.5
-672.0,676.5
-671.0,675.5
-671.0,674.5
-670.0,673.5
-670.0,672.5
-669.0,671.5
-669.0,670.5
-668.0,669.5
-668.0,668.5
-667.0,667.5
-667.0,666.5
-666.0,665.5
-666.0,664.5
-665.0,663.5
-665.0,662.5
-664.0,661.5
-664.0,660.5
-664.0,661.5
-665.0,662.5
-665.0,663.5
-666.0,664.5
-666.0,665.5
-667.0,666.5
-667.0,667.5
-668.0,668.5
-668.0,669.5
-669.0,670.5
-669.0,671.5
-670.0,672.5
-670.0,673.5
-671.0,674.5
-671.0,675.5
-672.0,676.5
-672.0,677.5
-673.0,678.5
-673.0,679.5
-674.0,680.5
-674.0,681.5
-675.0,682.5
-675.0,683.5
-676.0,684.5
-676.0,685.5
-677.0,686.5
-677.0,687.5
-678.0,688.5
-678.0,689.5
-679.0,690.5
-679.0,691.5
-680.0,692.5
-680.0,693.5
-681.0,694.5
-681.0,695.5
-682.0,696.5
-682.0,697.5
-683.0,698.5
-683.0,699.5
-684.0,700.5
-684.0,701.5
-663.0,658.5
-663.0,657.5
-662.0,656.5
-661.0,655.5
-662.0,654.5
-661.0,653.5
-661.0,652.5
-661.0,651.5
-660.0,650.5
-661.0,649.5
-660.0,648.5
-661.0,647.5
-661.0,646.5
-660.0,645.5
-661.0,644.5
-661.0,643.5
-660.0,643.5
-660.0,644.5
-660.0,645.5
-661.0,646.5
-661.0,647.5
-660.0,648.5
-660.0,649.5
-660.0,650.5
-661.0,651.5
-661.0,652.5
-661.0,653.5
-661.0,654.5
-661.0,655.5
-662.0,656.5
-663.0,657.5
-661.0,641.5
-660.0,640.5
-661.0,639.5
-661.0,638.5
-662.0,637.5
-662.0,636.5
-663.0,635.5
-663.0,634.5
-664.0,633.5
-664.0,632.5
-665.0,631.5
-665.0,630.5
-666.0,629.5
-666.0,628.5
-667.0,627.5
-667.0,626.5
-668.0,625.5
-668.0,624.5
-669.0,623.5
-669.0,622.5
-670.0,621.5
-671.0,620.5
-670.0,619.5
-669.0,618.5
-669.0,617.5
-668.0,616.5
-668.0,615.5
-667.0,614.5
-667.0,613.5
-666.0,612.5
-666.0,611.5
-665.0,610.5
-665.0,609.5
-664.0,608.5
-664.0,607.5
-663.0,606.5
-663.0,605.5
-662.0,604.5
-662.0,603.5
-662.0,602.5
-662.0,601.5
-662.0,600.5
-663.0,599.5
-662.0,598.5
-662.0,597.5
-661.0,596.5
-662.0,595.5
-661.0,594.5
-662.0,593.5
-662.0,592.5
-663.0,591.5
-663.0,590.5
-664.0,589.5
-664.0,588.5
-665.0,587.5
-665.0,586.5
-666.0,585.5
-666.0,584.5
-667.0,583.5
-667.0,582.5
-668.0,581.5
-668.0,580.5
-669.0,579.5
-669.0,578.5
-670.0,577.5
-670.0,576.5
-671.0,575.5
-671.0,574.5
-672.0,573.5
-672.0,572.5
-673.0,571.5
-673.0,570.5
-674.0,569.5
-674.0,568.5
-675.0,567.5
-675.0,566.5
-676.0,565.5
-676.0,564.5
-677.0,563.5
-677.0,562.5
-678.0,561.5
-678.0,560.5
-679.0,559.5
-679.0,558.5
-680.0,557.5
-680.0,556.5
-681.0,555.5
-682.0,554.5
-682.0,553.5
-683.0,552.5
-683.0,551.5
-684.0,550.5
-684.0,549.5
-685.0,548.5
-685.0,547.5
-686.0,546.5
-686.0,545.5
-687.0,544.5
-687.0,543.5
-688.0,542.5
-688.0,541.5
-689.0,540.5
-689.0,539.5
-690.0,538.5
-690.0,537.5
-691.0,536.5
-691.0,535.5
-692.0,534.5
-692.0,533.5
-693.0,532.5
-693.0,531.5
-694.0,530.5
-694.0,529.5
-695.0,528.5
-695.0,527.5
-696.0,526.5
-696.0,525.5
-697.0,524.5
-697.0,523.5
-698.0,522.5
-698.0,521.5
-699.0,520.5
-699.0,519.5
-700.0,518.5
-700.0,517.5
-701.0,516.5
-701.0,515.5
-702.0,514.5
-702.0,513.5
-703.0,512.5
-703.0,511.5
-704.0,510.5
-704.0,509.5
-705.0,508.5
-705.0,507.5
-706.0,506.5
-706.0,505.5
-707.0,504.5
-707.0,503.5
-708.0,502.5
-708.0,501.5
-709.0,500.5
-709.0,499.5
-710.0,498.5
-710.0,497.5
-711.0,496.5
-711.0,495.5
-712.0,494.5
-712.0,493.5
-713.0,492.5
-713.0,491.5
-714.0,490.5
-714.0,489.5
-715.0,488.5
-715.0,487.5
-716.0,486.5
-716.0,485.5
-717.0,484.5
-717.0,483.5
-718.0,482.5
-719.0,481.5
-719.0,480.5
-720.0,479.5
-721.0,478.5
-721.0,477.5
-721.0,476.5
-721.0,475.5
-721.0,474.5
-721.0,473.5
-721.0,472.5
-721.0,471.5
-721.0,470.5
-721.0,469.5
-721.0,468.5
-721.0,467.5
-721.0,466.5
-721.0,467.5
-721.0,468.5
-721.0,469.5
-721.0,470.5
-721.0,471.5
-721.0,472.5
-721.0,473.5
-721.0,474.5
-721.0,475.5
-721.0,476.5
-721.0,477.5
-721.0,478.5
-720.0,479.5
-719.0,480.5
-719.0,481.5
-718.0,482.5
-717.0,483.5
-717.0,484.5
-716.0,485.5
-716.0,486.5
-715.0,487.5
-715.0,488.5
-714.0,489.5
-714.0,490.5
-713.0,491.5
-713.0,492.5
-712.0,493.5
-712.0,494.5
-711.0,495.5
-711.0,496.5
-710.0,497.5
-710.0,498.5
-709.0,499.5
-709.0,500.5
-708.0,501.5
-708.0,502.5
-707.0,503.5
-707.0,504.5
-706.0,505.5
-706.0,506.5
-705.0,507.5
-705.0,508.5
-704.0,509.5
-704.0,510.5
-703.0,511.5
-703.0,512.5
-702.0,513.5
-702.0,514.5
-701.0,515.5
-701.0,516.5
-700.0,517.5
-700.0,518.5
-699.0,519.5
-699.0,520.5
-698.0,521.5
-698.0,522.5
-697.0,523.5
-697.0,524.5
-696.0,525.5
-696.0,526.5
-695.0,527.5
-695.0,528.5
-694.0,529.5
-694.0,530.5
-693.0,531.5
-693.0,532.5
-692.0,533.5
-692.0,534.5
-691.0,535.5
-691.0,536.5
-690.0,537.5
-690.0,538.5
-689.0,539.5
-689.0,540.5
-688.0,541.5
-688.0,542.5
-687.0,543.5
-687.0,544.5
-686.0,545.5
-686.0,546.5
-685.0,547.5
-685.0,548.5
-684.0,549.5
-684.0,550.5
-683.0,551.5
-683.0,552.5
-682.0,553.5
-681.0,554.5
-681.0,555.5
-680.0,556.5
-680.0,557.5
-679.0,558.5
-679.0,559.5
-678.0,560.5
-678.0,561.5
-677.0,562.5
-677.0,563.5
-676.0,564.5
-676.0,565.5
-675.0,566.5
-675.0,567.5
-674.0,568.5
-674.0,569.5
-673.0,570.5
-673.0,571.5
-672.0,572.5
-672.0,573.5
-671.0,574.5
-671.0,575.5
-670.0,576.5
-670.0,577.5
-669.0,578.5
-669.0,579.5
-668.0,580.5
-668.0,581.5
-667.0,582.5
-667.0,583.5
-666.0,584.5
-666.0,585.5
-665.0,586.5
-665.0,587.5
-664.0,588.5
-664.0,589.5
-663.0,590.5
-663.0,591.5
-662.0,592.5
-662.0,593.5
-661.0,594.5
-661.0,595.5
-661.0,596.5
-662.0,597.5
-662.0,598.5
-662.0,599.5
-662.0,600.5
-662.0,601.5
-662.0,602.5
-662.0,603.5
-662.0,604.5
-663.0,605.5
-663.0,606.5
-664.0,607.5
-664.0,608.5
-665.0,609.5
-665.0,610.5
-666.0,611.5
-666.0,612.5
-667.0,613.5
-667.0,614.5
-668.0,615.5
-668.0,616.5
-669.0,617.5
-669.0,618.5
-670.0,619.5
-670.0,620.5
-670.0,621.5
-669.0,622.5
-669.0,623.5
-668.0,624.5
-668.0,625.5
-667.0,626.5
-667.0,627.5
-666.0,628.5
-666.0,629.5
-665.0,630.5
-665.0,631.5
-664.0,632.5
-664.0,633.5
-663.0,634.5
-663.0,635.5
-662.0,636.5
-662.0,637.5
-661.0,638.5
-661.0,639.5
-660.0,640.5
-660.0,641.5
-719.0,621.5
-720.0,620.5
-721.0,621.5
-720.0,620.5
-721.0,464.5
-721.0,463.5
-721.0,462.5
-721.0,463.5
-721.0,460.5
-721.0,459.5
-721.0,458.5
-721.0,457.5
-721.0,458.5
-721.0,459.5
-721.0,455.5
-721.0,454.5
-721.0,453.5
-721.0,452.5
-721.0,451.5
-721.0,450.5
-721.0,449.5
-721.0,448.5
-721.0,447.5
-721.0,446.5
-721.0,445.5
-721.0,444.5
-721.0,443.5
-721.0,442.5
-721.0,441.5
-721.0,440.5
-721.0,439.5
-721.0,438.5
-721.0,437.5
-721.0,436.5
-721.0,435.5
-721.0,434.5
-721.0,433.5
-721.0,432.5
-721.0,431.5
-721.0,430.5
-721.0,429.5
-721.0,428.5
-721.0,427.5
-721.0,426.5
-721.0,425.5
-721.0,424.5
-721.0,423.5
-721.0,422.5
-721.0,421.5
-721.0,420.5
-721.0,419.5
-721.0,418.5
-721.0,417.5
-721.0,416.5
-721.0,415.5
-721.0,414.5
-721.0,413.5
-721.0,412.5
-721.0,411.5
-721.0,410.5
-721.0,409.5
-721.0,408.5
-721.0,407.5
-721.0,406.5
-721.0,405.5
-721.0,404.5
-721.0,403.5
-721.0,402.5
-721.0,401.5
-721.0,400.5
-721.0,399.5
-721.0,398.5
-721.0,397.5
-721.0,396.5
-721.0,395.5
-721.0,396.5
-721.0,397.5
-721.0,398.5
-721.0,399.5
-721.0,400.5
-721.0,401.5
-721.0,402.5
-721.0,403.5
-721.0,404.5
-721.0,405.5
-721.0,406.5
-721.0,407.5
-721.0,408.5
-721.0,409.5
-721.0,410.5
-721.0,411.5
-721.0,412.5
-721.0,413.5
-721.0,414.5
-721.0,415.5
-721.0,416.5
-721.0,417.5
-721.0,418.5
-721.0,419.5
-721.0,420.5
-721.0,421.5
-721.0,422.5
-721.0,423.5
-721.0,424.5
-721.0,425.5
-721.0,426.5
-721.0,427.5
-721.0,428.5
-721.0,429.5
-721.0,430.5
-721.0,431.5
-721.0,432.5
-721.0,433.5
-721.0,434.5
-721.0,435.5
-721.0,436.5
-721.0,437.5
-721.0,438.5
-721.0,439.5
-721.0,440.5
-721.0,441.5
-721.0,442.5
-721.0,443.5
-721.0,444.5
-721.0,445.5
-721.0,446.5
-721.0,447.5
-721.0,448.5
-721.0,449.5
-721.0,450.5
-721.0,451.5
-721.0,452.5
-721.0,453.5
-721.0,454.5
-694.0,393.5
-694.0,392.5
-693.0,391.5
-692.0,390.5
-693.0,391.5
-694.0,392.5
-692.0,388.5
-691.0,387.5
-691.0,386.5
-690.0,385.5
-690.0,384.5
-689.0,383.5
-689.0,382.5
-688.0,381.5
-687.0,380.5
-687.0,379.5
-686.0,378.5
-685.0,377.5
-685.0,376.5
-684.0,375.5
-684.0,374.5
-683.0,373.5
-683.0,372.5
-682.0,371.5
-682.0,370.5
-681.0,369.5
-681.0,368.5
-680.0,367.5
-680.0,366.5
-679.0,365.5
-679.0,364.5
-678.0,363.5
-678.0,362.5
-677.0,361.5
-677.0,360.5
-676.0,359.5
-676.0,358.5
-675.0,357.5
-675.0,356.5
-674.0,355.5
-674.0,354.5
-673.0,353.5
-673.0,352.5
-672.0,351.5
-672.0,350.5
-671.0,349.5
-671.0,348.5
-670.0,347.5
-670.0,346.5
-669.0,345.5
-669.0,344.5
-668.0,343.5
-668.0,342.5
-667.0,341.5
-667.0,340.5
-666.0,339.5
-666.0,338.5
-665.0,337.5
-665.0,336.5
-664.0,335.5
-664.0,334.5
-663.0,333.5
-663.0,332.5
-662.0,331.5
-662.0,330.5
-661.0,329.5
-661.0,328.5
-660.0,327.5
-660.0,326.5
-659.0,325.5
-659.0,324.5
-658.0,323.5
-658.0,322.5
-657.0,321.5
-657.0,320.5
-656.0,319.5
-656.0,318.5
-655.0,317.5
-655.0,316.5
-654.0,315.5
-654.0,314.5
-653.0,313.5
-653.0,312.5
-652.0,311.5
-652.0,310.5
-651.0,309.5
-651.0,308.5
-650.0,307.5
-650.0,306.5
-649.0,305.5
-649.0,304.5
-648.0,303.5
-648.0,302.5
-647.0,301.5
-647.0,300.5
-647.0,299.5
-646.0,298.5
-646.0,297.5
-645.0,296.5
-645.0,295.5
-644.0,294.5
-645.0,293.5
-645.0,292.5
-645.0,291.5
-645.0,290.5
-645.0,289.5
-645.0,288.5
-645.0,287.5
-645.0,286.5
-645.0,285.5
-644.0,284.5
-644.0,283.5
-644.0,282.5
-644.0,281.5
-645.0,280.5
-645.0,279.5
-646.0,278.5
-646.0,277.5
-645.0,276.5
-645.0,275.5
-644.0,274.5
-644.0,273.5
-644.0,272.5
-644.0,271.5
-644.0,270.5
-644.0,269.5
-644.0,268.5
-644.0,267.5
-645.0,266.5
-645.0,265.5
-646.0,264.5
-647.0,263.5
-648.0,262.5
-647.0,261.5
-646.0,260.5
-646.0,259.5
-645.0,258.5
-645.0,257.5
-645.0,256.5
-645.0,255.5
-645.0,254.5
-645.0,253.5
-645.0,252.5
-644.0,251.5
-645.0,250.5
-645.0,249.5
-646.0,248.5
-647.0,247.5
-648.0,246.5
-648.0,245.5
-647.0,244.5
-646.0,243.5
-646.0,242.5
-645.0,241.5
-645.0,240.5
-645.0,239.5
-645.0,238.5
-645.0,237.5
-645.0,236.5
-645.0,235.5
-645.0,234.5
-646.0,233.5
-646.0,232.5
-647.0,231.5
-647.0,230.5
-648.0,229.5
-648.0,228.5
-649.0,227.5
-650.0,226.5
-649.0,225.5
-648.0,224.5
-648.0,223.5
-647.0,222.5
-647.0,221.5
-646.0,220.5
-646.0,219.5
-645.0,218.5
-645.0,217.5
-645.0,216.5
-645.0,215.5
-645.0,214.5
-645.0,213.5
-645.0,212.5
-645.0,211.5
-646.0,210.5
-646.0,209.5
-647.0,208.5
-647.0,207.5
-648.0,206.5
-648.0,205.5
-649.0,204.5
-649.0,203.5
-650.0,202.5
-651.0,201.5
-650.0,200.5
-649.0,199.5
-649.0,198.5
-648.0,197.5
-648.0,196.5
-647.0,195.5
-647.0,194.5
-646.0,193.5
-646.0,192.5
-645.0,191.5
-645.0,190.5
-645.0,189.5
-645.0,188.5
-645.0,187.5
-645.0,186.5
-645.0,185.5
-646.0,184.5
-646.0,183.5
-645.0,182.5
-646.0,181.5
-647.0,180.5
-646.0,179.5
-647.0,178.5
-648.0,177.5
-647.0,176.5
-646.0,175.5
-646.0,174.5
-645.0,173.5
-646.0,172.5
-646.0,171.5
-646.0,170.5
-646.0,169.5
-645.0,168.5
-646.0,167.5
-646.0,166.5
-647.0,165.5
-647.0,164.5
-648.0,163.5
-648.0,162.5
-649.0,161.5
-649.0,160.5
-650.0,159.5
-650.0,158.5
-651.0,157.5
-651.0,156.5
-650.0,155.5
-650.0,154.5
-649.0,153.5
-649.0,152.5
-648.0,151.5
-648.0,150.5
-647.0,149.5
-647.0,148.5
-646.0,147.5
-646.0,146.5
-645.0,145.5
-645.0,144.5
-645.0,143.5
-645.0,142.5
-645.0,141.5
-645.0,140.5
-645.0,139.5
-645.0,138.5
-646.0,137.5
-646.0,136.5
-647.0,135.5
-647.0,134.5
-646.0,133.5
-646.0,132.5
-645.0,131.5
-645.0,130.5
-645.0,129.5
-645.0,128.5
-645.0,127.5
-645.0,126.5
-645.0,125.5
-646.0,124.5
-646.0,123.5
-646.0,122.5
-647.0,121.5
-647.0,120.5
-648.0,119.5
-647.0,118.5
-647.0,117.5
-647.0,116.5
-647.0,115.5
-648.0,114.5
-647.0,113.5
-647.0,112.5
-647.0,111.5
-647.0,110.5
-646.0,109.5
-646.0,108.5
-646.0,107.5
-645.0,106.5
-646.0,105.5
-646.0,104.5
-645.0,103.5
-646.0,102.5
-646.0,101.5
-647.0,100.5
-647.0,99.5
-648.0,98.5
-649.0,97.5
-649.0,96.5
-648.0,95.5
-647.0,94.5
-647.0,93.5
-646.0,92.5
-646.0,91.5
-646.0,90.5
-646.0,89.5
-645.0,88.5
-646.0,87.5
-646.0,86.5
-645.0,85.5
-646.0,84.5
-646.0,83.5
-647.0,82.5
-646.0,81.5
-647.0,80.5
-647.0,79.5
-646.0,78.5
-647.0,77.5
-647.0,76.5
-648.0,75.5
-648.0,74.5
-649.0,73.5
-649.0,72.5
-650.0,71.5
-650.0,70.5
-651.0,69.5
-651.0,68.5
-652.0,67.5
-652.0,66.5
-653.0,65.5
-653.0,64.5
-654.0,63.5
-654.0,62.5
-655.0,61.5
-655.0,60.5
-656.0,59.5
-656.0,58.5
-657.0,57.5
-657.0,56.5
-658.0,55.5
-658.0,54.5
-659.0,53.5
-659.0,52.5
-660.0,51.5
-661.0,50.5
-661.0,49.5
-661.0,48.5
-661.0,47.5
-661.0,46.5
-661.0,45.5
-661.0,44.5
-661.0,43.5
-660.0,42.5
-660.0,41.5
-660.0,40.5
-660.0,39.5
-660.0,38.5
-660.0,37.5
-660.0,36.5
-660.0,35.5
-660.0,34.5
-660.0,33.5
-660.0,32.5
-660.0,31.5
-660.0,30.5
-660.0,29.5
-660.0,28.5
-660.0,27.5
-660.0,26.5
-660.0,25.5
-660.0,24.5
-660.0,23.5
-660.0,22.5
-660.0,21.5
-660.0,20.5
-660.0,19.5
-660.0,18.5
-660.0,17.5
-660.0,16.5
-660.0,15.5
-660.0,14.5
-660.0,13.5
-660.0,12.5
-660.0,11.5
-660.0,10.5
-659.0,9.5
-660.0,8.5
-660.0,7.5
-660.0,6.5
-659.0,5.5
-660.0,4.5
-659.0,3.5
-660.0,2.5
-660.0,1.5
-660.0,0.5
-660.0,-0.5
-660.0,-1.5
-660.0,-2.5
-660.0,-3.5
-660.0,-4.5
-660.0,-5.5
-660.0,-6.5
-660.0,-7.5
-660.0,-8.5
-660.0,-9.5
-660.0,-10.5
-660.0,-11.5
-659.0,-11.5
-659.0,-10.5
-659.0,-9.5
-659.0,-8.5
-659.0,-7.5
-659.0,-6.5
-659.0,-5.5
-659.0,-4.5
-659.0,-3.5
-659.0,-2.5
-659.0,-1.5
-659.0,-0.5
-659.0,0.5
-659.0,1.5
-659.0,2.5
-659.0,3.5
-660.0,4.5
-659.0,5.5
-659.0,6.5
-659.0,7.5
-659.0,8.5
-659.0,9.5
-660.0,10.5
-660.0,11.5
-660.0,12.5
-660.0,13.5
-660.0,14.5
-660.0,15.5
-660.0,16.5
-660.0,17.5
-660.0,18.5
-660.0,19.5
-660.0,20.5
-660.0,21.5
-660.0,22.5
-660.0,23.5
-660.0,24.5
-660.0,25.5
-660.0,26.5
-660.0,27.5
-660.0,28.5
-660.0,29.5
-660.0,30.5
-660.0,31.5
-660.0,32.5
-660.0,33.5
-660.0,34.5
-660.0,35.5
-660.0,36.5
-660.0,37.5
-660.0,38.5
-660.0,39.5
-660.0,40.5
-660.0,41.5
-660.0,42.5
-660.0,43.5
-660.0,44.5
-660.0,45.5
-660.0,46.5
-660.0,47.5
-660.0,48.5
-660.0,49.5
-660.0,50.5
-660.0,51.5
-659.0,52.5
-659.0,53.5
-658.0,54.5
-658.0,55.5
-657.0,56.5
-657.0,57.5
-656.0,58.5
-656.0,59.5
-655.0,60.5
-655.0,61.5
-654.0,62.5
-654.0,63.5
-653.0,64.5
-653.0,65.5
-652.0,66.5
-652.0,67.5
-651.0,68.5
-651.0,69.5
-650.0,70.5
-650.0,71.5
-649.0,72.5
-649.0,73.5
-648.0,74.5
-648.0,75.5
-647.0,76.5
-647.0,77.5
-646.0,78.5
-646.0,79.5
-646.0,80.5
-646.0,81.5
-647.0,82.5
-646.0,83.5
-646.0,84.5
-645.0,85.5
-645.0,86.5
-645.0,87.5
-645.0,88.5
-646.0,89.5
-646.0,90.5
-646.0,91.5
-646.0,92.5
-647.0,93.5
-647.0,94.5
-648.0,95.5
-648.0,96.5
-648.0,97.5
-648.0,98.5
-647.0,99.5
-647.0,100.5
-646.0,101.5
-646.0,102.5
-645.0,103.5
-645.0,104.5
-645.0,105.5
-645.0,106.5
-646.0,107.5
-646.0,108.5
-646.0,109.5
-647.0,110.5
-647.0,111.5
-647.0,112.5
-647.0,113.5
-647.0,114.5
-647.0,115.5
-647.0,116.5
-647.0,117.5
-647.0,118.5
-648.0,119.5
-647.0,120.5
-647.0,121.5
-646.0,122.5
-646.0,123.5
-646.0,124.5
-645.0,125.5
-645.0,126.5
-645.0,127.5
-645.0,128.5
-645.0,129.5
-645.0,130.5
-645.0,131.5
-646.0,132.5
-646.0,133.5
-647.0,134.5
-647.0,135.5
-646.0,136.5
-646.0,137.5
-645.0,138.5
-645.0,139.5
-645.0,140.5
-645.0,141.5
-645.0,142.5
-645.0,143.5
-645.0,144.5
-645.0,145.5
-646.0,146.5
-646.0,147.5
-647.0,148.5
-647.0,149.5
-648.0,150.5
-648.0,151.5
-649.0,152.5
-649.0,153.5
-650.0,154.5
-650.0,155.5
-651.0,156.5
-651.0,157.5
-650.0,158.5
-650.0,159.5
-649.0,160.5
-649.0,161.5
-648.0,162.5
-648.0,163.5
-647.0,164.5
-647.0,165.5
-646.0,166.5
-646.0,167.5
-645.0,168.5
-645.0,169.5
-645.0,170.5
-645.0,171.5
-645.0,172.5
-645.0,173.5
-646.0,174.5
-646.0,175.5
-647.0,176.5
-647.0,177.5
-647.0,178.5
-646.0,179.5
-646.0,180.5
-646.0,181.5
-645.0,182.5
-645.0,183.5
-645.0,184.5
-645.0,185.5
-645.0,186.5
-645.0,187.5
-645.0,188.5
-645.0,189.5
-645.0,190.5
-645.0,191.5
-646.0,192.5
-646.0,193.5
-647.0,194.5
-647.0,195.5
-648.0,196.5
-648.0,197.5
-649.0,198.5
-649.0,199.5
-650.0,200.5
-650.0,201.5
-650.0,202.5
-649.0,203.5
-649.0,204.5
-648.0,205.5
-648.0,206.5
-647.0,207.5
-647.0,208.5
-646.0,209.5
-646.0,210.5
-645.0,211.5
-645.0,212.5
-645.0,213.5
-645.0,214.5
-645.0,215.5
-645.0,216.5
-645.0,217.5
-645.0,218.5
-646.0,219.5
-646.0,220.5
-647.0,221.5
-647.0,222.5
-648.0,223.5
-648.0,224.5
-649.0,225.5
-649.0,226.5
-649.0,227.5
-648.0,228.5
-648.0,229.5
-647.0,230.5
-647.0,231.5
-646.0,232.5
-646.0,233.5
-645.0,234.5
-645.0,235.5
-645.0,236.5
-645.0,237.5
-645.0,238.5
-645.0,239.5
-645.0,240.5
-645.0,241.5
-646.0,242.5
-646.0,243.5
-647.0,244.5
-647.0,245.5
-647.0,246.5
-647.0,247.5
-646.0,248.5
-645.0,249.5
-645.0,250.5
-644.0,251.5
-644.0,252.5
-644.0,253.5
-644.0,254.5
-644.0,255.5
-644.0,256.5
-644.0,257.5
-645.0,258.5
-646.0,259.5
-646.0,260.5
-647.0,261.5
-647.0,262.5
-646.0,263.5
-646.0,264.5
-645.0,265.5
-645.0,266.5
-644.0,267.5
-644.0,268.5
-644.0,269.5
-644.0,270.5
-644.0,271.5
-644.0,272.5
-644.0,273.5
-644.0,274.5
-645.0,275.5
-645.0,276.5
-646.0,277.5
-646.0,278.5
-645.0,279.5
-645.0,280.5
-644.0,281.5
-644.0,282.5
-644.0,283.5
-644.0,284.5
-645.0,285.5
-644.0,286.5
-644.0,287.5
-644.0,288.5
-644.0,289.5
-644.0,290.5
-644.0,291.5
-644.0,292.5
-644.0,293.5
-644.0,294.5
-645.0,295.5
-645.0,296.5
-646.0,297.5
-646.0,298.5
-647.0,299.5
-647.0,300.5
-647.0,301.5
-648.0,302.5
-648.0,303.5
-649.0,304.5
-649.0,305.5
-650.0,306.5
-650.0,307.5
-651.0,308.5
-651.0,309.5
-652.0,310.5
-652.0,311.5
-653.0,312.5
-653.0,313.5
-654.0,314.5
-654.0,315.5
-655.0,316.5
-655.0,317.5
-656.0,318.5
-656.0,319.5
-657.0,320.5
-657.0,321.5
-658.0,322.5
-658.0,323.5
-659.0,324.5
-659.0,325.5
-660.0,326.5
-660.0,327.5
-661.0,328.5
-661.0,329.5
-662.0,330.5
-662.0,331.5
-663.0,332.5
-663.0,333.5
-664.0,334.5
-664.0,335.5
-665.0,336.5
-665.0,337.5
-666.0,338.5
-666.0,339.5
-667.0,340.5
-667.0,341.5
-668.0,342.5
-668.0,343.5
-669.0,344.5
-669.0,345.5
-670.0,346.5
-670.0,347.5
-671.0,348.5
-671.0,349.5
-672.0,350.5
-672.0,351.5
-673.0,352.5
-673.0,353.5
-674.0,354.5
-674.0,355.5
-675.0,356.5
-675.0,357.5
-676.0,358.5
-676.0,359.5
-677.0,360.5
-677.0,361.5
-678.0,362.5
-678.0,363.5
-679.0,364.5
-679.0,365.5
-680.0,366.5
-680.0,367.5
-681.0,368.5
-681.0,369.5
-682.0,370.5
-682.0,371.5
-683.0,372.5
-683.0,373.5
-684.0,374.5
-684.0,375.5
-685.0,376.5
-685.0,377.5
-686.0,378.5
-687.0,379.5
-687.0,380.5
-688.0,381.5
-689.0,382.5
-689.0,383.5
-690.0,384.5
-690.0,385.5
-691.0,386.5
-691.0,387.5
-689.0,304.5
-690.0,303.5
-691.0,301.5
-691.0,300.5
-691.0,299.5
-691.0,298.5
-691.0,297.5
-691.0,296.5
-691.0,297.5
-691.0,298.5
-691.0,299.5
-691.0,300.5
-687.0,296.5
-686.0,295.5
-685.0,296.5
-684.0,297.5
-685.0,296.5
-686.0,295.5
-686.0,291.5
-686.0,290.5
-686.0,289.5
-686.0,288.5
-686.0,287.5
-686.0,286.5
-686.0,287.5
-686.0,288.5
-686.0,289.5
-686.0,290.5
-692.0,288.5
-692.0,287.5
-692.0,285.5
-693.0,284.5
-694.0,283.5
-694.0,282.5
-693.0,282.5
-692.0,281.5
-691.0,280.5
-690.0,280.5
-689.0,279.5
-688.0,279.5
-687.0,279.5
-686.0,278.5
-685.0,278.5
-684.0,277.5
-684.0,278.5
-685.0,279.5
-686.0,279.5
-687.0,279.5
-688.0,279.5
-689.0,280.5
-690.0,280.5
-691.0,280.5
-692.0,281.5
-693.0,282.5
-694.0,283.5
-693.0,284.5
-682.0,278.5
-682.0,277.5
-686.0,264.5
-685.0,263.5
-686.0,264.5
-687.0,264.5
-688.0,264.5
-689.0,265.5
-690.0,265.5
-691.0,265.5
-692.0,266.5
-693.0,266.5
-694.0,267.5
-694.0,266.5
-693.0,266.5
-692.0,266.5
-691.0,265.5
-690.0,265.5
-689.0,264.5
-688.0,264.5
-687.0,263.5
-683.0,262.5
-682.0,263.5
-690.0,252.5
-691.0,252.5
-691.0,251.5
-690.0,250.5
-691.0,249.5
-691.0,248.5
-691.0,247.5
-690.0,246.5
-691.0,245.5
-690.0,246.5
-689.0,245.5
-688.0,245.5
-687.0,244.5
-686.0,245.5
-687.0,244.5
-688.0,245.5
-688.0,246.5
-689.0,245.5
-690.0,246.5
-691.0,247.5
-691.0,248.5
-691.0,249.5
-690.0,250.5
-690.0,251.5
-693.0,234.5
-694.0,234.5
-694.0,233.5
-693.0,233.5
-692.0,233.5
-691.0,232.5
-690.0,231.5
-689.0,231.5
-688.0,230.5
-687.0,229.5
-686.0,228.5
-685.0,228.5
-686.0,228.5
-687.0,229.5
-687.0,230.5
-688.0,230.5
-689.0,231.5
-690.0,232.5
-691.0,232.5
-692.0,233.5
-706.0,234.5
-707.0,233.5
-707.0,232.5
-708.0,231.5
-708.0,230.5
-708.0,229.5
-708.0,228.5
-708.0,227.5
-707.0,226.5
-708.0,225.5
-707.0,224.5
-707.0,223.5
-707.0,222.5
-707.0,221.5
-706.0,220.5
-706.0,219.5
-705.0,218.5
-705.0,217.5
-705.0,216.5
-705.0,215.5
-705.0,216.5
-705.0,217.5
-705.0,218.5
-706.0,219.5
-706.0,220.5
-707.0,221.5
-706.0,222.5
-707.0,223.5
-707.0,224.5
-708.0,225.5
-707.0,226.5
-708.0,227.5
-708.0,228.5
-708.0,229.5
-708.0,230.5
-708.0,231.5
-707.0,232.5
-707.0,233.5
-706.0,234.5
-707.0,235.5
-707.0,236.5
-708.0,237.5
-708.0,238.5
-708.0,239.5
-708.0,240.5
-708.0,241.5
-708.0,242.5
-708.0,243.5
-708.0,244.5
-708.0,245.5
-708.0,246.5
-708.0,247.5
-708.0,248.5
-708.0,249.5
-708.0,250.5
-708.0,251.5
-708.0,252.5
-708.0,253.5
-708.0,254.5
-708.0,255.5
-708.0,256.5
-708.0,257.5
-709.0,258.5
-709.0,259.5
-708.0,260.5
-708.0,261.5
-708.0,262.5
-707.0,263.5
-707.0,264.5
-706.0,265.5
-706.0,266.5
-705.0,267.5
-706.0,268.5
-706.0,269.5
-707.0,270.5
-707.0,271.5
-707.0,270.5
-706.0,269.5
-706.0,268.5
-705.0,267.5
-706.0,266.5
-706.0,265.5
-707.0,264.5
-707.0,263.5
-708.0,262.5
-708.0,261.5
-708.0,260.5
-709.0,259.5
-709.0,258.5
-708.0,257.5
-708.0,256.5
-708.0,255.5
-708.0,254.5
-708.0,253.5
-708.0,252.5
-708.0,251.5
-708.0,250.5
-708.0,249.5
-708.0,248.5
-708.0,247.5
-708.0,246.5
-708.0,245.5
-708.0,244.5
-708.0,243.5
-708.0,242.5
-708.0,241.5
-708.0,240.5
-708.0,239.5
-708.0,238.5
-708.0,237.5
-707.0,236.5
-707.0,235.5
-706.0,213.5
-706.0,212.5
-707.0,211.5
-707.0,210.5
-707.0,209.5
-707.0,208.5
-707.0,207.5
-707.0,206.5
-707.0,205.5
-707.0,204.5
-707.0,203.5
-706.0,202.5
-706.0,201.5
-705.0,200.5
-705.0,199.5
-704.0,198.5
-705.0,197.5
-705.0,196.5
-706.0,195.5
-706.0,194.5
-707.0,193.5
-707.0,192.5
-707.0,191.5
-707.0,190.5
-707.0,189.5
-707.0,188.5
-707.0,187.5
-707.0,186.5
-707.0,185.5
-707.0,184.5
-707.0,183.5
-706.0,182.5
-705.0,181.5
-705.0,180.5
-705.0,179.5
-706.0,178.5
-706.0,177.5
-707.0,176.5
-707.0,175.5
-707.0,174.5
-707.0,173.5
-707.0,172.5
-707.0,171.5
-707.0,170.5
-706.0,171.5
-706.0,172.5
-706.0,173.5
-706.0,174.5
-706.0,175.5
-707.0,176.5
-706.0,177.5
-706.0,178.5
-705.0,179.5
-704.0,180.5
-705.0,181.5
-706.0,182.5
-707.0,183.5
-706.0,184.5
-706.0,185.5
-706.0,186.5
-707.0,187.5
-707.0,188.5
-707.0,189.5
-707.0,190.5
-707.0,191.5
-707.0,192.5
-707.0,193.5
-706.0,194.5
-706.0,195.5
-705.0,196.5
-705.0,197.5
-704.0,198.5
-705.0,199.5
-705.0,200.5
-706.0,201.5
-706.0,202.5
-707.0,203.5
-707.0,204.5
-707.0,205.5
-707.0,206.5
-707.0,207.5
-707.0,208.5
-707.0,209.5
-707.0,210.5
-707.0,211.5
-706.0,212.5
-689.0,198.5
-688.0,198.5
-687.0,199.5
-686.0,200.5
-685.0,200.5
-685.0,201.5
-686.0,201.5
-687.0,200.5
-688.0,199.5
-689.0,191.5
-690.0,190.5
-689.0,189.5
-689.0,188.5
-689.0,189.5
-690.0,190.5
-692.0,178.5
-693.0,178.5
-694.0,178.5
-693.0,177.5
-692.0,177.5
-691.0,177.5
-690.0,176.5
-689.0,176.5
-688.0,176.5
-688.0,177.5
-689.0,177.5
-690.0,177.5
-691.0,177.5
-686.0,177.5
-686.0,176.5
-691.0,158.5
-690.0,157.5
-689.0,157.5
-688.0,156.5
-687.0,156.5
-686.0,157.5
-685.0,156.5
-684.0,157.5
-683.0,156.5
-684.0,157.5
-685.0,156.5
-686.0,157.5
-687.0,157.5
-688.0,156.5
-689.0,157.5
-690.0,157.5
-691.0,158.5
-692.0,158.5
-693.0,157.5
-694.0,158.5
-693.0,157.5
-692.0,157.5
-700.0,158.5
-701.0,159.5
-702.0,160.5
-702.0,161.5
-703.0,162.5
-703.0,163.5
-704.0,164.5
-704.0,165.5
-705.0,166.5
-705.0,167.5
-706.0,168.5
-705.0,167.5
-705.0,166.5
-704.0,165.5
-704.0,164.5
-703.0,163.5
-703.0,162.5
-702.0,161.5
-702.0,160.5
-701.0,159.5
-701.0,158.5
-701.0,157.5
-702.0,156.5
-702.0,155.5
-703.0,154.5
-703.0,153.5
-704.0,152.5
-704.0,151.5
-704.0,152.5
-703.0,153.5
-703.0,154.5
-702.0,155.5
-702.0,156.5
-701.0,157.5
-705.0,149.5
-705.0,148.5
-706.0,147.5
-706.0,146.5
-706.0,145.5
-706.0,144.5
-706.0,143.5
-706.0,142.5
-706.0,141.5
-706.0,140.5
-705.0,139.5
-705.0,138.5
-704.0,137.5
-704.0,136.5
-703.0,135.5
-703.0,134.5
-702.0,133.5
-703.0,132.5
-702.0,133.5
-703.0,134.5
-703.0,135.5
-704.0,136.5
-704.0,137.5
-705.0,138.5
-705.0,139.5
-706.0,140.5
-706.0,141.5
-706.0,142.5
-706.0,143.5
-706.0,144.5
-706.0,145.5
-706.0,146.5
-706.0,147.5
-705.0,148.5
-703.0,130.5
-704.0,129.5
-704.0,128.5
-705.0,127.5
-705.0,126.5
-706.0,125.5
-705.0,124.5
-706.0,123.5
-706.0,122.5
-706.0,121.5
-706.0,120.5
-706.0,119.5
-706.0,118.5
-705.0,117.5
-705.0,116.5
-705.0,115.5
-705.0,114.5
-706.0,113.5
-706.0,112.5
-706.0,111.5
-705.0,110.5
-705.0,109.5
-704.0,108.5
-704.0,107.5
-703.0,106.5
-704.0,105.5
-704.0,104.5
-705.0,103.5
-705.0,102.5
-706.0,101.5
-706.0,100.5
-706.0,99.5
-706.0,98.5
-706.0,97.5
-706.0,96.5
-706.0,95.5
-706.0,94.5
-706.0,93.5
-705.0,92.5
-705.0,91.5
-704.0,90.5
-703.0,89.5
-703.0,88.5
-702.0,87.5
-702.0,86.5
-703.0,85.5
-703.0,84.5
-704.0,83.5
-704.0,82.5
-705.0,81.5
-705.0,80.5
-705.0,79.5
-706.0,78.5
-706.0,77.5
-706.0,76.5
-706.0,75.5
-706.0,74.5
-706.0,73.5
-705.0,72.5
-705.0,71.5
-704.0,70.5
-704.0,69.5
-703.0,68.5
-703.0,67.5
-702.0,66.5
-701.0,65.5
-701.0,64.5
-700.0,63.5
-700.0,62.5
-699.0,61.5
-699.0,60.5
-698.0,59.5
-697.0,58.5
-697.0,57.5
-696.0,56.5
-695.0,55.5
-696.0,56.5
-697.0,57.5
-697.0,58.5
-698.0,59.5
-699.0,60.5
-699.0,61.5
-700.0,62.5
-700.0,63.5
-701.0,64.5
-701.0,65.5
-702.0,66.5
-702.0,67.5
-703.0,68.5
-704.0,69.5
-704.0,70.5
-705.0,71.5
-705.0,72.5
-706.0,73.5
-705.0,74.5
-706.0,75.5
-706.0,76.5
-706.0,77.5
-706.0,78.5
-705.0,79.5
-705.0,80.5
-705.0,81.5
-704.0,82.5
-704.0,83.5
-703.0,84.5
-703.0,85.5
-702.0,86.5
-702.0,87.5
-703.0,88.5
-703.0,89.5
-704.0,90.5
-704.0,91.5
-705.0,92.5
-706.0,93.5
-706.0,94.5
-706.0,95.5
-706.0,96.5
-706.0,97.5
-706.0,98.5
-706.0,99.5
-706.0,100.5
-706.0,101.5
-705.0,102.5
-705.0,103.5
-704.0,104.5
-704.0,105.5
-703.0,106.5
-704.0,107.5
-704.0,108.5
-705.0,109.5
-705.0,110.5
-706.0,111.5
-705.0,112.5
-706.0,113.5
-705.0,114.5
-704.0,115.5
-704.0,116.5
-705.0,117.5
-706.0,118.5
-705.0,119.5
-705.0,120.5
-705.0,121.5
-705.0,122.5
-705.0,123.5
-705.0,124.5
-706.0,125.5
-705.0,126.5
-705.0,127.5
-704.0,128.5
-704.0,129.5
-694.0,133.5
-693.0,134.5
-691.0,134.5
-691.0,133.5
-690.0,134.5
-689.0,134.5
-688.0,135.5
-687.0,134.5
-687.0,135.5
-688.0,135.5
-689.0,134.5
-690.0,134.5
-685.0,134.5
-685.0,135.5
-683.0,135.5
-683.0,134.5
-686.0,120.5
-686.0,119.5
-688.0,119.5
-689.0,118.5
-690.0,118.5
-691.0,118.5
-692.0,117.5
-693.0,117.5
-694.0,116.5
-695.0,115.5
-696.0,116.5
-695.0,115.5
-694.0,116.5
-693.0,116.5
-692.0,116.5
-691.0,117.5
-690.0,117.5
-689.0,118.5
-696.0,106.5
-697.0,105.5
-696.0,106.5
-695.0,105.5
-694.0,104.5
-693.0,104.5
-692.0,103.5
-691.0,102.5
-690.0,101.5
-689.0,100.5
-688.0,99.5
-687.0,98.5
-686.0,98.5
-685.0,98.5
-686.0,99.5
-687.0,99.5
-688.0,100.5
-689.0,100.5
-690.0,101.5
-691.0,102.5
-692.0,103.5
-693.0,104.5
-694.0,105.5
-695.0,105.5
-694.0,87.5
-695.0,86.5
-694.0,87.5
-693.0,86.5
-691.0,85.5
-690.0,85.5
-688.0,84.5
-687.0,84.5
-686.0,83.5
-685.0,82.5
-685.0,83.5
-686.0,83.5
-687.0,84.5
-660.0,-13.5
-660.0,-14.5
-659.0,-15.5
-659.0,-16.5
-659.0,-17.5
-659.0,-18.5
-659.0,-19.5
-660.0,-20.5
-660.0,-21.5
-660.0,-22.5
-660.0,-23.5
-660.0,-24.5
-660.0,-25.5
-660.0,-26.5
-660.0,-27.5
-660.0,-28.5
-660.0,-29.5
-660.0,-30.5
-660.0,-31.5
-660.0,-32.5
-660.0,-33.5
-660.0,-34.5
-660.0,-35.5
-660.0,-36.5
-660.0,-37.5
-660.0,-38.5
-660.0,-39.5
-660.0,-40.5
-660.0,-41.5
-660.0,-42.5
-660.0,-43.5
-660.0,-44.5
-660.0,-45.5
-660.0,-46.5
-660.0,-47.5
-660.0,-48.5
-660.0,-49.5
-660.0,-50.5
-660.0,-51.5
-660.0,-52.5
-659.0,-53.5
-660.0,-54.5
-659.0,-55.5
-660.0,-56.5
-659.0,-57.5
-658.0,-58.5
-659.0,-59.5
-659.0,-60.5
-659.0,-61.5
-659.0,-62.5
-658.0,-63.5
-657.0,-64.5
-657.0,-65.5
-656.0,-66.5
-656.0,-67.5
-655.0,-68.5
-655.0,-69.5
-654.0,-70.5
-654.0,-71.5
-653.0,-72.5
-653.0,-73.5
-652.0,-74.5
-652.0,-75.5
-651.0,-76.5
-651.0,-77.5
-650.0,-78.5
-650.0,-79.5
-649.0,-80.5
-649.0,-81.5
-648.0,-82.5
-648.0,-83.5
-647.0,-84.5
-648.0,-85.5
-648.0,-86.5
-648.0,-87.5
-647.0,-88.5
-648.0,-89.5
-648.0,-90.5
-648.0,-91.5
-648.0,-92.5
-648.0,-93.5
-649.0,-94.5
-649.0,-95.5
-649.0,-96.5
-650.0,-97.5
-650.0,-98.5
-651.0,-99.5
-652.0,-100.5
-651.0,-101.5
-652.0,-102.5
-652.0,-103.5
-652.0,-104.5
-652.0,-105.5
-653.0,-106.5
-652.0,-107.5
-653.0,-108.5
-653.0,-109.5
-654.0,-110.5
-654.0,-111.5
-654.0,-112.5
-655.0,-113.5
-656.0,-114.5
-655.0,-115.5
-656.0,-116.5
-656.0,-117.5
-657.0,-118.5
-657.0,-119.5
-658.0,-120.5
-658.0,-121.5
-659.0,-122.5
-659.0,-123.5
-660.0,-124.5
-660.0,-125.5
-661.0,-126.5
-662.0,-127.5
-663.0,-128.5
-662.0,-128.5
-661.0,-129.5
-660.0,-130.5
-660.0,-131.5
-659.0,-132.5
-659.0,-133.5
-658.0,-134.5
-658.0,-135.5
-657.0,-136.5
-657.0,-137.5
-656.0,-138.5
-656.0,-139.5
-655.0,-140.5
-655.0,-141.5
-654.0,-142.5
-654.0,-143.5
-653.0,-144.5
-653.0,-145.5
-653.0,-144.5
-654.0,-143.5
-654.0,-142.5
-655.0,-141.5
-655.0,-140.5
-656.0,-139.5
-656.0,-138.5
-657.0,-137.5
-657.0,-136.5
-658.0,-135.5
-658.0,-134.5
-659.0,-133.5
-659.0,-132.5
-660.0,-131.5
-660.0,-130.5
-661.0,-129.5
-661.0,-128.5
-661.0,-127.5
-661.0,-126.5
-660.0,-125.5
-660.0,-124.5
-659.0,-123.5
-659.0,-122.5
-658.0,-121.5
-658.0,-120.5
-657.0,-119.5
-657.0,-118.5
-656.0,-117.5
-656.0,-116.5
-655.0,-115.5
-655.0,-114.5
-655.0,-113.5
-654.0,-112.5
-654.0,-111.5
-654.0,-110.5
-653.0,-109.5
-653.0,-108.5
-652.0,-107.5
-652.0,-106.5
-652.0,-105.5
-652.0,-104.5
-652.0,-103.5
-652.0,-102.5
-651.0,-101.5
-651.0,-100.5
-651.0,-99.5
-650.0,-98.5
-650.0,-97.5
-649.0,-96.5
-649.0,-95.5
-649.0,-94.5
-648.0,-93.5
-648.0,-92.5
-648.0,-91.5
-648.0,-90.5
-648.0,-89.5
-647.0,-88.5
-647.0,-87.5
-647.0,-86.5
-647.0,-85.5
-647.0,-84.5
-648.0,-83.5
-648.0,-82.5
-649.0,-81.5
-649.0,-80.5
-650.0,-79.5
-650.0,-78.5
-651.0,-77.5
-651.0,-76.5
-652.0,-75.5
-652.0,-74.5
-653.0,-73.5
-653.0,-72.5
-654.0,-71.5
-654.0,-70.5
-655.0,-69.5
-655.0,-68.5
-656.0,-67.5
-656.0,-66.5
-657.0,-65.5
-657.0,-64.5
-658.0,-63.5
-658.0,-62.5
-658.0,-61.5
-658.0,-60.5
-658.0,-59.5
-658.0,-58.5
-659.0,-57.5
-659.0,-56.5
-659.0,-55.5
-660.0,-54.5
-659.0,-53.5
-659.0,-52.5
-659.0,-51.5
-659.0,-50.5
-659.0,-49.5
-659.0,-48.5
-659.0,-47.5
-659.0,-46.5
-659.0,-45.5
-659.0,-44.5
-659.0,-43.5
-659.0,-42.5
-659.0,-41.5
-659.0,-40.5
-659.0,-39.5
-659.0,-38.5
-659.0,-37.5
-659.0,-36.5
-659.0,-35.5
-659.0,-34.5
-659.0,-33.5
-659.0,-32.5
-659.0,-31.5
-659.0,-30.5
-659.0,-29.5
-659.0,-28.5
-659.0,-27.5
-659.0,-26.5
-659.0,-25.5
-659.0,-24.5
-659.0,-23.5
-659.0,-22.5
-659.0,-21.5
-660.0,-20.5
-659.0,-19.5
-659.0,-18.5
-659.0,-17.5
-659.0,-16.5
-659.0,-15.5
-660.0,-14.5
-659.0,-13.5
-690.0,-71.5
-690.0,-72.5
-691.0,-75.5
-692.0,-76.5
-692.0,-77.5
-692.0,-76.5
-697.0,-79.5
-697.0,-80.5
-698.0,-81.5
-697.0,-80.5
-667.0,-130.5
-668.0,-131.5
-669.0,-132.5
-670.0,-133.5
-671.0,-134.5
-672.0,-135.5
-673.0,-136.5
-674.0,-137.5
-675.0,-138.5
-676.0,-139.5
-677.0,-140.5
-678.0,-141.5
-679.0,-142.5
-680.0,-143.5
-681.0,-144.5
-682.0,-145.5
-683.0,-146.5
-684.0,-147.5
-685.0,-148.5
-686.0,-149.5
-687.0,-150.5
-688.0,-151.5
-689.0,-152.5
-690.0,-153.5
-691.0,-154.5
-692.0,-155.5
-693.0,-156.5
-694.0,-157.5
-695.0,-158.5
-696.0,-159.5
-697.0,-160.5
-698.0,-161.5
-699.0,-162.5
-700.0,-163.5
-701.0,-164.5
-702.0,-165.5
-703.0,-166.5
-704.0,-167.5
-705.0,-168.5
-706.0,-169.5
-707.0,-170.5
-708.0,-171.5
-709.0,-172.5
-710.0,-173.5
-711.0,-174.5
-712.0,-175.5
-713.0,-176.5
-714.0,-177.5
-715.0,-178.5
-716.0,-179.5
-717.0,-180.5
-718.0,-180.5
-719.0,-181.5
-720.0,-182.5
-721.0,-182.5
-721.0,-183.5
-721.0,-184.5
-721.0,-183.5
-720.0,-182.5
-719.0,-181.5
-718.0,-181.5
-717.0,-180.5
-716.0,-179.5
-715.0,-178.5
-714.0,-177.5
-713.0,-176.5
-712.0,-175.5
-711.0,-174.5
-710.0,-173.5
-709.0,-173.5
-708.0,-172.5
-707.0,-171.5
-706.0,-170.5
-705.0,-169.5
-704.0,-168.5
-703.0,-167.5
-702.0,-166.5
-701.0,-165.5
-700.0,-164.5
-699.0,-163.5
-698.0,-162.5
-697.0,-161.5
-696.0,-160.5
-695.0,-159.5
-694.0,-158.5
-693.0,-157.5
-692.0,-156.5
-691.0,-155.5
-690.0,-154.5
-689.0,-153.5
-688.0,-152.5
-687.0,-151.5
-686.0,-150.5
-685.0,-149.5
-684.0,-148.5
-683.0,-147.5
-682.0,-146.5
-681.0,-145.5
-680.0,-144.5
-679.0,-143.5
-678.0,-142.5
-677.0,-141.5
-676.0,-140.5
-675.0,-139.5
-674.0,-138.5
-673.0,-137.5
-672.0,-136.5
-671.0,-135.5
-670.0,-134.5
-669.0,-133.5
-668.0,-132.5
-667.0,-131.5
-666.0,-130.5
-665.0,-129.5
-666.0,-130.5
-652.0,-147.5
-652.0,-148.5
-651.0,-149.5
-651.0,-150.5
-650.0,-151.5
-651.0,-150.5
-651.0,-149.5
-652.0,-148.5
-650.0,-153.5
-649.0,-154.5
-649.0,-155.5
-648.0,-156.5
-647.0,-157.5
-647.0,-158.5
-646.0,-159.5
-646.0,-160.5
-645.0,-161.5
-645.0,-162.5
-644.0,-163.5
-645.0,-162.5
-645.0,-161.5
-646.0,-160.5
-646.0,-159.5
-647.0,-158.5
-647.0,-157.5
-648.0,-156.5
-649.0,-155.5
-649.0,-154.5
-644.0,-165.5
-643.0,-166.5
-643.0,-167.5
-642.0,-168.5
-642.0,-169.5
-641.0,-170.5
-641.0,-171.5
-640.0,-172.5
-640.0,-173.5
-639.0,-174.5
-638.0,-175.5
-638.0,-176.5
-638.0,-175.5
-639.0,-174.5
-639.0,-173.5
-640.0,-172.5
-641.0,-171.5
-641.0,-170.5
-642.0,-169.5
-642.0,-168.5
-643.0,-167.5
-643.0,-166.5
-637.0,-178.5
-637.0,-179.5
-637.0,-180.5
-636.0,-181.5
-636.0,-182.5
-636.0,-183.5
-636.0,-184.5
-636.0,-185.5
-636.0,-186.5
-637.0,-187.5
-637.0,-188.5
-637.0,-189.5
-638.0,-190.5
-638.0,-191.5
-638.0,-192.5
-637.0,-193.5
-638.0,-194.5
-638.0,-195.5
-638.0,-196.5
-639.0,-197.5
-640.0,-198.5
-640.0,-199.5
-640.0,-200.5
-639.0,-201.5
-640.0,-202.5
-640.0,-203.5
-641.0,-204.5
-641.0,-205.5
-642.0,-206.5
-641.0,-206.5
-641.0,-205.5
-641.0,-204.5
-640.0,-203.5
-640.0,-202.5
-639.0,-201.5
-639.0,-200.5
-639.0,-199.5
-639.0,-198.5
-639.0,-197.5
-638.0,-196.5
-638.0,-195.5
-638.0,-194.5
-637.0,-193.5
-637.0,-192.5
-637.0,-191.5
-637.0,-190.5
-637.0,-189.5
-637.0,-188.5
-636.0,-187.5
-636.0,-186.5
-636.0,-185.5
-636.0,-184.5
-636.0,-183.5
-636.0,-182.5
-636.0,-181.5
-636.0,-180.5
-637.0,-179.5
-641.0,-208.5
-642.0,-208.5
-641.0,-209.5
-642.0,-210.5
-643.0,-211.5
-643.0,-212.5
-644.0,-213.5
-644.0,-214.5
-643.0,-215.5
-644.0,-216.5
-645.0,-217.5
-644.0,-218.5
-645.0,-219.5
-645.0,-220.5
-645.0,-221.5
-646.0,-222.5
-646.0,-223.5
-647.0,-224.5
-646.0,-225.5
-647.0,-226.5
-647.0,-227.5
-648.0,-228.5
-648.0,-229.5
-649.0,-230.5
-648.0,-231.5
-649.0,-232.5
-649.0,-233.5
-650.0,-234.5
-649.0,-235.5
-650.0,-236.5
-650.0,-237.5
-651.0,-238.5
-651.0,-239.5
-650.0,-240.5
-651.0,-241.5
-651.0,-242.5
-652.0,-243.5
-652.0,-244.5
-652.0,-245.5
-653.0,-246.5
-653.0,-247.5
-653.0,-248.5
-654.0,-249.5
-654.0,-250.5
-655.0,-251.5
-654.0,-252.5
-655.0,-253.5
-656.0,-254.5
-655.0,-255.5
-656.0,-256.5
-656.0,-257.5
-657.0,-258.5
-656.0,-259.5
-657.0,-260.5
-657.0,-261.5
-658.0,-262.5
-657.0,-263.5
-658.0,-264.5
-659.0,-265.5
-658.0,-266.5
-659.0,-267.5
-660.0,-268.5
-659.0,-269.5
-660.0,-270.5
-660.0,-271.5
-660.0,-272.5
-660.0,-273.5
-661.0,-274.5
-662.0,-275.5
-662.0,-276.5
-661.0,-277.5
-662.0,-278.5
-662.0,-279.5
-662.0,-280.5
-663.0,-281.5
-663.0,-282.5
-663.0,-283.5
-664.0,-284.5
-663.0,-285.5
-664.0,-286.5
-664.0,-287.5
-665.0,-288.5
-664.0,-289.5
-665.0,-290.5
-666.0,-291.5
-666.0,-292.5
-665.0,-293.5
-666.0,-294.5
-666.0,-295.5
-667.0,-296.5
-667.0,-297.5
-668.0,-298.5
-668.0,-299.5
-669.0,-300.5
-669.0,-301.5
-670.0,-302.5
-670.0,-303.5
-671.0,-304.5
-671.0,-305.5
-672.0,-306.5
-672.0,-307.5
-673.0,-308.5
-673.0,-309.5
-674.0,-310.5
-674.0,-311.5
-675.0,-312.5
-675.0,-313.5
-676.0,-314.5
-676.0,-315.5
-677.0,-316.5
-677.0,-317.5
-678.0,-318.5
-678.0,-319.5
-679.0,-320.5
-679.0,-321.5
-680.0,-322.5
-680.0,-323.5
-681.0,-324.5
-681.0,-325.5
-682.0,-326.5
-682.0,-327.5
-683.0,-328.5
-683.0,-329.5
-684.0,-330.5
-684.0,-331.5
-685.0,-332.5
-685.0,-333.5
-686.0,-334.5
-686.0,-335.5
-687.0,-336.5
-687.0,-337.5
-688.0,-338.5
-688.0,-339.5
-689.0,-340.5
-689.0,-341.5
-690.0,-342.5
-690.0,-343.5
-691.0,-344.5
-691.0,-345.5
-692.0,-346.5
-692.0,-347.5
-693.0,-348.5
-693.0,-349.5
-694.0,-350.5
-694.0,-351.5
-695.0,-352.5
-695.0,-353.5
-696.0,-354.5
-696.0,-355.5
-697.0,-356.5
-697.0,-357.5
-698.0,-358.5
-698.0,-359.5
-699.0,-360.5
-699.0,-361.5
-700.0,-362.5
-700.0,-363.5
-701.0,-364.5
-701.0,-365.5
-702.0,-366.5
-702.0,-367.5
-703.0,-368.5
-703.0,-369.5
-704.0,-370.5
-704.0,-371.5
-705.0,-372.5
-705.0,-373.5
-706.0,-374.5
-706.0,-375.5
-707.0,-376.5
-707.0,-377.5
-708.0,-378.5
-708.0,-379.5
-709.0,-380.5
-709.0,-381.5
-710.0,-382.5
-710.0,-383.5
-711.0,-384.5
-711.0,-385.5
-712.0,-386.5
-712.0,-387.5
-713.0,-388.5
-713.0,-389.5
-714.0,-390.5
-714.0,-391.5
-715.0,-392.5
-715.0,-393.5
-716.0,-394.5
-716.0,-395.5
-717.0,-396.5
-717.0,-397.5
-718.0,-398.5
-718.0,-399.5
-719.0,-400.5
-720.0,-401.5
-720.0,-402.5
-721.0,-403.5
-721.0,-404.5
-721.0,-405.5
-721.0,-406.5
-721.0,-407.5
-721.0,-408.5
-721.0,-409.5
-721.0,-410.5
-721.0,-411.5
-721.0,-412.5
-721.0,-413.5
-721.0,-414.5
-721.0,-415.5
-721.0,-416.5
-721.0,-417.5
-721.0,-418.5
-721.0,-419.5
-721.0,-420.5
-721.0,-421.5
-721.0,-422.5
-721.0,-423.5
-721.0,-424.5
-721.0,-425.5
-721.0,-426.5
-721.0,-427.5
-721.0,-428.5
-721.0,-429.5
-721.0,-430.5
-721.0,-431.5
-721.0,-432.5
-721.0,-433.5
-721.0,-434.5
-721.0,-435.5
-721.0,-436.5
-721.0,-437.5
-721.0,-438.5
-721.0,-439.5
-721.0,-440.5
-721.0,-441.5
-721.0,-442.5
-721.0,-443.5
-721.0,-444.5
-721.0,-445.5
-721.0,-446.5
-721.0,-447.5
-721.0,-448.5
-721.0,-449.5
-721.0,-450.5
-721.0,-451.5
-721.0,-452.5
-721.0,-453.5
-721.0,-454.5
-721.0,-455.5
-721.0,-456.5
-721.0,-457.5
-721.0,-458.5
-721.0,-459.5
-721.0,-460.5
-721.0,-461.5
-721.0,-462.5
-721.0,-463.5
-721.0,-464.5
-721.0,-465.5
-721.0,-466.5
-721.0,-467.5
-721.0,-468.5
-721.0,-469.5
-721.0,-470.5
-721.0,-471.5
-721.0,-472.5
-721.0,-473.5
-721.0,-474.5
-721.0,-475.5
-721.0,-476.5
-721.0,-477.5
-721.0,-478.5
-721.0,-479.5
-721.0,-480.5
-721.0,-481.5
-721.0,-482.5
-721.0,-483.5
-721.0,-484.5
-721.0,-485.5
-721.0,-486.5
-721.0,-487.5
-721.0,-488.5
-721.0,-489.5
-721.0,-490.5
-721.0,-491.5
-721.0,-492.5
-721.0,-493.5
-721.0,-494.5
-721.0,-495.5
-721.0,-496.5
-721.0,-497.5
-721.0,-498.5
-721.0,-499.5
-721.0,-500.5
-721.0,-501.5
-721.0,-502.5
-721.0,-503.5
-721.0,-504.5
-721.0,-505.5
-721.0,-506.5
-721.0,-507.5
-721.0,-506.5
-721.0,-505.5
-721.0,-504.5
-721.0,-503.5
-721.0,-502.5
-721.0,-501.5
-721.0,-500.5
-721.0,-499.5
-721.0,-498.5
-721.0,-497.5
-721.0,-496.5
-721.0,-495.5
-721.0,-494.5
-721.0,-493.5
-721.0,-492.5
-721.0,-491.5
-721.0,-490.5
-721.0,-489.5
-721.0,-488.5
-721.0,-487.5
-721.0,-486.5
-721.0,-485.5
-721.0,-484.5
-721.0,-483.5
-721.0,-482.5
-721.0,-481.5
-721.0,-480.5
-721.0,-479.5
-721.0,-478.5
-721.0,-477.5
-721.0,-476.5
-721.0,-475.5
-721.0,-474.5
-721.0,-473.5
-721.0,-472.5
-721.0,-471.5
-721.0,-470.5
-721.0,-469.5
-721.0,-468.5
-721.0,-467.5
-721.0,-466.5
-721.0,-465.5
-721.0,-464.5
-721.0,-463.5
-721.0,-462.5
-721.0,-461.5
-721.0,-460.5
-721.0,-459.5
-721.0,-458.5
-721.0,-457.5
-721.0,-456.5
-721.0,-455.5
-721.0,-454.5
-721.0,-453.5
-721.0,-452.5
-721.0,-451.5
-721.0,-450.5
-721.0,-449.5
-721.0,-448.5
-721.0,-447.5
-721.0,-446.5
-721.0,-445.5
-721.0,-444.5
-721.0,-443.5
-721.0,-442.5
-721.0,-441.5
-721.0,-440.5
-721.0,-439.5
-721.0,-438.5
-721.0,-437.5
-721.0,-436.5
-721.0,-435.5
-721.0,-434.5
-721.0,-433.5
-721.0,-432.5
-721.0,-431.5
-721.0,-430.5
-721.0,-429.5
-721.0,-428.5
-721.0,-427.5
-721.0,-426.5
-721.0,-425.5
-721.0,-424.5
-721.0,-423.5
-721.0,-422.5
-721.0,-421.5
-721.0,-420.5
-721.0,-419.5
-721.0,-418.5
-721.0,-417.5
-721.0,-416.5
-721.0,-415.5
-721.0,-414.5
-721.0,-413.5
-721.0,-412.5
-721.0,-411.5
-721.0,-410.5
-721.0,-409.5
-721.0,-408.5
-721.0,-407.5
-721.0,-406.5
-721.0,-405.5
-721.0,-404.5
-721.0,-403.5
-720.0,-402.5
-720.0,-401.5
-719.0,-400.5
-718.0,-399.5
-718.0,-398.5
-717.0,-397.5
-717.0,-396.5
-716.0,-395.5
-716.0,-394.5
-715.0,-393.5
-715.0,-392.5
-714.0,-391.5
-714.0,-390.5
-713.0,-389.5
-713.0,-388.5
-712.0,-387.5
-712.0,-386.5
-711.0,-385.5
-711.0,-384.5
-710.0,-383.5
-710.0,-382.5
-709.0,-381.5
-709.0,-380.5
-708.0,-379.5
-708.0,-378.5
-707.0,-377.5
-707.0,-376.5
-706.0,-375.5
-706.0,-374.5
-705.0,-373.5
-705.0,-372.5
-704.0,-371.5
-704.0,-370.5
-703.0,-369.5
-703.0,-368.5
-702.0,-367.5
-702.0,-366.5
-701.0,-365.5
-701.0,-364.5
-700.0,-363.5
-700.0,-362.5
-699.0,-361.5
-699.0,-360.5
-698.0,-359.5
-698.0,-358.5
-697.0,-357.5
-697.0,-356.5
-696.0,-355.5
-696.0,-354.5
-695.0,-353.5
-695.0,-352.5
-694.0,-351.5
-694.0,-350.5
-693.0,-349.5
-693.0,-348.5
-692.0,-347.5
-692.0,-346.5
-691.0,-345.5
-691.0,-344.5
-690.0,-343.5
-690.0,-342.5
-689.0,-341.5
-689.0,-340.5
-688.0,-339.5
-688.0,-338.5
-687.0,-337.5
-687.0,-336.5
-686.0,-335.5
-686.0,-334.5
-685.0,-333.5
-685.0,-332.5
-684.0,-331.5
-684.0,-330.5
-683.0,-329.5
-683.0,-328.5
-682.0,-327.5
-682.0,-326.5
-681.0,-325.5
-681.0,-324.5
-680.0,-323.5
-680.0,-322.5
-679.0,-321.5
-679.0,-320.5
-678.0,-319.5
-678.0,-318.5
-677.0,-317.5
-677.0,-316.5
-676.0,-315.5
-676.0,-314.5
-675.0,-313.5
-675.0,-312.5
-674.0,-311.5
-674.0,-310.5
-673.0,-309.5
-673.0,-308.5
-672.0,-307.5
-672.0,-306.5
-671.0,-305.5
-671.0,-304.5
-670.0,-303.5
-670.0,-302.5
-669.0,-301.5
-669.0,-300.5
-668.0,-299.5
-668.0,-298.5
-667.0,-297.5
-667.0,-296.5
-666.0,-295.5
-666.0,-294.5
-665.0,-293.5
-665.0,-292.5
-665.0,-291.5
-665.0,-290.5
-664.0,-289.5
-664.0,-288.5
-664.0,-287.5
-664.0,-286.5
-663.0,-285.5
-663.0,-284.5
-663.0,-283.5
-663.0,-282.5
-663.0,-281.5
-662.0,-280.5
-662.0,-279.5
-662.0,-278.5
-661.0,-277.5
-661.0,-276.5
-661.0,-275.5
-661.0,-274.5
-660.0,-273.5
-660.0,-272.5
-660.0,-271.5
-660.0,-270.5
-659.0,-269.5
-659.0,-268.5
-659.0,-267.5
-658.0,-266.5
-658.0,-265.5
-658.0,-264.5
-657.0,-263.5
-657.0,-262.5
-657.0,-261.5
-657.0,-260.5
-656.0,-259.5
-656.0,-258.5
-656.0,-257.5
-656.0,-256.5
-655.0,-255.5
-655.0,-254.5
-655.0,-253.5
-654.0,-252.5
-654.0,-251.5
-654.0,-250.5
-654.0,-249.5
-653.0,-248.5
-653.0,-247.5
-653.0,-246.5
-652.0,-245.5
-652.0,-244.5
-652.0,-243.5
-651.0,-242.5
-651.0,-241.5
-650.0,-240.5
-650.0,-239.5
-650.0,-238.5
-650.0,-237.5
-650.0,-236.5
-649.0,-235.5
-649.0,-234.5
-649.0,-233.5
-649.0,-232.5
-648.0,-231.5
-648.0,-230.5
-648.0,-229.5
-648.0,-228.5
-647.0,-227.5
-647.0,-226.5
-646.0,-225.5
-646.0,-224.5
-646.0,-223.5
-646.0,-222.5
-645.0,-221.5
-645.0,-220.5
-644.0,-219.5
-644.0,-218.5
-645.0,-217.5
-644.0,-216.5
-643.0,-215.5
-643.0,-214.5
-643.0,-213.5
-643.0,-212.5
-642.0,-211.5
-642.0,-210.5
-641.0,-209.5
-721.0,-250.5
-721.0,-251.5
-721.0,-509.5
-721.0,-510.5
-721.0,-511.5
-721.0,-510.5
-721.0,-513.5
-721.0,-514.5
-721.0,-515.5
-721.0,-516.5
-721.0,-517.5
-721.0,-518.5
-721.0,-519.5
-721.0,-518.5
-721.0,-517.5
-721.0,-516.5
-721.0,-515.5
-721.0,-514.5
-721.0,-525.5
-721.0,-526.5
-721.0,-527.5
-721.0,-528.5
-721.0,-529.5
-721.0,-530.5
-721.0,-531.5
-721.0,-532.5
-721.0,-533.5
-721.0,-534.5
-721.0,-535.5
-721.0,-536.5
-721.0,-537.5
-721.0,-538.5
-721.0,-539.5
-721.0,-540.5
-721.0,-541.5
-721.0,-542.5
-721.0,-543.5
-721.0,-544.5
-721.0,-545.5
-721.0,-546.5
-721.0,-547.5
-721.0,-548.5
-721.0,-549.5
-721.0,-550.5
-721.0,-551.5
-721.0,-552.5
-721.0,-553.5
-721.0,-554.5
-721.0,-555.5
-721.0,-556.5
-721.0,-557.5
-721.0,-558.5
-721.0,-559.5
-721.0,-560.5
-721.0,-561.5
-721.0,-562.5
-721.0,-563.5
-721.0,-564.5
-721.0,-565.5
-721.0,-566.5
-721.0,-567.5
-721.0,-568.5
-721.0,-569.5
-721.0,-570.5
-721.0,-571.5
-721.0,-572.5
-721.0,-573.5
-721.0,-574.5
-721.0,-575.5
-721.0,-576.5
-721.0,-577.5
-721.0,-578.5
-721.0,-579.5
-721.0,-580.5
-721.0,-581.5
-721.0,-582.5
-721.0,-583.5
-721.0,-584.5
-721.0,-585.5
-721.0,-586.5
-721.0,-587.5
-721.0,-588.5
-721.0,-589.5
-721.0,-590.5
-721.0,-591.5
-721.0,-592.5
-721.0,-593.5
-721.0,-594.5
-721.0,-595.5
-721.0,-596.5
-721.0,-597.5
-721.0,-598.5
-721.0,-599.5
-721.0,-600.5
-721.0,-601.5
-721.0,-602.5
-721.0,-603.5
-721.0,-604.5
-721.0,-605.5
-721.0,-606.5
-721.0,-607.5
-721.0,-608.5
-721.0,-609.5
-721.0,-610.5
-721.0,-611.5
-721.0,-612.5
-721.0,-613.5
-721.0,-614.5
-721.0,-615.5
-721.0,-616.5
-721.0,-617.5
-721.0,-618.5
-721.0,-619.5
-721.0,-620.5
-721.0,-621.5
-721.0,-622.5
-721.0,-623.5
-721.0,-624.5
-721.0,-625.5
-721.0,-626.5
-721.0,-627.5
-721.0,-628.5
-721.0,-629.5
-721.0,-630.5
-721.0,-631.5
-721.0,-632.5
-721.0,-633.5
-721.0,-634.5
-721.0,-635.5
-721.0,-636.5
-721.0,-637.5
-721.0,-638.5
-721.0,-639.5
-721.0,-640.5
-721.0,-641.5
-721.0,-642.5
-721.0,-643.5
-721.0,-644.5
-721.0,-645.5
-721.0,-646.5
-721.0,-647.5
-721.0,-648.5
-721.0,-649.5
-721.0,-650.5
-721.0,-651.5
-721.0,-652.5
-721.0,-653.5
-721.0,-654.5
-721.0,-655.5
-721.0,-656.5
-721.0,-657.5
-721.0,-658.5
-721.0,-659.5
-721.0,-660.5
-721.0,-661.5
-721.0,-662.5
-721.0,-663.5
-721.0,-664.5
-721.0,-665.5
-721.0,-666.5
-721.0,-667.5
-721.0,-668.5
-721.0,-669.5
-721.0,-670.5
-721.0,-671.5
-721.0,-672.5
-721.0,-673.5
-721.0,-674.5
-721.0,-675.5
-721.0,-676.5
-721.0,-677.5
-721.0,-678.5
-721.0,-679.5
-721.0,-680.5
-721.0,-681.5
-721.0,-682.5
-721.0,-683.5
-721.0,-684.5
-721.0,-685.5
-721.0,-686.5
-721.0,-687.5
-721.0,-688.5
-721.0,-689.5
-721.0,-690.5
-721.0,-691.5
-721.0,-692.5
-721.0,-693.5
-721.0,-694.5
-721.0,-695.5
-721.0,-696.5
-721.0,-697.5
-721.0,-698.5
-721.0,-699.5
-721.0,-700.5
-721.0,-701.5
-721.0,-702.5
-721.0,-703.5
-721.0,-704.5
-721.0,-705.5
-721.0,-704.5
-721.0,-703.5
-721.0,-702.5
-721.0,-701.5
-721.0,-700.5
-721.0,-699.5
-721.0,-698.5
-721.0,-697.5
-721.0,-696.5
-721.0,-695.5
-721.0,-694.5
-721.0,-693.5
-721.0,-692.5
-721.0,-691.5
-721.0,-690.5
-721.0,-689.5
-721.0,-688.5
-721.0,-687.5
-721.0,-686.5
-721.0,-685.5
-721.0,-684.5
-721.0,-683.5
-721.0,-682.5
-721.0,-681.5
-721.0,-680.5
-721.0,-679.5
-721.0,-678.5
-721.0,-677.5
-721.0,-676.5
-721.0,-675.5
-721.0,-674.5
-721.0,-673.5
-721.0,-672.5
-721.0,-671.5
-721.0,-670.5
-721.0,-669.5
-721.0,-668.5
-721.0,-667.5
-721.0,-666.5
-721.0,-665.5
-721.0,-664.5
-721.0,-663.5
-721.0,-662.5
-721.0,-661.5
-721.0,-660.5
-721.0,-659.5
-721.0,-658.5
-721.0,-657.5
-721.0,-656.5
-721.0,-655.5
-721.0,-654.5
-721.0,-653.5
-721.0,-652.5
-721.0,-651.5
-721.0,-650.5
-721.0,-649.5
-721.0,-648.5
-721.0,-647.5
-721.0,-646.5
-721.0,-645.5
-721.0,-644.5
-721.0,-643.5
-721.0,-642.5
-721.0,-641.5
-721.0,-640.5
-721.0,-639.5
-721.0,-638.5
-721.0,-637.5
-721.0,-636.5
-721.0,-635.5
-721.0,-634.5
-721.0,-633.5
-721.0,-632.5
-721.0,-631.5
-721.0,-630.5
-721.0,-629.5
-721.0,-628.5
-721.0,-627.5
-721.0,-626.5
-721.0,-625.5
-721.0,-624.5
-721.0,-623.5
-721.0,-622.5
-721.0,-621.5
-721.0,-620.5
-721.0,-619.5
-721.0,-618.5
-721.0,-617.5
-721.0,-616.5
-721.0,-615.5
-721.0,-614.5
-721.0,-613.5
-721.0,-612.5
-721.0,-611.5
-721.0,-610.5
-721.0,-609.5
-721.0,-608.5
-721.0,-607.5
-721.0,-606.5
-721.0,-605.5
-721.0,-604.5
-721.0,-603.5
-721.0,-602.5
-721.0,-601.5
-721.0,-600.5
-721.0,-599.5
-721.0,-598.5
-721.0,-597.5
-721.0,-596.5
-721.0,-595.5
-721.0,-594.5
-721.0,-593.5
-721.0,-592.5
-721.0,-591.5
-721.0,-590.5
-721.0,-589.5
-721.0,-588.5
-721.0,-587.5
-721.0,-586.5
-721.0,-585.5
-721.0,-584.5
-721.0,-583.5
-721.0,-582.5
-721.0,-581.5
-721.0,-580.5
-721.0,-579.5
-721.0,-578.5
-721.0,-577.5
-721.0,-576.5
-721.0,-575.5
-721.0,-574.5
-721.0,-573.5
-721.0,-572.5
-721.0,-571.5
-721.0,-570.5
-721.0,-569.5
-721.0,-568.5
-721.0,-567.5
-721.0,-566.5
-721.0,-565.5
-721.0,-564.5
-721.0,-563.5
-721.0,-562.5
-721.0,-561.5
-721.0,-560.5
-721.0,-559.5
-721.0,-558.5
-721.0,-557.5
-721.0,-556.5
-721.0,-555.5
-721.0,-554.5
-721.0,-553.5
-721.0,-552.5
-721.0,-551.5
-721.0,-550.5
-721.0,-549.5
-721.0,-548.5
-721.0,-547.5
-721.0,-546.5
-721.0,-545.5
-721.0,-544.5
-721.0,-543.5
-721.0,-542.5
-721.0,-541.5
-721.0,-540.5
-721.0,-539.5
-721.0,-538.5
-721.0,-537.5
-721.0,-536.5
-721.0,-535.5
-721.0,-534.5
-721.0,-533.5
-721.0,-532.5
-721.0,-531.5
-721.0,-530.5
-721.0,-529.5
-721.0,-528.5
-721.0,-527.5
-721.0,-526.5
-721.0,-707.5
-721.0,-708.5
-721.0,-709.5
-721.0,-710.5
-721.0,-711.5
-721.0,-712.5
-721.0,-713.5
-721.0,-714.5
-721.0,-715.5
-721.0,-716.5
-721.0,-717.5
-721.0,-718.5
-721.0,-719.5
-721.0,-720.5
-721.0,-721.5
-721.0,-722.5
-721.0,-723.5
-721.0,-724.5
-721.0,-725.5
-721.0,-726.5
-721.0,-727.5
-721.0,-728.5
-721.0,-729.5
-721.0,-730.5
-721.0,-731.5
-721.0,-732.5
-721.0,-733.5
-721.0,-734.5
-721.0,-735.5
-721.0,-736.5
-721.0,-737.5
-721.0,-738.5
-721.0,-739.5
-721.0,-740.5
-721.0,-741.5
-721.0,-742.5
-721.0,-743.5
-721.0,-744.5
-721.0,-745.5
-721.0,-746.5
-721.0,-747.5
-721.0,-748.5
-721.0,-749.5
-721.0,-750.5
-721.0,-751.5
-721.0,-752.5
-721.0,-753.5
-721.0,-754.5
-721.0,-755.5
-721.0,-756.5
-721.0,-757.5
-721.0,-758.5
-721.0,-759.5
-721.0,-760.5
-721.0,-761.5
-721.0,-762.5
-721.0,-763.5
-721.0,-764.5
-721.0,-765.5
-721.0,-766.5
-721.0,-767.5
-721.0,-768.5
-721.0,-769.5
-721.0,-770.5
-721.0,-771.5
-721.0,-772.5
-721.0,-773.5
-721.0,-774.5
-721.0,-775.5
-721.0,-776.5
-721.0,-777.5
-721.0,-778.5
-721.0,-779.5
-721.0,-780.5
-721.0,-781.5
-721.0,-780.5
-721.0,-779.5
-721.0,-778.5
-721.0,-777.5
-721.0,-776.5
-721.0,-775.5
-721.0,-774.5
-721.0,-773.5
-721.0,-772.5
-721.0,-771.5
-721.0,-770.5
-721.0,-769.5
-721.0,-768.5
-721.0,-767.5
-721.0,-766.5
-721.0,-765.5
-721.0,-764.5
-721.0,-763.5
-721.0,-762.5
-721.0,-761.5
-721.0,-760.5
-721.0,-759.5
-721.0,-758.5
-721.0,-757.5
-721.0,-756.5
-721.0,-755.5
-721.0,-754.5
-721.0,-753.5
-721.0,-752.5
-721.0,-751.5
-721.0,-750.5
-721.0,-749.5
-721.0,-748.5
-721.0,-747.5
-721.0,-746.5
-721.0,-745.5
-721.0,-744.5
-721.0,-743.5
-721.0,-742.5
-721.0,-741.5
-721.0,-740.5
-721.0,-739.5
-721.0,-738.5
-721.0,-737.5
-721.0,-736.5
-721.0,-735.5
-721.0,-734.5
-721.0,-733.5
-721.0,-732.5
-721.0,-731.5
-721.0,-730.5
-721.0,-729.5
-721.0,-728.5
-721.0,-727.5
-721.0,-726.5
-721.0,-725.5
-721.0,-724.5
-721.0,-723.5
-721.0,-722.5
-721.0,-721.5
-721.0,-720.5
-721.0,-719.5
-721.0,-718.5
-721.0,-717.5
-721.0,-716.5
-721.0,-715.5
-721.0,-714.5
-721.0,-713.5
-721.0,-712.5
-721.0,-711.5
-721.0,-710.5
-721.0,-709.5
-721.0,-708.5
-721.0,-783.5
-721.0,-784.5
-721.0,-786.5
-721.0,-787.5
-721.0,-789.5
-721.0,-790.5
-721.0,-791.5
-721.0,-792.5
-721.0,-793.5
-721.0,-794.5
-721.0,-795.5
-721.0,-796.5
-721.0,-797.5
-721.0,-798.5
-721.0,-799.5
-721.0,-800.5
-721.0,-801.5
-721.0,-802.5
-721.0,-803.5
-721.0,-804.5
-721.0,-805.5
-721.0,-806.5
-721.0,-807.5
-721.0,-808.5
-721.0,-809.5
-721.0,-810.5
-721.0,-811.5
-721.0,-812.5
-721.0,-813.5
-721.0,-814.5
-721.0,-815.5
-721.0,-816.5
-721.0,-817.5
-721.0,-818.5
-721.0,-819.5
-721.0,-820.5
-721.0,-821.5
-721.0,-822.5
-721.0,-823.5
-721.0,-824.5
-721.0,-825.5
-721.0,-826.5
-721.0,-827.5
-721.0,-828.5
-721.0,-829.5
-721.0,-830.5
-721.0,-831.5
-721.0,-832.5
-721.0,-833.5
-721.0,-834.5
-721.0,-835.5
-721.0,-836.5
-721.0,-837.5
-721.0,-838.5
-721.0,-839.5
-721.0,-838.5
-721.0,-837.5
-721.0,-836.5
-721.0,-835.5
-721.0,-834.5
-721.0,-833.5
-721.0,-832.5
-721.0,-831.5
-721.0,-830.5
-721.0,-829.5
-721.0,-828.5
-721.0,-827.5
-721.0,-826.5
-721.0,-825.5
-721.0,-824.5
-721.0,-823.5
-721.0,-822.5
-721.0,-821.5
-721.0,-820.5
-721.0,-819.5
-721.0,-818.5
-721.0,-817.5
-721.0,-816.5
-721.0,-815.5
-721.0,-814.5
-721.0,-813.5
-721.0,-812.5
-721.0,-811.5
-721.0,-810.5
-721.0,-809.5
-721.0,-808.5
-721.0,-807.5
-721.0,-806.5
-721.0,-805.5
-721.0,-804.5
-721.0,-803.5
-721.0,-802.5
-721.0,-801.5
-721.0,-800.5
-721.0,-799.5
-721.0,-798.5
-721.0,-797.5
-721.0,-796.5
-721.0,-795.5
-721.0,-794.5
-721.0,-793.5
-721.0,-792.5
-721.0,-791.5
-721.0,-790.5
-600.0,-960.5
-599.0,-960.5
-598.0,-960.5
-599.0,-960.5
-596.0,-960.5
-595.0,-960.5
-593.0,-960.5
-592.0,-960.5
-591.0,-960.5
-590.0,-960.5
-589.0,-960.5
-588.0,-960.5
-587.0,-960.5
-586.0,-960.5
-587.0,-960.5
-588.0,-960.5
-589.0,-960.5
-590.0,-960.5
-591.0,-960.5
-592.0,-960.5
-584.0,-960.5
-583.0,-960.5
-582.0,-960.5
-581.0,-960.5
-580.0,-960.5
-581.0,-960.5
-582.0,-960.5
-583.0,-960.5
-578.0,-960.5
-577.0,-960.5
-576.0,-960.5
-575.0,-960.5
-574.0,-960.5
-573.0,-960.5
-572.0,-960.5
-571.0,-960.5
-570.0,-960.5
-569.0,-960.5
-568.0,-960.5
-567.0,-960.5
-566.0,-960.5
-565.0,-960.5
-564.0,-960.5
-563.0,-960.5
-562.0,-960.5
-561.0,-960.5
-562.0,-960.5
-563.0,-960.5
-564.0,-960.5
-565.0,-960.5
-566.0,-960.5
-567.0,-960.5
-568.0,-960.5
-569.0,-960.5
-570.0,-960.5
-571.0,-960.5
-572.0,-960.5
-573.0,-960.5
-574.0,-960.5
-575.0,-960.5
-576.0,-960.5
-577.0,-960.5
-559.0,-960.5
-558.0,-960.5
-557.0,-960.5
-556.0,-960.5
-555.0,-960.5
-554.0,-960.5
-553.0,-960.5
-552.0,-960.5
-551.0,-960.5
-550.0,-960.5
-549.0,-960.5
-548.0,-960.5
-547.0,-960.5
-546.0,-960.5
-547.0,-960.5
-548.0,-960.5
-549.0,-960.5
-550.0,-960.5
-551.0,-960.5
-552.0,-960.5
-553.0,-960.5
-554.0,-960.5
-555.0,-960.5
-556.0,-960.5
-557.0,-960.5
-558.0,-960.5
-544.0,-960.5
-543.0,-960.5
-542.0,-960.5
-541.0,-960.5
-540.0,-960.5
-541.0,-960.5
-542.0,-960.5
-543.0,-960.5
-538.0,-960.5
-537.0,-960.5
-536.0,-960.5
-535.0,-960.5
-534.0,-960.5
-533.0,-960.5
-532.0,-960.5
-531.0,-960.5
-530.0,-960.5
-529.0,-960.5
-528.0,-960.5
-527.0,-960.5
-526.0,-960.5
-525.0,-960.5
-524.0,-960.5
-523.0,-960.5
-522.0,-960.5
-521.0,-960.5
-520.0,-960.5
-519.0,-960.5
-518.0,-960.5
-517.0,-960.5
-516.0,-960.5
-515.0,-960.5
-514.0,-960.5
-513.0,-960.5
-512.0,-960.5
-511.0,-960.5
-510.0,-960.5
-509.0,-960.5
-510.0,-960.5
-511.0,-960.5
-512.0,-960.5
-513.0,-960.5
-514.0,-960.5
-515.0,-960.5
-516.0,-960.5
-517.0,-960.5
-518.0,-960.5
-519.0,-960.5
-520.0,-960.5
-521.0,-960.5
-522.0,-960.5
-523.0,-960.5
-524.0,-960.5
-525.0,-960.5
-526.0,-960.5
-527.0,-960.5
-528.0,-960.5
-529.0,-960.5
-530.0,-960.5
-531.0,-960.5
-532.0,-960.5
-533.0,-960.5
-534.0,-960.5
-535.0,-960.5
-536.0,-960.5
-537.0,-960.5
-507.0,-960.5
-506.0,-960.5
-505.0,-960.5
-504.0,-960.5
-503.0,-960.5
-502.0,-960.5
-501.0,-960.5
-502.0,-960.5
-503.0,-960.5
-504.0,-960.5
-505.0,-960.5
-506.0,-960.5
-499.0,-960.5
-498.0,-960.5
-496.0,-960.5
-495.0,-960.5
-494.0,-960.5
-493.0,-960.5
-492.0,-960.5
-491.0,-960.5
-490.0,-960.5
-489.0,-960.5
-488.0,-960.5
-487.0,-960.5
-486.0,-960.5
-485.0,-960.5
-484.0,-960.5
-483.0,-960.5
-482.0,-960.5
-481.0,-960.5
-480.0,-960.5
-479.0,-960.5
-478.0,-960.5
-477.0,-960.5
-476.0,-960.5
-475.0,-960.5
-474.0,-960.5
-473.0,-960.5
-472.0,-960.5
-471.0,-960.5
-470.0,-960.5
-469.0,-960.5
-468.0,-960.5
-467.0,-960.5
-466.0,-960.5
-465.0,-960.5
-464.0,-960.5
-463.0,-960.5
-462.0,-960.5
-461.0,-960.5
-460.0,-960.5
-459.0,-960.5
-458.0,-960.5
-457.0,-960.5
-456.0,-960.5
-455.0,-960.5
-454.0,-960.5
-453.0,-960.5
-452.0,-960.5
-451.0,-960.5
-450.0,-960.5
-449.0,-960.5
-448.0,-960.5
-447.0,-960.5
-446.0,-960.5
-445.0,-960.5
-444.0,-960.5
-445.0,-960.5
-446.0,-960.5
-447.0,-960.5
-448.0,-960.5
-449.0,-960.5
-450.0,-960.5
-451.0,-960.5
-452.0,-960.5
-453.0,-960.5
-454.0,-960.5
-455.0,-960.5
-456.0,-960.5
-457.0,-960.5
-458.0,-960.5
-459.0,-960.5
-460.0,-960.5
-461.0,-960.5
-462.0,-960.5
-463.0,-960.5
-464.0,-960.5
-465.0,-960.5
-466.0,-960.5
-467.0,-960.5
-468.0,-960.5
-469.0,-960.5
-470.0,-960.5
-471.0,-960.5
-472.0,-960.5
-473.0,-960.5
-474.0,-960.5
-475.0,-960.5
-476.0,-960.5
-477.0,-960.5
-478.0,-960.5
-479.0,-960.5
-480.0,-960.5
-481.0,-960.5
-482.0,-960.5
-483.0,-960.5
-484.0,-960.5
-485.0,-960.5
-486.0,-960.5
-487.0,-960.5
-488.0,-960.5
-489.0,-960.5
-490.0,-960.5
-491.0,-960.5
-492.0,-960.5
-493.0,-960.5
-494.0,-960.5
-495.0,-960.5
-440.0,-960.5
-439.0,-960.5
-438.0,-960.5
-437.0,-960.5
-436.0,-960.5
-435.0,-960.5
-434.0,-960.5
-433.0,-960.5
-432.0,-960.5
-433.0,-960.5
-434.0,-960.5
-435.0,-960.5
-436.0,-960.5
-437.0,-960.5
-438.0,-960.5
-439.0,-960.5
-429.0,-960.5
-428.0,-960.5
-427.0,-960.5
-426.0,-960.5
-427.0,-960.5
-428.0,-960.5
-423.0,-960.5
-422.0,-960.5
-421.0,-960.5
-420.0,-960.5
-419.0,-960.5
-418.0,-960.5
-417.0,-960.5
-416.0,-960.5
-415.0,-960.5
-414.0,-960.5
-413.0,-960.5
-412.0,-960.5
-411.0,-960.5
-410.0,-960.5
-409.0,-960.5
-408.0,-960.5
-409.0,-960.5
-410.0,-960.5
-411.0,-960.5
-412.0,-960.5
-413.0,-960.5
-414.0,-960.5
-415.0,-960.5
-416.0,-960.5
-417.0,-960.5
-418.0,-960.5
-419.0,-960.5
-420.0,-960.5
-421.0,-960.5
-422.0,-960.5
-404.0,-960.5
-403.0,-960.5
-402.0,-960.5
-401.0,-960.5
-400.0,-960.5
-399.0,-960.5
-398.0,-960.5
-397.0,-960.5
-396.0,-960.5
-395.0,-960.5
-394.0,-960.5
-393.0,-960.5
-392.0,-960.5
-391.0,-960.5
-390.0,-960.5
-389.0,-960.5
-388.0,-960.5
-389.0,-960.5
-390.0,-960.5
-391.0,-960.5
-392.0,-960.5
-393.0,-960.5
-394.0,-960.5
-395.0,-960.5
-396.0,-960.5
-397.0,-960.5
-398.0,-960.5
-399.0,-960.5
-400.0,-960.5
-401.0,-960.5
-402.0,-960.5
-403.0,-960.5
-386.0,-960.5
-385.0,-960.5
-384.0,-960.5
-383.0,-960.5
-382.0,-960.5
-381.0,-960.5
-380.0,-960.5
-379.0,-960.5
-378.0,-960.5
-377.0,-960.5
-376.0,-960.5
-375.0,-960.5
-374.0,-960.5
-373.0,-960.5
-372.0,-960.5
-371.0,-960.5
-370.0,-960.5
-369.0,-960.5
-368.0,-960.5
-367.0,-960.5
-366.0,-960.5
-365.0,-960.5
-364.0,-960.5
-363.0,-960.5
-362.0,-960.5
-361.0,-960.5
-360.0,-960.5
-359.0,-960.5
-358.0,-960.5
-359.0,-960.5
-360.0,-960.5
-361.0,-960.5
-362.0,-960.5
-363.0,-960.5
-364.0,-960.5
-365.0,-960.5
-366.0,-960.5
-367.0,-960.5
-368.0,-960.5
-369.0,-960.5
-370.0,-960.5
-371.0,-960.5
-372.0,-960.5
-373.0,-960.5
-374.0,-960.5
-375.0,-960.5
-376.0,-960.5
-377.0,-960.5
-378.0,-960.5
-379.0,-960.5
-380.0,-960.5
-381.0,-960.5
-382.0,-960.5
-383.0,-960.5
-384.0,-960.5
-385.0,-960.5
-356.0,-960.5
-355.0,-960.5
-354.0,-960.5
-353.0,-960.5
-352.0,-960.5
-351.0,-960.5
-350.0,-960.5
-349.0,-960.5
-348.0,-960.5
-347.0,-960.5
-348.0,-960.5
-349.0,-960.5
-350.0,-960.5
-351.0,-960.5
-352.0,-960.5
-353.0,-960.5
-354.0,-960.5
-355.0,-960.5
-345.0,-960.5
-344.0,-960.5
-343.0,-960.5
-344.0,-960.5
-341.0,-960.5
-340.0,-960.5
-339.0,-960.5
-338.0,-960.5
-337.0,-960.5
-336.0,-960.5
-335.0,-960.5
-334.0,-960.5
-333.0,-960.5
-332.0,-960.5
-331.0,-960.5
-332.0,-960.5
-333.0,-960.5
-334.0,-960.5
-335.0,-960.5
-336.0,-960.5
-337.0,-960.5
-338.0,-960.5
-339.0,-960.5
-340.0,-960.5
-329.0,-960.5
-328.0,-960.5
-327.0,-960.5
-326.0,-960.5
-325.0,-960.5
-324.0,-960.5
-323.0,-960.5
-322.0,-960.5
-321.0,-960.5
-320.0,-960.5
-319.0,-960.5
-318.0,-960.5
-317.0,-960.5
-316.0,-960.5
-315.0,-960.5
-314.0,-960.5
-313.0,-960.5
-312.0,-960.5
-311.0,-960.5
-310.0,-960.5
-309.0,-960.5
-308.0,-960.5
-307.0,-960.5
-306.0,-960.5
-305.0,-960.5
-304.0,-960.5
-303.0,-960.5
-302.0,-960.5
-301.0,-960.5
-300.0,-960.5
-299.0,-960.5
-298.0,-960.5
-297.0,-960.5
-296.0,-960.5
-295.0,-960.5
-296.0,-960.5
-297.0,-960.5
-298.0,-960.5
-299.0,-960.5
-300.0,-960.5
-301.0,-960.5
-302.0,-960.5
-303.0,-960.5
-304.0,-960.5
-305.0,-960.5
-306.0,-960.5
-307.0,-960.5
-308.0,-960.5
-309.0,-960.5
-310.0,-960.5
-311.0,-960.5
-312.0,-960.5
-313.0,-960.5
-314.0,-960.5
-315.0,-960.5
-316.0,-960.5
-317.0,-960.5
-318.0,-960.5
-319.0,-960.5
-320.0,-960.5
-321.0,-960.5
-322.0,-960.5
-323.0,-960.5
-324.0,-960.5
-325.0,-960.5
-326.0,-960.5
-327.0,-960.5
-328.0,-960.5
-293.0,-960.5
-292.0,-960.5
-291.0,-960.5
-292.0,-960.5
-233.0,-960.5
-232.0,-960.5
-231.0,-960.5
-230.0,-960.5
-229.0,-960.5
-228.0,-960.5
-227.0,-960.5
-226.0,-960.5
-225.0,-960.5
-224.0,-960.5
-223.0,-960.5
-222.0,-960.5
-221.0,-960.5
-220.0,-960.5
-221.0,-960.5
-222.0,-960.5
-223.0,-960.5
-224.0,-960.5
-225.0,-960.5
-226.0,-960.5
-227.0,-960.5
-228.0,-960.5
-229.0,-960.5
-230.0,-960.5
-231.0,-960.5
-232.0,-960.5
-218.0,-960.5
-217.0,-960.5
-216.0,-960.5
-215.0,-960.5
-216.0,-960.5
-217.0,-960.5
-213.0,-960.5
-212.0,-960.5
-211.0,-960.5
-210.0,-960.5
-209.0,-960.5
-210.0,-960.5
-211.0,-960.5
-212.0,-960.5
-203.0,-960.5
-202.0,-960.5
-201.0,-960.5
-200.0,-960.5
-199.0,-960.5
-198.0,-960.5
-197.0,-960.5
-196.0,-960.5
-195.0,-960.5
-196.0,-960.5
-197.0,-960.5
-198.0,-960.5
-199.0,-960.5
-200.0,-960.5
-201.0,-960.5
-202.0,-960.5
-193.0,-960.5
-192.0,-960.5
-191.0,-960.5
-190.0,-960.5
-189.0,-960.5
-188.0,-960.5
-187.0,-960.5
-186.0,-960.5
-185.0,-960.5
-184.0,-960.5
-183.0,-960.5
-182.0,-960.5
-181.0,-960.5
-180.0,-960.5
-179.0,-960.5
-178.0,-960.5
-179.0,-960.5
-180.0,-960.5
-181.0,-960.5
-182.0,-960.5
-183.0,-960.5
-184.0,-960.5
-185.0,-960.5
-186.0,-960.5
-187.0,-960.5
-188.0,-960.5
-189.0,-960.5
-190.0,-960.5
-191.0,-960.5
-192.0,-960.5
-176.0,-960.5
-175.0,-960.5
-174.0,-960.5
-173.0,-960.5
-174.0,-960.5
-175.0,-960.5
-169.0,-960.5
-168.0,-960.5
-167.0,-960.5
-166.0,-960.5
-165.0,-960.5
-166.0,-960.5
-167.0,-960.5
-168.0,-960.5
-159.0,-960.5
-158.0,-960.5
-157.0,-960.5
-156.0,-960.5
-155.0,-960.5
-154.0,-960.5
-153.0,-960.5
-152.0,-960.5
-151.0,-960.5
-150.0,-960.5
-151.0,-960.5
-152.0,-960.5
-153.0,-960.5
-154.0,-960.5
-155.0,-960.5
-156.0,-960.5
-157.0,-960.5
-158.0,-960.5
-146.0,-960.5
-145.0,-960.5
-144.0,-960.5
-143.0,-960.5
-142.0,-960.5
-141.0,-960.5
-140.0,-960.5
-139.0,-960.5
-138.0,-960.5
-137.0,-960.5
-136.0,-960.5
-135.0,-960.5
-134.0,-960.5
-133.0,-960.5
-132.0,-960.5
-131.0,-960.5
-130.0,-960.5
-129.0,-960.5
-128.0,-960.5
-127.0,-960.5
-126.0,-960.5
-125.0,-960.5
-124.0,-960.5
-123.0,-960.5
-122.0,-960.5
-121.0,-960.5
-120.0,-960.5
-119.0,-960.5
-118.0,-960.5
-117.0,-960.5
-116.0,-960.5
-115.0,-960.5
-114.0,-960.5
-113.0,-960.5
-112.0,-960.5
-111.0,-960.5
-110.0,-960.5
-109.0,-960.5
-108.0,-960.5
-107.0,-960.5
-106.0,-960.5
-105.0,-960.5
-106.0,-960.5
-107.0,-960.5
-108.0,-960.5
-109.0,-960.5
-110.0,-960.5
-111.0,-960.5
-112.0,-960.5
-113.0,-960.5
-114.0,-960.5
-115.0,-960.5
-116.0,-960.5
-117.0,-960.5
-118.0,-960.5
-119.0,-960.5
-120.0,-960.5
-121.0,-960.5
-122.0,-960.5
-123.0,-960.5
-124.0,-960.5
-125.0,-960.5
-126.0,-960.5
-127.0,-960.5
-128.0,-960.5
-129.0,-960.5
-130.0,-960.5
-131.0,-960.5
-132.0,-960.5
-133.0,-960.5
-134.0,-960.5
-135.0,-960.5
-136.0,-960.5
-137.0,-960.5
-138.0,-960.5
-139.0,-960.5
-140.0,-960.5
-141.0,-960.5
-142.0,-960.5
-143.0,-960.5
-144.0,-960.5
-145.0,-960.5
-103.0,-960.5
-102.0,-960.5
-101.0,-960.5
-102.0,-960.5
-97.0,-960.5
-96.0,-960.5
-92.0,-960.5
-91.0,-960.5
-82.0,-960.5
-81.0,-960.5
-80.0,-960.5
-81.0,-960.5
-78.0,-960.5
-77.0,-960.5
-75.0,-960.5
-74.0,-960.5
-73.0,-960.5
-74.0,-960.5
-71.0,-960.5
-70.0,-960.5
-69.0,-960.5
-68.0,-960.5
-67.0,-960.5
-68.0,-960.5
-69.0,-960.5
-70.0,-960.5
-65.0,-960.5
-64.0,-960.5
-63.0,-960.5
-62.0,-960.5
-61.0,-960.5
-62.0,-960.5
-63.0,-960.5
-64.0,-960.5
-59.0,-960.5
-58.0,-960.5
-54.0,-960.5
-53.0,-960.5
-51.0,-960.5
-50.0,-960.5
-48.0,-960.5
-47.0,-960.5
-46.0,-960.5
-45.0,-960.5
-44.0,-960.5
-43.0,-960.5
-42.0,-960.5
-41.0,-960.5
-40.0,-960.5
-41.0,-960.5
-42.0,-960.5
-43.0,-960.5
-44.0,-960.5
-45.0,-960.5
-46.0,-960.5
-47.0,-960.5
-38.0,-960.5
-37.0,-960.5
-36.0,-960.5
-35.0,-960.5
-34.0,-960.5
-33.0,-960.5
-32.0,-960.5
-31.0,-960.5
-30.0,-960.5
-29.0,-960.5
-28.0,-960.5
-27.0,-960.5
-26.0,-960.5
-25.0,-960.5
-24.0,-960.5
-23.0,-960.5
-22.0,-960.5
-21.0,-960.5
-20.0,-960.5
-19.0,-960.5
-18.0,-960.5
-17.0,-960.5
-16.0,-960.5
-15.0,-960.5
-16.0,-960.5
-17.0,-960.5
-18.0,-960.5
-19.0,-960.5
-20.0,-960.5
-21.0,-960.5
-22.0,-960.5
-23.0,-960.5
-24.0,-960.5
-25.0,-960.5
-26.0,-960.5
-27.0,-960.5
-28.0,-960.5
-29.0,-960.5
-30.0,-960.5
-31.0,-960.5
-32.0,-960.5
-33.0,-960.5
-34.0,-960.5
-35.0,-960.5
-36.0,-960.5
-37.0,-960.5
-13.0,-960.5
-12.0,-960.5
-6.0,-960.5
-5.0,-960.5
-4.0,-960.5
-3.0,-960.5
-2.0,-960.5
-1.0,-960.5
0.0,-960.5
1.0,-960.5
2.0,-960.5
3.0,-960.5
4.0,-960.5
5.0,-960.5
4.0,-960.5
3.0,-960.5
2.0,-960.5
1.0,-960.5
0.0,-960.5
-1.0,-960.5
-2.0,-960.5
-3.0,-960.5
-4.0,-960.5
-5.0,-960.5
7.0,-960.5
8.0,-960.5
9.0,-960.5
10.0,-960.5
11.0,-960.5
12.0,-960.5
13.0,-960.5
14.0,-960.5
15.0,-960.5
16.0,-960.5
17.0,-960.5
18.0,-960.5
19.0,-960.5
20.0,-960.5
19.0,-960.5
18.0,-960.5
17.0,-960.5
16.0,-960.5
15.0,-960.5
14.0,-960.5
13.0,-960.5
12.0,-960.5
11.0,-960.5
10.0,-960.5
9.0,-960.5
8.0,-960.5
22.0,-960.5
23.0,-960.5
24.0,-960.5
25.0,-960.5
24.0,-960.5
23.0,-960.5
27.0,-960.5
28.0,-960.5
29.0,-960.5
28.0,-960.5
31.0,-960.5
32.0,-960.5
33.0,-960.5
34.0,-960.5
35.0,-960.5
34.0,-960.5
33.0,-960.5
32.0,-960.5
37.0,-959.5
38.0,-958.5
39.0,-958.5
40.0,-957.5
41.0,-957.5
42.0,-956.5
43.0,-955.5
44.0,-955.5
45.0,-954.5
46.0,-954.5
47.0,-953.5
48.0,-953.5
47.0,-953.5
46.0,-954.5
45.0,-954.5
44.0,-955.5
43.0,-955.5
42.0,-956.5
41.0,-957.5
40.0,-957.5
39.0,-958.5
38.0,-958.5
50.0,-952.5
51.0,-952.5
52.0,-951.5
53.0,-950.5
54.0,-950.5
55.0,-949.5
56.0,-949.5
57.0,-948.5
58.0,-948.5
59.0,-947.5
60.0,-947.5
61.0,-946.5
62.0,-946.5
63.0,-945.5
64.0,-945.5
63.0,-945.5
62.0,-946.5
61.0,-946.5
60.0,-947.5
59.0,-947.5
58.0,-948.5
57.0,-948.5
56.0,-949.5
55.0,-949.5
54.0,-950.5
53.0,-950.5
52.0,-951.5
51.0,-951.5
68.0,-944.5
69.0,-943.5
70.0,-942.5
71.0,-942.5
72.0,-941.5
73.0,-940.5
74.0,-940.5
75.0,-939.5
76.0,-938.5
75.0,-939.5
74.0,-939.5
73.0,-940.5
72.0,-941.5
71.0,-941.5
70.0,-942.5
69.0,-943.5
78.0,-938.5
79.0,-937.5
80.0,-937.5
81.0,-936.5
82.0,-936.5
83.0,-935.5
84.0,-935.5
83.0,-935.5
82.0,-936.5
81.0,-936.5
80.0,-937.5
79.0,-937.5
86.0,-934.5
87.0,-934.5
88.0,-933.5
89.0,-933.5
90.0,-932.5
91.0,-931.5
92.0,-931.5
93.0,-930.5
94.0,-930.5
95.0,-929.5
96.0,-929.5
97.0,-928.5
98.0,-928.5
99.0,-927.5
100.0,-927.5
101.0,-926.5
102.0,-926.5
103.0,-925.5
104.0,-925.5
105.0,-924.5
106.0,-924.5
107.0,-923.5
108.0,-923.5
109.0,-922.5
110.0,-922.5
111.0,-921.5
112.0,-921.5
113.0,-920.5
114.0,-920.5
115.0,-919.5
116.0,-919.5
117.0,-918.5
116.0,-919.5
115.0,-919.5
114.0,-920.5
113.0,-920.5
112.0,-921.5
111.0,-921.5
110.0,-922.5
109.0,-922.5
108.0,-923.5
107.0,-923.5
106.0,-924.5
105.0,-924.5
104.0,-925.5
103.0,-925.5
102.0,-926.5
101.0,-926.5
100.0,-927.5
99.0,-927.5
98.0,-928.5
97.0,-928.5
96.0,-929.5
95.0,-929.5
94.0,-930.5
93.0,-930.5
92.0,-931.5
91.0,-931.5
90.0,-932.5
89.0,-932.5
88.0,-933.5
87.0,-934.5
119.0,-918.5
120.0,-917.5
121.0,-917.5
121.0,-916.5
120.0,-917.5
123.0,-916.5
124.0,-915.5
125.0,-914.5
126.0,-914.5
127.0,-913.5
128.0,-913.5
129.0,-912.5
130.0,-911.5
131.0,-911.5
132.0,-910.5
133.0,-910.5
134.0,-909.5
135.0,-909.5
134.0,-909.5
133.0,-910.5
132.0,-910.5
131.0,-911.5
130.0,-911.5
129.0,-912.5
128.0,-913.5
127.0,-913.5
126.0,-914.5
125.0,-914.5
124.0,-915.5
137.0,-908.5
138.0,-908.5
139.0,-907.5
140.0,-906.5
141.0,-906.5
142.0,-905.5
143.0,-905.5
144.0,-904.5
143.0,-905.5
142.0,-905.5
141.0,-906.5
140.0,-906.5
139.0,-907.5
138.0,-908.5
146.0,-903.5
147.0,-903.5
148.0,-902.5
149.0,-902.5
150.0,-901.5
151.0,-901.5
152.0,-900.5
153.0,-901.5
154.0,-900.5
155.0,-900.5
156.0,-901.5
156.0,-900.5
155.0,-900.5
154.0,-900.5
153.0,-900.5
152.0,-900.5
151.0,-901.5
150.0,-901.5
149.0,-902.5
148.0,-902.5
147.0,-903.5
158.0,-900.5
159.0,-901.5
160.0,-901.5
161.0,-902.5
162.0,-902.5
163.0,-903.5
164.0,-904.5
163.0,-903.5
162.0,-902.5
161.0,-902.5
160.0,-901.5
159.0,-901.5
166.0,-904.5
167.0,-905.5
168.0,-905.5
169.0,-906.5
170.0,-907.5
171.0,-907.5
172.0,-908.5
171.0,-907.5
170.0,-906.5
169.0,-906.5
168.0,-905.5
167.0,-905.5
174.0,-908.5
175.0,-909.5
176.0,-909.5
177.0,-910.5
178.0,-910.5
179.0,-911.5
180.0,-912.5
181.0,-912.5
180.0,-911.5
179.0,-911.5
178.0,-910.5
177.0,-910.5
176.0,-909.5
175.0,-909.5
183.0,-913.5
184.0,-913.5
185.0,-914.5
186.0,-915.5
187.0,-915.5
188.0,-916.5
189.0,-917.5
188.0,-916.5
187.0,-915.5
186.0,-914.5
185.0,-914.5
184.0,-913.5
193.0,-918.5
194.0,-919.5
195.0,-920.5
196.0,-920.5
195.0,-919.5
194.0,-919.5
198.0,-921.5
199.0,-921.5
201.0,-922.5
202.0,-923.5
203.0,-923.5
204.0,-924.5
205.0,-924.5
204.0,-924.5
203.0,-923.5
202.0,-922.5
207.0,-925.5
208.0,-925.5
209.0,-926.5
210.0,-926.5
211.0,-927.5
212.0,-927.5
213.0,-928.5
214.0,-928.5
215.0,-929.5
216.0,-929.5
217.0,-930.5
218.0,-931.5
219.0,-931.5
220.0,-932.5
221.0,-932.5
220.0,-932.5
219.0,-931.5
218.0,-930.5
217.0,-930.5
216.0,-929.5
215.0,-929.5
214.0,-928.5
213.0,-928.5
212.0,-927.5
211.0,-927.5
210.0,-926.5
209.0,-926.5
208.0,-925.5
223.0,-933.5
224.0,-933.5
225.0,-934.5
226.0,-934.5
227.0,-935.5
228.0,-935.5
229.0,-936.5
230.0,-937.5
231.0,-937.5
232.0,-938.5
233.0,-938.5
234.0,-939.5
233.0,-938.5
232.0,-938.5
231.0,-937.5
230.0,-936.5
229.0,-936.5
228.0,-935.5
227.0,-935.5
226.0,-934.5
225.0,-934.5
224.0,-933.5
236.0,-939.5
237.0,-940.5
238.0,-940.5
237.0,-940.5
240.0,-941.5
241.0,-941.5
242.0,-942.5
243.0,-943.5
244.0,-943.5
243.0,-942.5
242.0,-942.5
241.0,-941.5
246.0,-944.5
247.0,-944.5
248.0,-945.5
249.0,-945.5
250.0,-946.5
251.0,-946.5
252.0,-947.5
253.0,-948.5
254.0,-948.5
253.0,-947.5
252.0,-947.5
251.0,-946.5
250.0,-946.5
249.0,-945.5
248.0,-945.5
247.0,-944.5
256.0,-949.5
257.0,-950.5
258.0,-950.5
259.0,-951.5
260.0,-951.5
261.0,-950.5
262.0,-950.5
262.0,-949.5
261.0,-950.5
260.0,-951.5
259.0,-951.5
258.0,-950.5
257.0,-950.5
264.0,-949.5
265.0,-948.5
266.0,-948.5
267.0,-947.5
268.0,-946.5
269.0,-946.5
269.0,-945.5
268.0,-946.5
267.0,-947.5
266.0,-948.5
265.0,-948.5
271.0,-945.5
272.0,-944.5
273.0,-944.5
274.0,-943.5
275.0,-943.5
276.0,-942.5
277.0,-942.5
278.0,-941.5
279.0,-941.5
280.0,-940.5
281.0,-940.5
282.0,-939.5
283.0,-939.5
284.0,-938.5
285.0,-938.5
286.0,-937.5
287.0,-937.5
288.0,-936.5
289.0,-936.5
290.0,-935.5
291.0,-935.5
292.0,-934.5
293.0,-934.5
294.0,-933.5
293.0,-934.5
292.0,-934.5
291.0,-935.5
290.0,-935.5
289.0,-936.5
288.0,-936.5
287.0,-937.5
286.0,-937.5
285.0,-938.5
284.0,-938.5
283.0,-939.5
282.0,-939.5
281.0,-940.5
280.0,-940.5
279.0,-941.5
278.0,-941.5
277.0,-942.5
276.0,-942.5
275.0,-943.5
274.0,-943.5
273.0,-944.5
272.0,-944.5
260.0,-958.5
261.0,-959.5
260.0,-960.5
261.0,-960.5
261.0,-959.5
296.0,-933.5
297.0,-932.5
298.0,-932.5
299.0,-931.5
300.0,-930.5
301.0,-930.5
302.0,-929.5
303.0,-928.5
302.0,-929.5
301.0,-930.5
300.0,-930.5
299.0,-931.5
298.0,-932.5
297.0,-932.5
305.0,-928.5
306.0,-927.5
307.0,-927.5
308.0,-926.5
309.0,-925.5
310.0,-925.5
311.0,-924.5
312.0,-924.5
313.0,-923.5
314.0,-923.5
313.0,-923.5
312.0,-924.5
311.0,-924.5
310.0,-925.5
309.0,-925.5
308.0,-926.5
307.0,-926.5
306.0,-927.5
316.0,-922.5
317.0,-922.5
318.0,-921.5
319.0,-920.5
320.0,-920.5
321.0,-919.5
322.0,-919.5
323.0,-918.5
324.0,-918.5
325.0,-917.5
326.0,-917.5
327.0,-916.5
328.0,-916.5
329.0,-915.5
330.0,-915.5
331.0,-914.5
332.0,-914.5
333.0,-913.5
332.0,-914.5
331.0,-914.5
330.0,-915.5
329.0,-915.5
328.0,-916.5
327.0,-916.5
326.0,-917.5
325.0,-917.5
324.0,-918.5
323.0,-918.5
322.0,-919.5
321.0,-919.5
320.0,-920.5
319.0,-920.5
318.0,-921.5
317.0,-922.5
335.0,-913.5
336.0,-912.5
337.0,-912.5
338.0,-911.5
339.0,-910.5
340.0,-910.5
341.0,-909.5
342.0,-909.5
343.0,-908.5
344.0,-908.5
345.0,-907.5
346.0,-907.5
347.0,-906.5
346.0,-906.5
345.0,-907.5
344.0,-908.5
343.0,-908.5
342.0,-909.5
341.0,-909.5
340.0,-910.5
339.0,-910.5
338.0,-911.5
337.0,-912.5
336.0,-912.5
349.0,-905.5
350.0,-905.5
351.0,-904.5
352.0,-904.5
353.0,-903.5
354.0,-903.5
355.0,-902.5
356.0,-902.5
357.0,-901.5
358.0,-901.5
359.0,-900.5
360.0,-900.5
361.0,-899.5
362.0,-898.5
363.0,-898.5
364.0,-897.5
363.0,-898.5
362.0,-898.5
361.0,-899.5
360.0,-899.5
359.0,-900.5
358.0,-901.5
357.0,-901.5
356.0,-902.5
355.0,-902.5
354.0,-903.5
353.0,-903.5
352.0,-904.5
351.0,-904.5
350.0,-905.5
366.0,-898.5
367.0,-897.5
368.0,-896.5
369.0,-897.5
370.0,-897.5
371.0,-897.5
372.0,-898.5
373.0,-898.5
374.0,-899.5
375.0,-899.5
376.0,-900.5
377.0,-901.5
378.0,-901.5
379.0,-902.5
380.0,-902.5
381.0,-903.5
382.0,-903.5
381.0,-903.5
380.0,-902.5
379.0,-902.5
378.0,-901.5
377.0,-901.5
376.0,-900.5
375.0,-899.5
374.0,-899.5
373.0,-898.5
372.0,-898.5
371.0,-897.5
370.0,-897.5
369.0,-897.5
368.0,-896.5
367.0,-896.5
366.0,-897.5
384.0,-904.5
385.0,-904.5
386.0,-905.5
387.0,-905.5
388.0,-906.5
389.0,-906.5
390.0,-907.5
391.0,-907.5
392.0,-908.5
393.0,-908.5
394.0,-909.5
395.0,-909.5
396.0,-910.5
397.0,-910.5
398.0,-911.5
399.0,-912.5
400.0,-912.5
401.0,-913.5
402.0,-914.5
403.0,-914.5
402.0,-913.5
401.0,-913.5
400.0,-912.5
399.0,-912.5
398.0,-911.5
397.0,-910.5
396.0,-910.5
395.0,-909.5
394.0,-909.5
393.0,-908.5
392.0,-908.5
391.0,-907.5
390.0,-907.5
389.0,-906.5
388.0,-906.5
387.0,-905.5
386.0,-905.5
385.0,-904.5
405.0,-915.5
406.0,-915.5
407.0,-916.5
408.0,-916.5
409.0,-917.5
410.0,-917.5
411.0,-918.5
412.0,-918.5
413.0,-919.5
412.0,-918.5
411.0,-918.5
410.0,-917.5
409.0,-917.5
408.0,-916.5
407.0,-916.5
406.0,-915.5
415.0,-919.5
416.0,-920.5
417.0,-920.5
418.0,-921.5
419.0,-922.5
420.0,-922.5
421.0,-923.5
422.0,-923.5
421.0,-923.5
420.0,-922.5
419.0,-922.5
418.0,-921.5
417.0,-920.5
416.0,-920.5
424.0,-924.5
425.0,-924.5
426.0,-925.5
427.0,-925.5
426.0,-925.5
425.0,-924.5
431.0,-926.5
432.0,-927.5
433.0,-928.5
434.0,-929.5
434.0,-928.5
433.0,-928.5
432.0,-927.5
438.0,-930.5
439.0,-931.5
440.0,-932.5
441.0,-932.5
442.0,-933.5
443.0,-933.5
444.0,-934.5
445.0,-934.5
446.0,-935.5
447.0,-935.5
448.0,-936.5
449.0,-936.5
450.0,-937.5
449.0,-936.5
448.0,-936.5
447.0,-935.5
446.0,-935.5
445.0,-934.5
444.0,-934.5
443.0,-933.5
442.0,-933.5
441.0,-932.5
440.0,-931.5
439.0,-931.5
454.0,-938.5
455.0,-939.5
456.0,-939.5
457.0,-940.5
458.0,-940.5
459.0,-941.5
460.0,-941.5
461.0,-942.5
462.0,-942.5
463.0,-943.5
464.0,-943.5
465.0,-944.5
466.0,-944.5
467.0,-945.5
468.0,-945.5
469.0,-946.5
470.0,-946.5
471.0,-947.5
472.0,-947.5
473.0,-948.5
474.0,-948.5
475.0,-949.5
476.0,-949.5
477.0,-950.5
478.0,-950.5
479.0,-951.5
480.0,-951.5
481.0,-952.5
482.0,-952.5
483.0,-953.5
484.0,-953.5
485.0,-954.5
486.0,-954.5
487.0,-955.5
488.0,-955.5
489.0,-956.5
490.0,-957.5
491.0,-958.5
492.0,-959.5
493.0,-960.5
494.0,-960.5
495.0,-960.5
496.0,-960.5
497.0,-960.5
498.0,-960.5
499.0,-960.5
500.0,-960.5
501.0,-960.5
502.0,-960.5
503.0,-960.5
504.0,-960.5
505.0,-960.5
506.0,-960.5
507.0,-960.5
506.0,-960.5
505.0,-960.5
504.0,-960.5
503.0,-960.5
502.0,-960.5
501.0,-960.5
500.0,-960.5
499.0,-960.5
498.0,-960.5
497.0,-960.5
496.0,-960.5
495.0,-960.5
494.0,-960.5
493.0,-960.5
492.0,-959.5
491.0,-958.5
490.0,-957.5
489.0,-956.5
488.0,-955.5
487.0,-955.5
486.0,-954.5
485.0,-954.5
484.0,-953.5
483.0,-953.5
482.0,-952.5
481.0,-952.5
480.0,-951.5
479.0,-951.5
478.0,-950.5
477.0,-950.5
476.0,-949.5
475.0,-949.5
474.0,-948.5
473.0,-948.5
472.0,-947.5
471.0,-947.5
470.0,-946.5
469.0,-946.5
468.0,-945.5
467.0,-945.5
466.0,-944.5
465.0,-944.5
464.0,-943.5
463.0,-943.5
462.0,-942.5
461.0,-942.5
460.0,-941.5
459.0,-941.5
458.0,-940.5
457.0,-940.5
456.0,-939.5
455.0,-939.5
508.0,-921.5
509.0,-920.5
510.0,-919.5
511.0,-919.5
512.0,-918.5
513.0,-918.5
514.0,-917.5
513.0,-918.5
512.0,-918.5
511.0,-919.5
510.0,-919.5
509.0,-920.5
516.0,-917.5
517.0,-916.5
518.0,-915.5
519.0,-915.5
520.0,-914.5
521.0,-914.5
522.0,-913.5
523.0,-913.5
524.0,-912.5
525.0,-912.5
526.0,-911.5
527.0,-911.5
528.0,-910.5
529.0,-910.5
530.0,-909.5
531.0,-908.5
530.0,-909.5
529.0,-910.5
528.0,-910.5
527.0,-911.5
526.0,-911.5
525.0,-912.5
524.0,-912.5
523.0,-913.5
522.0,-913.5
521.0,-914.5
520.0,-914.5
519.0,-915.5
518.0,-915.5
517.0,-916.5
533.0,-908.5
534.0,-907.5
535.0,-907.5
536.0,-906.5
537.0,-905.5
538.0,-905.5
539.0,-904.5
540.0,-904.5
541.0,-903.5
542.0,-903.5
543.0,-902.5
544.0,-902.5
545.0,-901.5
546.0,-901.5
547.0,-900.5
546.0,-901.5
545.0,-901.5
544.0,-902.5
543.0,-902.5
542.0,-903.5
541.0,-903.5
540.0,-904.5
539.0,-904.5
538.0,-905.5
537.0,-905.5
536.0,-906.5
535.0,-907.5
534.0,-907.5
549.0,-900.5
550.0,-899.5
551.0,-899.5
552.0,-898.5
553.0,-897.5
554.0,-897.5
555.0,-896.5
556.0,-896.5
557.0,-895.5
558.0,-895.5
559.0,-894.5
560.0,-894.5
561.0,-893.5
562.0,-893.5
563.0,-892.5
564.0,-892.5
565.0,-891.5
564.0,-892.5
563.0,-892.5
562.0,-893.5
561.0,-893.5
560.0,-894.5
559.0,-894.5
558.0,-895.5
557.0,-895.5
556.0,-896.5
555.0,-896.5
554.0,-897.5
553.0,-897.5
552.0,-898.5
551.0,-899.5
550.0,-899.5
567.0,-891.5
568.0,-890.5
569.0,-890.5
570.0,-889.5
571.0,-888.5
572.0,-888.5
573.0,-887.5
574.0,-887.5
573.0,-887.5
572.0,-888.5
571.0,-888.5
570.0,-889.5
569.0,-889.5
568.0,-890.5
576.0,-886.5
577.0,-886.5
578.0,-885.5
579.0,-885.5
580.0,-884.5
581.0,-884.5
582.0,-883.5
583.0,-882.5
584.0,-882.5
585.0,-881.5
586.0,-881.5
585.0,-881.5
584.0,-882.5
583.0,-882.5
582.0,-883.5
581.0,-884.5
580.0,-884.5
579.0,-885.5
578.0,-885.5
577.0,-886.5
588.0,-880.5
589.0,-880.5
590.0,-879.5
591.0,-878.5
592.0,-878.5
593.0,-878.5
594.0,-877.5
595.0,-878.5
596.0,-878.5
597.0,-878.5
598.0,-879.5
599.0,-879.5
600.0,-880.5
601.0,-880.5
602.0,-881.5
603.0,-881.5
604.0,-882.5
605.0,-882.5
604.0,-882.5
603.0,-881.5
602.0,-881.5
601.0,-880.5
600.0,-880.5
599.0,-879.5
598.0,-879.5
597.0,-878.5
596.0,-878.5
595.0,-878.5
594.0,-877.5
593.0,-878.5
592.0,-878.5
591.0,-878.5
590.0,-879.5
589.0,-880.5
607.0,-883.5
608.0,-883.5
609.0,-884.5
610.0,-884.5
611.0,-885.5
612.0,-885.5
613.0,-886.5
614.0,-886.5
615.0,-887.5
616.0,-887.5
617.0,-888.5
618.0,-888.5
619.0,-889.5
620.0,-889.5
621.0,-890.5
622.0,-890.5
623.0,-891.5
624.0,-891.5
623.0,-891.5
622.0,-890.5
621.0,-890.5
620.0,-889.5
619.0,-889.5
618.0,-888.5
617.0,-888.5
616.0,-887.5
615.0,-887.5
614.0,-886.5
613.0,-886.5
612.0,-885.5
611.0,-885.5
610.0,-884.5
609.0,-884.5
608.0,-883.5
626.0,-892.5
627.0,-892.5
628.0,-893.5
629.0,-893.5
630.0,-894.5
631.0,-895.5
632.0,-894.5
633.0,-895.5
634.0,-894.5
635.0,-894.5
636.0,-893.5
637.0,-894.5
638.0,-893.5
639.0,-893.5
640.0,-894.5
641.0,-893.5
642.0,-892.5
643.0,-892.5
644.0,-891.5
645.0,-891.5
646.0,-891.5
647.0,-890.5
648.0,-891.5
649.0,-890.5
650.0,-891.5
651.0,-891.5
652.0,-892.5
653.0,-893.5
653.0,-892.5
652.0,-892.5
651.0,-891.5
650.0,-891.5
649.0,-890.5
648.0,-891.5
647.0,-890.5
646.0,-891.5
645.0,-891.5
644.0,-891.5
643.0,-892.5
642.0,-892.5
641.0,-893.5
640.0,-893.5
639.0,-893.5
638.0,-893.5
637.0,-893.5
636.0,-893.5
635.0,-894.5
634.0,-894.5
633.0,-895.5
632.0,-894.5
631.0,-894.5
630.0,-894.5
629.0,-893.5
628.0,-893.5
627.0,-892.5
655.0,-892.5
655.0,-893.5
657.0,-893.5
658.0,-893.5
659.0,-892.5
660.0,-891.5
659.0,-892.5
658.0,-892.5
657.0,-892.5
662.0,-891.5
663.0,-891.5
664.0,-890.5
665.0,-889.5
666.0,-889.5
667.0,-888.5
668.0,-887.5
667.0,-888.5
666.0,-889.5
665.0,-889.5
664.0,-890.5
663.0,-891.5
675.0,-886.5
676.0,-885.5
677.0,-884.5
678.0,-883.5
679.0,-882.5
680.0,-881.5
681.0,-881.5
682.0,-880.5
681.0,-880.5
680.0,-881.5
679.0,-882.5
678.0,-883.5
677.0,-884.5
676.0,-885.5
687.0,-879.5
688.0,-878.5
689.0,-877.5
690.0,-876.5
691.0,-875.5
692.0,-874.5
693.0,-873.5
694.0,-872.5
695.0,-871.5
696.0,-870.5
697.0,-869.5
698.0,-868.5
697.0,-869.5
696.0,-869.5
695.0,-870.5
694.0,-871.5
693.0,-872.5
692.0,-873.5
691.0,-874.5
690.0,-875.5
689.0,-876.5
688.0,-877.5
687.0,-878.5
709.0,-867.5
710.0,-866.5
711.0,-865.5
712.0,-864.5
713.0,-863.5
714.0,-862.5
715.0,-861.5
716.0,-860.5
717.0,-859.5
718.0,-859.5
718.0,-858.5
717.0,-859.5
716.0,-860.5
715.0,-861.5
714.0,-862.5
713.0,-863.5
712.0,-864.5
711.0,-865.5
710.0,-866.5
720.0,-858.5
720.0,-857.5
720.0,-827.5
720.0,-826.5
720.0,-823.5
720.0,-822.5
720.0,-820.5
720.0,-819.5
720.0,-818.5
720.0,-817.5
720.0,-818.5
720.0,-819.5
720.0,-813.5
720.0,-812.5
720.0,-811.5
720.0,-810.5
720.0,-809.5
720.0,-808.5
720.0,-807.5
720.0,-806.5
720.0,-805.5
720.0,-804.5
720.0,-803.5
720.0,-802.5
720.0,-801.5
720.0,-800.5
720.0,-801.5
720.0,-802.5
720.0,-803.5
720.0,-804.5
720.0,-805.5
720.0,-806.5
720.0,-807.5
720.0,-808.5
720.0,-809.5
720.0,-810.5
720.0,-811.5
720.0,-812.5
720.0,-798.5
720.0,-797.5
720.0,-796.5
720.0,-795.5
720.0,-794.5
720.0,-793.5
720.0,-794.5
720.0,-795.5
720.0,-796.5
720.0,-797.5
720.0,-791.5
720.0,-790.5
720.0,-789.5
720.0,-788.5
720.0,-787.5
720.0,-786.5
720.0,-785.5
720.0,-784.5
720.0,-785.5
720.0,-786.5
720.0,-787.5
720.0,-788.5
720.0,-789.5
720.0,-790.5
720.0,-778.5
720.0,-777.5
720.0,-776.5
720.0,-775.5
720.0,-774.5
720.0,-773.5
720.0,-772.5
720.0,-771.5
720.0,-770.5
720.0,-769.5
720.0,-768.5
720.0,-767.5
720.0,-768.5
720.0,-769.5
720.0,-770.5
720.0,-771.5
720.0,-772.5
720.0,-773.5
720.0,-774.5
720.0,-775.5
720.0,-776.5
720.0,-777.5
720.0,-765.5
720.0,-764.5
720.0,-763.5
720.0,-762.5
720.0,-761.5
720.0,-760.5
720.0,-759.5
720.0,-758.5
720.0,-757.5
720.0,-756.5
720.0,-755.5
720.0,-754.5
720.0,-753.5
720.0,-752.5
720.0,-751.5
720.0,-750.5
720.0,-751.5
720.0,-752.5
720.0,-753.5
720.0,-754.5
720.0,-755.5
720.0,-756.5
720.0,-757.5
720.0,-758.5
720.0,-759.5
720.0,-760.5
720.0,-761.5
720.0,-762.5
720.0,-763.5
720.0,-764.5
720.0,-748.5
720.0,-747.5
720.0,-746.5
720.0,-745.5
720.0,-744.5
720.0,-743.5
720.0,-742.5
720.0,-741.5
720.0,-740.5
720.0,-739.5
720.0,-738.5
720.0,-739.5
720.0,-740.5
720.0,-741.5
720.0,-742.5
720.0,-743.5
720.0,-744.5
720.0,-745.5
720.0,-746.5
720.0,-747.5
720.0,-736.5
720.0,-735.5
720.0,-734.5
720.0,-733.5
720.0,-732.5
720.0,-731.5
720.0,-730.5
720.0,-731.5
720.0,-732.5
720.0,-733.5
720.0,-734.5
720.0,-735.5
720.0,-728.5
720.0,-727.5
720.0,-725.5
720.0,-724.5
720.0,-723.5
720.0,-722.5
720.0,-721.5
720.0,-720.5
720.0,-721.5
720.0,-722.5
720.0,-723.5
720.0,-724.5
720.0,-718.5
720.0,-717.5
720.0,-716.5
720.0,-715.5
720.0,-714.5
720.0,-713.5
720.0,-712.5
720.0,-711.5
720.0,-712.5
720.0,-713.5
720.0,-714.5
720.0,-715.5
720.0,-716.5
720.0,-717.5
720.0,-709.5
720.0,-708.5
720.0,-707.5
720.0,-706.5
720.0,-705.5
720.0,-704.5
720.0,-703.5
720.0,-702.5
720.0,-701.5
720.0,-700.5
720.0,-699.5
720.0,-700.5
720.0,-701.5
720.0,-702.5
720.0,-703.5
720.0,-704.5
720.0,-705.5
720.0,-706.5
720.0,-707.5
720.0,-708.5
720.0,-697.5
720.0,-696.5
720.0,-695.5
720.0,-694.5
720.0,-693.5
720.0,-692.5
720.0,-691.5
720.0,-690.5
720.0,-689.5
720.0,-688.5
720.0,-687.5
720.0,-686.5
720.0,-685.5
720.0,-684.5
720.0,-683.5
720.0,-684.5
720.0,-685.5
720.0,-686.5
720.0,-687.5
720.0,-688.5
720.0,-689.5
720.0,-690.5
720.0,-691.5
720.0,-692.5
720.0,-693.5
720.0,-694.5
720.0,-695.5
720.0,-696.5
720.0,-681.5
720.0,-680.5
720.0,-679.5
720.0,-678.5
720.0,-677.5
720.0,-676.5
720.0,-675.5
720.0,-674.5
720.0,-673.5
720.0,-674.5
720.0,-675.5
720.0,-676.5
720.0,-677.5
720.0,-678.5
720.0,-679.5
720.0,-680.5
720.0,-671.5
720.0,-670.5
720.0,-669.5
720.0,-668.5
720.0,-667.5
720.0,-666.5
720.0,-665.5
720.0,-664.5
720.0,-663.5
720.0,-662.5
720.0,-663.5
720.0,-664.5
720.0,-665.5
720.0,-666.5
720.0,-667.5
720.0,-668.5
720.0,-669.5
720.0,-670.5
720.0,-660.5
720.0,-659.5
720.0,-658.5
720.0,-657.5
720.0,-656.5
720.0,-655.5
720.0,-654.5
720.0,-653.5
720.0,-652.5
720.0,-651.5
720.0,-650.5
720.0,-651.5
720.0,-652.5
720.0,-653.5
720.0,-654.5
720.0,-655.5
720.0,-656.5
720.0,-657.5
720.0,-658.5
720.0,-659.5
720.0,-648.5
720.0,-647.5
720.0,-646.5
720.0,-645.5
720.0,-644.5
720.0,-643.5
720.0,-642.5
720.0,-641.5
720.0,-640.5
720.0,-639.5
720.0,-638.5
720.0,-637.5
720.0,-636.5
720.0,-635.5
720.0,-634.5
720.0,-633.5
720.0,-632.5
720.0,-631.5
720.0,-630.5
720.0,-631.5
720.0,-632.5
720.0,-633.5
720.0,-634.5
720.0,-635.5
720.0,-636.5
720.0,-637.5
720.0,-638.5
720.0,-639.5
720.0,-640.5
720.0,-641.5
720.0,-642.5
720.0,-643.5
720.0,-644.5
720.0,-645.5
720.0,-646.5
720.0,-647.5
720.0,-628.5
720.0,-627.5
720.0,-626.5
720.0,-625.5
720.0,-624.5
720.0,-623.5
720.0,-622.5
720.0,-621.5
720.0,-620.5
720.0,-619.5
720.0,-618.5
720.0,-617.5
720.0,-616.5
720.0,-615.5
720.0,-614.5
720.0,-613.5
720.0,-612.5
720.0,-611.5
720.0,-610.5
720.0,-609.5
720.0,-608.5
720.0,-607.5
720.0,-606.5
720.0,-605.5
720.0,-604.5
720.0,-603.5
720.0,-602.5
720.0,-601.5
720.0,-600.5
720.0,-599.5
720.0,-598.5
720.0,-597.5
720.0,-596.5
720.0,-595.5
720.0,-594.5
720.0,-593.5
720.0,-592.5
720.0,-593.5
720.0,-594.5
720.0,-595.5
720.0,-596.5
720.0,-597.5
720.0,-598.5
720.0,-599.5
720.0,-600.5
720.0,-601.5
720.0,-602.5
720.0,-603.5
720.0,-604.5
720.0,-605.5
720.0,-606.5
720.0,-607.5
720.0,-608.5
720.0,-609.5
720.0,-610.5
720.0,-611.5
720.0,-612.5
720.0,-613.5
720.0,-614.5
720.0,-615.5
720.0,-616.5
720.0,-617.5
720.0,-618.5
720.0,-619.5
720.0,-620.5
720.0,-621.5
720.0,-622.5
720.0,-623.5
720.0,-624.5
720.0,-625.5
720.0,-626.5
720.0,-627.5
720.0,-590.5
720.0,-589.5
720.0,-588.5
720.0,-587.5
720.0,-586.5
720.0,-585.5
720.0,-584.5
720.0,-583.5
720.0,-582.5
720.0,-581.5
720.0,-580.5
720.0,-579.5
720.0,-578.5
720.0,-577.5
720.0,-576.5
720.0,-575.5
720.0,-576.5
720.0,-577.5
720.0,-578.5
720.0,-579.5
720.0,-580.5
720.0,-581.5
720.0,-582.5
720.0,-583.5
720.0,-584.5
720.0,-585.5
720.0,-586.5
720.0,-587.5
720.0,-588.5
720.0,-589.5
720.0,-573.5
720.0,-572.5
720.0,-571.5
720.0,-570.5
720.0,-569.5
720.0,-568.5
720.0,-567.5
720.0,-566.5
720.0,-565.5
720.0,-564.5
720.0,-563.5
720.0,-562.5
720.0,-561.5
720.0,-560.5
720.0,-559.5
720.0,-558.5
720.0,-557.5
720.0,-556.5
720.0,-557.5
720.0,-558.5
720.0,-559.5
720.0,-560.5
720.0,-561.5
720.0,-562.5
720.0,-563.5
720.0,-564.5
720.0,-565.5
720.0,-566.5
720.0,-567.5
720.0,-568.5
720.0,-569.5
720.0,-570.5
720.0,-571.5
720.0,-572.5
720.0,-554.5
720.0,-553.5
720.0,-552.5
720.0,-551.5
720.0,-550.5
720.0,-549.5
720.0,-548.5
720.0,-547.5
720.0,-546.5
720.0,-545.5
720.0,-544.5
720.0,-545.5
720.0,-546.5
720.0,-547.5
720.0,-548.5
720.0,-549.5
720.0,-550.5
720.0,-551.5
720.0,-552.5
720.0,-553.5
720.0,-542.5
720.0,-541.5
720.0,-540.5
720.0,-539.5
720.0,-538.5
720.0,-537.5
720.0,-536.5
720.0,-535.5
720.0,-534.5
720.0,-533.5
720.0,-532.5
720.0,-531.5
720.0,-530.5
720.0,-529.5
720.0,-528.5
720.0,-527.5
720.0,-526.5
720.0,-525.5
720.0,-524.5
720.0,-523.5
720.0,-524.5
720.0,-525.5
720.0,-526.5
720.0,-527.5
720.0,-528.5
720.0,-529.5
720.0,-530.5
720.0,-531.5
720.0,-532.5
720.0,-533.5
720.0,-534.5
720.0,-535.5
720.0,-536.5
720.0,-537.5
720.0,-538.5
720.0,-539.5
720.0,-540.5
720.0,-541.5
720.0,-521.5
720.0,-520.5
720.0,-519.5
720.0,-518.5
720.0,-517.5
720.0,-516.5
720.0,-515.5
720.0,-514.5
720.0,-513.5
720.0,-512.5
720.0,-511.5
720.0,-510.5
720.0,-509.5
720.0,-508.5
720.0,-509.5
720.0,-510.5
720.0,-511.5
720.0,-512.5
720.0,-513.5
720.0,-514.5
720.0,-515.5
720.0,-516.5
720.0,-517.5
720.0,-518.5
720.0,-519.5
720.0,-520.5
720.0,-506.5
720.0,-505.5
720.0,-504.5
720.0,-503.5
720.0,-502.5
720.0,-501.5
720.0,-500.5
720.0,-499.5
720.0,-498.5
720.0,-497.5
720.0,-496.5
720.0,-495.5
720.0,-494.5
720.0,-493.5
720.0,-492.5
720.0,-491.5
720.0,-490.5
720.0,-489.5
720.0,-488.5
720.0,-487.5
720.0,-486.5
720.0,-485.5
720.0,-484.5
720.0,-483.5
720.0,-482.5
720.0,-483.5
720.0,-484.5
720.0,-485.5
720.0,-486.5
720.0,-487.5
720.0,-488.5
720.0,-489.5
720.0,-490.5
720.0,-491.5
720.0,-492.5
720.0,-493.5
720.0,-494.5
720.0,-495.5
720.0,-496.5
720.0,-497.5
720.0,-498.5
720.0,-499.5
720.0,-500.5
720.0,-501.5
720.0,-502.5
720.0,-503.5
720.0,-504.5
720.0,-505.5
720.0,-480.5
720.0,-479.5
720.0,-478.5
720.0,-477.5
720.0,-476.5
720.0,-475.5
720.0,-474.5
720.0,-473.5
720.0,-472.5
720.0,-471.5
720.0,-470.5
720.0,-471.5
720.0,-472.5
720.0,-473.5
720.0,-474.5
720.0,-475.5
720.0,-476.5
720.0,-477.5
720.0,-478.5
720.0,-479.5
720.0,-468.5
720.0,-467.5
720.0,-465.5
720.0,-464.5
720.0,-462.5
720.0,-461.5
720.0,-460.5
720.0,-459.5
720.0,-458.5
720.0,-457.5
720.0,-456.5
720.0,-455.5
720.0,-454.5
720.0,-453.5
720.0,-452.5
720.0,-451.5
720.0,-450.5
720.0,-449.5
720.0,-450.5
720.0,-451.5
720.0,-452.5
720.0,-453.5
720.0,-454.5
720.0,-455.5
720.0,-456.5
720.0,-457.5
720.0,-458.5
720.0,-459.5
720.0,-460.5
720.0,-461.5
720.0,-447.5
720.0,-446.5
720.0,-445.5
720.0,-444.5
720.0,-443.5
720.0,-442.5
720.0,-441.5
720.0,-440.5
720.0,-439.5
720.0,-438.5
720.0,-439.5
720.0,-440.5
720.0,-441.5
720.0,-442.5
720.0,-443.5
720.0,-444.5
720.0,-445.5
720.0,-446.5
720.0,-436.5
720.0,-435.5
720.0,-434.5
720.0,-435.5
720.0,-432.5
720.0,-431.5
720.0,-430.5
720.0,-429.5
720.0,-428.5
720.0,-427.5
720.0,-426.5
720.0,-425.5
720.0,-424.5
720.0,-423.5
720.0,-424.5
720.0,-425.5
720.0,-426.5
720.0,-427.5
720.0,-428.5
720.0,-429.5
720.0,-430.5
720.0,-431.5
720.0,-421.5
720.0,-420.5
720.0,-419.5
720.0,-418.5
720.0,-417.5
720.0,-416.5
720.0,-415.5
720.0,-414.5
720.0,-413.5
720.0,-412.5
720.0,-411.5
720.0,-410.5
720.0,-409.5
720.0,-410.5
720.0,-411.5
720.0,-412.5
720.0,-413.5
720.0,-414.5
720.0,-415.5
720.0,-416.5
720.0,-417.5
720.0,-418.5
720.0,-419.5
720.0,-420.5
720.0,-407.5
720.0,-406.5
720.0,-405.5
720.0,-404.5
720.0,-403.5
720.0,-402.5
720.0,-401.5
720.0,-400.5
720.0,-399.5
720.0,-398.5
720.0,-397.5
720.0,-396.5
720.0,-395.5
720.0,-394.5
720.0,-393.5
720.0,-392.5
720.0,-391.5
720.0,-392.5
720.0,-393.5
720.0,-394.5
720.0,-395.5
720.0,-396.5
720.0,-397.5
720.0,-398.5
720.0,-399.5
720.0,-400.5
720.0,-401.5
720.0,-402.5
720.0,-403.5
720.0,-404.5
720.0,-405.5
720.0,-406.5
720.0,-389.5
720.0,-388.5
720.0,-387.5
720.0,-386.5
720.0,-385.5
720.0,-384.5
720.0,-383.5
720.0,-382.5
720.0,-381.5
720.0,-380.5
720.0,-379.5
720.0,-378.5
720.0,-377.5
720.0,-376.5
720.0,-375.5
720.0,-374.5
720.0,-373.5
720.0,-372.5
720.0,-371.5
720.0,-370.5
720.0,-369.5
720.0,-368.5
720.0,-367.5
720.0,-366.5
720.0,-365.5
720.0,-364.5
720.0,-363.5
720.0,-362.5
720.0,-361.5
720.0,-362.5
720.0,-363.5
720.0,-364.5
720.0,-365.5
720.0,-366.5
720.0,-367.5
720.0,-368.5
720.0,-369.5
720.0,-370.5
720.0,-371.5
720.0,-372.5
720.0,-373.5
720.0,-374.5
720.0,-375.5
720.0,-376.5
720.0,-377.5
720.0,-378.5
720.0,-379.5
720.0,-380.5
720.0,-381.5
720.0,-382.5
720.0,-383.5
720.0,-384.5
720.0,-385.5
720.0,-386.5
720.0,-387.5
720.0,-388.5
720.0,-359.5
720.0,-358.5
720.0,-357.5
720.0,-356.5
720.0,-355.5
720.0,-354.5
720.0,-353.5
720.0,-352.5
720.0,-351.5
720.0,-350.5
720.0,-349.5
720.0,-348.5
720.0,-347.5
720.0,-346.5
720.0,-345.5
720.0,-344.5
720.0,-343.5
720.0,-344.5
720.0,-345.5
720.0,-346.5
720.0,-347.5
720.0,-348.5
720.0,-349.5
720.0,-350.5
720.0,-351.5
720.0,-352.5
720.0,-353.5
720.0,-354.5
720.0,-355.5
720.0,-356.5
720.0,-357.5
720.0,-358.5
720.0,-341.5
720.0,-340.5
720.0,-339.5
720.0,-338.5
720.0,-337.5
720.0,-336.5
720.0,-335.5
720.0,-334.5
720.0,-333.5
720.0,-332.5
720.0,-331.5
720.0,-330.5
720.0,-329.5
720.0,-328.5
720.0,-327.5
720.0,-326.5
720.0,-325.5
720.0,-326.5
720.0,-327.5
720.0,-328.5
720.0,-329.5
720.0,-330.5
720.0,-331.5
720.0,-332.5
720.0,-333.5
720.0,-334.5
720.0,-335.5
720.0,-336.5
720.0,-337.5
720.0,-338.5
720.0,-339.5
720.0,-340.5
720.0,-323.5
720.0,-322.5
720.0,-321.5
720.0,-320.5
720.0,-319.5
720.0,-318.5
720.0,-317.5
720.0,-316.5
720.0,-315.5
720.0,-314.5
720.0,-313.5
720.0,-312.5
720.0,-311.5
720.0,-310.5
720.0,-309.5
720.0,-310.5
720.0,-311.5
720.0,-312.5
720.0,-313.5
720.0,-314.5
720.0,-315.5
720.0,-316.5
720.0,-317.5
720.0,-318.5
720.0,-319.5
720.0,-320.5
720.0,-321.5
720.0,-322.5
720.0,-307.5
720.0,-306.5
720.0,-305.5
720.0,-304.5
720.0,-303.5
720.0,-302.5
720.0,-301.5
720.0,-300.5
720.0,-299.5
720.0,-298.5
720.0,-297.5
720.0,-298.5
720.0,-299.5
720.0,-300.5
720.0,-301.5
720.0,-302.5
720.0,-303.5
720.0,-304.5
720.0,-305.5
720.0,-306.5
720.0,-291.5
720.0,-290.5
720.0,-289.5
720.0,-288.5
720.0,-287.5
720.0,-286.5
720.0,-285.5
720.0,-284.5
720.0,-285.5
720.0,-286.5
720.0,-287.5
720.0,-288.5
720.0,-289.5
720.0,-290.5
720.0,-282.5
720.0,-281.5
720.0,-279.5
720.0,-278.5
720.0,-277.5
720.0,-276.5
720.0,-275.5
720.0,-274.5
720.0,-273.5
720.0,-272.5
720.0,-271.5
720.0,-270.5
720.0,-269.5
720.0,-268.5
720.0,-269.5
720.0,-270.5
720.0,-271.5
720.0,-272.5
720.0,-273.5
720.0,-274.5
720.0,-275.5
720.0,-276.5
720.0,-277.5
720.0,-278.5
720.0,-266.5
720.0,-265.5
720.0,-264.5
720.0,-263.5
720.0,-262.5
720.0,-261.5
720.0,-260.5
720.0,-259.5
720.0,-258.5
720.0,-257.5
720.0,-256.5
720.0,-255.5
720.0,-256.5
720.0,-257.5
720.0,-258.5
720.0,-259.5
720.0,-260.5
720.0,-261.5
720.0,-262.5
720.0,-263.5
720.0,-264.5
720.0,-265.5
720.0,-253.5
720.0,-252.5
720.0,-251.5
720.0,-250.5
720.0,-249.5
720.0,-248.5
720.0,-247.5
720.0,-246.5
720.0,-245.5
720.0,-244.5
720.0,-243.5
720.0,-242.5
720.0,-241.5
720.0,-240.5
720.0,-239.5
720.0,-238.5
720.0,-237.5
720.0,-236.5
720.0,-235.5
720.0,-234.5
720.0,-233.5
720.0,-232.5
720.0,-231.5
720.0,-230.5
720.0,-229.5
720.0,-230.5
720.0,-231.5
720.0,-232.5
720.0,-233.5
720.0,-234.5
720.0,-235.5
720.0,-236.5
720.0,-237.5
720.0,-238.5
720.0,-239.5
720.0,-240.5
720.0,-241.5
720.0,-242.5
720.0,-243.5
720.0,-244.5
720.0,-245.5
720.0,-246.5
720.0,-247.5
720.0,-248.5
720.0,-249.5
720.0,-250.5
720.0,-251.5
720.0,-252.5
720.0,-227.5
720.0,-226.5
720.0,-225.5
720.0,-224.5
720.0,-223.5
720.0,-222.5
720.0,-221.5
720.0,-220.5
720.0,-219.5
720.0,-218.5
720.0,-217.5
720.0,-216.5
720.0,-215.5
720.0,-214.5
720.0,-213.5
720.0,-212.5
720.0,-211.5
720.0,-210.5
720.0,-209.5
720.0,-208.5
720.0,-207.5
720.0,-206.5
720.0,-205.5
720.0,-204.5
720.0,-203.5
720.0,-202.5
720.0,-203.5
720.0,-204.5
720.0,-205.5
720.0,-206.5
720.0,-207.5
720.0,-208.5
720.0,-209.5
720.0,-210.5
720.0,-211.5
720.0,-212.5
720.0,-213.5
720.0,-214.5
720.0,-215.5
720.0,-216.5
720.0,-217.5
720.0,-218.5
720.0,-219.5
720.0,-220.5
720.0,-221.5
720.0,-222.5
720.0,-223.5
720.0,-224.5
720.0,-225.5
720.0,-226.5
720.0,-200.5
720.0,-199.5
720.0,-198.5
720.0,-197.5
720.0,-196.5
720.0,-195.5
720.0,-194.5
720.0,-195.5
720.0,-196.5
720.0,-197.5
720.0,-198.5
720.0,-199.5
720.0,-192.5
720.0,-191.5
720.0,-190.5
720.0,-189.5
720.0,-188.5
720.0,-187.5
720.0,-186.5
720.0,-185.5
720.0,-184.5
720.0,-183.5
720.0,-182.5
720.0,-181.5
720.0,-180.5
720.0,-179.5
720.0,-178.5
720.0,-177.5
720.0,-176.5
720.0,-175.5
720.0,-174.5
720.0,-173.5
720.0,-172.5
720.0,-173.5
720.0,-174.5
720.0,-175.5
720.0,-176.5
720.0,-177.5
720.0,-178.5
720.0,-179.5
720.0,-180.5
720.0,-181.5
720.0,-182.5
720.0,-183.5
720.0,-184.5
720.0,-185.5
720.0,-186.5
720.0,-187.5
720.0,-188.5
720.0,-189.5
720.0,-190.5
720.0,-191.5
720.0,-170.5
720.0,-169.5
720.0,-168.5
720.0,-167.5
720.0,-166.5
720.0,-165.5
720.0,-164.5
720.0,-163.5
720.0,-162.5
720.0,-161.5
720.0,-160.5
720.0,-159.5
720.0,-158.5
720.0,-157.5
720.0,-156.5
720.0,-155.5
720.0,-154.5
720.0,-153.5
720.0,-152.5
720.0,-151.5
720.0,-150.5
720.0,-149.5
720.0,-148.5
720.0,-147.5
720.0,-146.5
720.0,-145.5
720.0,-144.5
720.0,-143.5
720.0,-142.5
720.0,-141.5
720.0,-140.5
720.0,-139.5
720.0,-140.5
720.0,-141.5
720.0,-142.5
720.0,-143.5
720.0,-144.5
720.0,-145.5
720.0,-146.5
720.0,-147.5
720.0,-148.5
720.0,-149.5
720.0,-150.5
720.0,-151.5
720.0,-152.5
720.0,-153.5
720.0,-154.5
720.0,-155.5
720.0,-156.5
720.0,-157.5
720.0,-158.5
720.0,-159.5
720.0,-160.5
720.0,-161.5
720.0,-162.5
720.0,-163.5
720.0,-164.5
720.0,-165.5
720.0,-166.5
720.0,-167.5
720.0,-168.5
720.0,-169.5
720.0,-137.5
720.0,-136.5
720.0,-135.5
720.0,-134.5
720.0,-133.5
720.0,-132.5
720.0,-131.5
720.0,-130.5
720.0,-129.5
720.0,-128.5
720.0,-127.5
720.0,-126.5
720.0,-125.5
720.0,-124.5
720.0,-123.5
720.0,-122.5
720.0,-121.5
720.0,-120.5
720.0,-119.5
720.0,-118.5
720.0,-117.5
720.0,-116.5
720.0,-115.5
720.0,-114.5
720.0,-113.5
720.0,-112.5
720.0,-111.5
720.0,-110.5
720.0,-109.5
720.0,-108.5
720.0,-107.5
720.0,-106.5
720.0,-105.5
720.0,-106.5
720.0,-107.5
720.0,-108.5
720.0,-109.5
720.0,-110.5
720.0,-111.5
720.0,-112.5
720.0,-113.5
720.0,-114.5
720.0,-115.5
720.0,-116.5
720.0,-117.5
720.0,-118.5
720.0,-119.5
720.0,-120.5
720.0,-121.5
720.0,-122.5
720.0,-123.5
720.0,-124.5
720.0,-125.5
720.0,-126.5
720.0,-127.5
720.0,-128.5
720.0,-129.5
720.0,-130.5
720.0,-131.5
720.0,-132.5
720.0,-133.5
720.0,-134.5
720.0,-135.5
720.0,-136.5
720.0,-103.5
720.0,-102.5
720.0,-101.5
720.0,-100.5
720.0,-99.5
720.0,-98.5
720.0,-97.5
720.0,-96.5
720.0,-97.5
720.0,-98.5
720.0,-99.5
720.0,-100.5
720.0,-101.5
720.0,-102.5
720.0,-94.5
720.0,-93.5
720.0,-91.5
720.0,-90.5
720.0,-89.5
720.0,-88.5
720.0,-87.5
720.0,-86.5
720.0,-85.5
720.0,-84.5
720.0,-83.5
720.0,-82.5
720.0,-81.5
720.0,-80.5
720.0,-79.5
720.0,-78.5
720.0,-77.5
720.0,-76.5
720.0,-75.5
720.0,-74.5
720.0,-73.5
720.0,-72.5
720.0,-73.5
720.0,-74.5
720.0,-75.5
720.0,-76.5
720.0,-77.5
720.0,-78.5
720.0,-79.5
720.0,-80.5
720.0,-81.5
720.0,-82.5
720.0,-83.5
720.0,-84.5
720.0,-85.5
720.0,-86.5
720.0,-87.5
720.0,-88.5
720.0,-89.5
720.0,-90.5
720.0,-70.5
720.0,-69.5
720.0,-68.5
720.0,-67.5
720.0,-66.5
720.0,-65.5
720.0,-64.5
720.0,-63.5
720.0,-62.5
720.0,-61.5
720.0,-60.5
720.0,-59.5
720.0,-58.5
720.0,-57.5
720.0,-56.5
720.0,-55.5
720.0,-54.5
720.0,-53.5
720.0,-52.5
720.0,-51.5
720.0,-50.5
720.0,-49.5
720.0,-48.5
720.0,-47.5
720.0,-46.5
720.0,-45.5
720.0,-44.5
720.0,-43.5
720.0,-42.5
720.0,-41.5
720.0,-40.5
720.0,-39.5
720.0,-40.5
720.0,-41.5
720.0,-42.5
720.0,-43.5
720.0,-44.5
720.0,-45.5
720.0,-46.5
720.0,-47.5
720.0,-48.5
720.0,-49.5
720.0,-50.5
720.0,-51.5
720.0,-52.5
720.0,-53.5
720.0,-54.5
720.0,-55.5
720.0,-56.5
720.0,-57.5
720.0,-58.5
720.0,-59.5
720.0,-60.5
720.0,-61.5
720.0,-62.5
720.0,-63.5
720.0,-64.5
720.0,-65.5
720.0,-66.5
720.0,-67.5
720.0,-68.5
720.0,-69.5
720.0,-37.5
720.0,-36.5
720.0,-35.5
720.0,-34.5
720.0,-33.5
720.0,-32.5
720.0,-31.5
720.0,-30.5
720.0,-29.5
720.0,-28.5
720.0,-27.5
720.0,-26.5
720.0,-25.5
720.0,-24.5
720.0,-23.5
720.0,-22.5
720.0,-21.5
720.0,-20.5
720.0,-19.5
720.0,-18.5
720.0,-17.5
720.0,-16.5
720.0,-15.5
720.0,-14.5
720.0,-13.5
720.0,-12.5
720.0,-11.5
720.0,-10.5
720.0,-9.5
720.0,-10.5
720.0,-11.5
720.0,-12.5
720.0,-13.5
720.0,-14.5
720.0,-15.5
720.0,-16.5
720.0,-17.5
720.0,-18.5
720.0,-19.5
720.0,-20.5
720.0,-21.5
720.0,-22.5
720.0,-23.5
720.0,-24.5
720.0,-25.5
720.0,-26.5
720.0,-27.5
720.0,-28.5
720.0,-29.5
720.0,-30.5
720.0,-31.5
720.0,-32.5
720.0,-33.5
720.0,-34.5
720.0,-35.5
720.0,-36.5
720.0,-7.5
720.0,-6.5
720.0,-5.5
720.0,-4.5
720.0,-3.5
720.0,-2.5
720.0,-1.5
720.0,-0.5
720.0,0.5
720.0,1.5
720.0,2.5
720.0,3.5
720.0,4.5
720.0,5.5
720.0,6.5
720.0,7.5
720.0,8.5
720.0,9.5
720.0,10.5
720.0,11.5
720.0,12.5
720.0,13.5
720.0,14.5
720.0,15.5
720.0,16.5
720.0,17.5
720.0,18.5
720.0,17.5
720.0,16.5
720.0,15.5
720.0,14.5
720.0,13.5
720.0,12.5
720.0,11.5
720.0,10.5
720.0,9.5
720.0,8.5
720.0,7.5
720.0,6.5
720.0,5.5
720.0,4.5
720.0,3.5
720.0,2.5
720.0,1.5
720.0,0.5
720.0,-0.5
720.0,-1.5
720.0,-2.5
720.0,-3.5
720.0,-4.5
720.0,-5.5
720.0,-6.5
152.0,-289.5
151.0,-289.5
150.0,-289.5
149.0,-289.5
148.0,-289.5
147.0,-289.5
148.0,-289.5
149.0,-289.5
150.0,-289.5
151.0,-289.5
223.0,-676.5
224.0,-677.5
223.0,-678.5
224.0,-677.5
225.0,-678.5
225.0,-679.5
226.0,-680.5
226.0,-681.5
226.0,-682.5
225.0,-683.5
224.0,-684.5
223.0,-684.5
222.0,-685.5
221.0,-685.5
222.0,-685.5
223.0,-684.5
224.0,-685.5
225.0,-685.5
226.0,-686.5
226.0,-687.5
226.0,-688.5
227.0,-687.5
227.0,-686.5
226.0,-686.5
225.0,-685.5
225.0,-684.5
225.0,-683.5
226.0,-682.5
227.0,-681.5
228.0,-681.5
228.0,-680.5
227.0,-680.5
226.0,-679.5
225.0,-678.5
224.0,-677.5
224.0,-692.5
225.0,-692.5
221.0,-697.5
220.0,-697.5
220.0,-698.5
220.0,-699.5
220.0,-700.5
221.0,-701.5
221.0,-700.5
221.0,-699.5
221.0,-698.5
226.0,-703.5
227.0,-704.5
227.0,-705.5
227.0,-706.5
227.0,-707.5
227.0,-706.5
227.0,-705.5
227.0,-704.5
227.0,-703.5
233.0,-704.5
233.0,-705.5
233.0,-706.5
233.0,-707.5
232.0,-708.5
232.0,-709.5
232.0,-710.5
231.0,-711.5
230.0,-712.5
230.0,-713.5
231.0,-712.5
231.0,-711.5
232.0,-710.5
232.0,-709.5
233.0,-708.5
233.0,-707.5
233.0,-706.5
233.0,-705.5
234.0,-704.5
234.0,-703.5
235.0,-702.5
235.0,-701.5
234.0,-700.5
234.0,-699.5
233.0,-698.5
233.0,-699.5
234.0,-700.5
235.0,-701.5
235.0,-702.5
234.0,-703.5
217.0,-708.5
217.0,-709.5
216.0,-710.5
216.0,-711.5
216.0,-710.5
217.0,-709.5
212.0,-693.5
213.0,-692.5
213.0,-691.5
214.0,-690.5
213.0,-691.5
212.0,-692.5
252.0,-685.5
253.0,-684.5
254.0,-685.5
254.0,-686.5
255.0,-686.5
256.0,-687.5
257.0,-688.5
256.0,-689.5
257.0,-690.5
256.0,-691.5
256.0,-692.5
256.0,-693.5
256.0,-694.5
255.0,-695.5
256.0,-694.5
257.0,-695.5
258.0,-696.5
257.0,-697.5
257.0,-698.5
257.0,-697.5
258.0,-696.5
257.0,-695.5
256.0,-694.5
256.0,-693.5
256.0,-692.5
256.0,-691.5
257.0,-690.5
256.0,-689.5
257.0,-688.5
257.0,-687.5
256.0,-687.5
255.0,-686.5
254.0,-685.5
253.0,-684.5
254.0,-682.5
255.0,-681.5
255.0,-680.5
254.0,-680.5
253.0,-679.5
253.0,-680.5
254.0,-681.5
259.0,-679.5
260.0,-679.5
261.0,-678.5
260.0,-678.5
261.0,-681.5
261.0,-682.5
264.0,-678.5
263.0,-677.5
259.0,-687.5
259.0,-688.5
256.0,-704.5
255.0,-704.5
254.0,-704.5
255.0,-704.5
257.0,-711.5
257.0,-712.5
257.0,-713.5
257.0,-714.5
258.0,-714.5
258.0,-713.5
257.0,-712.5
279.0,-708.5
280.0,-707.5
281.0,-707.5
282.0,-708.5
283.0,-707.5
284.0,-708.5
285.0,-708.5
286.0,-709.5
285.0,-708.5
285.0,-707.5
286.0,-706.5
286.0,-705.5
285.0,-706.5
284.0,-707.5
283.0,-707.5
282.0,-708.5
281.0,-707.5
280.0,-706.5
280.0,-707.5
286.0,-703.5
286.0,-702.5
286.0,-701.5
286.0,-700.5
285.0,-699.5
285.0,-698.5
285.0,-697.5
284.0,-696.5
284.0,-695.5
284.0,-696.5
285.0,-697.5
284.0,-698.5
285.0,-699.5
285.0,-700.5
286.0,-701.5
286.0,-702.5
289.0,-705.5
289.0,-706.5
291.0,-706.5
292.0,-706.5
293.0,-705.5
294.0,-704.5
295.0,-703.5
296.0,-704.5
295.0,-703.5
294.0,-702.5
294.0,-701.5
294.0,-700.5
294.0,-699.5
293.0,-700.5
292.0,-699.5
291.0,-700.5
292.0,-699.5
293.0,-700.5
294.0,-701.5
294.0,-702.5
294.0,-703.5
294.0,-704.5
293.0,-705.5
292.0,-705.5
291.0,-705.5
298.0,-705.5
299.0,-706.5
298.0,-707.5
299.0,-706.5
300.0,-707.5
301.0,-707.5
301.0,-706.5
300.0,-707.5
299.0,-706.5
295.0,-697.5
295.0,-696.5
294.0,-694.5
294.0,-693.5
294.0,-692.5
295.0,-691.5
296.0,-690.5
297.0,-690.5
296.0,-690.5
295.0,-691.5
294.0,-691.5
293.0,-691.5
293.0,-692.5
293.0,-693.5
292.0,-694.5
293.0,-693.5
284.0,-692.5
283.0,-691.5
284.0,-690.5
283.0,-691.5
283.0,-692.5
283.0,-693.5
281.0,-695.5
281.0,-696.5
279.0,-695.5
278.0,-695.5
278.0,-696.5
284.0,-688.5
285.0,-688.5
286.0,-687.5
287.0,-686.5
287.0,-685.5
286.0,-684.5
286.0,-683.5
286.0,-682.5
287.0,-681.5
286.0,-682.5
285.0,-681.5
285.0,-680.5
284.0,-679.5
285.0,-678.5
284.0,-679.5
285.0,-680.5
285.0,-681.5
286.0,-682.5
286.0,-683.5
286.0,-684.5
286.0,-685.5
286.0,-686.5
285.0,-687.5
289.0,-681.5
289.0,-680.5
295.0,-683.5
295.0,-684.5
296.0,-683.5
297.0,-682.5
297.0,-681.5
296.0,-681.5
296.0,-682.5
312.0,-690.5
313.0,-690.5
314.0,-690.5
315.0,-690.5
316.0,-689.5
317.0,-688.5
318.0,-688.5
319.0,-687.5
318.0,-688.5
317.0,-688.5
316.0,-689.5
315.0,-689.5
314.0,-690.5
313.0,-690.5
325.0,-688.5
326.0,-689.5
326.0,-690.5
326.0,-691.5
327.0,-692.5
326.0,-693.5
327.0,-694.5
327.0,-695.5
328.0,-696.5
327.0,-697.5
327.0,-698.5
327.0,-699.5
327.0,-700.5
327.0,-701.5
328.0,-702.5
327.0,-703.5
327.0,-704.5
327.0,-705.5
326.0,-706.5
325.0,-707.5
325.0,-708.5
324.0,-709.5
325.0,-708.5
325.0,-707.5
326.0,-706.5
327.0,-705.5
328.0,-706.5
329.0,-707.5
330.0,-708.5
331.0,-709.5
330.0,-708.5
329.0,-707.5
328.0,-706.5
327.0,-705.5
327.0,-704.5
327.0,-703.5
328.0,-702.5
328.0,-701.5
328.0,-700.5
328.0,-699.5
328.0,-698.5
328.0,-697.5
328.0,-696.5
327.0,-695.5
327.0,-694.5
326.0,-693.5
327.0,-692.5
327.0,-691.5
327.0,-690.5
327.0,-689.5
326.0,-688.5
325.0,-687.5
326.0,-686.5
327.0,-685.5
328.0,-684.5
327.0,-684.5
327.0,-685.5
326.0,-686.5
325.0,-687.5
330.0,-683.5
331.0,-682.5
332.0,-683.5
332.0,-682.5
331.0,-682.5
326.0,-678.5
326.0,-677.5
326.0,-676.5
325.0,-676.5
324.0,-676.5
325.0,-677.5
325.0,-678.5
351.0,-691.5
351.0,-692.5
352.0,-693.5
351.0,-694.5
350.0,-695.5
350.0,-696.5
349.0,-697.5
350.0,-696.5
350.0,-695.5
351.0,-694.5
352.0,-693.5
353.0,-694.5
353.0,-695.5
354.0,-696.5
355.0,-697.5
355.0,-698.5
355.0,-699.5
355.0,-700.5
356.0,-701.5
357.0,-702.5
356.0,-703.5
355.0,-704.5
354.0,-705.5
353.0,-705.5
352.0,-706.5
352.0,-707.5
352.0,-706.5
353.0,-705.5
354.0,-705.5
355.0,-704.5
356.0,-703.5
357.0,-702.5
358.0,-703.5
358.0,-702.5
357.0,-702.5
356.0,-701.5
355.0,-700.5
356.0,-699.5
356.0,-698.5
355.0,-697.5
354.0,-696.5
353.0,-695.5
353.0,-694.5
352.0,-693.5
353.0,-692.5
354.0,-692.5
354.0,-691.5
355.0,-690.5
356.0,-690.5
357.0,-689.5
358.0,-688.5
359.0,-688.5
359.0,-687.5
358.0,-687.5
357.0,-686.5
356.0,-685.5
357.0,-684.5
357.0,-683.5
356.0,-683.5
356.0,-684.5
356.0,-685.5
357.0,-686.5
357.0,-687.5
357.0,-688.5
356.0,-689.5
355.0,-690.5
354.0,-691.5
353.0,-692.5
352.0,-693.5
351.0,-692.5
361.0,-688.5
362.0,-688.5
362.0,-687.5
362.0,-686.5
361.0,-687.5
361.0,-701.5
360.0,-702.5
360.0,-703.5
361.0,-704.5
360.0,-703.5
360.0,-702.5
351.0,-703.5
351.0,-704.5
376.0,-704.5
376.0,-705.5
376.0,-706.5
376.0,-707.5
377.0,-707.5
377.0,-706.5
377.0,-705.5
377.0,-704.5
377.0,-703.5
377.0,-702.5
378.0,-701.5
379.0,-700.5
379.0,-699.5
379.0,-700.5
378.0,-701.5
377.0,-702.5
376.0,-703.5
381.0,-698.5
382.0,-698.5
383.0,-699.5
384.0,-698.5
385.0,-699.5
384.0,-698.5
383.0,-699.5
382.0,-698.5
381.0,-696.5
380.0,-695.5
380.0,-694.5
381.0,-693.5
381.0,-692.5
382.0,-691.5
383.0,-691.5
384.0,-690.5
384.0,-689.5
383.0,-688.5
384.0,-687.5
384.0,-686.5
384.0,-685.5
384.0,-684.5
383.0,-685.5
382.0,-684.5
381.0,-684.5
380.0,-684.5
379.0,-683.5
380.0,-682.5
379.0,-683.5
380.0,-684.5
379.0,-685.5
380.0,-684.5
381.0,-685.5
382.0,-685.5
383.0,-686.5
383.0,-687.5
383.0,-688.5
384.0,-689.5
384.0,-690.5
383.0,-691.5
382.0,-691.5
381.0,-692.5
381.0,-693.5
380.0,-694.5
380.0,-695.5
379.0,-692.5
379.0,-691.5
386.0,-690.5
387.0,-691.5
388.0,-691.5
389.0,-692.5
390.0,-693.5
390.0,-694.5
390.0,-695.5
389.0,-696.5
389.0,-697.5
388.0,-698.5
387.0,-698.5
388.0,-698.5
389.0,-699.5
388.0,-698.5
389.0,-697.5
389.0,-696.5
390.0,-695.5
391.0,-694.5
392.0,-693.5
391.0,-694.5
390.0,-693.5
389.0,-692.5
389.0,-691.5
389.0,-690.5
388.0,-691.5
387.0,-690.5
391.0,-700.5
392.0,-701.5
393.0,-702.5
394.0,-702.5
395.0,-703.5
396.0,-703.5
397.0,-703.5
396.0,-703.5
395.0,-702.5
394.0,-702.5
393.0,-701.5
392.0,-701.5
408.0,-704.5
408.0,-705.5
408.0,-704.5
409.0,-703.5
410.0,-702.5
411.0,-702.5
411.0,-701.5
410.0,-702.5
409.0,-703.5
413.0,-701.5
414.0,-700.5
415.0,-701.5
415.0,-702.5
416.0,-703.5
415.0,-704.5
415.0,-705.5
416.0,-706.5
416.0,-705.5
416.0,-704.5
416.0,-703.5
415.0,-702.5
415.0,-701.5
414.0,-700.5
414.0,-699.5
415.0,-698.5
415.0,-697.5
416.0,-696.5
417.0,-695.5
417.0,-694.5
416.0,-693.5
416.0,-692.5
416.0,-691.5
415.0,-690.5
416.0,-689.5
417.0,-688.5
417.0,-687.5
418.0,-686.5
419.0,-686.5
418.0,-686.5
417.0,-687.5
417.0,-688.5
416.0,-689.5
415.0,-689.5
415.0,-690.5
416.0,-691.5
416.0,-692.5
416.0,-693.5
417.0,-694.5
417.0,-695.5
416.0,-696.5
415.0,-697.5
415.0,-698.5
414.0,-699.5
414.0,-700.5
424.0,-701.5
425.0,-700.5
426.0,-700.5
426.0,-699.5
425.0,-700.5
428.0,-699.5
429.0,-700.5
430.0,-700.5
429.0,-700.5
426.0,-693.5
427.0,-692.5
428.0,-691.5
428.0,-690.5
427.0,-689.5
426.0,-688.5
427.0,-687.5
427.0,-686.5
427.0,-685.5
427.0,-684.5
426.0,-684.5
426.0,-685.5
426.0,-686.5
426.0,-687.5
426.0,-688.5
427.0,-689.5
427.0,-690.5
427.0,-691.5
426.0,-692.5
412.0,-690.5
412.0,-689.5
416.0,-681.5
417.0,-681.5
417.0,-680.5
416.0,-680.5
402.0,-830.5
401.0,-830.5
400.0,-830.5
399.0,-830.5
398.0,-831.5
397.0,-830.5
396.0,-830.5
395.0,-830.5
394.0,-831.5
393.0,-831.5
392.0,-830.5
391.0,-830.5
390.0,-830.5
389.0,-830.5
388.0,-830.5
387.0,-830.5
386.0,-830.5
385.0,-830.5
384.0,-830.5
383.0,-830.5
382.0,-830.5
381.0,-830.5
380.0,-830.5
379.0,-830.5
378.0,-830.5
377.0,-830.5
376.0,-830.5
375.0,-830.5
374.0,-830.5
373.0,-830.5
372.0,-830.5
371.0,-830.5
370.0,-830.5
369.0,-829.5
368.0,-829.5
367.0,-829.5
366.0,-830.5
365.0,-830.5
364.0,-830.5
363.0,-830.5
362.0,-831.5
361.0,-830.5
360.0,-830.5
359.0,-830.5
358.0,-830.5
357.0,-830.5
356.0,-829.5
355.0,-829.5
354.0,-830.5
353.0,-829.5
352.0,-829.5
351.0,-830.5
350.0,-831.5
349.0,-830.5
348.0,-830.5
347.0,-830.5
346.0,-830.5
345.0,-830.5
344.0,-830.5
343.0,-831.5
342.0,-831.5
341.0,-831.5
340.0,-830.5
339.0,-830.5
338.0,-831.5
337.0,-831.5
336.0,-831.5
335.0,-831.5
334.0,-831.5
333.0,-831.5
332.0,-831.5
331.0,-831.5
330.0,-831.5
331.0,-831.5
332.0,-831.5
333.0,-831.5
334.0,-831.5
335.0,-831.5
336.0,-831.5
337.0,-831.5
338.0,-831.5
339.0,-831.5
340.0,-830.5
341.0,-831.5
342.0,-831.5
343.0,-831.5
344.0,-830.5
345.0,-831.5
346.0,-831.5
347.0,-831.5
348.0,-831.5
349.0,-831.5
350.0,-831.5
351.0,-830.5
352.0,-829.5
353.0,-829.5
354.0,-830.5
355.0,-829.5
356.0,-829.5
357.0,-830.5
358.0,-830.5
359.0,-830.5
360.0,-830.5
361.0,-831.5
362.0,-831.5
363.0,-830.5
364.0,-830.5
365.0,-830.5
366.0,-830.5
367.0,-829.5
368.0,-830.5
369.0,-830.5
370.0,-831.5
371.0,-831.5
372.0,-831.5
373.0,-831.5
374.0,-831.5
375.0,-831.5
376.0,-831.5
377.0,-831.5
378.0,-831.5
379.0,-830.5
380.0,-830.5
381.0,-830.5
382.0,-830.5
383.0,-830.5
384.0,-830.5
385.0,-830.5
386.0,-830.5
387.0,-830.5
388.0,-830.5
389.0,-830.5
390.0,-830.5
391.0,-830.5
392.0,-830.5
393.0,-831.5
394.0,-831.5
395.0,-830.5
396.0,-830.5
397.0,-830.5
398.0,-831.5
399.0,-831.5
400.0,-831.5
401.0,-831.5
402.0,-831.5
403.0,-831.5
404.0,-831.5
405.0,-832.5
406.0,-832.5
407.0,-832.5
408.0,-831.5
407.0,-831.5
406.0,-831.5
405.0,-831.5
404.0,-831.5
403.0,-831.5
420.0,-833.5
421.0,-833.5
422.0,-833.5
423.0,-833.5
422.0,-833.5
421.0,-833.5
429.0,-834.5
430.0,-834.5
431.0,-835.5
431.0,-836.5
432.0,-836.5
432.0,-835.5
433.0,-834.5
434.0,-834.5
435.0,-833.5
436.0,-834.5
437.0,-834.5
438.0,-835.5
438.0,-836.5
438.0,-835.5
438.0,-834.5
439.0,-833.5
440.0,-833.5
439.0,-833.5
438.0,-833.5
437.0,-833.5
436.0,-833.5
435.0,-833.5
434.0,-834.5
433.0,-834.5
432.0,-834.5
431.0,-834.5
430.0,-834.5
447.0,-833.5
448.0,-833.5
449.0,-833.5
450.0,-833.5
451.0,-832.5
452.0,-833.5
453.0,-832.5
454.0,-833.5
455.0,-832.5
456.0,-832.5
457.0,-832.5
458.0,-832.5
459.0,-832.5
458.0,-832.5
457.0,-832.5
456.0,-832.5
455.0,-832.5
454.0,-832.5
453.0,-832.5
452.0,-833.5
451.0,-832.5
450.0,-832.5
449.0,-832.5
448.0,-832.5
447.0,-832.5
468.0,-831.5
469.0,-831.5
470.0,-831.5
471.0,-831.5
472.0,-831.5
471.0,-831.5
470.0,-831.5
469.0,-831.5
326.0,-832.5
325.0,-832.5
323.0,-831.5
322.0,-831.5
321.0,-831.5
320.0,-831.5
319.0,-831.5
318.0,-831.5
317.0,-831.5
316.0,-831.5
315.0,-831.5
314.0,-832.5
313.0,-832.5
314.0,-832.5
315.0,-832.5
316.0,-832.5
317.0,-831.5
318.0,-831.5
319.0,-831.5
320.0,-831.5
321.0,-831.5
322.0,-831.5
296.0,-832.5
295.0,-832.5
294.0,-832.5
293.0,-833.5
292.0,-833.5
293.0,-833.5
294.0,-833.5
295.0,-832.5
183.0,-835.5
182.0,-835.5
-65.0,-835.5
-66.0,-835.5
-67.0,-835.5
-68.0,-835.5
-67.0,-835.5
-66.0,-835.5
-79.0,-834.5
-80.0,-834.5
-81.0,-835.5
-82.0,-835.5
-83.0,-835.5
-84.0,-835.5
-85.0,-835.5
-86.0,-835.5
-87.0,-835.5
-86.0,-835.5
-85.0,-835.5
-84.0,-835.5
-83.0,-835.5
-82.0,-835.5
-81.0,-835.5
-80.0,-836.5
-81.0,-835.5
-80.0,-834.5
-89.0,-835.5
-90.0,-835.5
-91.0,-835.5
-90.0,-835.5
-128.0,-839.5
-129.0,-838.5
-129.0,-837.5
-130.0,-838.5
-131.0,-838.5
-132.0,-838.5
-133.0,-838.5
-134.0,-838.5
-133.0,-838.5
-132.0,-838.5
-131.0,-839.5
-130.0,-839.5
-129.0,-839.5
-145.0,-839.5
-146.0,-839.5
-147.0,-839.5
-148.0,-839.5
-149.0,-839.5
-150.0,-839.5
-149.0,-839.5
-148.0,-839.5
-147.0,-839.5
-146.0,-839.5
-235.0,-869.5
-236.0,-868.5
-237.0,-867.5
-236.0,-868.5
-241.0,-866.5
-242.0,-865.5
-242.0,-864.5
-243.0,-864.5
-244.0,-863.5
-245.0,-863.5
-246.0,-862.5
-247.0,-861.5
-248.0,-861.5
-249.0,-860.5
-250.0,-860.5
-249.0,-860.5
-248.0,-861.5
-247.0,-861.5
-246.0,-862.5
-245.0,-863.5
-244.0,-863.5
-243.0,-864.5
-242.0,-865.5
-252.0,-859.5
-253.0,-859.5
-254.0,-858.5
-255.0,-857.5
-256.0,-857.5
-257.0,-856.5
-258.0,-856.5
-259.0,-856.5
-258.0,-856.5
-257.0,-856.5
-256.0,-857.5
-255.0,-858.5
-254.0,-858.5
-253.0,-859.5
-261.0,-856.5
-262.0,-856.5
-263.0,-857.5
-262.0,-856.5
-267.0,-857.5
-268.0,-857.5
-269.0,-858.5
-270.0,-858.5
-271.0,-859.5
-272.0,-860.5
-273.0,-860.5
-274.0,-861.5
-275.0,-861.5
-276.0,-862.5
-275.0,-861.5
-274.0,-861.5
-273.0,-860.5
-272.0,-860.5
-271.0,-859.5
-270.0,-859.5
-269.0,-858.5
-268.0,-857.5
-278.0,-862.5
-279.0,-863.5
-280.0,-863.5
-281.0,-864.5
-282.0,-864.5
-281.0,-864.5
-280.0,-863.5
-279.0,-863.5
-284.0,-865.5
-285.0,-866.5
-286.0,-867.5
-287.0,-868.5
-287.0,-869.5
-288.0,-870.5
-287.0,-869.5
-287.0,-868.5
-286.0,-867.5
-285.0,-866.5
-290.0,-871.5
-291.0,-872.5
-297.0,-842.5
-298.0,-842.5
-299.0,-842.5
-300.0,-842.5
-301.0,-842.5
-300.0,-842.5
-299.0,-842.5
-298.0,-842.5
595.0,-955.5
595.0,-956.5
595.0,-955.5
596.0,-954.5
597.0,-954.5
598.0,-953.5
599.0,-952.5
600.0,-951.5
601.0,-950.5
602.0,-949.5
603.0,-948.5
604.0,-947.5
605.0,-946.5
606.0,-945.5
607.0,-944.5
608.0,-943.5
609.0,-942.5
610.0,-941.5
611.0,-940.5
612.0,-939.5
613.0,-938.5
614.0,-937.5
615.0,-936.5
616.0,-935.5
617.0,-934.5
618.0,-933.5
619.0,-932.5
620.0,-931.5
621.0,-930.5
622.0,-929.5
623.0,-928.5
624.0,-927.5
625.0,-926.5
626.0,-925.5
627.0,-924.5
628.0,-923.5
629.0,-922.5
629.0,-921.5
629.0,-922.5
628.0,-923.5
627.0,-923.5
626.0,-924.5
625.0,-925.5
624.0,-926.5
623.0,-927.5
622.0,-928.5
621.0,-929.5
620.0,-930.5
619.0,-931.5
618.0,-932.5
617.0,-933.5
616.0,-934.5
615.0,-935.5
614.0,-936.5
613.0,-937.5
612.0,-938.5
611.0,-939.5
610.0,-940.5
609.0,-941.5
608.0,-942.5
607.0,-943.5
606.0,-944.5
605.0,-945.5
604.0,-946.5
603.0,-947.5
602.0,-948.5
601.0,-949.5
600.0,-950.5
599.0,-951.5
598.0,-952.5
597.0,-953.5
596.0,-954.5
631.0,-959.5
631.0,-960.5
631.0,-959.5
632.0,-958.5
633.0,-958.5
633.0,-957.5
634.0,-956.5
634.0,-955.5
633.0,-956.5
633.0,-957.5
632.0,-958.5
644.0,-958.5
645.0,-957.5
647.0,-955.5
648.0,-955.5
649.0,-956.5
648.0,-955.5
648.0,-954.5
649.0,-953.5
650.0,-952.5
651.0,-951.5
651.0,-950.5
652.0,-949.5
651.0,-950.5
650.0,-951.5
650.0,-952.5
649.0,-953.5
648.0,-954.5
647.0,-955.5
646.0,-954.5
645.0,-954.5
644.0,-953.5
644.0,-952.5
643.0,-951.5
642.0,-950.5
641.0,-949.5
642.0,-950.5
642.0,-951.5
643.0,-952.5
644.0,-953.5
645.0,-954.5
646.0,-954.5
649.0,-958.5
650.0,-959.5
649.0,-960.5
650.0,-960.5
650.0,-959.5
656.0,-956.5
657.0,-956.5
658.0,-957.5
659.0,-958.5
658.0,-957.5
658.0,-956.5
657.0,-955.5
677.0,-951.5
677.0,-950.5
679.0,-952.5
680.0,-953.5
688.0,-953.5
689.0,-954.5
688.0,-953.5
688.0,-952.5
691.0,-946.5
690.0,-945.5
689.0,-944.5
688.0,-943.5
688.0,-942.5
688.0,-943.5
689.0,-944.5
689.0,-945.5
690.0,-945.5
693.0,-946.5
694.0,-947.5
695.0,-948.5
696.0,-948.5
697.0,-949.5
698.0,-950.5
699.0,-950.5
700.0,-949.5
699.0,-950.5
698.0,-949.5
697.0,-949.5
696.0,-948.5
695.0,-947.5
694.0,-947.5
698.0,-954.5
699.0,-955.5
699.0,-956.5
699.0,-957.5
700.0,-958.5
701.0,-957.5
702.0,-958.5
701.0,-957.5
700.0,-957.5
699.0,-956.5
699.0,-955.5
706.0,-958.5
706.0,-959.5
707.0,-960.5
706.0,-959.5
706.0,-958.5
707.0,-957.5
707.0,-956.5
707.0,-955.5
708.0,-954.5
707.0,-955.5
707.0,-956.5
707.0,-957.5
714.0,-960.5
715.0,-960.5
716.0,-959.5
717.0,-958.5
716.0,-959.5
715.0,-960.5
716.0,-949.5
716.0,-948.5
720.0,-949.5
720.0,-950.5
710.0,-947.5
709.0,-946.5
708.0,-947.5
709.0,-946.5
709.0,-943.5
709.0,-942.5
692.0,-960.5
691.0,-960.5
690.0,-959.5
691.0,-960.5
654.0,-818.5
655.0,-817.5
654.0,-818.5
653.0,-817.5
652.0,-817.5
651.0,-817.5
650.0,-817.5
649.0,-818.5
648.0,-818.5
647.0,-819.5
646.0,-819.5
645.0,-819.5
644.0,-819.5
643.0,-819.5
642.0,-820.5
641.0,-820.5
640.0,-820.5
639.0,-819.5
638.0,-820.5
639.0,-819.5
640.0,-820.5
641.0,-820.5
642.0,-820.5
643.0,-820.5
644.0,-819.5
645.0,-819.5
646.0,-819.5
647.0,-819.5
648.0,-818.5
649.0,-818.5
650.0,-818.5
651.0,-818.5
652.0,-818.5
653.0,-818.5
-708.0,273.5
-708.0,274.5
-709.0,275.5
-710.0,276.5
-709.0,275.5
-709.0,274.5
-710.0,282.5
-711.0,283.5
-712.0,284.5
-713.0,285.5
-714.0,286.5
-715.0,287.5
-716.0,288.5
-716.0,289.5
-717.0,290.5
-717.0,291.5
-718.0,292.5
-718.0,293.5
-719.0,294.5
-720.0,295.5
-720.0,296.5
-721.0,297.5
-721.0,298.5
-721.0,299.5
-721.0,300.5
-721.0,301.5
-721.0,302.5
-721.0,303.5
-721.0,304.5
-721.0,303.5
-721.0,302.5
-721.0,301.5
-721.0,300.5
-721.0,299.5
-721.0,298.5
-721.0,297.5
-720.0,296.5
-720.0,295.5
-719.0,294.5
-718.0,293.5
-718.0,292.5
-717.0,291.5
-717.0,290.5
-716.0,289.5
-716.0,288.5
-715.0,287.5
-715.0,286.5
-714.0,285.5
-713.0,284.5
-712.0,283.5
-711.0,282.5
-720.0,259.5
-720.0,258.5
-589.0,961.5
-588.0,961.5
-586.0,961.5
-585.0,961.5
-584.0,961.5
-585.0,961.5
-582.0,961.5
-581.0,961.5
-580.0,961.5
-579.0,961.5
-578.0,961.5
-577.0,961.5
-576.0,961.5
-575.0,961.5
-574.0,961.5
-573.0,961.5
-572.0,961.5
-571.0,961.5
-570.0,961.5
-569.0,961.5
-568.0,961.5
-567.0,961.5
-566.0,961.5
-565.0,961.5
-564.0,961.5
-565.0,961.5
-566.0,961.5
-567.0,961.5
-568.0,961.5
-569.0,961.5
-570.0,961.5
-571.0,961.5
-572.0,961.5
-573.0,961.5
-574.0,961.5
-575.0,961.5
-576.0,961.5
-577.0,961.5
-578.0,961.5
-579.0,961.5
-580.0,961.5
-581.0,961.5
-562.0,961.5
-561.0,961.5
-557.0,961.5
-556.0,961.5
-555.0,961.5
-554.0,961.5
-553.0,961.5
-552.0,961.5
-553.0,961.5
-554.0,961.5
-555.0,961.5
-556.0,961.5
-550.0,961.5
-549.0,961.5
-548.0,961.5
-547.0,961.5
-546.0,961.5
-545.0,961.5
-544.0,961.5
-543.0,961.5
-542.0,961.5
-541.0,961.5
-540.0,961.5
-539.0,961.5
-540.0,961.5
-541.0,961.5
-542.0,961.5
-543.0,961.5
-544.0,961.5
-545.0,961.5
-546.0,961.5
-547.0,961.5
-548.0,961.5
-549.0,961.5
-537.0,961.5
-536.0,961.5
-535.0,961.5
-534.0,961.5
-533.0,961.5
-532.0,961.5
-533.0,961.5
-534.0,961.5
-535.0,961.5
-536.0,961.5
-530.0,961.5
-529.0,961.5
-528.0,961.5
-527.0,961.5
-526.0,961.5
-525.0,961.5
-524.0,961.5
-523.0,961.5
-524.0,961.5
-525.0,961.5
-526.0,961.5
-527.0,961.5
-528.0,961.5
-529.0,961.5